variable_id,variable,pooling,rank,feature_id,train_effect,val_effect,test_effect,train_cohen_dz,val_cohen_dz,test_cohen_dz,train_nonzero_fraction,val_nonzero_fraction,test_nonzero_fraction,train_direction_fraction,val_direction_fraction,test_direction_fraction,val_same_direction,test_same_direction
1,Subject expression / pro-drop,mean,1,8431,0.8691208362579346,0.10111186653375626,-0.24833622574806213,1.7550227642059326,0.10061125457286835,-0.25379061698913574,1.0,1.0,1.0,0.9625,0.56,0.64,True,False
1,Subject expression / pro-drop,mean,2,8041,0.863140881061554,0.9623317718505859,0.9698030352592468,1.7071770429611206,3.50399112701416,3.9364330768585205,1.0,1.0,1.0,1.0,1.0,1.0,True,True
1,Subject expression / pro-drop,mean,3,10169,0.8559886813163757,0.9625152349472046,0.9670958518981934,1.6536327600479126,3.513061046600342,3.763090133666992,1.0,1.0,1.0,1.0,1.0,1.0,True,True
1,Subject expression / pro-drop,mean,4,587,0.8547830581665039,0.9587790369987488,0.9689375758171082,1.6449683904647827,3.3402554988861084,3.878596067428589,1.0,1.0,1.0,1.0,1.0,1.0,True,True
1,Subject expression / pro-drop,mean,5,1175,0.8547700047492981,0.9586631655693054,0.9680838584899902,1.6448736190795898,3.335261821746826,3.8238284587860107,1.0,1.0,1.0,1.0,1.0,1.0,True,True
1,Subject expression / pro-drop,mean,6,15659,0.8508999347686768,0.9474011659622192,0.9491647481918335,1.6177265644073486,2.9304263591766357,2.9850211143493652,1.0,1.0,1.0,0.99,1.0,1.0,True,True
1,Subject expression / pro-drop,mean,7,3024,0.8477429747581482,0.9618109464645386,0.9682565331459045,1.5962896347045898,3.4785990715026855,3.8347327709198,1.0,1.0,1.0,1.0,1.0,1.0,True,True
1,Subject expression / pro-drop,mean,8,2703,0.8464353084564209,0.9644036889076233,0.9681549072265625,1.5875883102416992,3.610387086868286,3.8283042907714844,1.0,1.0,1.0,1.0,1.0,1.0,True,True
1,Subject expression / pro-drop,mean,9,2389,0.8462267518043518,0.9596312046051025,0.9669816493988037,1.5862096548080444,3.3775863647460938,3.756232500076294,1.0,1.0,1.0,0.9925,1.0,1.0,True,True
1,Subject expression / pro-drop,mean,10,14916,0.8452153205871582,0.9601441621780396,0.9677879214286804,1.5795634984970093,3.400632619857788,3.8053414821624756,1.0,1.0,1.0,0.98,1.0,1.0,True,True
1,Subject expression / pro-drop,mean,11,13175,0.8450655341148376,0.9583470225334167,0.9686412215232849,1.57858145236969,3.3217594623565674,3.8593318462371826,1.0,1.0,1.0,0.99,1.0,1.0,True,True
1,Subject expression / pro-drop,mean,12,604,0.8442023396492004,0.9600869417190552,0.9680061936378479,1.5729626417160034,3.3980319499969482,3.818948984146118,1.0,1.0,1.0,0.9925,1.0,1.0,True,True
1,Subject expression / pro-drop,mean,13,9375,0.8439128994941711,0.9630271196365356,0.9682308435440063,1.5710874795913696,3.5387203693389893,3.833097457885742,1.0,1.0,1.0,1.0,1.0,1.0,True,True
1,Subject expression / pro-drop,mean,14,981,0.8437371253967285,0.9581711292266846,0.970833957195282,1.5699527263641357,3.314302444458008,4.008604049682617,1.0,1.0,1.0,0.9825,1.0,1.0,True,True
1,Subject expression / pro-drop,mean,15,5694,0.843275249004364,0.96160888671875,0.9684674143791199,1.5669766664505005,3.468883991241455,3.8481576442718506,1.0,1.0,1.0,0.9975,1.0,1.0,True,True
1,Subject expression / pro-drop,mean,16,8792,0.842745304107666,0.9608463048934937,0.9704609513282776,1.563573956489563,3.432874917984009,3.9820609092712402,1.0,1.0,1.0,0.975,1.0,1.0,True,True
1,Subject expression / pro-drop,mean,17,10770,0.8413940072059631,0.959989070892334,0.9700425267219543,1.5549745559692383,3.393613576889038,3.9528698921203613,1.0,1.0,1.0,0.995,1.0,1.0,True,True
1,Subject expression / pro-drop,mean,18,13390,0.8413236141204834,0.9599956274032593,0.968451201915741,1.5545271635055542,3.393911361694336,3.8471288681030273,1.0,1.0,1.0,0.995,1.0,1.0,True,True
1,Subject expression / pro-drop,mean,19,10331,0.840677797794342,0.9643188714981079,0.9684593081474304,1.5504562854766846,3.605849027633667,3.847642183303833,1.0,1.0,1.0,0.98,1.0,1.0,True,True
1,Subject expression / pro-drop,mean,20,15975,0.8405076861381531,0.9559950232505798,0.964759886264801,1.549385666847229,3.2257633209228516,3.6295928955078125,1.0,1.0,1.0,0.995,1.0,1.0,True,True
1,Subject expression / pro-drop,mean,21,665,0.8404029011726379,0.9604671597480774,0.9696344137191772,1.548728585243225,3.415353298187256,3.9249727725982666,1.0,1.0,1.0,1.0,1.0,1.0,True,True
1,Subject expression / pro-drop,mean,22,14906,0.8402252197265625,0.9583491086959839,0.9690950512886047,1.5476140975952148,3.3218438625335693,3.8889455795288086,1.0,1.0,1.0,0.99,1.0,1.0,True,True
1,Subject expression / pro-drop,mean,23,15859,0.8396674394607544,0.9609121084213257,0.9683441519737244,1.5441277027130127,3.435936450958252,3.840301275253296,1.0,1.0,1.0,1.0,1.0,1.0,True,True
1,Subject expression / pro-drop,mean,24,11147,0.8393648862838745,0.9606167078018188,0.9674946069717407,1.5422453880310059,3.42224383354187,3.787271738052368,1.0,1.0,1.0,0.98,1.0,1.0,True,True
1,Subject expression / pro-drop,mean,25,5688,0.8393221497535706,0.9651979804039001,0.9710953235626221,1.5419803857803345,3.653620481491089,4.027508735656738,1.0,1.0,1.0,0.99,1.0,1.0,True,True
1,Subject expression / pro-drop,final,1,4441,-0.7896255254745483,-0.9286953210830688,-0.9507593512535095,-1.285287618637085,-2.4791085720062256,-3.036821126937866,1.0,1.0,1.0,0.915,1.0,1.0,True,True
1,Subject expression / pro-drop,final,2,9465,-0.7878605127334595,-0.9180216789245605,-0.9635710716247559,-1.2776985168457031,-2.2918689250946045,-3.5665619373321533,1.0,1.0,1.0,0.955,1.0,1.0,True,True
1,Subject expression / pro-drop,final,3,15059,0.7875486016273499,0.8772242069244385,0.9057405591011047,1.276366114616394,1.8088771104812622,2.115546226501465,1.0,1.0,1.0,0.9225,0.96,1.0,True,True
1,Subject expression / pro-drop,final,4,8182,-0.7674951553344727,-0.97221440076828,-0.9669405221939087,-1.1957404613494873,-4.111369609832764,-3.7537758350372314,1.0,1.0,1.0,0.91,1.0,1.0,True,True
1,Subject expression / pro-drop,final,5,10074,-0.7498114109039307,-0.8153024911880493,-0.67576003074646,-1.1318250894546509,-1.393884539604187,-0.9075410962104797,0.7675,1.0,0.98,0.7625,0.92,0.86,True,True
1,Subject expression / pro-drop,final,6,2734,0.7421136498451233,0.8408308029174805,0.8731831312179565,1.1057952642440796,1.5377482175827026,1.773535132408142,1.0,1.0,1.0,0.89,0.94,0.96,True,True
1,Subject expression / pro-drop,final,7,7918,-0.7169811725616455,-0.7597454786300659,-0.8122774362564087,-1.027244210243225,-1.1566991806030273,-1.3786273002624512,1.0,1.0,1.0,0.8825,0.86,0.9,True,True
1,Subject expression / pro-drop,final,8,164,-0.6865192651748657,-0.745912492275238,-0.8906696438789368,-0.942992091178894,-1.108658790588379,-1.9393290281295776,1.0,1.0,1.0,0.8375,0.88,0.98,True,True
1,Subject expression / pro-drop,final,9,4549,0.6860515475273132,0.19998955726623535,0.7562991976737976,0.9417783617973328,0.20206165313720703,1.1444027423858643,0.815,0.04,0.62,0.7675,0.04,0.62,True,True
1,Subject expression / pro-drop,final,10,14168,-0.6794955730438232,-0.21360094845294952,-0.751140832901001,-0.9249895215034485,-0.216449573636055,-1.1264114379882812,1.0,1.0,1.0,0.8275,0.56,0.8,True,True
1,Subject expression / pro-drop,final,11,3288,-0.6767577528953552,-0.8207153081893921,-0.9537580609321594,-0.9181014895439148,-1.4220436811447144,-3.141216516494751,1.0,1.0,1.0,0.85,0.88,1.0,True,True
1,Subject expression / pro-drop,final,12,13191,-0.6482129096984863,0.515220046043396,0.27879729866981506,-0.8502128720283508,0.5951077938079834,0.2873902916908264,1.0,1.0,1.0,0.82,0.66,0.62,False,False
1,Subject expression / pro-drop,final,13,8003,-0.636698842048645,-0.9036629796028137,-0.8662654161453247,-0.8246562480926514,-2.0889482498168945,-1.7165457010269165,1.0,1.0,1.0,0.8175,0.98,0.94,True,True
1,Subject expression / pro-drop,final,14,3044,-0.6181179285049438,0.6370571255683899,0.4831850528717041,-0.7853412628173828,0.8181638121604919,0.5463378429412842,0.6875,0.66,0.34,0.615,0.64,0.34,False,False
1,Subject expression / pro-drop,final,15,7700,0.6144094467163086,-0.5854982137680054,-0.3054310083389282,0.7777576446533203,-0.7149777412414551,-0.3175349235534668,1.0,0.92,1.0,0.8125,0.72,0.54,False,False
1,Subject expression / pro-drop,final,16,14004,-0.5987372994422913,-0.396252304315567,-0.840548038482666,-0.7466028928756714,-0.4272432327270508,-1.5359851121902466,1.0,1.0,1.0,0.7725,0.7,0.96,True,True
1,Subject expression / pro-drop,final,17,10152,-0.589383602142334,-0.6657127737998962,-0.7171773910522461,-0.7286553978919983,-0.883161187171936,-1.0187671184539795,0.5325,0.5,0.64,0.5,0.5,0.64,True,True
1,Subject expression / pro-drop,final,18,11776,-0.5845789909362793,-0.9035031199455261,-0.9457787275314331,-0.719612181186676,-2.0869359970092773,-2.88250994682312,1.0,1.0,1.0,0.785,1.0,1.0,True,True
1,Subject expression / pro-drop,final,19,5159,-0.5806612372398376,-0.8565335273742676,-0.9373817443847656,-0.712323784828186,-1.6429740190505981,-2.6642284393310547,1.0,1.0,1.0,0.7325,0.94,0.98,True,True
1,Subject expression / pro-drop,final,20,14795,-0.5795155763626099,-0.8603818416595459,-0.9220954775810242,-0.7102065086364746,-1.6712149381637573,-2.358956813812256,1.0,1.0,1.0,0.7425,0.96,1.0,True,True
1,Subject expression / pro-drop,final,21,15659,0.5756201148033142,-0.8057172298431396,-0.73876953125,0.7030548453330994,-1.346646785736084,-1.0851480960845947,1.0,1.0,1.0,0.7625,0.92,0.92,False,False
1,Subject expression / pro-drop,final,22,1546,0.5607208609580994,0.8803110718727112,0.8139954805374146,0.6763482093811035,1.8369923830032349,1.3872514963150024,1.0,1.0,1.0,0.7525,0.94,0.94,True,True
1,Subject expression / pro-drop,final,23,12897,0.560364305973053,0.7222640514373779,0.8860874176025391,0.6757209897041321,1.033815622329712,1.8924423456192017,1.0,1.0,1.0,0.7175,0.88,0.98,True,True
1,Subject expression / pro-drop,final,24,7247,-0.5535666942596436,0.7669376730918884,0.8762690424919128,-0.6638702154159546,1.1831133365631104,1.8003777265548706,1.0,1.0,1.0,0.7425,0.88,0.96,False,False
1,Subject expression / pro-drop,final,25,2993,0.541416347026825,0.9369096159934998,0.8789147734642029,0.6431593894958496,2.6532247066497803,1.824151873588562,1.0,1.0,1.0,0.735,1.0,0.96,True,True
2,basic_constituent_order,mean,1,13034,0.8540453910827637,0.8213565349578857,0.0812341496348381,1.6397154331207275,1.4254554510116577,0.0806843563914299,0.8275,1.0,0.8,0.8125,0.84,0.4,True,True
2,basic_constituent_order,mean,2,9791,0.8227548599243164,0.8065271973609924,0.03335511311888695,1.4456913471221924,1.3505154848098755,0.03303825855255127,0.96,0.96,0.84,0.8875,0.82,0.44,True,True
2,basic_constituent_order,mean,3,7918,-0.800753653049469,-0.5989508032798767,0.2237914651632309,-1.335160255432129,-0.7404364347457886,0.2273074835538864,1.0,1.0,1.0,0.9075,0.74,0.6,True,False
2,basic_constituent_order,mean,4,5288,0.7733572721481323,0.6248522400856018,0.03179465979337692,1.2183369398117065,0.7922863960266113,0.031491030007600784,0.81,0.82,0.66,0.7675,0.64,0.36,True,True
2,basic_constituent_order,mean,5,9064,0.7684685587882996,0.7739357352256775,0.24435016512870789,1.1994421482086182,1.2098541259765625,0.2494560331106186,0.785,0.9,0.9,0.7775,0.78,0.52,True,True
2,basic_constituent_order,mean,6,9390,-0.7567499279975891,-0.6683629751205444,0.120880126953125,-1.156185507774353,-0.8895052075386047,0.12054920941591263,1.0,1.0,1.0,0.9025,0.78,0.56,True,False
2,basic_constituent_order,mean,7,8431,-0.7564257383346558,-0.2863917052745819,0.23177693784236908,-1.1550273895263672,-0.295908123254776,0.23587048053741455,0.84,1.0,0.8,0.7725,0.62,0.48,True,False
2,basic_constituent_order,mean,8,6235,-0.7384347319602966,-0.4822647273540497,0.356295108795166,-1.0937029123306274,-0.5449815392494202,0.3774873614311218,1.0,1.0,1.0,0.8575,0.68,0.66,True,False
2,basic_constituent_order,mean,9,2993,0.7153146862983704,0.782579243183136,0.22263266146183014,1.0223493576049805,1.2444185018539429,0.2260688841342926,1.0,1.0,1.0,0.85,0.92,0.54,True,True
2,basic_constituent_order,mean,10,1546,0.7109225988388062,0.6510859131813049,0.03239094093441963,1.0096170902252197,0.8491945266723633,0.03208222985267639,1.0,1.0,1.0,0.83,0.78,0.6,True,True
2,basic_constituent_order,mean,11,4048,0.7033182382583618,0.7352892160415649,0.2342374473810196,0.9881321787834167,1.0739879608154297,0.23851898312568665,0.9975,1.0,0.98,0.8475,0.86,0.52,True,True
2,basic_constituent_order,mean,12,932,0.6950408816337585,0.7502098083496094,0.4259891211986542,0.9655086398124695,1.1232154369354248,0.4661152958869934,0.69,0.72,0.62,0.6525,0.72,0.36,True,True
2,basic_constituent_order,mean,13,6803,0.6877726316452026,0.538555920124054,-0.0523369126021862,0.9462573528289795,0.6327434778213501,-0.05188200622797012,0.6825,0.68,0.5,0.64,0.56,0.34,True,False
2,basic_constituent_order,mean,14,7834,0.6794646978378296,0.6657874584197998,-0.15548230707645416,0.9249114394187927,0.8833391666412354,-0.15581455826759338,0.71,0.82,0.76,0.67,0.64,0.44,True,False
2,basic_constituent_order,mean,15,13096,0.6769956946372986,0.6330192685127258,-0.018958119675517082,0.9186968207359314,0.8094920516014099,-0.01877095364034176,0.7775,0.82,0.72,0.7025,0.68,0.46,True,False
2,basic_constituent_order,mean,16,14048,0.6694992184638977,0.7299730777740479,0.055481668561697006,0.9001755118370056,1.0572961568832397,0.05500878021121025,1.0,1.0,1.0,0.82,0.92,0.52,True,True
2,basic_constituent_order,mean,17,2573,-0.6686751246452332,-0.6665934920310974,0.3664785623550415,-0.8981710076332092,-0.8852629661560059,0.389923632144928,0.8025,0.9,0.74,0.7,0.76,0.48,True,False
2,basic_constituent_order,mean,18,15120,-0.6686102151870728,-0.5498610138893127,-0.2970931828022003,-0.8980124592781067,-0.6516977548599243,-0.30801457166671753,0.7925,0.94,0.78,0.7525,0.78,0.44,True,True
2,basic_constituent_order,mean,19,164,-0.6646817922592163,-0.585978627204895,0.44499775767326355,-0.8885383605957031,-0.7158709168434143,0.4919147193431854,1.0,1.0,1.0,0.8375,0.76,0.66,True,False
2,basic_constituent_order,mean,20,11483,-0.6581101417541504,-0.5635060667991638,-0.2377866953611374,-0.87298184633255,-0.6752625703811646,-0.24234801530838013,1.0,1.0,1.0,0.845,0.72,0.58,True,True
2,basic_constituent_order,mean,21,4425,-0.6464254856109619,-0.645958662033081,-0.31588849425315857,-0.846181333065033,-0.8376859426498413,-0.3295898735523224,0.8,1.0,0.8,0.7175,0.8,0.42,True,True
2,basic_constituent_order,mean,22,8214,-0.6461657285690308,-0.5898423790931702,-0.45406296849250793,-0.8455978035926819,-0.7230970859527588,-0.5045058727264404,0.6825,1.0,0.52,0.6375,0.78,0.4,True,True
2,basic_constituent_order,mean,23,13203,0.6354380249977112,0.6943724751472473,-0.08500585705041885,0.8219150900840759,0.9552229046821594,-0.08445720374584198,0.7075,0.88,0.62,0.635,0.78,0.36,True,False
2,basic_constituent_order,mean,24,7948,0.6275941133499146,0.6807500123977661,0.2468581199645996,0.8051081299781799,0.919991135597229,0.25218167901039124,1.0,1.0,1.0,0.7925,0.84,0.52,True,True
2,basic_constituent_order,mean,25,6858,0.6253794431686401,0.5155600309371948,0.18301691114902496,0.8004364967346191,0.595642626285553,0.18429021537303925,0.78,0.98,0.76,0.7325,0.78,0.4,True,True
2,basic_constituent_order,final,1,12178,0.7508994340896606,0.7663952112197876,0.3681265711784363,1.1355870962142944,1.1810845136642456,0.39195114374160767,1.0,1.0,1.0,0.905,0.9,0.6,True,True
2,basic_constituent_order,final,2,8686,-0.7252227067947388,-0.7304650545120239,-0.1604074388742447,-1.051998257637024,-1.0588231086730957,-0.1608785092830658,1.0,1.0,1.0,0.865,0.88,0.54,True,True
2,basic_constituent_order,final,3,15059,0.697820782661438,0.6474506258964539,0.24302434921264648,0.973020613193512,0.841014564037323,0.248017355799675,1.0,1.0,1.0,0.8625,0.84,0.6,True,True
2,basic_constituent_order,final,4,7247,-0.6909978985786438,-0.7705820202827454,-0.29503291845321655,-0.9547314047813416,-1.196906328201294,-0.30567413568496704,1.0,1.0,1.0,0.8525,0.92,0.56,True,True
2,basic_constituent_order,final,5,2734,0.6844773888587952,0.7320566177368164,0.10998521745204926,0.937707781791687,1.0637882947921753,0.10954438149929047,1.0,1.0,1.0,0.8475,0.84,0.54,True,True
2,basic_constituent_order,final,6,4549,0.6708351969718933,0.7338756918907166,-0.09099817276000977,0.9034389853477478,1.069508671760559,-0.09045889973640442,0.7475,0.76,0.74,0.69,0.72,0.4,True,False
2,basic_constituent_order,final,7,6051,0.6640949249267578,0.6831836700439453,0.2939285933971405,0.8871342539787292,0.926149308681488,0.3044215738773346,1.0,1.0,1.0,0.805,0.82,0.58,True,True
2,basic_constituent_order,final,8,13304,0.6494826078414917,0.5108440518379211,0.25432202219963074,0.8530911207199097,0.588257908821106,0.2603255808353424,1.0,1.0,1.0,0.85,0.76,0.52,True,True
2,basic_constituent_order,final,9,5159,0.644130527973175,0.7037869095802307,0.5089036822319031,0.8410406708717346,0.9807184934616089,0.5852407217025757,1.0,1.0,1.0,0.8075,0.9,0.74,True,True
2,basic_constituent_order,final,10,6858,0.6357273459434509,0.5304687023162842,0.14409875869750977,0.8225435614585876,0.6194813847541809,0.14415499567985535,0.78,0.98,0.76,0.7225,0.78,0.4,True,True
2,basic_constituent_order,final,11,9390,0.6246321797370911,0.3547271490097046,-0.12648385763168335,0.7988676428794861,0.37558645009994507,-0.12622638046741486,1.0,1.0,1.0,0.82,0.6,0.6,True,False
2,basic_constituent_order,final,12,2375,-0.6157814860343933,-0.6905884146690369,-0.39218974113464355,-0.7805535197257996,-0.9452466368675232,-0.42206183075904846,1.0,1.0,1.0,0.7725,0.9,0.56,True,True
2,basic_constituent_order,final,13,14465,-0.6124786138534546,-0.6100707650184631,-0.12296303361654282,-0.7738425731658936,-0.7622154951095581,-0.12265801429748535,1.0,1.0,1.0,0.77,0.74,0.6,True,True
2,basic_constituent_order,final,14,14004,0.6122668981552124,0.5729315876960754,0.48278674483299255,0.7734148502349854,0.6920098066329956,0.545750617980957,1.0,1.0,1.0,0.7825,0.76,0.74,True,True
2,basic_constituent_order,final,15,661,0.6080579161643982,0.646335244178772,0.15257002413272858,0.7649616599082947,0.8385246992111206,0.15282577276229858,1.0,1.0,1.0,0.7825,0.84,0.56,True,True
2,basic_constituent_order,final,16,5697,0.6077806353569031,0.7045000195503235,0.4231172204017639,0.7644082903862,0.9826904535293579,0.46228480339050293,1.0,1.0,1.0,0.795,0.82,0.6,True,True
2,basic_constituent_order,final,17,8793,0.5992420315742493,0.49921584129333496,0.08497154712677002,0.7475850582122803,0.5703534483909607,0.08442286401987076,1.0,1.0,1.0,0.7825,0.7,0.54,True,True
2,basic_constituent_order,final,18,4441,-0.594197154045105,-0.6337952613830566,0.02995593659579754,-0.7378336787223816,-0.811150312423706,0.029668185859918594,1.0,1.0,1.0,0.78,0.76,0.5,True,False
2,basic_constituent_order,final,19,8182,-0.5593714118003845,-0.3632209300994873,0.2424696385860443,-0.6739777326583862,-0.38592803478240967,0.24741579592227936,1.0,1.0,1.0,0.74,0.7,0.62,True,False
2,basic_constituent_order,final,20,11483,-0.5540786385536194,-0.5204766392707825,-0.3060753047466278,-0.6647559404373169,-0.6034197807312012,-0.3182739317417145,1.0,1.0,1.0,0.75,0.74,0.58,True,True
2,basic_constituent_order,final,21,7799,0.551789402961731,0.2388647198677063,-0.1403760015964508,0.6608039140701294,0.2435131072998047,-0.1403549164533615,0.8,1.0,0.8,0.66,0.8,0.42,True,False
2,basic_constituent_order,final,22,6235,0.5477117896080017,0.5081190466880798,0.08903247117996216,0.6538158655166626,0.5840239524841309,0.08848906308412552,0.5025,0.32,0.26,0.4475,0.32,0.14,True,True
2,basic_constituent_order,final,23,13033,0.5440679788589478,0.708253800868988,0.15297141671180725,0.64762943983078,0.9931690096855164,0.1532374918460846,1.0,1.0,1.0,0.77,0.8,0.56,True,True
2,basic_constituent_order,final,24,105,-0.5323954820632935,-0.6617289185523987,-0.3304443359375,-0.6281537413597107,-0.8737368583679199,-0.34659284353256226,1.0,1.0,1.0,0.7425,0.82,0.62,True,True
2,basic_constituent_order,final,25,14043,-0.5232867002487183,-0.5885301828384399,0.03837583214044571,-0.6133056282997131,-0.7206346988677979,0.038018133491277695,0.54,0.58,0.42,0.5,0.48,0.26,True,False
3,nominal_modifier_order,mean,1,8006,0.6698550581932068,0.2563788890838623,0.17448927462100983,0.9010428786277771,0.26257848739624023,0.17542678117752075,0.6875,0.12,0.52,0.62,0.12,0.32,True,True
3,nominal_modifier_order,mean,2,2375,-0.6478573083877563,0.15694458782672882,-0.4332844913005829,-0.8494089841842651,0.15731675922870636,-0.4759238064289093,1.0,1.0,1.0,0.7825,0.64,0.66,False,True
3,nominal_modifier_order,mean,3,260,-0.6321280598640442,0.0,0.1833290308713913,-0.8147726058959961,0.0,0.18461541831493378,0.68,0.0,0.52,0.6275,0.0,0.32,False,False
3,nominal_modifier_order,mean,4,4253,-0.6311673521995544,-0.5690178275108337,0.12842944264411926,-0.8127132058143616,-0.6850075125694275,0.12820033729076385,1.0,1.0,1.0,0.825,0.78,0.52,True,False
3,nominal_modifier_order,mean,5,9465,0.6270563006401062,0.0025963473599404097,-0.10957947373390198,0.8039710521697998,0.0025702612474560738,-0.10913535207509995,1.0,1.0,1.0,0.7675,0.5,0.52,True,False
3,nominal_modifier_order,mean,6,16084,-0.6152686476707458,-0.4635086953639984,-0.32765480875968933,-0.7795072793960571,-0.5178357362747192,-0.34331345558166504,1.0,1.0,1.0,0.7775,0.64,0.62,True,True
3,nominal_modifier_order,mean,7,2084,-0.6052204370498657,0.0957581102848053,0.5608285069465637,-0.7593207955360413,0.09523333609104156,0.6705767512321472,1.0,1.0,1.0,0.815,0.62,0.58,False,False
3,nominal_modifier_order,mean,8,8793,0.6046460270881653,0.03580314666032791,-0.45146626234054565,0.7581846714019775,0.035466041415929794,-0.5008793473243713,1.0,1.0,1.0,0.7525,0.52,0.6,True,False
3,nominal_modifier_order,mean,9,1662,-0.5853026509284973,0.11191189289093018,-0.0731789842247963,-0.7209676504135132,0.11148751527070999,-0.07263828068971634,0.4625,0.06,0.12,0.445,0.04,0.08,False,True
3,nominal_modifier_order,mean,10,15379,0.5825828909873962,-0.030376436188817024,-0.3521919548511505,0.7158897519111633,-0.030085023492574692,-0.37252044677734375,0.5225,0.5,0.54,0.46,0.28,0.36,False,False
3,nominal_modifier_order,mean,11,4468,-0.577017068862915,0.0,0.1414213627576828,-0.7056111693382263,0.0,0.1414213329553604,0.3775,0.0,0.02,0.3675,0.0,0.02,False,False
3,nominal_modifier_order,mean,12,799,-0.5722380876541138,0.06646943837404251,0.1414213478565216,-0.6969029307365417,0.06594724953174591,0.1414213627576828,0.34,0.12,0.02,0.34,0.08,0.02,False,False
3,nominal_modifier_order,mean,13,4939,-0.5705357193946838,0.0,0.25305622816085815,-0.6938275098800659,0.0,0.25894102454185486,0.345,0.0,0.08,0.3375,0.0,0.08,False,False
3,nominal_modifier_order,mean,14,10647,-0.5695620775222778,-0.1972762942314148,-0.1414213627576828,-0.6920749545097351,-0.19920851290225983,-0.1414213627576828,0.485,0.04,0.02,0.4425,0.04,0.02,True,True
3,nominal_modifier_order,mean,15,5376,-0.5693737864494324,0.0,0.0,-0.691734790802002,0.0,0.0,0.34,0.0,0.0,0.335,0.0,0.0,False,False
3,nominal_modifier_order,mean,16,626,-0.5688390731811523,0.0,0.0,-0.6907749772071838,0.0,0.0,0.3425,0.0,0.0,0.3325,0.0,0.0,False,False
3,nominal_modifier_order,mean,17,10264,-0.568804144859314,0.0,0.0,-0.6907113790512085,0.0,0.0,0.355,0.0,0.0,0.3425,0.0,0.0,False,False
3,nominal_modifier_order,mean,18,14220,0.5686526298522949,0.19824638962745667,0.6456515192985535,0.690441370010376,0.2002280354499817,0.8370028138160706,0.65,0.04,0.52,0.4975,0.04,0.5,True,True
3,nominal_modifier_order,mean,19,7775,-0.5686416029930115,-0.1414213478565216,0.0,-0.6904221773147583,-0.14142140746116638,0.0,0.34,0.02,0.0,0.3325,0.02,0.0,True,False
3,nominal_modifier_order,mean,20,11666,0.5682220458984375,0.4314427673816681,0.3019700348377228,0.6896690726280212,0.4734368920326233,0.3135735094547272,0.85,1.0,1.0,0.6425,0.84,0.54,True,True
3,nominal_modifier_order,mean,21,11386,-0.5680921673774719,0.0,0.16889773309230804,-0.6894371509552002,0.0,0.16963742673397064,0.3575,0.0,0.04,0.3475,0.0,0.04,False,False
3,nominal_modifier_order,mean,22,14256,-0.5680352449417114,0.0,-0.1414213627576828,-0.6893346905708313,0.0,-0.14142146706581116,0.3375,0.0,0.02,0.3325,0.0,0.02,False,True
3,nominal_modifier_order,mean,23,8880,0.567001461982727,-0.2576947510242462,0.6012297868728638,0.6874842643737793,-0.26402175426483154,0.7448440790176392,0.9675,0.98,1.0,0.5575,0.52,0.6,False,True
3,nominal_modifier_order,mean,24,5019,0.5664737820625305,-0.05923619121313095,0.6016471982002258,0.6865409016609192,-0.05874399095773697,0.7456542253494263,0.56,0.12,0.74,0.5075,0.08,0.56,False,True
3,nominal_modifier_order,mean,25,4426,-0.5660698413848877,-0.07632822543382645,0.19893653690814972,-0.6858207583427429,-0.0757821723818779,0.20095372200012207,0.3475,0.08,0.04,0.34,0.04,0.04,True,False
3,nominal_modifier_order,final,1,13304,0.4804600775241852,-0.605016827583313,0.10243310779333115,0.5471497178077698,-0.7522312998771667,0.10193981230258942,1.0,1.0,1.0,0.7,0.8,0.54,False,True
3,nominal_modifier_order,final,2,1633,-0.4697974622249603,0.35838809609413147,0.7016069293022156,-0.531517505645752,0.3800305426120758,0.974726676940918,0.6775,0.16,0.52,0.48,0.16,0.52,False,False
3,nominal_modifier_order,final,3,8006,-0.44666787981987,0.0,0.39018818736076355,-0.4986128807067871,0.0,0.4195197820663452,0.6675,0.0,0.5,0.4225,0.0,0.4,False,False
3,nominal_modifier_order,final,4,5219,0.41817307472229004,0.23484110832214355,0.1263754665851593,0.45978105068206787,0.23916950821876526,0.12611645460128784,0.8325,0.54,0.76,0.55,0.4,0.4,True,True
3,nominal_modifier_order,final,5,15659,-0.40239906311035156,0.6574490070343018,-0.46960464119911194,-0.43900763988494873,0.8637585043907166,-0.5265568494796753,1.0,1.0,1.0,0.6675,0.84,0.76,False,True
3,nominal_modifier_order,final,6,164,0.40129852294921875,-0.13328434526920319,-0.10280611366033554,0.437576025724411,-0.13313259184360504,-0.10231498628854752,1.0,1.0,1.0,0.655,0.6,0.56,False,False
3,nominal_modifier_order,final,7,8182,0.38512828946113586,0.24450379610061646,-0.3305380344390869,0.4167969822883606,0.2496228963136673,-0.3467032313346863,1.0,1.0,1.0,0.605,0.6,0.6,True,False
3,nominal_modifier_order,final,8,4253,-0.367709219455719,-0.3293118476867676,-0.4087958037853241,-0.394916832447052,-0.3452603220939636,-0.44343164563179016,1.0,1.0,1.0,0.655,0.64,0.62,True,True
3,nominal_modifier_order,final,9,15870,0.3628254234790802,-0.46645060181617737,0.2390540987253189,0.388870507478714,-0.522032618522644,0.24371777474880219,0.3475,1.0,0.54,0.2875,0.68,0.38,False,True
3,nominal_modifier_order,final,10,16378,-0.35955679416656494,-0.08575088530778885,0.3416680693626404,-0.38484445214271545,-0.08520288020372391,0.35989221930503845,1.0,1.0,1.0,0.62,0.56,0.56,True,False
3,nominal_modifier_order,final,11,9622,0.332940936088562,0.3882623016834259,-0.4093376100063324,0.35264384746551514,0.41708049178123474,-0.4441375732421875,1.0,1.0,1.0,0.62,0.66,0.6,True,False
3,nominal_modifier_order,final,12,15282,-0.3292144238948822,0.42769160866737366,0.6049530506134033,-0.34821364283561707,0.4683941602706909,0.7521058917045593,0.7275,0.48,0.66,0.5125,0.32,0.58,False,False
3,nominal_modifier_order,final,13,13627,0.3285713493824005,0.02839064970612526,0.501104474067688,0.34745141863822937,0.028116639703512192,0.5732327699661255,0.6025,0.56,0.52,0.41,0.36,0.4,True,True
3,nominal_modifier_order,final,14,2734,0.3281540870666504,-0.7299746870994568,0.4787028133869171,0.3469565808773041,-1.0573011636734009,0.5397540926933289,1.0,1.0,1.0,0.6325,0.92,0.7,False,True
3,nominal_modifier_order,final,15,4825,0.30124184489250183,-0.48554742336273193,0.46757766604423523,0.3155219554901123,-0.5498303174972534,0.523646354675293,1.0,1.0,1.0,0.6325,0.72,0.68,False,True
3,nominal_modifier_order,final,16,1546,0.2930903732776642,0.13472037017345428,-0.3701206147670746,0.30616939067840576,0.13459338247776031,-0.39441025257110596,1.0,1.0,1.0,0.655,0.52,0.62,True,False
3,nominal_modifier_order,final,17,16084,-0.2636910378932953,0.3055674731731415,0.0033560951706022024,-0.27302438020706177,0.3176914155483246,0.0033223836217075586,1.0,1.0,1.0,0.6175,0.6,0.54,False,False
3,nominal_modifier_order,final,18,6119,0.2521986663341522,0.14477957785129547,0.15108449757099152,0.26029688119888306,0.14485064148902893,0.15130285918712616,0.1875,0.06,0.08,0.1525,0.04,0.04,True,True
3,nominal_modifier_order,final,19,11389,-0.2411385327577591,0.19743205606937408,-0.19979284703731537,-0.2481604814529419,0.19937223196029663,-0.20185460150241852,0.1225,0.12,0.06,0.11,0.1,0.06,False,True
3,nominal_modifier_order,final,20,6047,0.23666386306285858,0.40784698724746704,-0.5223955512046814,0.2432790994644165,0.442196786403656,-0.6064772605895996,0.9925,1.0,1.0,0.54,0.72,0.7,True,False
3,nominal_modifier_order,final,21,1838,-0.2354118824005127,0.2010742425918579,-0.4271230101585388,-0.24191635847091675,0.20320358872413635,-0.4676324725151062,1.0,1.0,1.0,0.55,0.56,0.66,False,True
3,nominal_modifier_order,final,22,9465,0.23255124688148499,-0.024702096357941628,0.048052724450826645,0.2388075590133667,-0.0244612880051136,0.04762478917837143,1.0,1.0,1.0,0.58,0.52,0.5,False,True
3,nominal_modifier_order,final,23,8793,0.22631001472473145,-0.6464492678642273,0.5053462386131287,0.23204736411571503,-0.8387786149978638,0.5797399878501892,1.0,1.0,1.0,0.5725,0.78,0.74,False,True
3,nominal_modifier_order,final,24,8003,0.22461825609207153,0.5918862223625183,-0.08273155242204666,0.23022018373012543,0.7269501686096191,-0.08218178153038025,1.0,1.0,1.0,0.605,0.74,0.54,True,False
3,nominal_modifier_order,final,25,8074,0.21610227227210999,0.17854945361614227,-0.1414213478565216,0.22105513513088226,0.17964161932468414,-0.1414213329553604,0.1975,0.18,0.02,0.145,0.1,0.02,True,False
4,case_marking,mean,1,3290,-0.7586350440979004,-0.5690845847129822,-0.8547938466072083,-1.1629587411880493,-0.6851264238357544,-1.6305499076843262,0.7925,1.0,0.94,0.7675,0.86,0.94,True,True
4,case_marking,mean,2,5482,-0.7304100394248962,-0.7631160616874695,-0.6572451591491699,-1.0680629014968872,-1.1689485311508179,-0.8632872104644775,0.955,0.96,0.74,0.86,0.88,0.7,True,True
4,case_marking,mean,3,15396,0.7177765369415283,-0.04778818413615227,0.7014005780220032,1.0295941829681396,-0.047362007200717926,0.9741625189781189,0.98,0.92,1.0,0.86,0.46,0.82,False,True
4,case_marking,mean,4,15120,0.6765802502632141,0.481760710477829,0.5479505062103271,0.917657196521759,0.5442396998405457,0.6484593749046326,0.6175,0.7,0.38,0.5775,0.54,0.38,True,True
4,case_marking,mean,5,13263,0.6730763912200928,-0.6838749647140503,0.6881116628646851,0.9089497327804565,-0.9279087781906128,0.9387972950935364,1.0,1.0,1.0,0.8525,0.74,0.9,False,True
4,case_marking,mean,6,15864,-0.6449806690216064,-0.0957907885313034,-0.6113656163215637,-0.842940092086792,-0.09526613354682922,-0.7647973895072937,0.9875,0.98,1.0,0.8125,0.52,0.76,True,True
4,case_marking,mean,7,16200,-0.6196691393852234,-0.6995977759361267,-0.7307459712028503,-0.7885375022888184,-0.9692521691322327,-1.0596966743469238,1.0,1.0,1.0,0.815,0.84,0.88,True,True
4,case_marking,mean,8,9071,0.5862047672271729,0.7269218564033508,0.6571606397628784,0.7226580381393433,1.0479024648666382,0.863091766834259,0.4475,0.68,0.62,0.4325,0.68,0.62,True,True
4,case_marking,mean,9,5530,0.5727902054786682,0.6735164523124695,0.6078335642814636,0.6979047060012817,0.9020188450813293,0.7577778697013855,1.0,1.0,1.0,0.8025,0.8,0.76,True,True
4,case_marking,mean,10,11875,0.5665741562843323,0.4357597529888153,0.6634024381637573,0.6867216229438782,0.47927767038345337,0.8776793479919434,0.68,0.76,0.72,0.5875,0.54,0.66,True,True
4,case_marking,mean,11,14481,0.5503432154655457,0.770342230796814,0.7164608240127563,0.6583179235458374,1.195989966392517,1.0166746377944946,0.995,1.0,1.0,0.785,0.92,0.9,True,True
4,case_marking,mean,12,15113,0.5449656844139099,0.36316823959350586,0.6434924006462097,0.6491488218307495,0.38586363196372986,0.8322200775146484,0.5225,0.32,0.7,0.4875,0.28,0.66,True,True
4,case_marking,mean,13,3534,0.5401284694671631,0.6634310483932495,0.7180495262145996,0.6409986019134521,0.8777469992637634,1.0213230848312378,0.375,0.52,0.6,0.3625,0.52,0.6,True,True
4,case_marking,mean,14,13034,0.5398247241973877,0.3372630178928375,0.4579031467437744,0.640489935874939,0.3546523451805115,0.5098986625671387,0.55,0.24,0.52,0.465,0.2,0.4,True,True
4,case_marking,mean,15,13451,-0.5255715250968933,-0.5090630650520325,-0.5665988326072693,-0.6170023679733276,-0.5854880213737488,-0.6807140707969666,0.4775,0.44,0.52,0.4225,0.4,0.44,True,True
4,case_marking,mean,16,3366,0.5236561298370361,-0.5610112547874451,0.485525906085968,0.6139020919799805,-0.6708954572677612,0.5497984886169434,0.835,0.84,0.86,0.7,0.7,0.66,False,True
4,case_marking,mean,17,15081,-0.5202531814575195,-0.7959387898445129,-0.5664098262786865,-0.6084251999855042,-1.301567554473877,-0.6803797483444214,0.805,0.94,0.56,0.6325,0.84,0.46,True,True
4,case_marking,mean,18,1788,-0.5188801884651184,0.034150540828704834,-0.24625186622142792,-0.6062267422676086,0.033827044069767,-0.25152236223220825,0.63,0.5,0.28,0.5325,0.26,0.14,False,True
4,case_marking,mean,19,2817,-0.5123814344406128,-0.6602243781089783,-0.5799825191497803,-0.5959078669548035,-0.8702120184898376,-0.704803466796875,0.8675,0.92,0.72,0.7,0.74,0.6,True,True
4,case_marking,mean,20,13269,0.5107520818710327,0.39033475518226624,0.584809422492981,0.5933421850204468,0.41970565915107727,0.7136988043785095,0.4925,0.3,0.64,0.425,0.24,0.54,True,True
4,case_marking,mean,21,4071,0.4916360080242157,0.43720653653144836,0.5532103776931763,0.5638728737831116,0.48124438524246216,0.6574106216430664,0.41,0.56,0.38,0.37,0.44,0.38,True,True
4,case_marking,mean,22,12022,0.4807252585887909,0.12612003087997437,0.4342772960662842,0.5475430488586426,0.1258574277162552,0.4772673547267914,0.295,0.12,0.2,0.29,0.08,0.2,True,True
4,case_marking,mean,23,9920,-0.4803972542285919,-0.43135952949523926,-0.3480919897556305,-0.5470558404922485,-0.473324716091156,-0.36758196353912354,0.4225,0.76,0.28,0.375,0.5,0.24,True,True
4,case_marking,mean,24,6858,0.47474098205566406,-0.15944337844848633,0.26000091433525085,0.538726806640625,-0.15988630056381226,0.2665550410747528,0.8525,0.78,0.92,0.6875,0.42,0.66,False,True
4,case_marking,mean,25,11261,-0.46473705768585205,0.14067740738391876,-0.36971837282180786,-0.5242040753364563,0.14066235721111298,-0.39391371607780457,0.9975,1.0,1.0,0.7025,0.52,0.62,False,True
4,case_marking,final,1,6102,0.545896589756012,0.06415703892707825,0.43638578057289124,0.6507278680801392,0.06364334374666214,0.48012807965278625,1.0,1.0,1.0,0.78,0.54,0.72,True,True
4,case_marking,final,2,6858,0.4821786880493164,-0.1468958556652069,0.2500837445259094,0.5496982932090759,-0.1470142900943756,0.2556951642036438,0.8525,0.78,0.92,0.6825,0.42,0.64,False,True
4,case_marking,final,3,9622,0.4041025638580322,0.08724824339151382,0.21197624504566193,0.44122782349586487,0.08670198917388916,0.21472540497779846,1.0,1.0,1.0,0.725,0.58,0.58,True,True
4,case_marking,final,4,6235,0.40070950984954834,0.773486852645874,0.023788686841726303,0.4368107318878174,1.2081061601638794,0.023556264117360115,0.7925,0.96,0.9,0.6,0.86,0.46,True,True
4,case_marking,final,5,15659,-0.39100560545921326,-0.6810056567192078,-0.526304304599762,-0.42429566383361816,-0.920635461807251,-0.6127448081970215,1.0,1.0,1.0,0.69,0.82,0.72,True,True
4,case_marking,final,6,398,0.37009263038635254,0.5048159956932068,0.35661959648132324,0.3978813588619232,0.5789234042167664,0.3778811991214752,0.7375,0.74,0.66,0.56,0.56,0.44,True,True
4,case_marking,final,7,4923,0.3698602616786957,-0.2432311326265335,0.4091426730155945,0.39759206771850586,-0.2482416033744812,0.4438835382461548,0.885,0.68,0.92,0.6425,0.4,0.72,False,True
4,case_marking,final,8,13627,0.34131598472595215,0.32830700278282166,0.27181318402290344,0.36266738176345825,0.34407928586006165,0.2796085774898529,0.43,0.38,0.48,0.34,0.3,0.34,True,True
4,case_marking,final,9,11611,0.28055015206336975,0.05512804165482521,0.1489240527153015,0.29192349314689636,0.05465709790587425,0.14908984303474426,0.465,0.36,0.3,0.3375,0.2,0.18,True,True
4,case_marking,final,10,16335,0.2582263946533203,0.37841761112213135,0.08316842466592789,0.26695743203163147,0.404710590839386,0.08261875808238983,1.0,1.0,1.0,0.6025,0.68,0.56,True,True
4,case_marking,final,11,9551,0.24370077252388,0.3218545615673065,0.04206206649541855,0.2509619891643524,0.33652666211128235,0.04167620465159416,0.285,0.22,0.2,0.2025,0.18,0.12,True,True
4,case_marking,final,12,4253,-0.23179137706756592,0.14819000661373138,0.054770577698946,-0.23798277974128723,0.1483384370803833,0.054301612079143524,1.0,1.0,1.0,0.5825,0.62,0.6,False,False
4,case_marking,final,13,10152,0.23071756958961487,-0.2763221859931946,-0.17882336676120758,0.23681817948818207,-0.2846269905567169,-0.1799263060092926,1.0,1.0,1.0,0.62,0.6,0.52,False,False
4,case_marking,final,14,661,-0.22891153395175934,0.08869234472513199,-0.4185154438018799,-0.23486141860485077,0.088148333132267,-0.4561822712421417,1.0,1.0,1.0,0.625,0.56,0.7,False,True
4,case_marking,final,15,8666,0.22624368965625763,0.0,0.1414213627576828,0.23197567462921143,0.0,0.14142140746116638,0.1375,0.0,0.02,0.1075,0.0,0.02,False,True
4,case_marking,final,16,9136,0.22578983008861542,-0.07362084090709686,0.15877623856067657,0.23148486018180847,-0.07307925075292587,0.1592000424861908,0.15,0.06,0.14,0.12,0.04,0.12,False,True
4,case_marking,final,17,7918,-0.22397442162036896,0.48000195622444153,-0.6638857126235962,-0.22952546179294586,0.5416566133499146,-0.8788222670555115,1.0,1.0,1.0,0.5875,0.72,0.84,False,True
4,case_marking,final,18,3874,0.21088795363903046,0.1533477008342743,0.3062324523925781,0.21546974778175354,0.15362350642681122,0.3184543251991272,0.2525,0.34,0.16,0.17,0.24,0.16,True,True
4,case_marking,final,19,443,0.20535807311534882,0.23023393750190735,0.4378608465194702,0.20956796407699585,0.23421184718608856,0.48213517665863037,0.1325,0.06,0.54,0.1,0.06,0.4,True,True
4,case_marking,final,20,5205,0.18712350726127625,0.0,0.0,0.19024984538555145,0.0,0.0,0.1325,0.0,0.0,0.095,0.0,0.0,False,False
4,case_marking,final,21,4825,0.18348711729049683,0.7519435882568359,0.14789670705795288,0.18642264604568481,1.1291794776916504,0.14803828299045563,1.0,1.0,1.0,0.6075,0.9,0.54,True,True
4,case_marking,final,22,7038,0.18011179566383362,0.3907279968261719,-0.014990309253334999,0.1828773468732834,0.4202045798301697,-0.01484131719917059,1.0,1.0,1.0,0.5775,0.76,0.52,True,False
4,case_marking,final,23,5219,0.17571689188480377,0.22172437608242035,0.5110170245170593,0.17827090620994568,0.22509880363941193,0.5885276794433594,1.0,1.0,0.98,0.6025,0.58,0.66,True,True
4,case_marking,final,24,4731,0.17132608592510223,0.6020776033401489,0.11675422638654709,0.173679918050766,0.7464908361434937,0.11637671291828156,0.1975,0.46,0.4,0.1475,0.44,0.24,True,True
4,case_marking,final,25,8182,0.16937705874443054,-0.021753106266260147,0.0579865388572216,0.17164529860019684,-0.02153957076370716,0.05750050023198128,1.0,1.0,1.0,0.61,0.52,0.5,False,True
5,morphosyntactic_alignment,mean,1,7247,-0.6954706907272339,-0.6925016641616821,-0.6649801731109619,-0.9666634798049927,-0.9502718448638916,-0.8814180493354797,1.0,1.0,1.0,0.8625,0.84,0.84,True,True
5,morphosyntactic_alignment,mean,2,9674,-0.6952507495880127,-0.6750200986862183,-0.6513240337371826,-0.9660719037055969,-0.905714750289917,-0.8497338891029358,0.8475,0.82,0.84,0.76,0.7,0.7,True,True
5,morphosyntactic_alignment,mean,3,2389,-0.6928341388702393,-0.6797109246253967,-0.6561022400856018,-0.959604024887085,-0.9173791408538818,-0.8606496453285217,0.8475,0.82,0.84,0.75,0.68,0.72,True,True
5,morphosyntactic_alignment,mean,4,10551,-0.6923505663871765,-0.677083432674408,-0.6573476195335388,-0.9583172798156738,-0.9108204245567322,-0.8635240197181702,0.8475,0.82,0.84,0.7425,0.68,0.74,True,True
5,morphosyntactic_alignment,mean,5,7118,-0.692320704460144,-0.6745615005493164,-0.6444055438041687,-0.9582382440567017,-0.9045853614807129,-0.8342386484146118,0.8475,0.82,0.84,0.77,0.72,0.74,True,True
5,morphosyntactic_alignment,mean,6,14152,-0.6921901106834412,-0.6677959561347961,-0.643058180809021,-0.9578912258148193,-0.8881429433822632,-0.8312622308731079,0.8475,0.82,0.84,0.7725,0.68,0.74,True,True
5,morphosyntactic_alignment,mean,7,9810,-0.6921006441116333,-0.6740755438804626,-0.6666278839111328,-0.9576532244682312,-0.9033904075622559,-0.8853451013565063,0.8475,0.82,0.84,0.775,0.72,0.72,True,True
5,morphosyntactic_alignment,mean,8,14169,-0.6918792724609375,-0.6761347651481628,-0.6551678776741028,-0.9570656418800354,-0.9084681868553162,-0.8585008978843689,0.8475,0.82,0.84,0.76,0.7,0.74,True,True
5,morphosyntactic_alignment,mean,9,4605,-0.6916614174842834,-0.669039249420166,-0.6414999961853027,-0.9564876556396484,-0.8911340832710266,-0.827836811542511,0.8475,0.82,0.84,0.7675,0.68,0.76,True,True
5,morphosyntactic_alignment,mean,10,9375,-0.6911938190460205,-0.6834126710891724,-0.6528550982475281,-0.955249011516571,-0.9267317652702332,-0.8532122373580933,0.8475,0.82,0.84,0.76,0.7,0.78,True,True
5,morphosyntactic_alignment,mean,11,14174,-0.691173791885376,-0.6802931427955627,-0.6553229093551636,-0.9551961421966553,-0.9188413619995117,-0.8588569164276123,0.8475,0.82,0.84,0.7725,0.7,0.76,True,True
5,morphosyntactic_alignment,mean,12,14050,-0.6911161541938782,-0.6729510426521301,-0.6433802843093872,-0.9550437927246094,-0.9006342887878418,-0.831972599029541,0.8475,0.82,0.84,0.755,0.68,0.72,True,True
5,morphosyntactic_alignment,mean,13,7889,-0.6910932660102844,-0.6947680711746216,-0.6558279991149902,-0.9549828767776489,-0.9562748670578003,-0.8600178956985474,0.8475,0.82,0.84,0.7775,0.72,0.76,True,True
5,morphosyntactic_alignment,mean,14,3484,-0.6910263895988464,-0.6871246695518494,-0.6565368175506592,-0.9548061490058899,-0.9362443685531616,-0.8616510629653931,0.8475,0.82,0.84,0.75,0.72,0.7,True,True
5,morphosyntactic_alignment,mean,15,196,-0.6909283995628357,-0.6828290224075317,-0.6557786464691162,-0.9545468688011169,-0.925248384475708,-0.8599047064781189,0.8475,0.82,0.84,0.77,0.72,0.74,True,True
5,morphosyntactic_alignment,mean,16,10670,-0.6908150911331177,-0.6737287640571594,-0.6585984230041504,-0.954247772693634,-0.9025396108627319,-0.8664236664772034,0.8475,0.82,0.84,0.7575,0.7,0.74,True,True
5,morphosyntactic_alignment,mean,17,11663,-0.6908087134361267,-0.68037348985672,-0.6561079025268555,-0.9542301297187805,-0.9190436005592346,-0.8606624007225037,0.8475,0.82,0.84,0.765,0.7,0.76,True,True
5,morphosyntactic_alignment,mean,18,6396,-0.6907795071601868,-0.6798744797706604,-0.6667776107788086,-0.9541532397270203,-0.9177896976470947,-0.8857030272483826,0.8475,0.82,0.84,0.77,0.7,0.74,True,True
5,morphosyntactic_alignment,mean,19,4491,-0.6907307505607605,-0.678684413433075,-0.6596017479896545,-0.9540247321128845,-0.914808988571167,-0.8687587380409241,0.8475,0.82,0.84,0.76,0.72,0.76,True,True
5,morphosyntactic_alignment,mean,20,1199,-0.6907192468643188,-0.6839175224304199,-0.647868275642395,-0.9539949893951416,-0.9280174970626831,-0.841949462890625,0.8475,0.82,0.84,0.7575,0.7,0.74,True,True
5,morphosyntactic_alignment,mean,21,15633,-0.6906503438949585,-0.680725634098053,-0.6557004451751709,-0.9538125991821289,-0.9199299216270447,-0.8597244620323181,0.8475,0.82,0.84,0.785,0.7,0.72,True,True
5,morphosyntactic_alignment,mean,22,4713,-0.6906362175941467,-0.6783908009529114,-0.663793683052063,-0.9537754058837891,-0.9140756726264954,-0.8786046504974365,0.8475,0.82,0.84,0.7625,0.68,0.72,True,True
5,morphosyntactic_alignment,mean,23,5282,-0.6905907392501831,-0.6852015256881714,-0.6486865878105164,-0.953654944896698,-0.9312988519668579,-0.843784511089325,0.8475,0.82,0.84,0.765,0.7,0.72,True,True
5,morphosyntactic_alignment,mean,24,15495,-0.6904428601264954,-0.6767975687980652,-0.6615702509880066,-0.9532649517059326,-0.9101105332374573,-0.8733643889427185,0.8475,0.82,0.84,0.77,0.68,0.74,True,True
5,morphosyntactic_alignment,mean,25,2243,-0.6904316544532776,-0.6783148050308228,-0.6570098996162415,-0.9532343149185181,-0.9138860702514648,-0.8627431988716125,0.8475,0.82,0.84,0.76,0.68,0.76,True,True
5,morphosyntactic_alignment,final,1,164,0.7035923600196838,0.7398418188095093,0.5844929814338684,0.9888938665390015,1.0886247158050537,0.7131123542785645,1.0,1.0,1.0,0.88,0.88,0.76,True,True
5,morphosyntactic_alignment,final,2,5159,0.6581054925918579,0.7016226649284363,0.5436592102050781,0.8729712963104248,0.9747697710990906,0.6412382125854492,1.0,1.0,1.0,0.795,0.84,0.66,True,True
5,morphosyntactic_alignment,final,3,14004,0.6438840627670288,0.7233217358589172,0.6500985026359558,0.8404906988143921,1.0369881391525269,0.8469629883766174,1.0,1.0,1.0,0.77,0.86,0.78,True,True
5,morphosyntactic_alignment,final,4,9465,0.6268479824066162,0.6795417070388794,0.5667123198509216,0.8035299181938171,0.9169551730155945,0.6809149384498596,1.0,1.0,1.0,0.765,0.8,0.72,True,True
5,morphosyntactic_alignment,final,5,11776,0.6228696703910828,0.6316651105880737,0.5358168482780457,0.7951815128326416,0.806609034538269,0.6282246708869934,1.0,1.0,1.0,0.805,0.82,0.76,True,True
5,morphosyntactic_alignment,final,6,4549,-0.6086113452911377,-0.5155141353607178,-0.5800399780273438,-0.766067624092102,-0.5955702662467957,-0.7049089670181274,1.0,1.0,1.0,0.75,0.64,0.78,True,True
5,morphosyntactic_alignment,final,7,14795,0.5862019658088684,0.6207923293113708,0.5611975789070129,0.722653865814209,0.7838935256004333,0.6712208390235901,1.0,1.0,1.0,0.7825,0.78,0.72,True,True
5,morphosyntactic_alignment,final,8,7918,0.5851941108703613,0.6048835515975952,0.6389511823654175,0.7207635641098022,0.7519698739051819,0.8222705721855164,1.0,1.0,1.0,0.7575,0.74,0.78,True,True
5,morphosyntactic_alignment,final,9,10074,0.575054407119751,0.5579180121421814,0.5178396105766296,0.7020227313041687,0.6655178070068359,0.5992383360862732,0.775,0.76,0.8,0.6275,0.62,0.56,True,True
5,morphosyntactic_alignment,final,10,8182,0.5600065588951111,0.5290476083755493,0.5578798651695251,0.675092339515686,0.6171757578849792,0.6654518842697144,1.0,1.0,1.0,0.755,0.76,0.8,True,True
5,morphosyntactic_alignment,final,11,9083,-0.5202597379684448,-0.4476487934589386,-0.42676088213920593,-0.6084358096122742,-0.49557697772979736,-0.46714773774147034,1.0,1.0,1.0,0.74,0.68,0.66,True,True
5,morphosyntactic_alignment,final,12,2734,-0.5171846747398376,-0.4145514965057373,-0.42024028301239014,-0.6035208702087402,-0.4509596824645996,-0.45846450328826904,1.0,1.0,1.0,0.7,0.7,0.66,True,True
5,morphosyntactic_alignment,final,13,14168,0.5052688717842102,0.513942301273346,0.5127531886100769,0.5847728252410889,0.5931012034416199,0.5912386178970337,1.0,1.0,1.0,0.7025,0.7,0.76,True,True
5,morphosyntactic_alignment,final,14,3288,0.49747371673583984,0.4453269839286804,0.5645267367362976,0.572753369808197,0.4923687279224396,0.6770569086074829,1.0,1.0,1.0,0.705,0.68,0.74,True,True
5,morphosyntactic_alignment,final,15,4825,-0.4925439655780792,-0.6004622578620911,-0.5450053215026855,-0.5652471780776978,-0.743356466293335,-0.6434955596923828,1.0,1.0,1.0,0.7075,0.76,0.66,True,True
5,morphosyntactic_alignment,final,16,4441,0.48375403881073,0.3339943289756775,0.4108927249908447,0.5520414113998413,0.35078105330467224,0.4461667835712433,1.0,1.0,1.0,0.71,0.62,0.66,True,True
5,morphosyntactic_alignment,final,17,12178,0.47368043661117554,0.5906078815460205,0.41370388865470886,0.5371747016906738,0.7245376706123352,0.449847012758255,1.0,1.0,1.0,0.7175,0.76,0.62,True,True
5,morphosyntactic_alignment,final,18,12897,-0.4734288454055786,-0.5595196485519409,-0.4941765367984772,-0.5368069410324097,-0.6682971715927124,-0.5627230405807495,1.0,1.0,1.0,0.715,0.74,0.68,True,True
5,morphosyntactic_alignment,final,19,9622,-0.460129052400589,-0.47720175981521606,-0.4339486062526703,-0.517601490020752,-0.5375614762306213,-0.4768223464488983,1.0,1.0,1.0,0.705,0.78,0.76,True,True
5,morphosyntactic_alignment,final,20,8686,-0.44857698678970337,-0.5885828733444214,-0.34791240096092224,-0.5012800693511963,-0.7207332849502563,-0.36736616492271423,1.0,1.0,1.0,0.695,0.76,0.6,True,True
5,morphosyntactic_alignment,final,21,4257,0.445639967918396,0.48026445508003235,0.4281767010688782,0.4971812069416046,0.5420416593551636,0.46904462575912476,1.0,1.0,1.0,0.6575,0.64,0.64,True,True
5,morphosyntactic_alignment,final,22,4080,-0.4429205656051636,-0.46261438727378845,-0.47700172662734985,-0.49340376257896423,-0.516564130783081,-0.5372697710990906,1.0,1.0,1.0,0.6475,0.72,0.66,True,True
5,morphosyntactic_alignment,final,23,6047,0.43170076608657837,0.44492650032043457,0.38724184036254883,0.47799649834632874,0.49181661009788513,0.4157906472682953,0.91,0.88,0.88,0.625,0.58,0.66,True,True
5,morphosyntactic_alignment,final,24,16084,-0.36790740489959717,-0.5119616389274597,-0.49193981289863586,-0.395162969827652,-0.5900014638900757,-0.5593604445457458,1.0,1.0,1.0,0.625,0.68,0.64,True,True
5,morphosyntactic_alignment,final,25,15659,0.3616465628147125,0.477094829082489,0.29047897458076477,0.38741639256477356,0.5374054908752441,0.30051741003990173,1.0,1.0,1.0,0.635,0.72,0.72,True,True
6,transitivity_valency,mean,1,5382,0.9389743804931641,0.8023737668991089,0.07523857802152634,2.7262675762176514,1.330898642539978,0.07469410449266434,1.0,1.0,1.0,0.9975,0.94,0.56,True,True
6,transitivity_valency,mean,2,164,0.9193711876869202,0.8745303153991699,0.9081817865371704,2.334116220474243,1.785140037536621,2.1478874683380127,1.0,1.0,1.0,1.0,0.98,1.0,True,True
6,transitivity_valency,mean,3,6102,-0.9179275035858154,-0.9451308846473694,-0.9431877732276917,-2.3107359409332275,-2.863956928253174,-2.8101725578308105,1.0,1.0,1.0,1.0,1.0,1.0,True,True
6,transitivity_valency,mean,4,15327,-0.9120808839797974,-0.937717616558075,-0.9255803823471069,-2.221740245819092,-2.672126293182373,-2.4204866886138916,1.0,1.0,1.0,1.0,1.0,1.0,True,True
6,transitivity_valency,mean,5,11416,-0.9117407202720642,-0.9378063082695007,-0.9261860847473145,-2.216839551925659,-2.6742212772369385,-2.4316015243530273,1.0,1.0,1.0,1.0,1.0,1.0,True,True
6,transitivity_valency,mean,6,5719,-0.9115983843803406,-0.937693178653717,-0.914797306060791,-2.2147789001464844,-2.671546459197998,-2.2420735359191895,1.0,1.0,1.0,1.0,1.0,1.0,True,True
6,transitivity_valency,mean,7,14054,-0.9115856289863586,-0.9395589232444763,-0.9255645275115967,-2.2146100997924805,-2.716557741165161,-2.4201958179473877,1.0,1.0,1.0,1.0,1.0,1.0,True,True
6,transitivity_valency,mean,8,3570,-0.9115380048751831,-0.9376912117004395,-0.925592303276062,-2.2139105796813965,-2.6715052127838135,-2.420703411102295,1.0,1.0,1.0,1.0,1.0,1.0,True,True
6,transitivity_valency,mean,9,12989,-0.9115298986434937,-0.9368141889572144,-0.9259490966796875,-2.213796854019165,-2.651017427444458,-2.4272406101226807,1.0,1.0,1.0,1.0,1.0,1.0,True,True
6,transitivity_valency,mean,10,11774,-0.9115170240402222,-0.9377030730247498,-0.9255714416503906,-2.213606595993042,-2.6717820167541504,-2.4203224182128906,1.0,1.0,1.0,1.0,1.0,1.0,True,True
6,transitivity_valency,mean,11,6410,-0.911375105381012,-0.9377128481864929,-0.9255704283714294,-2.211585760116577,-2.6720142364501953,-2.4203052520751953,1.0,1.0,1.0,1.0,1.0,1.0,True,True
6,transitivity_valency,mean,12,12235,-0.9113726019859314,-0.9375446438789368,-0.927451491355896,-2.2115402221679688,-2.6680517196655273,-2.455263137817383,1.0,1.0,1.0,1.0,1.0,1.0,True,True
6,transitivity_valency,mean,13,1525,-0.9113550186157227,-0.9329890608787537,-0.9253329634666443,-2.211296558380127,-2.5662662982940674,-2.415980577468872,1.0,1.0,1.0,1.0,1.0,1.0,True,True
6,transitivity_valency,mean,14,5634,-0.9113544225692749,-0.9382474422454834,-0.9260259866714478,-2.2112843990325928,-2.684715747833252,-2.42864990234375,1.0,1.0,1.0,1.0,1.0,1.0,True,True
6,transitivity_valency,mean,15,6549,-0.9113107323646545,-0.9376866221427917,-0.9257280230522156,-2.2106549739837646,-2.671393871307373,-2.423182249069214,1.0,1.0,1.0,1.0,1.0,1.0,True,True
6,transitivity_valency,mean,16,13651,-0.9112589955329895,-0.9377359747886658,-0.9274381995201111,-2.209918737411499,-2.6725611686706543,-2.4550108909606934,1.0,1.0,1.0,1.0,1.0,1.0,True,True
6,transitivity_valency,mean,17,4332,-0.9112589359283447,-0.9377313852310181,-0.9255906939506531,-2.2099173069000244,-2.6724495887756348,-2.420670747756958,1.0,1.0,1.0,1.0,1.0,1.0,True,True
6,transitivity_valency,mean,18,15185,-0.9112468361854553,-0.9377239942550659,-0.9253511428833008,-2.2097415924072266,-2.6722772121429443,-2.4163122177124023,1.0,1.0,1.0,1.0,1.0,1.0,True,True
6,transitivity_valency,mean,19,12144,-0.9112142324447632,-0.9376890659332275,-0.9255581498146057,-2.2092843055725098,-2.6714529991149902,-2.4200804233551025,1.0,1.0,1.0,1.0,1.0,1.0,True,True
6,transitivity_valency,mean,20,4355,-0.9111737012863159,-0.9376797080039978,-0.9246060848236084,-2.208699941635132,-2.6712310314178467,-2.4028735160827637,1.0,1.0,1.0,1.0,1.0,1.0,True,True
6,transitivity_valency,mean,21,13198,-0.9111713171005249,-0.9377196431159973,-0.9255951642990112,-2.2086708545684814,-2.672172784805298,-2.42075252532959,1.0,1.0,1.0,1.0,1.0,1.0,True,True
6,transitivity_valency,mean,22,4567,-0.9111703038215637,-0.9379771947860718,-0.9255930185317993,-2.20865797996521,-2.6782724857330322,-2.4207160472869873,1.0,1.0,1.0,1.0,1.0,1.0,True,True
6,transitivity_valency,mean,23,12059,-0.9111669659614563,-0.937703013420105,-0.9255857467651367,-2.2085940837860107,-2.6717827320098877,-2.4205830097198486,1.0,1.0,1.0,1.0,1.0,1.0,True,True
6,transitivity_valency,mean,24,14506,-0.911163330078125,-0.9377220273017883,-0.9255565404891968,-2.2085564136505127,-2.6722300052642822,-2.420051097869873,1.0,1.0,1.0,1.0,1.0,1.0,True,True
6,transitivity_valency,mean,25,5045,-0.9111578464508057,-0.937703013420105,-0.9255877733230591,-2.2084622383117676,-2.671781539916992,-2.4206199645996094,1.0,1.0,1.0,1.0,1.0,1.0,True,True
6,transitivity_valency,final,1,164,0.9021463394165039,0.908086895942688,0.9524035453796387,2.088446617126465,2.1466054916381836,3.0928702354431152,1.0,1.0,1.0,1.0,0.96,0.98,True,True
6,transitivity_valency,final,2,8182,0.8864492177963257,0.8342994451522827,0.8102293610572815,1.9129016399383545,1.4980895519256592,1.3684841394424438,1.0,1.0,1.0,0.9925,0.92,0.9,True,True
6,transitivity_valency,final,3,4549,-0.8782880902290344,-0.8124581575393677,-0.9026859402656555,-1.834618330001831,-1.3795289993286133,-2.076723575592041,1.0,1.0,1.0,0.9875,0.9,1.0,True,True
6,transitivity_valency,final,4,9465,0.8668955564498901,0.87021803855896,0.9275674223899841,1.7368704080581665,1.7485880851745605,2.457460641860962,1.0,1.0,1.0,0.9725,0.94,1.0,True,True
6,transitivity_valency,final,5,8003,0.8593583106994629,0.4737837016582489,0.8325753211975098,1.6783877611160278,0.5325914025306702,1.487975835800171,1.0,1.0,1.0,0.975,0.78,0.94,True,True
6,transitivity_valency,final,6,15059,-0.8575511574745178,-0.6837788224220276,-0.9080808162689209,-1.6650103330612183,-0.9276639223098755,-2.1465249061584473,1.0,1.0,1.0,0.9725,0.82,0.96,True,True
6,transitivity_valency,final,7,7912,0.8450190424919128,0.75495445728302,0.840498149394989,1.5782780647277832,1.1396658420562744,1.5356746912002563,0.9925,0.92,1.0,0.97,0.86,0.92,True,True
6,transitivity_valency,final,8,15282,0.8384048938751221,0.8244937062263489,0.7667770385742188,1.536299228668213,1.4423909187316895,1.1825122833251953,1.0,1.0,1.0,0.98,0.94,0.9,True,True
6,transitivity_valency,final,9,4825,-0.8383018374443054,-0.7244331240653992,-0.844035267829895,-1.5356645584106445,-1.040338158607483,-1.5580298900604248,1.0,1.0,1.0,0.9525,0.84,0.96,True,True
6,transitivity_valency,final,10,2734,-0.834618091583252,-0.85011887550354,-0.7612109184265137,-1.5133092403411865,-1.5981566905975342,-1.161996841430664,1.0,1.0,1.0,0.9525,0.92,0.9,True,True
6,transitivity_valency,final,11,4441,0.8246793150901794,0.7680221796035767,0.8787477612495422,1.456236720085144,1.1871883869171143,1.8226288557052612,1.0,1.0,1.0,0.96,0.84,0.98,True,True
6,transitivity_valency,final,12,6047,0.8227211833000183,0.3542541563510895,0.7330965399742126,1.4455097913742065,0.3750135600566864,1.0670523643493652,0.9975,0.98,1.0,0.9525,0.72,0.88,True,True
6,transitivity_valency,final,13,11776,0.8123617768287659,0.8834471702575684,0.9705758094787598,1.3913068771362305,1.8666186332702637,3.9901814460754395,1.0,1.0,1.0,0.945,0.98,1.0,True,True
6,transitivity_valency,final,14,10074,0.7840964794158936,0.7090729475021362,0.8731773495674133,1.2617892026901245,0.9954776763916016,1.7734850645065308,0.755,0.84,0.96,0.7525,0.76,0.94,True,True
6,transitivity_valency,final,15,4080,-0.7822822332382202,-0.7999861836433411,-0.9331555366516113,-1.2542524337768555,-1.3198693990707397,-2.569807291030884,1.0,1.0,1.0,0.9425,0.9,1.0,True,True
6,transitivity_valency,final,16,4923,-0.7814890742301941,-0.32417812943458557,-0.6747450828552246,-1.2509833574295044,-0.33924028277397156,-0.9050371646881104,0.9925,0.56,0.84,0.9025,0.44,0.74,True,True
6,transitivity_valency,final,17,7918,0.7617815136909485,0.7915316820144653,0.7150481343269348,1.1744191646575928,1.2821799516677856,1.0125683546066284,1.0,1.0,1.0,0.8925,0.9,0.88,True,True
6,transitivity_valency,final,18,9622,-0.750960648059845,0.1336236298084259,-0.7313496470451355,-1.1357983350753784,0.13347765803337097,-1.0615777969360352,1.0,0.94,1.0,0.89,0.58,0.9,False,True
6,transitivity_valency,final,19,15659,0.7384722828865051,0.39714252948760986,0.6120814085006714,1.093825340270996,0.42838254570961,0.7662287950515747,1.0,1.0,1.0,0.885,0.62,0.76,True,True
6,transitivity_valency,final,20,5159,0.7356705069541931,0.8405546545982361,0.9578049182891846,1.0847586393356323,1.5360262393951416,3.2989373207092285,1.0,1.0,1.0,0.9025,0.96,1.0,True,True
6,transitivity_valency,final,21,471,-0.7320502996444702,0.0,-0.2432701140642166,-1.0732249021530151,0.0,-0.24828393757343292,0.6125,0.0,0.06,0.6075,0.0,0.06,False,True
6,transitivity_valency,final,22,3288,0.718691349029541,0.021866491064429283,0.7895533442497253,1.0323054790496826,0.021651895716786385,1.2736529111862183,1.0,1.0,1.0,0.845,0.52,0.88,True,True
6,transitivity_valency,final,23,16378,-0.7158188223838806,0.1563551425933838,-0.10484368354082108,-1.0238255262374878,0.15671110153198242,-0.10436512529850006,1.0,1.0,1.0,0.8575,0.58,0.56,False,True
6,transitivity_valency,final,24,14004,0.7035115361213684,0.7684846520423889,0.8839876055717468,0.9886699318885803,1.1889336109161377,1.871836543083191,1.0,1.0,1.0,0.875,0.84,1.0,True,True
6,transitivity_valency,final,25,10152,0.6982105374336243,-0.1365419179201126,0.15592846274375916,0.9740810394287109,-0.13644756376743317,0.1562727838754654,0.605,0.18,0.3,0.5975,0.12,0.18,False,True
7,voice_and_agent_prominence,mean,1,13189,0.9563233852386475,0.9921397566795349,0.7009090185165405,3.2675118446350098,7.848824501037598,0.9728196263313293,0.955,1.0,0.52,0.95,1.0,0.5,True,True
7,voice_and_agent_prominence,mean,2,2491,0.9547025561332703,0.9897872805595398,0.6963909268379211,3.2044243812561035,6.8735127449035645,0.9606069326400757,0.955,1.0,0.5,0.95,1.0,0.5,True,True
7,voice_and_agent_prominence,mean,3,4804,0.9534234404563904,0.9882604479789734,0.6981097459793091,3.15690016746521,6.403533935546875,0.9652266502380371,0.95,1.0,0.52,0.95,1.0,0.5,True,True
7,voice_and_agent_prominence,mean,4,3449,-0.9526724815368652,-0.9222827553749084,-0.7074192762374878,-3.129899740219116,-2.362161636352539,-0.9908251762390137,1.0,1.0,0.84,1.0,1.0,0.76,True,True
7,voice_and_agent_prominence,mean,5,1349,0.9490667581558228,0.9861501455307007,0.6996520161628723,3.008431911468506,5.886080741882324,0.9693994522094727,0.95,1.0,0.5,0.95,1.0,0.5,True,True
7,voice_and_agent_prominence,mean,6,11197,0.939240038394928,0.9837477207183838,0.6987980604171753,2.7328033447265625,5.423696517944336,0.9670857787132263,0.955,1.0,0.52,0.955,1.0,0.5,True,True
7,voice_and_agent_prominence,mean,7,4871,0.9383845925331116,0.9710099101066589,0.7020074725151062,2.7118980884552,4.021300315856934,0.9758234024047852,0.95,1.0,0.5,0.95,1.0,0.5,True,True
7,voice_and_agent_prominence,mean,8,5482,-0.9323533177375793,-0.9103079438209534,-0.6473486423492432,-2.5755608081817627,-2.1770710945129395,-0.8407867550849915,1.0,1.0,0.82,1.0,1.0,0.74,True,True
7,voice_and_agent_prominence,mean,9,15885,0.9308505058288574,0.9779292941093445,0.7064136266708374,2.5443010330200195,4.633465766906738,0.9880114793777466,0.9575,1.0,0.52,0.9525,1.0,0.52,True,True
7,voice_and_agent_prominence,mean,10,10398,0.929797351360321,0.9603086709976196,0.6913593411445618,2.522974967956543,3.408111333847046,0.9472667574882507,0.92,0.98,0.5,0.92,0.98,0.5,True,True
7,voice_and_agent_prominence,mean,11,3409,0.9236767292022705,0.9572762846946716,0.695814847946167,2.407589912414551,3.2770965099334717,0.959065854549408,0.9775,1.0,0.52,0.95,1.0,0.5,True,True
7,voice_and_agent_prominence,mean,12,12780,0.9178791642189026,0.9712722897529602,0.0641661211848259,2.3099634647369385,4.040445804595947,0.0636523962020874,0.91,0.98,0.08,0.91,0.98,0.06,True,True
7,voice_and_agent_prominence,mean,13,260,-0.9172806739807129,-0.9294523596763611,-0.7694326639175415,-2.300449848175049,-2.493914842605591,-1.1925255060195923,1.0,1.0,1.0,0.9975,1.0,0.88,True,True
7,voice_and_agent_prominence,mean,14,701,0.9145583510398865,0.9588680863380432,0.6551699638366699,2.25838565826416,3.3441011905670166,0.8585057258605957,0.96,1.0,0.72,0.9425,1.0,0.62,True,True
7,voice_and_agent_prominence,mean,15,3638,0.9139800667762756,0.9703490734100342,0.774048924446106,2.2497010231018066,3.9742064476013184,1.2102954387664795,0.9675,1.0,0.72,0.96,1.0,0.72,True,True
7,voice_and_agent_prominence,mean,16,12096,0.9071592092514038,0.9608224034309387,0.6851579546928406,2.1531622409820557,3.431764602661133,0.9311873316764832,0.95,1.0,0.52,0.95,1.0,0.5,True,True
7,voice_and_agent_prominence,mean,17,8006,0.9062565565109253,0.9400318264961243,0.7348819971084595,2.1411495208740234,2.7282910346984863,1.072694182395935,1.0,1.0,1.0,0.975,1.0,0.86,True,True
7,voice_and_agent_prominence,mean,18,10996,0.8707354664802551,0.9094770550727844,0.22496700286865234,1.7684674263000488,2.1655499935150146,0.22856491804122925,0.865,0.96,0.18,0.855,0.96,0.16,True,True
7,voice_and_agent_prominence,mean,19,11000,-0.86976158618927,-0.9650688171386719,-0.3604445159435272,-1.760329008102417,-3.646493911743164,-0.3825356662273407,1.0,1.0,1.0,0.975,1.0,0.5,True,True
7,voice_and_agent_prominence,mean,20,10373,0.8638941049575806,0.930048406124115,0.47372353076934814,1.7130426168441772,2.505739212036133,0.5325042009353638,0.8775,0.96,0.4,0.8675,0.94,0.38,True,True
7,voice_and_agent_prominence,mean,21,8628,-0.856675386428833,-0.8670901656150818,-0.5954972505569458,-1.6586123704910278,-1.7231217622756958,-0.733810544013977,1.0,1.0,0.98,0.96,1.0,0.74,True,True
7,voice_and_agent_prominence,mean,22,8235,0.8548974990844727,0.9214052557945251,0.622924268245697,1.6457854509353638,2.3472378253936768,0.788287878036499,0.9725,1.0,0.6,0.965,1.0,0.52,True,True
7,voice_and_agent_prominence,mean,23,16307,-0.8546121716499329,-0.7960842251777649,-0.5237216353416443,-1.6437482833862305,-1.302216649055481,-0.6085976958274841,0.93,0.9,0.4,0.905,0.88,0.36,True,True
7,voice_and_agent_prominence,mean,24,14043,-0.8543338179588318,-0.8825355768203735,-0.8125735521316528,-1.6417664289474487,-1.8578917980194092,-1.3801058530807495,1.0,1.0,1.0,0.96,0.98,0.88,True,True
7,voice_and_agent_prominence,mean,25,2054,-0.8479841947555542,-0.8221443295478821,-0.224424347281456,-1.5979046821594238,-1.429669737815857,-0.22798439860343933,0.9875,0.94,0.18,0.96,0.86,0.12,True,True
7,voice_and_agent_prominence,final,1,15282,-0.7936728000640869,-0.8576043844223022,-0.8378788232803345,-1.303011178970337,-1.650726318359375,-1.5195528268814087,1.0,1.0,1.0,0.93,0.98,0.94,True,True
7,voice_and_agent_prominence,final,2,10074,-0.7858825325965881,-0.8119274973869324,-0.440500944852829,-1.2692917585372925,-1.3768835067749023,-0.4857392907142639,0.8625,0.94,0.24,0.815,0.9,0.24,True,True
7,voice_and_agent_prominence,final,3,443,0.7753692865371704,0.9110001921653748,0.0642070546746254,1.2262709140777588,2.1867873668670654,0.06369315832853317,0.8475,0.94,0.78,0.8075,0.94,0.44,True,True
7,voice_and_agent_prominence,final,4,14004,-0.7350976467132568,-0.8758082985877991,-0.7998847961425781,-1.0829217433929443,-1.7963101863861084,-1.3194047212600708,1.0,1.0,1.0,0.87,1.0,0.88,True,True
7,voice_and_agent_prominence,final,5,6047,-0.725066065788269,-0.7364169955253601,-0.6173073649406433,-1.0515192747116089,-1.077583909034729,-0.7767712473869324,1.0,1.0,0.96,0.8675,0.9,0.76,True,True
7,voice_and_agent_prominence,final,6,7918,-0.7016059756278992,-0.7976640462875366,-0.5640093684196472,-0.9833889007568359,-1.3093090057373047,-0.6761468648910522,1.0,1.0,1.0,0.8425,0.94,0.76,True,True
7,voice_and_agent_prominence,final,7,6102,0.6902041435241699,0.5814056396484375,0.3475582003593445,0.9526353478431702,0.7074145078659058,0.3669406473636627,1.0,1.0,1.0,0.8575,0.76,0.54,True,True
7,voice_and_agent_prominence,final,8,1828,0.6733402013778687,0.8787626028060913,0.05424901843070984,0.9096009731292725,1.8227633237838745,0.05378299206495285,0.7725,0.96,0.54,0.68,0.96,0.32,True,True
7,voice_and_agent_prominence,final,9,4923,0.6624754667282104,0.644560694694519,0.27385491132736206,0.8832756280899048,0.8345823287963867,0.28187844157218933,0.7025,0.76,0.94,0.6425,0.68,0.56,True,True
7,voice_and_agent_prominence,final,10,16200,-0.6037888526916504,-0.5889122486114502,-0.24463045597076416,-0.7564917206764221,-0.7213504910469055,-0.24976037442684174,0.5775,0.48,0.06,0.5075,0.46,0.06,True,True
7,voice_and_agent_prominence,final,11,10152,-0.592023491859436,-0.6949745416641235,-0.3287413418292999,-0.7336735129356384,-0.9568247199058533,-0.34458956122398376,0.6175,0.7,0.18,0.5625,0.68,0.14,True,True
7,voice_and_agent_prominence,final,12,8006,-0.5444156527519226,-0.8043453097343445,-0.5012455582618713,-0.6482170224189758,-1.3401408195495605,-0.5734483003616333,1.0,1.0,1.0,0.765,0.92,0.68,True,True
7,voice_and_agent_prominence,final,13,12178,-0.5437372922897339,-0.741312563419342,-0.5116217732429504,-0.647070050239563,-1.0934232473373413,-0.5894707441329956,1.0,1.0,1.0,0.785,0.84,0.72,True,True
7,voice_and_agent_prominence,final,14,1633,-0.5419049859046936,-0.7521820664405823,-0.8126688003540039,-0.6439809799194336,-1.1300040483474731,-1.3805822134017944,1.0,1.0,1.0,0.805,0.88,0.92,True,True
7,voice_and_agent_prominence,final,15,15659,-0.5383752584457397,-0.4071871340274811,-0.2233598232269287,-0.6380663514137268,-0.4413389265537262,-0.22684597969055176,1.0,1.0,1.0,0.7675,0.7,0.64,True,True
7,voice_and_agent_prominence,final,16,8074,-0.5295006036758423,-0.5827828645706177,-0.19916151463985443,-0.6234024167060852,-0.70995032787323,-0.20119035243988037,0.425,0.52,0.04,0.405,0.5,0.04,True,True
7,voice_and_agent_prominence,final,17,6858,0.5257919430732727,0.3951299488544464,-0.057051125913858414,0.6173600554466248,0.4258088767528534,-0.05656985938549042,0.4275,0.24,0.1,0.375,0.22,0.06,True,False
7,voice_and_agent_prominence,final,18,164,-0.5059097409248352,0.33161455392837524,-0.9364444613456726,-0.5857695937156677,0.3479716181755066,-2.642503499984741,1.0,1.0,1.0,0.6475,0.52,0.98,False,True
7,voice_and_agent_prominence,final,19,13191,-0.5036250948905945,-0.7086768746376038,-0.4012543857097626,-0.5822228193283081,-0.9943603873252869,-0.4336637854576111,1.0,1.0,1.0,0.7525,0.84,0.74,True,True
7,voice_and_agent_prominence,final,20,12289,-0.4766992926597595,-0.5798432230949402,-0.015712663531303406,-0.5416010618209839,-0.704548716545105,-0.015556663274765015,0.3675,0.56,0.06,0.3425,0.54,0.04,True,True
7,voice_and_agent_prominence,final,21,8003,-0.461467981338501,0.027018744498491287,-0.6832999587059021,-0.5195146203041077,0.02675696462392807,-0.9264448285102844,1.0,1.0,1.0,0.7075,0.6,0.78,False,True
7,voice_and_agent_prominence,final,22,9531,-0.4451241195201874,-0.47155043482780457,-0.685985803604126,-0.49646276235580444,-0.5293607711791992,-0.9333114624023438,0.25,0.38,0.54,0.245,0.34,0.54,True,True
7,voice_and_agent_prominence,final,23,14465,-0.444758802652359,-0.730577826499939,0.34837642312049866,-0.495955228805542,-1.0591740608215332,0.367923766374588,1.0,1.0,1.0,0.7575,0.88,0.68,True,False
7,voice_and_agent_prominence,final,24,5219,0.4342612624168396,0.7187307476997375,0.27286040782928467,0.4814881682395935,1.0233263969421387,0.28077223896980286,0.9525,0.94,0.9,0.6825,0.84,0.5,True,True
7,voice_and_agent_prominence,final,25,15059,0.4274462163448334,-0.5469574332237244,0.6497093439102173,0.47222599387168884,-0.646781861782074,0.8460851311683655,1.0,1.0,1.0,0.6,0.72,0.82,False,True
8,causativity_and_valency_change,mean,1,164,0.9175019264221191,0.9380320906639099,0.8658102750778198,2.3039560317993164,2.679579257965088,1.7129400968551636,1.0,1.0,1.0,0.9975,1.0,0.92,True,True
8,causativity_and_valency_change,mean,2,8182,0.8939546346664429,0.9339605569839478,0.7827286124229431,1.9922406673431396,2.5871167182922363,1.2450315952301025,1.0,1.0,1.0,0.9875,1.0,0.84,True,True
8,causativity_and_valency_change,mean,3,5159,0.8889318704605103,0.9293035268783569,0.8636453747749329,1.9383069276809692,2.4909865856170654,1.6960234642028809,1.0,1.0,1.0,0.96,1.0,0.94,True,True
8,causativity_and_valency_change,mean,4,16378,-0.8733323812484741,-0.9259907603263855,-0.8388351798057556,-1.7905913591384888,-2.428004026412964,-1.525397539138794,1.0,1.0,1.0,1.0,1.0,0.8,True,True
8,causativity_and_valency_change,mean,5,7247,-0.8697184920310974,-0.9399282336235046,-0.8530088663101196,-1.7599728107452393,-2.725708246231079,-1.6180135011672974,1.0,1.0,1.0,0.995,1.0,0.92,True,True
8,causativity_and_valency_change,mean,6,14004,0.868456244468689,0.9185668230056763,0.8266044855117798,1.7495571374893188,2.300565719604492,1.4540176391601562,1.0,1.0,1.0,0.9575,1.0,0.98,True,True
8,causativity_and_valency_change,mean,7,11776,0.8634610176086426,0.9125824570655823,0.7867603898048401,1.7096647024154663,2.2094056606292725,1.261793851852417,1.0,1.0,1.0,0.975,1.0,0.94,True,True
8,causativity_and_valency_change,mean,8,12621,-0.8632649183273315,-0.9422118067741394,-0.8470726609230042,-1.7081372737884521,-2.7841527462005615,-1.577789068222046,1.0,1.0,0.8,1.0,1.0,0.8,True,True
8,causativity_and_valency_change,mean,9,12072,-0.8632097244262695,-0.9405655264854431,-0.8314328193664551,-1.7077118158340454,-2.7416911125183105,-1.4813517332077026,1.0,1.0,0.8,0.9975,1.0,0.8,True,True
8,causativity_and_valency_change,mean,10,9484,-0.8631224632263184,-0.9377128481864929,-0.8422435522079468,-1.7070344686508179,-2.672013282775879,-1.5466201305389404,1.0,1.0,0.8,1.0,1.0,0.8,True,True
8,causativity_and_valency_change,mean,11,8449,-0.8629149198532104,-0.9407529830932617,-0.8379689455032349,-1.7054256200790405,-2.74644136428833,-1.52010178565979,1.0,1.0,0.8,1.0,1.0,0.8,True,True
8,causativity_and_valency_change,mean,12,4441,0.8628992438316345,0.8820226788520813,0.7974690794944763,1.705305814743042,1.8530241250991821,1.3084297180175781,1.0,1.0,1.0,0.98,1.0,0.84,True,True
8,causativity_and_valency_change,mean,13,3909,-0.8627479672431946,-0.9305338859558105,-0.8363472819328308,-1.704135537147522,-2.5154733657836914,-1.5102908611297607,1.0,1.0,0.8,0.9975,1.0,0.8,True,True
8,causativity_and_valency_change,mean,14,4362,-0.8625290989875793,-0.939434289932251,-0.8464876413345337,-1.7024489641189575,-2.7134904861450195,-1.573941707611084,1.0,1.0,0.8,1.0,1.0,0.8,True,True
8,causativity_and_valency_change,mean,15,7038,-0.8621888160705566,-0.927809476852417,-0.8602825403213501,-1.6998305320739746,-2.4620656967163086,-1.6704726219177246,1.0,1.0,1.0,0.9975,1.0,0.96,True,True
8,causativity_and_valency_change,mean,16,3312,-0.8607531785964966,-0.9411924481391907,-0.8591997623443604,-1.6888765096664429,-2.7576606273651123,-1.6624258756637573,1.0,1.0,0.8,1.0,1.0,0.8,True,True
8,causativity_and_valency_change,mean,17,6087,-0.8605223298072815,-0.9429705142974854,-0.8562763333320618,-1.6871298551559448,-2.80432391166687,-1.6411240100860596,1.0,1.0,0.8,1.0,1.0,0.8,True,True
8,causativity_and_valency_change,mean,18,1371,-0.8604752421379089,-0.9364029169082642,-0.849455714225769,-1.6867773532867432,-2.641547918319702,-1.5936741828918457,1.0,1.0,0.8,1.0,1.0,0.8,True,True
8,causativity_and_valency_change,mean,19,16183,-0.860204815864563,-0.9371496438980103,-0.8401011228561401,-1.6847357749938965,-2.6588027477264404,-1.533207893371582,1.0,1.0,0.8,1.0,1.0,0.8,True,True
8,causativity_and_valency_change,mean,20,13108,-0.8600937724113464,-0.9363331198692322,-0.8516219854354858,-1.6838980913162231,-2.63995361328125,-1.6084173917770386,1.0,1.0,0.8,1.0,1.0,0.8,True,True
8,causativity_and_valency_change,mean,21,11108,-0.8600934743881226,-0.9383615255355835,-0.8491564393043518,-1.6838980913162231,-2.6874442100524902,-1.5916606187820435,1.0,1.0,0.8,1.0,1.0,0.8,True,True
8,causativity_and_valency_change,mean,22,4437,-0.8600314259529114,-0.9365723133087158,-0.8320655226707458,-1.6834311485290527,-2.6454384326934814,-1.4850119352340698,1.0,1.0,0.8,1.0,1.0,0.8,True,True
8,causativity_and_valency_change,mean,23,14479,-0.8597282767295837,-0.9394696354866028,-0.852994441986084,-1.6811589002609253,-2.714360237121582,-1.6179124116897583,1.0,1.0,0.8,1.0,1.0,0.8,True,True
8,causativity_and_valency_change,mean,24,11569,-0.8597226142883301,-0.9393271803855896,-0.8484124541282654,-1.6811140775680542,-2.710859775543213,-1.5866773128509521,1.0,1.0,0.8,1.0,1.0,0.8,True,True
8,causativity_and_valency_change,mean,25,7982,-0.8595109581947327,-0.9407839775085449,-0.8526448011398315,-1.6795289516448975,-2.7472262382507324,-1.6154823303222656,1.0,1.0,0.8,1.0,1.0,0.8,True,True
8,causativity_and_valency_change,final,1,9465,0.887403666973114,0.937300980091095,0.8022347688674927,1.9225753545761108,2.6623361110687256,1.330251693725586,1.0,1.0,1.0,0.965,1.0,0.82,True,True
8,causativity_and_valency_change,final,2,11776,0.8822896480560303,0.9457502961158752,0.8321105241775513,1.8720499277114868,2.8816912174224854,1.4852737188339233,1.0,1.0,1.0,0.965,1.0,0.92,True,True
8,causativity_and_valency_change,final,3,164,0.8741528391838074,0.9340518116950989,0.8568785190582275,1.7977107763290405,2.5890979766845703,1.6454635858535767,1.0,1.0,1.0,0.98,1.0,0.86,True,True
8,causativity_and_valency_change,final,4,4080,-0.8348079323768616,-0.878254771232605,-0.7248526215553284,-1.51444411277771,-1.8181524276733398,-1.0416074991226196,1.0,1.0,1.0,0.9525,0.94,0.82,True,True
8,causativity_and_valency_change,final,5,14795,0.8232950568199158,0.935870885848999,0.7829870581626892,1.4486364126205444,2.6294405460357666,1.24609375,1.0,1.0,1.0,0.95,1.0,0.9,True,True
8,causativity_and_valency_change,final,6,9083,-0.8225361108779907,-0.9062383770942688,-0.7540976405143738,-1.444502592086792,-2.122041940689087,-1.136664867401123,1.0,1.0,1.0,0.945,1.0,0.92,True,True
8,causativity_and_valency_change,final,7,12897,-0.8204128742218018,-0.9379943609237671,-0.8202455639839172,-1.4330674409866333,-2.678680181503296,-1.4195549488067627,1.0,1.0,1.0,0.93,0.96,0.88,True,True
8,causativity_and_valency_change,final,8,5159,0.819344699382782,0.9406526684761047,0.8160163164138794,1.427383303642273,2.743896722793579,1.397533893585205,1.0,1.0,1.0,0.9175,1.0,0.96,True,True
8,causativity_and_valency_change,final,9,3288,0.8191356062889099,0.8827613592147827,0.7486385107040405,1.4262750148773193,1.8600437641143799,1.1178557872772217,1.0,1.0,1.0,0.945,0.96,0.8,True,True
8,causativity_and_valency_change,final,10,13033,0.8112314343452454,0.9079527854919434,0.8117100596427917,1.3856381177902222,2.1447997093200684,1.3758022785186768,1.0,1.0,1.0,0.9425,0.98,0.92,True,True
8,causativity_and_valency_change,final,11,14004,0.786016583442688,0.9327418208122253,0.7112060785293579,1.2698588371276855,2.561028480529785,1.0015285015106201,1.0,1.0,1.0,0.8975,1.0,0.8,True,True
8,causativity_and_valency_change,final,12,4549,-0.7775448560714722,-0.9526317715644836,-0.8448212742805481,-1.2349532842636108,-3.100870370864868,-1.5630913972854614,0.7475,0.98,0.9,0.7375,0.98,0.88,True,True
8,causativity_and_valency_change,final,13,15059,-0.7732914090156555,-0.9014190435409546,-0.8055435419082642,-1.2180802822113037,-2.061123847961426,-1.345819354057312,1.0,1.0,1.0,0.895,1.0,0.94,True,True
8,causativity_and_valency_change,final,14,8182,0.7640476226806641,0.9548717141151428,0.7370514869689941,1.1827952861785889,3.1825435161590576,1.0796154737472534,1.0,1.0,1.0,0.845,1.0,0.8,True,True
8,causativity_and_valency_change,final,15,10074,0.749448299407959,0.6594746112823486,0.706146776676178,1.1305732727050781,0.8684623837471008,0.9872667789459229,0.84,0.74,0.94,0.7725,0.58,0.84,True,True
8,causativity_and_valency_change,final,16,8003,0.7355905771255493,0.8742136359214783,0.7524502277374268,1.0845024585723877,1.7823948860168457,1.1309326887130737,1.0,1.0,1.0,0.8925,1.0,0.88,True,True
8,causativity_and_valency_change,final,17,1546,-0.725318968296051,-0.6903006434440613,-0.500867486000061,-1.0522927045822144,-0.9444939494132996,-0.5728709697723389,1.0,1.0,1.0,0.865,0.84,0.74,True,True
8,causativity_and_valency_change,final,18,2734,-0.7238963842391968,-0.8787245750427246,-0.6617007255554199,-1.0479520559310913,-1.822417140007019,-0.8736703395843506,1.0,1.0,1.0,0.86,0.98,0.78,True,True
8,causativity_and_valency_change,final,19,14168,0.7190892100334167,0.7548890113830566,0.5885570645332336,1.0334889888763428,1.1394360065460205,0.7206847667694092,1.0,1.0,1.0,0.8875,0.86,0.7,True,True
8,causativity_and_valency_change,final,20,5697,0.7105713486671448,0.7855771780014038,0.7268067002296448,1.0086088180541992,1.2568317651748657,1.0475507974624634,1.0,1.0,1.0,0.835,0.88,0.84,True,True
8,causativity_and_valency_change,final,21,4441,0.7078718543052673,0.9039987325668335,0.7615566849708557,1.0009140968322754,2.093191385269165,1.1632535457611084,1.0,1.0,1.0,0.87,1.0,0.84,True,True
8,causativity_and_valency_change,final,22,105,-0.7070078253746033,-0.8524680137634277,-0.5755312442779541,-0.9984700083732605,-1.614256501197815,-0.6966996788978577,1.0,1.0,1.0,0.8625,0.94,0.68,True,True
8,causativity_and_valency_change,final,23,7918,0.698116660118103,0.8602771759033203,0.41461434960365295,0.9738253951072693,1.670432448387146,0.4510422945022583,1.0,1.0,1.0,0.8425,0.94,0.6,True,True
8,causativity_and_valency_change,final,24,2993,-0.6783823370933533,-0.8911391496658325,-0.7385988831520081,-0.9221800565719604,-1.9442893266677856,-1.0845965147018433,1.0,1.0,1.0,0.8275,0.98,0.9,True,True
8,causativity_and_valency_change,final,25,7912,0.6617711782455444,0.842409074306488,0.5184566974639893,0.8816032409667969,1.5476666688919067,0.6002147197723389,0.895,0.84,0.66,0.7625,0.84,0.48,True,True
9,analytic_vs_synthetic_encoding,mean,1,4222,-0.6539031863212585,-0.027936961501836777,-0.6511951684951782,-0.8632099032402039,-0.027666982263326645,-0.8494418263435364,0.5375,0.12,0.52,0.5,0.08,0.5,True,True
9,analytic_vs_synthetic_encoding,mean,2,164,-0.644308865070343,-0.8930781483650208,-0.8181222677230835,-0.8414387106895447,-1.9651015996932983,-1.408412218093872,1.0,1.0,1.0,0.805,0.96,0.96,True,True
9,analytic_vs_synthetic_encoding,mean,3,16084,0.6437085866928101,0.8591546416282654,0.8267250657081604,0.8400996923446655,1.6620922088623047,1.4546866416931152,1.0,1.0,1.0,0.8375,0.96,0.92,True,True
9,analytic_vs_synthetic_encoding,mean,4,4253,0.6290285587310791,0.556351900100708,0.5592216849327087,0.8081506490707397,0.6628106832504272,0.6677793860435486,1.0,1.0,1.0,0.875,0.72,0.76,True,True
9,analytic_vs_synthetic_encoding,mean,5,8003,-0.6215905547142029,-0.8268382549285889,-0.4703209102153778,-0.7925189733505249,-1.4553163051605225,-0.5275878310203552,1.0,1.0,1.0,0.7925,0.96,0.7,True,True
9,analytic_vs_synthetic_encoding,mean,6,5340,-0.6104789972305298,0.11685194075107574,-0.5445464253425598,-0.7698104977607727,0.11647544801235199,-0.64272540807724,0.5125,0.4,0.74,0.4875,0.22,0.58,False,True
9,analytic_vs_synthetic_encoding,mean,7,5530,0.6020076274871826,0.6641157269477844,0.6730853319168091,0.7529895901679993,0.8793671131134033,0.9009628295898438,0.8975,1.0,1.0,0.73,0.78,0.9,True,True
9,analytic_vs_synthetic_encoding,mean,8,8182,-0.5877102017402649,-0.8171646595001221,-0.6956945061683655,-0.7254923582077026,-1.4034453630447388,-0.9587446451187134,1.0,1.0,1.0,0.765,0.94,0.82,True,True
9,analytic_vs_synthetic_encoding,mean,9,8628,0.5831553339958191,0.39328479766845703,0.6100484728813171,0.7169551253318787,0.4234555661678314,0.7621713876724243,0.9325,1.0,1.0,0.6775,0.68,0.82,True,True
9,analytic_vs_synthetic_encoding,mean,10,5019,-0.5794693827629089,0.0,-0.5913963317871094,-0.7101207375526428,0.0,-0.7260246872901917,0.4925,0.0,0.5,0.46,0.0,0.48,False,True
9,analytic_vs_synthetic_encoding,mean,11,260,0.574168860912323,0.010440004989504814,0.5945307612419128,0.700408935546875,0.010335631668567657,0.7319679856300354,0.5125,0.16,0.52,0.475,0.1,0.46,True,True
9,analytic_vs_synthetic_encoding,mean,12,8415,-0.5694247484207153,0.14419803023338318,-0.4888516962528229,-0.6918275952339172,0.14425642788410187,-0.5547419786453247,0.4075,0.26,0.32,0.39,0.14,0.3,False,True
9,analytic_vs_synthetic_encoding,mean,13,11159,-0.5681347250938416,0.0,-0.5652773976325989,-0.6895116567611694,0.0,-0.6783797144889832,0.4775,0.0,0.5,0.4575,0.0,0.44,False,True
9,analytic_vs_synthetic_encoding,mean,14,8006,-0.5553929805755615,-0.20719434320926666,-0.545711100101471,-0.6670351624488831,-0.20966161787509918,-0.6446820497512817,0.54,0.12,0.5,0.465,0.08,0.44,True,True
9,analytic_vs_synthetic_encoding,mean,15,6379,-0.5538341403007507,-0.15632931888103485,-0.5090969800949097,-0.6643323302268982,-0.15668459236621857,-0.5855406522750854,0.4175,0.26,0.46,0.39,0.14,0.38,True,True
9,analytic_vs_synthetic_encoding,mean,16,722,-0.5537453293800354,0.34114694595336914,-0.5955209732055664,-0.6641791462898254,0.3592708706855774,-0.7338559031486511,0.46,0.12,0.6,0.4325,0.12,0.52,False,True
9,analytic_vs_synthetic_encoding,mean,17,14168,-0.5292803049087524,-0.9212923645973206,-0.777061939239502,-0.6230424642562866,-2.345336675643921,-1.222151756286621,1.0,1.0,1.0,0.715,0.98,0.88,True,True
9,analytic_vs_synthetic_encoding,mean,18,14404,-0.5103601813316345,-0.8987991213798523,-0.6208497881889343,-0.5927264094352722,-2.029756546020508,-0.7840116024017334,0.4,0.98,0.5,0.345,0.94,0.5,True,True
9,analytic_vs_synthetic_encoding,mean,19,2375,0.5074554085731506,0.7676149010658264,0.4499402344226837,0.588178813457489,1.1856553554534912,0.49875569343566895,1.0,1.0,1.0,0.69,0.88,0.7,True,True
9,analytic_vs_synthetic_encoding,mean,20,8961,-0.5071936845779419,0.3045460283756256,-0.4030214846134186,-0.5877704620361328,0.31652066111564636,-0.43594294786453247,0.585,0.46,0.58,0.4475,0.36,0.4,False,True
9,analytic_vs_synthetic_encoding,mean,21,144,-0.5066977739334106,-0.7284011840820312,-0.5703283548355103,-0.586997389793396,-1.0524404048919678,-0.6873444318771362,0.305,0.66,0.36,0.2975,0.64,0.36,True,True
9,analytic_vs_synthetic_encoding,mean,22,10578,-0.5058714747428894,-0.1414213627576828,-0.3853284418582916,-0.5857108235359192,-0.1414213627576828,-0.41337698698043823,0.3825,0.02,0.22,0.37,0.02,0.2,True,True
9,analytic_vs_synthetic_encoding,mean,23,10739,-0.5034800171852112,0.3036915063858032,-0.008493438363075256,-0.581998348236084,0.31554216146469116,-0.0084083778783679,0.5,0.92,0.48,0.4625,0.48,0.32,False,True
9,analytic_vs_synthetic_encoding,mean,24,6579,-0.5021765828132629,-0.5613006949424744,-0.4795279800891876,-0.5799818634986877,-0.6714005470275879,-0.5409620404243469,0.4275,0.48,0.32,0.3675,0.4,0.3,True,True
9,analytic_vs_synthetic_encoding,mean,25,16228,-0.4976961016654968,-0.8114581108093262,-0.6193391680717468,-0.5730936527252197,-1.374551773071289,-0.7809146642684937,0.41,1.0,0.6,0.375,1.0,0.58,True,True
9,analytic_vs_synthetic_encoding,final,1,8182,-0.6535886526107788,-0.9328746795654297,-0.7918843030929565,-0.8624844551086426,-2.5638389587402344,-1.283711314201355,1.0,1.0,1.0,0.85,1.0,0.88,True,True
9,analytic_vs_synthetic_encoding,final,2,164,-0.5822573900222778,-0.6859514713287354,-0.537061870098114,-0.7152840495109558,-0.933223307132721,-0.6302751302719116,1.0,1.0,1.0,0.77,0.88,0.74,True,True
9,analytic_vs_synthetic_encoding,final,3,5219,-0.5131401419639587,-0.8075577020645142,-0.7577904462814331,-0.5971057415008545,-1.355470895767212,-1.1496959924697876,0.73,0.82,1.0,0.56,0.82,0.86,True,True
9,analytic_vs_synthetic_encoding,final,4,8006,0.5046581029891968,0.0,0.6038606762886047,0.5838239789009094,0.0,0.7499673366546631,0.5,0.0,0.5,0.425,0.0,0.48,False,True
9,analytic_vs_synthetic_encoding,final,5,1838,0.4817878007888794,0.5967601537704468,0.45280078053474426,0.5491175055503845,0.7362261414527893,0.5027410387992859,0.9975,1.0,1.0,0.685,0.8,0.72,True,True
9,analytic_vs_synthetic_encoding,final,6,9465,-0.4543952941894531,-0.883650541305542,-0.5326082110404968,-0.5094597339630127,-1.8685777187347412,-0.6229665279388428,1.0,1.0,1.0,0.7425,0.94,0.7,True,True
9,analytic_vs_synthetic_encoding,final,7,4253,0.4455001950263977,0.20508557558059692,0.13777890801429749,0.4969865381717682,0.2074335515499115,0.1377074420452118,1.0,1.0,1.0,0.655,0.64,0.64,True,True
9,analytic_vs_synthetic_encoding,final,8,7912,-0.4269840121269226,-0.722283124923706,-0.5185655355453491,-0.47160136699676514,-1.0338728427886963,-0.6003868579864502,0.7275,0.76,0.6,0.5275,0.74,0.48,True,True
9,analytic_vs_synthetic_encoding,final,9,13033,0.38940495252609253,-0.7186707258224487,-0.24118539690971375,0.42224711179733276,-1.023149847984314,-0.2460242360830307,1.0,1.0,1.0,0.6475,0.9,0.68,False,False
9,analytic_vs_synthetic_encoding,final,10,1633,0.3874381482601166,0.0,0.554225742816925,0.419737309217453,0.0,0.6591513156890869,0.5,0.0,0.5,0.39,0.0,0.48,False,True
9,analytic_vs_synthetic_encoding,final,11,2734,0.36526671051979065,0.6097004413604736,0.30560287833213806,0.3918880820274353,0.7614791393280029,0.3177320659160614,1.0,1.0,1.0,0.715,0.78,0.64,True,True
9,analytic_vs_synthetic_encoding,final,12,4441,-0.362621933221817,-0.10637592524290085,-0.05383527651429176,-0.38861918449401855,-0.10590770095586777,-0.053371600806713104,1.0,1.0,1.0,0.71,0.5,0.52,True,True
9,analytic_vs_synthetic_encoding,final,13,9531,0.3535534143447876,0.6943829655647278,0.5240466594696045,0.3774920701980591,0.9552512168884277,0.6091184616088867,0.3675,0.7,0.58,0.31,0.64,0.54,True,True
9,analytic_vs_synthetic_encoding,final,14,6047,-0.35094568133354187,-0.75993812084198,-0.5286041498184204,-0.3743148744106293,-1.157393455505371,-0.6164576411247253,0.9225,0.96,0.94,0.64,0.86,0.66,True,True
9,analytic_vs_synthetic_encoding,final,15,8003,-0.33214157819747925,0.1875378042459488,0.0030283075757324696,-0.3516919016838074,0.18900641798973083,0.0029978854581713676,1.0,1.0,1.0,0.67,0.58,0.56,False,False
9,analytic_vs_synthetic_encoding,final,16,9565,0.3245815634727478,0.43757954239845276,0.27153193950653076,0.34273189306259155,0.48175209760665894,0.27929624915122986,0.1925,0.62,0.32,0.17,0.44,0.3,True,True
9,analytic_vs_synthetic_encoding,final,17,6102,0.31571778655052185,0.7723817825317383,0.6020298004150391,0.33232006430625916,1.2038236856460571,0.7463979721069336,1.0,1.0,1.0,0.635,0.86,0.78,True,True
9,analytic_vs_synthetic_encoding,final,18,2084,-0.3155164420604706,0.5860998034477234,0.282355397939682,-0.33208462595939636,0.7160964012145996,0.2913735806941986,1.0,1.0,1.0,0.6325,0.92,0.64,False,False
9,analytic_vs_synthetic_encoding,final,19,13627,-0.2902340888977051,-0.1664489507675171,-0.05804342404007912,-0.3029097020626068,-0.16710716485977173,-0.05755710229277611,0.6825,0.56,0.6,0.4275,0.34,0.36,True,True
9,analytic_vs_synthetic_encoding,final,20,7700,-0.28910955786705017,0.03269673511385918,-0.04197101294994354,-0.3016287684440613,0.032385434955358505,-0.041585829108953476,0.5225,1.0,0.52,0.39,0.5,0.28,False,True
9,analytic_vs_synthetic_encoding,final,21,471,0.28899407386779785,-0.3030412793159485,-0.036801811307668686,0.3014967441558838,-0.31479817628860474,-0.0364566408097744,0.2425,0.34,0.54,0.1825,0.28,0.28,False,False
9,analytic_vs_synthetic_encoding,final,22,2993,-0.28638553619384766,0.32542529702186584,0.18400411307811737,-0.29853159189224243,0.34069961309432983,0.18531900644302368,1.0,1.0,1.0,0.595,0.66,0.62,False,False
9,analytic_vs_synthetic_encoding,final,23,10074,-0.28206875920295715,0.06235158443450928,-0.3859364688396454,-0.2936391532421112,0.06184525787830353,-0.41414326429367065,0.4675,0.58,0.38,0.315,0.3,0.28,False,True
9,analytic_vs_synthetic_encoding,final,24,4923,-0.2737053632736206,0.05803084373474121,-0.2650207579135895,-0.28421610593795776,0.05754457041621208,-0.2720862030982971,0.5725,0.24,0.56,0.3675,0.14,0.38,False,True
9,analytic_vs_synthetic_encoding,final,25,10739,-0.2641199827194214,0.0,0.0,-0.2735016644001007,0.0,0.0,0.0925,0.0,0.0,0.0875,0.0,0.0,False,False
10,morphological_segmentation_type,mean,1,8511,0.8612515330314636,0.00969118531793356,0.593647301197052,1.6926612854003906,0.009594235569238663,0.7302873134613037,1.0,1.0,1.0,0.9525,0.8,0.76,True,True
10,morphological_segmentation_type,mean,2,5322,0.8269336819648743,0.4413929283618927,0.8364428281784058,1.4687895774841309,0.48696088790893555,1.5108650922775269,0.8,0.2,0.8,0.7925,0.2,0.8,True,True
10,morphological_segmentation_type,mean,3,2734,-0.8092123866081238,-0.3590652048587799,-0.6757271885871887,-1.3756225109100342,-0.38085460662841797,-0.9074600338935852,1.0,1.0,1.0,0.8775,0.78,0.78,True,True
10,morphological_segmentation_type,mean,4,8003,0.8029488921165466,0.8538604378700256,0.6111909747123718,1.3454372882843018,1.6239675283432007,0.7644485831260681,1.0,1.0,1.0,0.945,1.0,0.82,True,True
10,morphological_segmentation_type,mean,5,16361,-0.7973324060440063,-0.5562032461166382,-0.4429619610309601,-1.3194397687911987,-0.662554144859314,-0.489113450050354,0.93,0.82,0.94,0.8475,0.7,0.7,True,True
10,morphological_segmentation_type,mean,6,13191,0.7870544791221619,0.28440597653388977,0.55202317237854,1.2742596864700317,0.2936752140522003,0.6553804874420166,1.0,1.0,1.0,0.8975,0.5,0.74,True,True
10,morphological_segmentation_type,mean,7,13847,0.7808481454849243,0.7537801265716553,0.5581081509590149,1.2483526468276978,1.1355561017990112,0.6658473014831543,0.9425,0.76,0.88,0.925,0.7,0.68,True,True
10,morphological_segmentation_type,mean,8,15396,0.7805987596511841,-0.06209151819348335,0.5027804374694824,1.2473307847976685,-0.061586298048496246,0.5757971405982971,1.0,0.94,1.0,0.9175,0.74,0.76,False,True
10,morphological_segmentation_type,mean,9,6166,-0.7755138278007507,-0.5117199420928955,-0.10691113024950027,-1.2268437147140503,-0.5896240472793579,-0.10644669085741043,0.995,1.0,1.0,0.945,0.64,0.56,True,True
10,morphological_segmentation_type,mean,10,11021,0.7754908204078674,0.420704185962677,0.7882735133171082,1.2267521619796753,0.4590795040130615,1.268193006515503,0.94,0.38,0.92,0.7725,0.24,0.8,True,True
10,morphological_segmentation_type,mean,11,1452,0.7715755105018616,0.5982030630111694,0.5691982507705688,1.2113889455795288,0.7389965057373047,0.6853288412094116,0.87,0.82,0.9,0.8225,0.72,0.74,True,True
10,morphological_segmentation_type,mean,12,14048,0.7550238966941833,0.05164111405611038,0.6887035965919495,1.1500424146652222,0.051190391182899475,0.9403329491615295,1.0,1.0,1.0,0.865,0.56,0.9,True,True
10,morphological_segmentation_type,mean,13,12284,-0.7442242503166199,-0.5257745981216431,0.0821286290884018,-1.1128320693969727,-0.6118923425674438,0.08157879114151001,0.9825,0.94,1.0,0.8925,0.7,0.5,True,False
10,morphological_segmentation_type,mean,14,4708,0.733640193939209,0.41943445801734924,0.7213701009750366,1.0782668590545654,0.45739755034446716,1.0311460494995117,0.7275,0.22,0.72,0.675,0.2,0.68,True,True
10,morphological_segmentation_type,mean,15,8119,-0.7315304279327393,-0.6426119208335876,-0.02884129248559475,-1.071583867073059,-0.8302794098854065,-0.028563303872942924,0.9275,0.96,0.94,0.79,0.82,0.48,True,True
10,morphological_segmentation_type,mean,16,15843,0.7314246892929077,0.3352487087249756,0.703966498374939,1.0712509155273438,0.3522648513317108,0.9812149405479431,0.8125,0.4,0.92,0.69,0.2,0.76,True,True
10,morphological_segmentation_type,mean,17,16216,0.7298997640609741,0.056061577051877975,0.6087402701377869,1.0664653778076172,0.05558553710579872,0.7595728635787964,0.8975,0.58,0.82,0.815,0.42,0.64,True,True
10,morphological_segmentation_type,mean,18,14319,-0.7168538570404053,-0.45459768176078796,-0.4042252004146576,-1.0268690586090088,-0.5052546262741089,-0.4374989867210388,0.78,0.3,0.74,0.7,0.26,0.5,True,True
10,morphological_segmentation_type,mean,19,2400,-0.7108690142631531,-0.6042383313179016,-0.4137054979801178,-1.0094631910324097,-0.7507063746452332,-0.4498491585254669,0.735,0.64,0.84,0.7325,0.6,0.66,True,True
10,morphological_segmentation_type,mean,20,6125,-0.7077662348747253,-0.5309546589851379,-0.45586657524108887,-1.0006152391433716,-0.6202715635299683,-0.5070343017578125,0.545,0.32,0.28,0.545,0.32,0.28,True,True
10,morphological_segmentation_type,mean,21,156,-0.7074733972549438,-0.37857910990715027,-0.2630229890346527,-0.9997864961624146,-0.40491220355033875,-0.26988211274147034,0.6925,0.74,0.92,0.69,0.52,0.46,True,True
10,morphological_segmentation_type,mean,22,14791,0.7065049409866333,0.4152073562145233,0.6784707307815552,0.9970511198043823,0.4518216550350189,0.9142753481864929,0.8075,0.42,0.8,0.6475,0.22,0.64,True,True
10,morphological_segmentation_type,mean,23,15482,-0.7027497291564941,-0.44444093108177185,-0.409238338470459,-0.9865538477897644,-0.49114757776260376,-0.4440081715583801,0.9975,1.0,1.0,0.8,0.64,0.72,True,True
10,morphological_segmentation_type,mean,24,13263,-0.7002062797546387,0.2932475209236145,-0.3435075879096985,-0.9795355200767517,0.3036497235298157,-0.36208823323249817,1.0,1.0,1.0,0.84,0.8,0.76,False,True
10,morphological_segmentation_type,mean,25,10494,0.6997026205062866,0.04980307072401047,0.44870010018348694,0.9781551957130432,0.049363791942596436,0.4970337748527527,0.7425,0.34,0.66,0.695,0.2,0.5,True,True
10,morphological_segmentation_type,final,1,14795,0.8072977662086487,0.6297861933708191,0.6836231350898743,1.366257667541504,0.8026282787322998,0.9272674918174744,1.0,1.0,1.0,0.885,0.8,0.8,True,True
10,morphological_segmentation_type,final,2,11611,-0.80646812915802,-0.8419868350028992,-0.5651749968528748,-1.3622357845306396,-1.5449998378753662,-0.6781992316246033,1.0,1.0,1.0,0.9125,0.96,0.74,True,True
10,morphological_segmentation_type,final,3,15659,0.7597099542617798,0.030550641939044,0.8568451404571533,1.1668522357940674,0.03025771677494049,1.6452218294143677,1.0,1.0,1.0,0.9225,0.52,0.92,True,True
10,morphological_segmentation_type,final,4,12897,-0.7181017994880676,-0.5772026181221008,-0.5412886142730713,-1.030556559562683,-0.6997314095497131,-0.6372798085212708,1.0,1.0,1.0,0.81,0.8,0.78,True,True
10,morphological_segmentation_type,final,5,14004,0.7046868801116943,0.6344268321990967,0.15652889013290405,0.9919485449790955,0.812502384185791,0.15688960254192352,1.0,1.0,1.0,0.8775,0.64,0.52,True,True
10,morphological_segmentation_type,final,6,2084,-0.6610608100891113,-0.5384494066238403,-0.3158963620662689,-0.8799222111701965,-0.6325672268867493,-0.32959896326065063,1.0,1.0,1.0,0.8075,0.7,0.66,True,True
10,morphological_segmentation_type,final,7,8686,-0.655301034450531,-0.06616269797086716,-0.05684683099389076,-0.8664403557777405,-0.06564154475927353,-0.05636664107441902,1.0,1.0,1.0,0.7775,0.54,0.5,True,True
10,morphological_segmentation_type,final,8,11776,0.6418452858924866,0.6382569074630737,0.3362715244293213,0.8359603881835938,0.8207624554634094,0.35347649455070496,1.0,1.0,1.0,0.8175,0.68,0.6,True,True
10,morphological_segmentation_type,final,9,9465,0.6208080053329468,0.5695231556892395,0.5846961736679077,0.7908942699432373,0.6859076619148254,0.7134891152381897,1.0,1.0,1.0,0.785,0.8,0.78,True,True
10,morphological_segmentation_type,final,10,9083,-0.6157402992248535,-0.4151837229728699,-0.16187292337417603,-0.7804694175720215,-0.45179060101509094,-0.1623876392841339,1.0,1.0,1.0,0.7925,0.62,0.58,True,True
10,morphological_segmentation_type,final,11,2734,-0.6107304096221924,-0.3854750990867615,-0.5925999879837036,-0.7703167200088501,-0.41356170177459717,-0.7283009886741638,1.0,1.0,1.0,0.77,0.74,0.78,True,True
10,morphological_segmentation_type,final,12,2195,0.6047611236572266,-0.24681004881858826,0.14245744049549103,0.7584125995635986,-0.25212937593460083,0.142478808760643,0.7475,0.7,0.72,0.5825,0.52,0.36,False,True
10,morphological_segmentation_type,final,13,13033,0.6000182628631592,0.6271498799324036,0.40326523780822754,0.7490976452827454,0.7970828413963318,0.43625783920288086,1.0,1.0,1.0,0.795,0.76,0.66,True,True
10,morphological_segmentation_type,final,14,6119,0.5953238010406494,-0.012920048087835312,0.4151138365268707,0.7399997711181641,-0.012791263870894909,0.45169880986213684,0.9825,0.86,1.0,0.7825,0.46,0.76,False,True
10,morphological_segmentation_type,final,15,11367,-0.5903974771499634,-0.007160423789173365,-0.1331377774477005,-0.7305781245231628,-0.0070886388421058655,-0.13298355042934418,0.7325,0.9,0.68,0.5775,0.5,0.38,True,True
10,morphological_segmentation_type,final,16,2993,-0.5858083963394165,-0.42361506819725037,-0.29164937138557434,-0.7219148874282837,-0.4629476070404053,-0.30184054374694824,1.0,1.0,1.0,0.7475,0.6,0.68,True,True
10,morphological_segmentation_type,final,17,105,-0.5813518762588501,-0.5172512531280518,0.059390418231487274,-0.7136033773422241,-0.5983085036277771,0.0588974803686142,1.0,1.0,1.0,0.7575,0.62,0.6,True,False
10,morphological_segmentation_type,final,18,7912,0.5780835151672363,0.2628917992115021,0.4046204686164856,0.7075689435005188,0.2697375416755676,0.43801042437553406,0.66,0.96,0.48,0.53,0.76,0.36,True,True
10,morphological_segmentation_type,final,19,7799,-0.5689817667007446,-0.19392675161361694,-0.301697313785553,-0.6910310983657837,-0.19569268822669983,-0.3132619261741638,0.5075,0.26,0.34,0.4775,0.18,0.28,True,True
10,morphological_segmentation_type,final,20,6102,-0.5618863105773926,-0.5678191781044006,-0.5900377035140991,-0.6784014701843262,-0.682876706123352,-0.7234641909599304,1.0,1.0,1.0,0.695,0.72,0.8,True,True
10,morphological_segmentation_type,final,21,9531,0.560580849647522,-0.4862450659275055,-0.33773303031921387,0.6761017441749573,-0.5508647561073303,-0.3552100658416748,0.9975,1.0,1.0,0.7125,0.66,0.74,False,False
10,morphological_segmentation_type,final,22,661,0.5581508874893188,0.5460509657859802,0.2679145336151123,0.6718406081199646,0.6452540159225464,0.275285542011261,1.0,1.0,1.0,0.7275,0.8,0.6,True,True
10,morphological_segmentation_type,final,23,4806,-0.5438703894615173,-0.43926993012428284,-0.46122080087661743,-0.6472948789596558,-0.48405689001083374,-0.5145866274833679,1.0,1.0,1.0,0.6425,0.66,0.6,True,True
10,morphological_segmentation_type,final,24,6858,-0.5376608967781067,-0.30130118131637573,0.24839313328266144,-0.6368754506111145,-0.3128094971179962,0.2538525462150574,1.0,1.0,1.0,0.7725,0.6,0.6,True,False
10,morphological_segmentation_type,final,25,7918,0.5207850933074951,0.3738500773906708,0.5670523643493652,0.6092787981033325,0.39902639389038086,0.6815170645713806,1.0,1.0,1.0,0.735,0.8,0.74,True,True
11,agreement_indexing_density,mean,1,13837,0.9742085933685303,0.9890480041503906,0.7049903869628906,4.311956405639648,6.633725643157959,0.9840497970581055,1.0,1.0,0.84,1.0,1.0,0.74,True,True
11,agreement_indexing_density,mean,2,2258,0.9070153832435608,0.8764421939849854,0.6881479024887085,2.1512413024902344,1.8019113540649414,0.9388911128044128,0.9825,1.0,0.76,0.9825,1.0,0.7,True,True
11,agreement_indexing_density,mean,3,8113,0.8845422267913818,0.8835543990135193,0.7019929885864258,1.893915057182312,1.867651104927063,0.9757838249206543,0.995,0.98,0.74,0.9875,0.98,0.64,True,True
11,agreement_indexing_density,mean,4,13304,0.8797192573547363,0.9469624161720276,0.5467231869697571,1.8478041887283325,2.917257070541382,0.6463867425918579,1.0,1.0,1.0,0.985,1.0,0.66,True,True
11,agreement_indexing_density,mean,5,8003,0.8794295191764832,0.9315000176429749,0.13496439158916473,1.8451155424118042,2.535147190093994,0.1348416656255722,1.0,1.0,1.0,0.97,1.0,0.54,True,True
11,agreement_indexing_density,mean,6,14043,-0.8789437413215637,-0.8627191781997681,-0.6704609990119934,-1.8406325578689575,-1.688899040222168,-0.8945711851119995,1.0,1.0,1.0,0.995,0.98,0.7,True,True
11,agreement_indexing_density,mean,7,661,0.8662567734718323,0.8396133780479431,0.6206859350204468,1.7317372560501099,1.530188798904419,0.7836750149726868,1.0,1.0,1.0,0.9775,0.94,0.7,True,True
11,agreement_indexing_density,mean,8,9331,-0.8517549633979797,-0.9042547345161438,-0.4828293025493622,-1.6236401796340942,-2.0964407920837402,-0.5458132028579712,1.0,0.94,1.0,0.9875,0.94,0.54,True,True
11,agreement_indexing_density,mean,9,8911,0.834149181842804,0.790851354598999,0.6555906534194946,1.5105124711990356,1.2792357206344604,0.8594722151756287,0.9725,0.98,0.9,0.9575,0.86,0.76,True,True
11,agreement_indexing_density,mean,10,9622,-0.8325275182723999,-0.8342122435569763,-0.26801207661628723,-1.5009212493896484,-1.4975743293762207,-0.2753935158252716,1.0,1.0,1.0,0.9725,0.9,0.54,True,True
11,agreement_indexing_density,mean,11,758,0.8260605335235596,0.8179236054420471,0.6730161905288696,1.4639004468917847,1.4073792695999146,0.9007939100265503,0.915,0.9,0.72,0.905,0.9,0.58,True,True
11,agreement_indexing_density,mean,12,7038,-0.821173906326294,-0.7502883672714233,-0.3710203766822815,-1.4371459484100342,-1.123484492301941,-0.3955219089984894,1.0,1.0,1.0,0.935,0.86,0.54,True,True
11,agreement_indexing_density,mean,13,6102,-0.8168147206306458,-0.836800217628479,-0.359516441822052,-1.4140983819961548,-1.5130176544189453,-0.38140425086021423,1.0,1.0,1.0,0.925,0.98,0.52,True,True
11,agreement_indexing_density,mean,14,11003,-0.8147552609443665,-0.7437863945960999,-0.422166645526886,-1.4034665822982788,-1.1015734672546387,-0.4610206186771393,0.8125,0.6,1.0,0.8125,0.6,0.52,True,True
11,agreement_indexing_density,mean,15,12064,-0.8147293925285339,-0.7437407374382019,-0.41954320669174194,-1.4033347368240356,-1.1014223098754883,-0.45754143595695496,0.8125,0.6,1.0,0.8125,0.6,0.52,True,True
11,agreement_indexing_density,mean,16,4617,-0.8147180080413818,-0.7439464330673218,-0.40121030807495117,-1.403273105621338,-1.1021039485931396,-0.4336070120334625,0.8125,0.6,1.0,0.8125,0.6,0.5,True,True
11,agreement_indexing_density,mean,17,7097,-0.8145487904548645,-0.7441303133964539,-0.4972573220729828,-1.4024070501327515,-1.1027144193649292,-0.5673788785934448,0.8125,0.6,1.0,0.8125,0.6,0.58,True,True
11,agreement_indexing_density,mean,18,14174,-0.8144800662994385,-0.7439789772033691,-0.38133785128593445,-1.4020572900772095,-1.1022121906280518,-0.40836283564567566,0.8125,0.6,1.0,0.8125,0.6,0.5,True,True
11,agreement_indexing_density,mean,19,7896,-0.8143921494483948,-0.7440460920333862,-0.42504921555519104,-1.4016077518463135,-1.1024352312088013,-0.4648597538471222,0.8125,0.6,1.0,0.8125,0.6,0.52,True,True
11,agreement_indexing_density,mean,20,1426,-0.8143451809883118,-0.7439182996749878,-0.3569904565811157,-1.401365876197815,-1.1020104885101318,-0.3783315122127533,0.8125,0.6,1.0,0.8125,0.6,0.52,True,True
11,agreement_indexing_density,mean,21,2178,-0.8142792582511902,-0.744016706943512,-0.3742358982563019,-1.4010300636291504,-1.10233736038208,-0.39950528740882874,0.8125,0.6,1.0,0.8125,0.6,0.52,True,True
11,agreement_indexing_density,mean,22,9256,-0.8142683506011963,-0.7439286708831787,-0.4124593734741211,-1.4009736776351929,-1.102044939994812,-0.44821590185165405,0.8125,0.6,1.0,0.8125,0.6,0.5,True,True
11,agreement_indexing_density,mean,23,12851,-0.814268171787262,-0.7439531683921814,-0.37491026520729065,-1.4009743928909302,-1.1021264791488647,-0.40034279227256775,0.8125,0.6,1.0,0.8125,0.6,0.52,True,True
11,agreement_indexing_density,mean,24,8745,-0.814176082611084,-0.7437427043914795,-0.3347051739692688,-1.4005045890808105,-1.101428508758545,-0.35162168741226196,0.8125,0.6,1.0,0.8125,0.6,0.52,True,True
11,agreement_indexing_density,mean,25,10935,-0.8141450881958008,-0.7436655759811401,-0.44164949655532837,-1.4003456830978394,-1.1011730432510376,-0.487312376499176,0.8125,0.6,1.0,0.8125,0.6,0.5,True,True
11,agreement_indexing_density,final,1,8003,0.8795605897903442,0.8985247015953064,0.3101375102996826,1.8463324308395386,2.0265371799468994,0.3229442238807678,1.0,1.0,1.0,0.9825,0.98,0.62,True,True
11,agreement_indexing_density,final,2,15659,0.8661643862724304,0.938971757888794,0.3740214705467224,1.730998158454895,2.702181339263916,0.39923906326293945,1.0,1.0,1.0,0.96,1.0,0.64,True,True
11,agreement_indexing_density,final,3,8113,0.8603767156600952,0.6696402430534363,0.7119486331939697,1.6860325336456299,0.8925849795341492,1.003647804260254,0.935,0.62,0.66,0.9325,0.62,0.62,True,True
11,agreement_indexing_density,final,4,9622,-0.8023116588592529,-0.7998523116111755,-0.2089555710554123,-1.342437744140625,-1.3192557096481323,-0.2115248441696167,1.0,1.0,1.0,0.945,0.9,0.56,True,True
11,agreement_indexing_density,final,5,2734,-0.7406318783760071,-0.7509425282478333,0.056645967066287994,-1.10089910030365,-1.1257292032241821,0.05616682767868042,1.0,1.0,1.0,0.8675,0.86,0.52,True,False
11,agreement_indexing_density,final,6,15059,-0.7328200340270996,-0.12990599870681763,0.0275892186909914,-1.0756598711013794,-0.12969939410686493,0.027322329580783844,1.0,1.0,1.0,0.855,0.58,0.54,True,False
11,agreement_indexing_density,final,7,6051,-0.7173817753791809,-0.2934132218360901,-0.133468359708786,-1.0284279584884644,-0.30383744835853577,-0.13331975042819977,1.0,1.0,1.0,0.895,0.64,0.6,True,True
11,agreement_indexing_density,final,8,4549,-0.6962843537330627,-0.32542574405670166,0.12171702086925507,-0.9688583016395569,-0.3407001495361328,0.12139631062746048,0.99,1.0,0.96,0.835,0.58,0.52,True,False
11,agreement_indexing_density,final,9,4441,0.6898773908615112,0.5957528352737427,-0.024537794291973114,0.9517746567726135,0.734298825263977,-0.024298492819070816,1.0,1.0,1.0,0.8425,0.74,0.56,True,False
11,agreement_indexing_density,final,10,12897,-0.6835450530052185,-0.4464765191078186,-0.12865500152111053,-0.9353095293045044,-0.4939555823802948,-0.12842927873134613,1.0,1.0,1.0,0.83,0.68,0.52,True,True
11,agreement_indexing_density,final,11,1828,0.6734252572059631,0.6690458655357361,0.5248116254806519,0.9098114371299744,0.8911500573158264,0.6103451251983643,0.74,0.96,0.72,0.6925,0.88,0.56,True,True
11,agreement_indexing_density,final,12,5697,0.6702550053596497,0.36416536569595337,0.251240074634552,0.902019739151001,0.3870847225189209,0.25695690512657166,1.0,1.0,1.0,0.8275,0.68,0.58,True,True
11,agreement_indexing_density,final,13,14004,0.6423138380050659,0.5444221496582031,-0.08339831233024597,0.8369982838630676,0.6425168514251709,-0.08284872770309448,1.0,1.0,1.0,0.8225,0.66,0.5,True,False
11,agreement_indexing_density,final,14,661,0.6398228406906128,0.657178521156311,0.4281260669231415,0.8314951658248901,0.863132894039154,0.4689767062664032,1.0,1.0,1.0,0.825,0.78,0.74,True,True
11,agreement_indexing_density,final,15,4080,-0.61964350938797,-0.2940884530544281,-0.25963297486305237,-0.7884848713874817,-0.3046027719974518,-0.266150563955307,1.0,1.0,1.0,0.79,0.6,0.68,True,True
11,agreement_indexing_density,final,16,2993,-0.5983775854110718,-0.11989456415176392,-0.09105753898620605,-0.7459042072296143,-0.11955192685127258,-0.09051840752363205,1.0,1.0,1.0,0.765,0.54,0.56,True,True
11,agreement_indexing_density,final,17,7418,-0.5799260139465332,-0.668530285358429,-0.16147606074810028,-0.7109647393226624,-0.8899082541465759,-0.1619788557291031,0.445,0.62,0.76,0.44,0.6,0.5,True,True
11,agreement_indexing_density,final,18,7918,-0.5710812211036682,-0.6360936164855957,-0.7085787653923035,-0.6948124766349792,-0.816084623336792,-0.9940837621688843,1.0,1.0,1.0,0.76,0.78,0.9,True,True
11,agreement_indexing_density,final,19,1546,-0.5696910619735718,-0.12803912162780762,-0.05783122405409813,-0.6923068165779114,-0.1278042048215866,-0.05734597146511078,1.0,1.0,1.0,0.7775,0.58,0.52,True,True
11,agreement_indexing_density,final,20,14168,-0.5596163272857666,-0.7272855639457703,-0.5772910118103027,-0.6744076609611511,-1.0490152835845947,-0.6998921632766724,1.0,1.0,1.0,0.7575,0.86,0.86,True,True
11,agreement_indexing_density,final,21,9465,0.5471179485321045,0.380868524312973,0.08721669018268585,0.6528044939041138,0.40777501463890076,0.08667036890983582,1.0,1.0,1.0,0.7375,0.62,0.5,True,True
11,agreement_indexing_density,final,22,11483,0.5403357744216919,0.5943446159362793,0.3800547122955322,0.6413456797599792,0.7316132187843323,0.40675634145736694,1.0,1.0,1.0,0.755,0.78,0.8,True,True
11,agreement_indexing_density,final,23,7912,0.5067600607872009,0.2642979323863983,-0.33920276165008545,0.5870933532714844,0.27128827571868896,-0.3569563925266266,0.6875,0.6,0.44,0.5775,0.42,0.32,True,False
11,agreement_indexing_density,final,24,12998,0.49573320150375366,0.7700986862182617,0.15074799954891205,0.5700949430465698,1.1950606107711792,0.15095803141593933,1.0,1.0,1.0,0.72,0.86,0.56,True,True
11,agreement_indexing_density,final,25,13191,-0.4921150505542755,-0.7110211849212646,-0.4573805332183838,-0.5645979046821594,-1.0010019540786743,-0.5091625452041626,1.0,1.0,1.0,0.7375,0.86,0.68,True,True
12,optionality_vs_obligatoriness_of_marking,mean,1,13154,-0.5067944526672363,-0.9049288034439087,-0.24896688759326935,-0.5871472358703613,-2.1050548553466797,-0.25447767972946167,0.515,0.98,0.54,0.46,0.92,0.34,True,True
12,optionality_vs_obligatoriness_of_marking,mean,2,261,-0.49865788221359253,-0.9429270029067993,-0.06371632218360901,-0.5745668411254883,-2.803154706954956,-0.06320437788963318,0.91,1.0,0.86,0.745,1.0,0.46,True,True
12,optionality_vs_obligatoriness_of_marking,mean,3,4690,0.48836588859558105,0.6427955031394958,-0.1437700092792511,0.5589423775672913,0.8306836485862732,-0.1438191831111908,0.76,0.76,0.98,0.6725,0.76,0.56,True,False
12,optionality_vs_obligatoriness_of_marking,mean,4,7803,0.4527392089366913,0.44146132469177246,-0.3744266629219055,0.5071232914924622,0.4870545268058777,-0.39974212646484375,0.49,0.2,0.82,0.46,0.2,0.5,True,False
12,optionality_vs_obligatoriness_of_marking,mean,5,1360,0.45245444774627686,0.1424652636051178,0.4757956266403198,0.5067222118377686,0.1424868404865265,0.5355130434036255,0.7775,0.78,0.96,0.69,0.64,0.56,True,True
12,optionality_vs_obligatoriness_of_marking,mean,6,10649,-0.4484250545501709,-0.251796692609787,-0.30159687995910645,-0.5010678172111511,-0.2575646936893463,-0.3131471872329712,0.3525,0.8,0.24,0.3225,0.6,0.18,True,True
12,optionality_vs_obligatoriness_of_marking,mean,7,8418,-0.44188907742500305,-0.9295567870140076,-0.06773513555526733,-0.4919752776622772,-2.4959754943847656,-0.06720875948667526,0.625,0.98,0.14,0.495,0.98,0.1,True,True
12,optionality_vs_obligatoriness_of_marking,mean,8,10200,-0.43825283646583557,0.5097687244415283,-0.23427510261535645,-0.48695993423461914,0.5865844488143921,-0.2385595589876175,0.79,0.74,0.76,0.515,0.74,0.42,False,True
12,optionality_vs_obligatoriness_of_marking,mean,9,5712,-0.4319194257259369,-0.6412009596824646,-0.1793566644191742,-0.478294312953949,-0.8271812200546265,-0.1804807186126709,0.51,0.62,0.32,0.3925,0.52,0.16,True,True
12,optionality_vs_obligatoriness_of_marking,mean,10,10848,-0.4311297833919525,-0.9547104239463806,0.12089671194553375,-0.477219820022583,-3.1764650344848633,0.1205660030245781,0.365,1.0,0.12,0.3525,1.0,0.08,True,False
12,optionality_vs_obligatoriness_of_marking,mean,11,5705,-0.42698755860328674,0.6122655868530273,-0.3244839608669281,-0.47160643339157104,0.766597330570221,-0.3395979702472687,0.495,0.42,0.52,0.3775,0.42,0.34,False,True
12,optionality_vs_obligatoriness_of_marking,mean,12,10454,-0.4239047169685364,-0.96464604139328,-0.18146100640296936,-0.46745172142982483,-3.623429298400879,-0.18266986310482025,0.57,1.0,0.3,0.4825,1.0,0.2,True,True
12,optionality_vs_obligatoriness_of_marking,mean,13,1482,0.4238366186618805,0.8534089922904968,0.09111601114273071,0.46736064553260803,1.6208049058914185,0.09057701379060745,1.0,1.0,1.0,0.6475,0.94,0.52,True,True
12,optionality_vs_obligatoriness_of_marking,mean,14,1546,0.4209277629852295,-0.5917472839355469,-0.24510373175144196,0.46345940232276917,-0.7266875505447388,-0.2502744495868683,1.0,1.0,1.0,0.67,0.78,0.5,False,False
12,optionality_vs_obligatoriness_of_marking,mean,15,6960,-0.42078492045402527,-0.7886185646057129,0.09284774959087372,-0.4632682204246521,-1.2696610689163208,0.09231335669755936,0.8125,0.98,0.82,0.605,0.88,0.48,True,False
12,optionality_vs_obligatoriness_of_marking,mean,16,13817,-0.4175151586532593,-0.9398850202560425,-0.19939488172531128,-0.45890459418296814,-2.7246322631835938,-0.2014358639717102,0.3075,0.9,0.14,0.255,0.9,0.1,True,True
12,optionality_vs_obligatoriness_of_marking,mean,17,47,0.4119848310947418,0.8077634572982788,0.1801048070192337,0.4515736401081085,1.3564646244049072,0.18125870823860168,0.9125,0.96,0.9,0.64,0.96,0.52,True,True
12,optionality_vs_obligatoriness_of_marking,mean,18,11694,-0.4119398891925812,0.2820327579975128,0.0785401314496994,-0.45151418447494507,0.2910118103027344,0.07799167186021805,0.53,0.5,0.68,0.39,0.44,0.4,False,False
12,optionality_vs_obligatoriness_of_marking,mean,19,788,-0.4101230800151825,0.4856845438480377,0.15655437111854553,-0.4491189122200012,0.550033688545227,0.1569157838821411,0.2875,0.26,0.28,0.2375,0.26,0.16,False,False
12,optionality_vs_obligatoriness_of_marking,mean,20,2421,-0.4083241820335388,-0.9586012959480286,0.1695650815963745,-0.44675374031066895,-3.332608699798584,0.17032736539840698,0.275,1.0,0.22,0.2425,1.0,0.18,True,False
12,optionality_vs_obligatoriness_of_marking,mean,21,2500,-0.4055078625679016,-0.8286328315734863,0.03512062877416611,-0.4430636763572693,-1.4653726816177368,0.03478911146521568,0.9725,1.0,0.94,0.6225,0.9,0.48,True,False
12,optionality_vs_obligatoriness_of_marking,mean,22,9607,0.4039496183395386,0.5193761587142944,0.5383659601211548,0.4410283863544464,0.6016720533370972,0.6324292421340942,0.4675,0.3,0.68,0.4175,0.3,0.52,True,True
12,optionality_vs_obligatoriness_of_marking,mean,23,3546,-0.40377774834632874,0.24603185057640076,-0.1782911866903305,-0.44080352783203125,0.25128328800201416,-0.17937324941158295,0.425,0.22,0.58,0.315,0.22,0.3,False,True
12,optionality_vs_obligatoriness_of_marking,mean,24,7165,-0.402793288230896,-0.27708306908607483,-0.03812570124864578,-0.4395209550857544,-0.2854757308959961,-0.03776998072862625,0.505,0.8,0.54,0.4275,0.52,0.32,True,True
12,optionality_vs_obligatoriness_of_marking,mean,25,5584,-0.4009626507759094,-0.9863726496696472,0.0,-0.4371393322944641,-5.9349260330200195,0.0,0.2225,1.0,0.0,0.215,1.0,0.0,True,False
12,optionality_vs_obligatoriness_of_marking,final,1,1838,0.4003828167915344,0.3713047206401825,-0.09483137726783752,0.43638670444488525,0.3958735167980194,-0.09430327266454697,1.0,1.0,1.0,0.67,0.6,0.52,True,False
12,optionality_vs_obligatoriness_of_marking,final,2,4840,-0.325592041015625,-0.8950961232185364,-0.1659773886203766,-0.34392523765563965,-1.9873346090316772,-0.16662032902240753,0.995,1.0,1.0,0.63,0.98,0.6,True,True
12,optionality_vs_obligatoriness_of_marking,final,3,15870,-0.3186415433883667,-0.24122434854507446,-0.18479317426681519,-0.33574336767196655,-0.2460664063692093,-0.1861417144536972,0.2275,0.08,0.1,0.1875,0.06,0.08,True,True
12,optionality_vs_obligatoriness_of_marking,final,4,1828,-0.3180354833602905,-0.4620230793952942,-0.21914157271385193,-0.33503222465515137,-0.5157245397567749,-0.2223435938358307,0.25,0.76,0.6,0.205,0.58,0.32,True,True
12,optionality_vs_obligatoriness_of_marking,final,5,15282,-0.2654728591442108,-0.4746040105819702,-0.020570149645209312,-0.2750084400177002,-0.5337812900543213,-0.02036771923303604,0.7575,0.88,0.7,0.4675,0.68,0.4,True,True
12,optionality_vs_obligatoriness_of_marking,final,6,9390,0.25647446513175964,0.8468562364578247,0.1300961673259735,0.2650183439254761,1.5763639211654663,0.1298925280570984,1.0,1.0,1.0,0.605,0.96,0.56,True,True
12,optionality_vs_obligatoriness_of_marking,final,7,3874,0.2517814040184021,0.0,0.5177783966064453,0.25983700156211853,0.0,0.5991415977478027,0.0725,0.0,0.3,0.0725,0.0,0.3,False,True
12,optionality_vs_obligatoriness_of_marking,final,8,15793,-0.2434106469154358,0.0,0.0,-0.2506445646286011,0.0,0.0,0.065,0.0,0.0,0.0625,0.0,0.0,False,False
12,optionality_vs_obligatoriness_of_marking,final,9,4730,-0.24180416762828827,-0.6762147545814514,0.1414213478565216,-0.2488880604505539,-0.9086660742759705,0.1414213925600052,0.1125,0.56,0.02,0.1025,0.56,0.02,True,False
12,optionality_vs_obligatoriness_of_marking,final,10,9958,-0.24030084908008575,-0.16957537829875946,-0.1414213627576828,-0.24724535644054413,-0.1703380048274994,-0.14142128825187683,0.2375,0.08,0.02,0.1775,0.04,0.02,True,True
12,optionality_vs_obligatoriness_of_marking,final,11,7175,-0.23400157690048218,0.1414213627576828,-0.1414213478565216,-0.24038338661193848,0.14142128825187683,-0.1414213478565216,0.0875,0.02,0.02,0.085,0.02,0.02,False,True
12,optionality_vs_obligatoriness_of_marking,final,12,164,0.23058924078941345,-0.8353198766708374,0.38143429160118103,0.2366790920495987,-1.5041438341140747,0.408483624458313,1.0,1.0,1.0,0.59,0.96,0.72,False,True
12,optionality_vs_obligatoriness_of_marking,final,13,15899,-0.22438062727451324,-0.1414213478565216,0.0,-0.22996431589126587,-0.14142140746116638,0.0,0.0625,0.02,0.0,0.0575,0.02,0.0,True,False
12,optionality_vs_obligatoriness_of_marking,final,14,7912,0.22227303683757782,0.4123150110244751,0.10880938172340393,0.22769084572792053,0.4480268955230713,0.10835912823677063,0.705,1.0,0.38,0.385,0.66,0.26,True,True
12,optionality_vs_obligatoriness_of_marking,final,15,3428,-0.21770641207695007,0.0,0.1414213627576828,-0.2227776199579239,0.0,0.14142128825187683,0.0925,0.0,0.02,0.0825,0.0,0.02,False,False
12,optionality_vs_obligatoriness_of_marking,final,16,9531,0.2097460925579071,-0.6982147097587585,-0.10113593190908432,0.2142496407032013,-0.9655099511146545,-0.10063546150922775,0.69,0.82,0.84,0.4125,0.76,0.44,False,False
12,optionality_vs_obligatoriness_of_marking,final,17,4359,0.20176807045936584,0.0,0.1414213627576828,0.20574744045734406,0.0,0.1414213627576828,0.125,0.0,0.02,0.1,0.0,0.02,False,True
12,optionality_vs_obligatoriness_of_marking,final,18,11328,-0.20099040865898132,0.0,0.1414213627576828,-0.20492053031921387,0.0,0.1414213627576828,0.05,0.0,0.02,0.0475,0.0,0.02,False,False
12,optionality_vs_obligatoriness_of_marking,final,19,2993,-0.19479046761989594,0.9574986696243286,0.16515186429023743,-0.19834618270397186,3.2862372398376465,0.1657683104276657,1.0,1.0,1.0,0.5325,0.98,0.5,False,False
12,optionality_vs_obligatoriness_of_marking,final,20,8793,-0.1932690143585205,-0.42350196838378906,0.038775473833084106,-0.19673657417297363,-0.46279704570770264,0.03841464966535568,1.0,1.0,1.0,0.565,0.62,0.54,True,False
12,optionality_vs_obligatoriness_of_marking,final,21,12455,0.1915772259235382,0.1414213627576828,0.19097042083740234,0.19494827091693878,0.1414213627576828,0.19259566068649292,0.08,0.02,0.1,0.0675,0.02,0.08,True,True
12,optionality_vs_obligatoriness_of_marking,final,22,7700,-0.19106726348400116,-0.9255083799362183,-0.1936735212802887,-0.19440992176532745,-2.419170618057251,-0.19542722404003143,0.9925,1.0,1.0,0.6375,1.0,0.54,True,True
12,optionality_vs_obligatoriness_of_marking,final,23,9465,0.18833930790424347,-0.4445542097091675,0.5503806471824646,0.19153136014938354,-0.4913036525249481,0.6525810360908508,1.0,1.0,1.0,0.555,0.7,0.78,False,True
12,optionality_vs_obligatoriness_of_marking,final,24,14795,0.18600071966648102,-0.8673157691955566,0.33013716340065,0.18906745314598083,-1.7249308824539185,0.34623128175735474,1.0,1.0,1.0,0.5575,0.98,0.6,False,True
12,optionality_vs_obligatoriness_of_marking,final,25,661,-0.1838528960943222,-0.7588459253311157,0.5117822885513306,-0.18680733442306519,-1.1534675359725952,0.5897213816642761,1.0,1.0,1.0,0.5175,0.86,0.76,True,False
13,redundancy_cumulative_exponence,mean,1,14465,0.8983970880508423,0.7192783355712891,0.5336946845054626,2.043045997619629,1.024941325187683,0.6247428059577942,1.0,1.0,1.0,0.9875,0.78,0.76,True,True
13,redundancy_cumulative_exponence,mean,2,4441,0.8568889498710632,0.6745253801345825,0.628472626209259,1.6601675748825073,0.904496431350708,0.7998595237731934,1.0,1.0,1.0,0.9775,0.82,0.76,True,True
13,redundancy_cumulative_exponence,mean,3,10612,0.7677280902862549,0.7307533025741577,0.17411084473133087,1.1966241598129272,1.0597196817398071,0.17503441870212555,1.0,1.0,1.0,0.8275,0.76,0.56,True,True
13,redundancy_cumulative_exponence,mean,4,2084,0.7664673924446106,0.7610178589820862,0.06763815134763718,1.191855549812317,1.1612969636917114,0.06711205840110779,1.0,1.0,1.0,0.88,0.84,0.6,True,True
13,redundancy_cumulative_exponence,mean,5,2734,-0.7426938414573669,-0.2611806094646454,-0.6940221786499023,-1.1077220439910889,-0.2678527235984802,-0.9542932510375977,1.0,1.0,1.0,0.885,0.6,0.8,True,True
13,redundancy_cumulative_exponence,mean,6,3017,0.7401263117790222,0.3834615647792816,-0.1471710503101349,1.0992363691329956,0.41102778911590576,-0.14729581773281097,1.0,1.0,1.0,0.9225,0.66,0.54,True,False
13,redundancy_cumulative_exponence,mean,7,2993,0.7382706999778748,0.7540760636329651,0.15309780836105347,1.09316885471344,1.1365891695022583,0.15336713194847107,1.0,1.0,1.0,0.855,0.88,0.7,True,True
13,redundancy_cumulative_exponence,mean,8,223,0.7206318974494934,0.5097212791442871,0.396383136510849,1.0380967855453491,0.5865107178688049,0.4274105429649353,1.0,1.0,1.0,0.7875,0.78,0.7,True,True
13,redundancy_cumulative_exponence,mean,9,16054,-0.7147306799888611,-0.8798406720161438,-0.4938172399997711,-1.0206419229507446,-1.8326435089111328,-0.5621819496154785,0.885,0.96,1.0,0.845,0.96,0.74,True,True
13,redundancy_cumulative_exponence,mean,10,105,0.7070627212524414,0.6412005424499512,-0.5453463792800903,0.9986249804496765,0.8271803855895996,-0.6440685987472534,1.0,1.0,1.0,0.875,0.78,0.74,True,False
13,redundancy_cumulative_exponence,mean,11,4814,0.7049897313117981,0.9284691214561462,0.45542576909065247,0.9927952885627747,2.474727153778076,0.506415605545044,1.0,1.0,1.0,0.7325,1.0,0.68,True,True
13,redundancy_cumulative_exponence,mean,12,308,0.693824052810669,0.9321281313896179,0.5818033814430237,0.9622469544410706,2.54815411567688,0.7081458568572998,0.9525,1.0,1.0,0.765,1.0,0.6,True,True
13,redundancy_cumulative_exponence,mean,13,9749,-0.6812930107116699,-0.8364554643630981,-0.774949848651886,-0.9295503497123718,-1.5109409093856812,-1.2138187885284424,1.0,1.0,1.0,0.8375,0.88,0.9,True,True
13,redundancy_cumulative_exponence,mean,14,790,-0.667447030544281,-0.5764360427856445,-0.6347160935401917,-0.8951936364173889,-0.6983393430709839,-0.8131225109100342,1.0,1.0,1.0,0.8725,0.76,0.88,True,True
13,redundancy_cumulative_exponence,mean,15,11451,0.6670545935630798,0.49920231103897095,0.3094058632850647,0.8942451477050781,0.5703327655792236,0.3221016228199005,0.8475,0.68,0.64,0.65,0.48,0.42,True,True
13,redundancy_cumulative_exponence,mean,16,1943,0.6598095893859863,0.952210009098053,0.35457444190979004,0.8769710659980774,3.086125135421753,0.37540146708488464,0.675,0.96,0.88,0.645,0.96,0.48,True,True
13,redundancy_cumulative_exponence,mean,17,5997,0.6543901562690735,0.8372747302055359,-0.4434605538845062,0.8643327951431274,1.5158854722976685,-0.4897986650466919,1.0,1.0,1.0,0.725,0.94,0.68,True,False
13,redundancy_cumulative_exponence,mean,18,3241,0.6487137079238892,0.8099122643470764,0.340020090341568,0.8513461947441101,1.3669264316558838,0.3579288423061371,0.7375,0.96,0.42,0.62,0.92,0.28,True,True
13,redundancy_cumulative_exponence,mean,19,10358,-0.6477004885673523,-0.666897177696228,-0.09678453207015991,-0.8490540981292725,-0.8859888315200806,-0.09626374393701553,0.545,0.54,0.28,0.545,0.52,0.26,True,True
13,redundancy_cumulative_exponence,mean,20,11858,-0.6468531489372253,-0.6946097612380981,0.0,-0.847143292427063,-0.9558535814285278,0.0,0.61,0.5,0.0,0.6075,0.5,0.0,True,False
13,redundancy_cumulative_exponence,mean,21,1551,-0.646514356136322,-0.7128958106040955,0.27693456411361694,-0.8463813066482544,-1.0063612461090088,0.2853100299835205,0.8575,0.86,0.94,0.7075,0.8,0.6,True,False
13,redundancy_cumulative_exponence,mean,22,12565,-0.6423293352127075,-0.2642000913619995,-0.6537319421768188,-0.8370329737663269,-0.2711803615093231,-0.8552122712135315,0.72,0.46,0.86,0.6,0.38,0.8,True,True
13,redundancy_cumulative_exponence,mean,23,13634,0.6420921087265015,0.7072622179985046,0.1669372022151947,0.8365064859390259,0.9903846979141235,0.16761136054992676,0.935,0.96,0.86,0.7375,0.8,0.48,True,True
13,redundancy_cumulative_exponence,mean,24,11765,0.6389086842536926,0.7067969441413879,0.14108258485794067,0.8294862508773804,0.9890826344490051,0.1410757154226303,0.7625,0.86,0.7,0.5975,0.76,0.44,True,True
13,redundancy_cumulative_exponence,mean,25,11745,0.6320487260818481,0.6974450945854187,0.4713018536567688,0.8146012425422668,0.9634364247322083,0.5290020704269409,0.8925,0.74,0.88,0.7725,0.68,0.6,True,True
13,redundancy_cumulative_exponence,final,1,16084,0.6644747853279114,0.6714550256729126,0.6889638304710388,0.8880430459976196,0.8969849944114685,0.9410091638565063,1.0,1.0,1.0,0.8075,0.82,0.8,True,True
13,redundancy_cumulative_exponence,final,2,14168,-0.6415088176727295,-0.5650780200958252,0.11647333949804306,-0.835215151309967,-0.6780282855033875,0.11609286814928055,1.0,1.0,1.0,0.7925,0.7,0.58,True,False
13,redundancy_cumulative_exponence,final,3,14004,-0.5990613698959351,-0.5235280394554138,-0.21941958367824554,-0.7472335696220398,-0.6082878708839417,-0.22263990342617035,1.0,1.0,1.0,0.8,0.74,0.5,True,True
13,redundancy_cumulative_exponence,final,4,4253,0.5764994025230408,0.7733826041221619,0.7252679467201233,0.7046628594398499,1.207701563835144,1.0428663492202759,1.0,1.0,1.0,0.75,0.92,0.84,True,True
13,redundancy_cumulative_exponence,final,5,5159,-0.5690451860427856,-0.41679102182388306,0.03171391785144806,-0.6911458373069763,-0.4539065361022949,0.031410977244377136,1.0,1.0,1.0,0.7675,0.7,0.6,True,False
13,redundancy_cumulative_exponence,final,6,13627,-0.5184792280197144,-0.5886126756668091,-0.5069045424461365,-0.6055861711502075,-0.7207887768745422,-0.582144558429718,0.8675,0.48,0.52,0.7175,0.48,0.48,True,True
13,redundancy_cumulative_exponence,final,7,11483,0.5176386833190918,0.5264227390289307,0.5974559783935547,0.6042448878288269,0.6129356622695923,0.7375607490539551,1.0,1.0,1.0,0.7475,0.76,0.7,True,True
13,redundancy_cumulative_exponence,final,8,6051,-0.5016834139823914,-0.5769721269607544,-0.8273449540138245,-0.5792211890220642,-0.699312686920166,-1.4581410884857178,1.0,1.0,1.0,0.7175,0.8,0.94,True,True
13,redundancy_cumulative_exponence,final,9,8686,0.49695295095443726,0.4257107973098755,0.7160683274269104,0.5719568133354187,0.4657433032989502,1.015531301498413,1.0,1.0,1.0,0.72,0.7,0.9,True,True
13,redundancy_cumulative_exponence,final,10,105,0.4812796413898468,0.3156137764453888,0.32204538583755493,0.5483638644218445,0.329271525144577,0.33674922585487366,1.0,1.0,1.0,0.6875,0.62,0.56,True,True
13,redundancy_cumulative_exponence,final,11,12897,0.4774664044380188,0.03363091126084328,-0.347910612821579,0.5427294969558716,0.03331174701452255,-0.36736395955085754,1.0,1.0,1.0,0.6075,0.52,0.7,True,False
13,redundancy_cumulative_exponence,final,12,5219,-0.45771893858909607,-0.5052073001861572,-0.046106111258268356,-0.5141695141792297,-0.5795257687568665,-0.04569130763411522,0.85,0.82,0.92,0.65,0.7,0.52,True,True
13,redundancy_cumulative_exponence,final,13,164,-0.44631239771842957,-0.6562548875808716,0.14084148406982422,-0.49811795353889465,-0.8610010147094727,0.14082971215248108,1.0,1.0,1.0,0.7025,0.84,0.62,True,False
13,redundancy_cumulative_exponence,final,14,9465,-0.4337080419063568,-0.5412130951881409,0.3781353235244751,-0.4807325601577759,-0.6371541023254395,0.4043583571910858,1.0,1.0,1.0,0.6325,0.74,0.74,True,False
13,redundancy_cumulative_exponence,final,15,16335,-0.4331683814525604,0.44621121883392334,0.6442054510116577,-0.479995995759964,0.4935891032218933,0.8337960243225098,1.0,1.0,1.0,0.6575,0.74,0.78,False,False
13,redundancy_cumulative_exponence,final,16,7918,-0.421512633562088,-0.1932108849287033,0.2689151167869568,-0.46424242854118347,-0.19494226574897766,0.27639368176460266,1.0,1.0,1.0,0.6775,0.52,0.6,True,False
13,redundancy_cumulative_exponence,final,17,4923,-0.4200901389122009,-0.12237938493490219,0.1559247225522995,-0.46233904361724854,-0.1220669373869896,0.15626895427703857,0.51,0.58,0.06,0.3525,0.34,0.04,True,False
13,redundancy_cumulative_exponence,final,18,7247,0.3973385691642761,-0.17498019337654114,0.5006794929504395,0.4324440360069275,-0.17593590915203094,0.5725838541984558,1.0,1.0,1.0,0.64,0.64,0.68,False,True
13,redundancy_cumulative_exponence,final,19,15659,0.38972264528274536,0.649700403213501,0.3527395725250244,0.4226534068584442,0.8460651636123657,0.37318187952041626,1.0,1.0,1.0,0.6825,0.8,0.68,True,True
13,redundancy_cumulative_exponence,final,20,12998,0.3829176723957062,0.5444965958595276,0.16069135069847107,0.41399213671684265,0.6426417231559753,0.16117076575756073,1.0,1.0,1.0,0.63,0.76,0.58,True,True
13,redundancy_cumulative_exponence,final,21,14465,0.37752464413642883,-0.1385459452867508,-0.0704447478055954,0.4071841537952423,-0.13848908245563507,-0.06991042196750641,1.0,1.0,1.0,0.6325,0.52,0.5,False,False
13,redundancy_cumulative_exponence,final,22,661,-0.3580223619937897,-0.30489858984947205,-0.5622761249542236,-0.3829600214958191,-0.31692469120025635,-0.6731062531471252,1.0,1.0,1.0,0.64,0.64,0.76,True,True
13,redundancy_cumulative_exponence,final,23,2375,0.3480018079280853,-0.008838015608489513,0.5641598701477051,0.37074020504951477,-0.008749531581997871,0.6764115691184998,1.0,1.0,1.0,0.59,0.54,0.7,False,True
13,redundancy_cumulative_exponence,final,24,5697,-0.34190475940704346,0.1680254340171814,0.11623024940490723,-0.3633761405944824,0.16873566806316376,0.11584725230932236,1.0,1.0,1.0,0.565,0.5,0.56,False,False
13,redundancy_cumulative_exponence,final,25,15059,-0.33879125118255615,-0.3874629735946655,-0.7632682919502258,-0.3596358597278595,-0.41606995463371277,-1.1695070266723633,1.0,1.0,1.0,0.5475,0.68,0.88,True,True
14,definiteness_and_specificity,mean,1,14043,0.6710959076881409,0.5501485466957092,0.39015406370162964,0.9040777683258057,0.6521865129470825,0.4194765090942383,1.0,1.0,1.0,0.9175,0.78,0.58,True,True
14,definiteness_and_specificity,mean,2,4549,-0.5726279616355896,-0.5412835478782654,-0.8689028024673462,-0.6976107358932495,-0.6372714638710022,-1.7377766370773315,1.0,1.0,1.0,0.76,0.66,0.92,True,True
14,definiteness_and_specificity,mean,3,6944,0.5670731663703918,0.6397079229354858,0.44885313510894775,0.6876131296157837,0.8239182829856873,0.49724623560905457,0.5525,0.68,0.46,0.485,0.6,0.36,True,True
14,definiteness_and_specificity,mean,4,3973,-0.5475464463233948,-0.6267436742782593,-0.5054528117179871,-0.6535339951515198,-0.7962324023246765,-0.5799041390419006,0.4175,0.54,0.44,0.4,0.54,0.42,True,True
14,definiteness_and_specificity,mean,5,11483,0.5473949313163757,0.3854867219924927,0.30380260944366455,0.653276801109314,0.41357630491256714,0.31566935777664185,1.0,1.0,1.0,0.6775,0.66,0.58,True,True
14,definiteness_and_specificity,mean,6,2352,0.5144590139389038,0.5430028438568115,0.080478735268116,0.5991912484169006,0.6401400566101074,0.07992913573980331,0.76,0.78,0.86,0.5975,0.68,0.56,True,True
14,definiteness_and_specificity,mean,7,9331,0.5139158964157104,-0.07235424220561981,0.36866524815559387,0.5983317494392395,-0.07181527465581894,0.3926149010658264,0.9475,1.0,1.0,0.68,0.58,0.62,False,True
14,definiteness_and_specificity,mean,8,11776,0.5134446620941162,0.46187499165534973,0.8438020348548889,0.5975868105888367,0.5155144333839417,1.5565340518951416,1.0,1.0,1.0,0.68,0.52,0.94,True,True
14,definiteness_and_specificity,mean,9,7918,0.5114176869392395,0.49956071376800537,0.6727837920188904,0.5943895578384399,0.5708784461021423,0.9002253413200378,1.0,1.0,1.0,0.665,0.66,0.8,True,True
14,definiteness_and_specificity,mean,10,14259,-0.5091310739517212,-0.43616983294487,-0.4582653343677521,-0.5907999873161316,-0.4798346757888794,-0.5104091167449951,0.43,0.2,0.4,0.3775,0.2,0.38,True,True
14,definiteness_and_specificity,mean,11,13819,-0.5076863169670105,-0.48264071345329285,-0.5278450846672058,-0.5885396599769592,-0.5455355644226074,-0.615230143070221,0.3325,0.34,0.4,0.3325,0.34,0.38,True,True
14,definiteness_and_specificity,mean,12,5942,-0.4844042658805847,-0.517991304397583,-0.7817711234092712,-0.5530107021331787,-0.5994782447814941,-1.241110920906067,0.7675,1.0,1.0,0.5425,0.52,0.88,True,True
14,definiteness_and_specificity,mean,13,10074,0.48002463579177856,0.4086216986179352,0.15505065023899078,0.5465046763420105,0.44320499897003174,0.1553712785243988,0.905,0.92,0.9,0.6225,0.56,0.5,True,True
14,definiteness_and_specificity,mean,14,13797,-0.4794757664203644,-0.5612707734107971,-0.7934139370918274,-0.5456932187080383,-0.6713484525680542,-1.290393352508545,0.7675,1.0,1.0,0.58,0.64,0.94,True,True
14,definiteness_and_specificity,mean,15,9938,-0.47918716073036194,-0.4706738293170929,-0.8245355486869812,-0.5452672243118286,-0.5280963182449341,-1.4426189661026,0.7675,1.0,1.0,0.5775,0.54,0.98,True,True
14,definiteness_and_specificity,mean,16,4723,-0.4784596562385559,-0.5610104203224182,-0.7765770554542542,-0.5441933870315552,-0.670894205570221,-1.2202298641204834,0.7675,1.0,1.0,0.5125,0.64,0.86,True,True
14,definiteness_and_specificity,mean,17,12995,-0.47435131669044495,-0.43731576204299927,-0.4210645258426666,-0.5381572246551514,-0.48139283061027527,-0.45955729484558105,0.3425,0.28,0.26,0.3225,0.28,0.24,True,True
14,definiteness_and_specificity,mean,18,4230,-0.47361692786216736,-0.4035395681858063,-0.5053220987319946,-0.5370821356773376,-0.4366122782230377,-0.5797029137611389,0.3825,0.32,0.34,0.34,0.2,0.34,True,True
14,definiteness_and_specificity,mean,19,15695,-0.4726139307022095,-0.38736703991889954,-0.47639989852905273,-0.5356171727180481,-0.41594868898391724,-0.5363928079605103,0.3975,0.22,0.28,0.3575,0.2,0.28,True,True
14,definiteness_and_specificity,mean,20,15238,0.4723600149154663,0.18441557884216309,0.13343699276447296,0.5352461934089661,0.18574802577495575,0.13328781723976135,0.475,0.62,0.54,0.3975,0.34,0.32,True,True
14,definiteness_and_specificity,mean,21,12413,-0.4699302017688751,-0.5315975546836853,-0.7356869578361511,-0.531710147857666,-0.6213182210922241,-1.0752540826797485,0.77,1.0,1.0,0.54,0.64,0.84,True,True
14,definiteness_and_specificity,mean,22,2039,-0.46885576844215393,-0.5175104737281799,-0.4956308901309967,-0.5301509499549866,-0.598717987537384,-0.564917266368866,0.3375,0.34,0.32,0.31,0.34,0.32,True,True
14,definiteness_and_specificity,mean,23,12270,0.46708494424819946,-0.17441639304161072,0.1508563607931137,0.5275886654853821,-0.17535120248794556,0.1510690301656723,0.56,0.54,0.54,0.455,0.3,0.32,False,True
14,definiteness_and_specificity,mean,24,8113,-0.4669291377067566,-0.20870853960514069,-0.0525948628783226,-0.5273637771606445,-0.21126337349414825,-0.05213842913508415,0.77,0.82,0.8,0.54,0.46,0.46,True,True
14,definiteness_and_specificity,mean,25,7486,0.46574538946151733,0.23043547570705414,0.3107600510120392,0.5256562829017639,0.23442848026752472,0.32366177439689636,1.0,1.0,1.0,0.7025,0.62,0.62,True,True
14,definiteness_and_specificity,final,1,7918,0.6377742290496826,0.5444838404655457,0.7903770804405212,0.8270027041435242,0.6426203846931458,1.2771904468536377,1.0,1.0,1.0,0.7825,0.72,0.9,True,True
14,definiteness_and_specificity,final,2,8686,-0.5643243789672852,-0.24824309349060059,-0.3423709273338318,-0.6827165484428406,-0.25368908047676086,-0.36073073744773865,1.0,1.0,1.0,0.765,0.6,0.64,True,True
14,definiteness_and_specificity,final,3,15659,0.5342804789543152,0.44652488827705383,0.48048409819602966,0.6312641501426697,0.4940224587917328,0.5423638820648193,1.0,1.0,1.0,0.8575,0.72,0.66,True,True
14,definiteness_and_specificity,final,4,8182,0.5126150846481323,0.3093663156032562,0.8403551578521729,0.5962762832641602,0.3220561444759369,1.5347851514816284,1.0,1.0,1.0,0.6475,0.52,0.92,True,True
14,definiteness_and_specificity,final,5,10074,0.5010294318199158,0.6548195481300354,0.4763781428337097,0.578213095664978,0.8577017188072205,0.5363609790802002,0.905,0.92,0.9,0.6275,0.78,0.66,True,True
14,definiteness_and_specificity,final,6,1546,-0.49734535813331604,-0.46043795347213745,-0.8351084589958191,-0.5725570321083069,-0.5134779214859009,-1.502885103225708,1.0,1.0,1.0,0.6425,0.68,0.92,True,True
14,definiteness_and_specificity,final,7,14795,0.491220086812973,0.33464011549949646,0.7340704798698425,0.5632443428039551,0.3515448272228241,1.0701243877410889,1.0,1.0,1.0,0.68,0.62,0.84,True,True
14,definiteness_and_specificity,final,8,2352,0.4898410141468048,0.5015391111373901,-0.03082364983856678,0.561163067817688,0.5738970041275024,-0.0305283572524786,0.4225,0.38,0.38,0.38,0.36,0.2,True,False
14,definiteness_and_specificity,final,9,9465,0.4574606716632843,0.23827190697193146,0.6978544592857361,0.5138025283813477,0.24287225306034088,0.96453857421875,1.0,1.0,1.0,0.64,0.52,0.74,True,True
14,definiteness_and_specificity,final,10,164,0.4468536078929901,0.2914034128189087,0.821551501750946,0.49887222051620483,0.30156242847442627,1.426496148109436,1.0,1.0,1.0,0.6975,0.66,0.88,True,True
14,definiteness_and_specificity,final,11,9083,-0.4433009624481201,-0.3232676386833191,-0.697883129119873,-0.49393126368522644,-0.33817610144615173,-0.9646157622337341,1.0,1.0,1.0,0.62,0.62,0.86,True,True
14,definiteness_and_specificity,final,12,1633,-0.4410113990306854,-0.3529849052429199,-0.39734554290771484,-0.49076205492019653,-0.37347835302352905,-0.42864248156547546,1.0,1.0,1.0,0.7025,0.62,0.7,True,True
14,definiteness_and_specificity,final,13,14004,0.43157824873924255,0.518440306186676,0.7061265707015991,0.47782960534095764,0.6001886129379272,0.9872105717658997,1.0,1.0,1.0,0.665,0.7,0.76,True,True
14,definiteness_and_specificity,final,14,11483,-0.43115878105163574,0.13262660801410675,-0.5487058758735657,-0.4772591292858124,0.13246378302574158,-0.6497380137443542,1.0,1.0,1.0,0.63,0.62,0.68,False,True
14,definiteness_and_specificity,final,15,14168,0.4194713532924652,0.43518730998039246,0.7442777752876282,0.46151304244995117,0.4785008132457733,1.1032044887542725,1.0,1.0,1.0,0.6175,0.72,0.88,True,True
14,definiteness_and_specificity,final,16,6047,0.4192911982536316,0.5131393074989319,0.7442554235458374,0.46127215027809143,0.5918429493904114,1.1031302213668823,0.99,0.98,1.0,0.725,0.8,0.84,True,True
14,definiteness_and_specificity,final,17,2817,-0.4173290729522705,-0.2265818864107132,-0.4451712667942047,-0.45865675806999207,-0.2302941232919693,-0.4921540915966034,0.305,0.34,0.28,0.2825,0.18,0.24,True,True
14,definiteness_and_specificity,final,18,3288,0.4105541706085205,0.3070363998413086,0.7388522624969482,0.4496868848800659,0.3193771541118622,1.0854158401489258,1.0,1.0,1.0,0.745,0.68,0.82,True,True
14,definiteness_and_specificity,final,19,12998,0.405816912651062,0.20302888751029968,-0.5677802562713623,0.4434678554534912,0.2052634060382843,-0.6828075647354126,1.0,1.0,1.0,0.6725,0.52,0.78,True,False
14,definiteness_and_specificity,final,20,12178,0.39284247159957886,-0.3744998276233673,0.46224862337112427,0.4266514480113983,-0.39983299374580383,0.5160446763038635,1.0,1.0,1.0,0.615,0.66,0.76,False,True
14,definiteness_and_specificity,final,21,13191,0.38544321060180664,0.2630409300327301,0.60240238904953,0.41719740629196167,0.26990193128585815,0.7471228837966919,1.0,1.0,1.0,0.5975,0.62,0.76,True,True
14,definiteness_and_specificity,final,22,15772,-0.38305559754371643,-0.25731420516967773,-0.5520692467689514,-0.4141681492328644,-0.26360413432121277,-0.6554591655731201,0.2275,0.26,0.36,0.21,0.18,0.36,True,True
14,definiteness_and_specificity,final,23,2084,-0.3775693476200104,-0.22070680558681488,-0.7217638492584229,-0.4072405695915222,-0.22401268780231476,-1.032320499420166,1.0,1.0,1.0,0.5625,0.64,0.84,True,True
14,definiteness_and_specificity,final,24,12897,-0.37150874733924866,-0.48073631525039673,-0.7536692023277283,-0.3996470868587494,-0.5427342057228088,-1.1351689100265503,1.0,1.0,1.0,0.6425,0.72,0.86,True,True
14,definiteness_and_specificity,final,25,16335,0.36229318380355835,0.11664007604122162,0.1275174468755722,0.3882136642932892,0.11626134812831879,0.12727487087249756,1.0,1.0,1.0,0.6075,0.58,0.54,True,True
15,number_marking,mean,1,661,0.8499434590339661,-0.18010152876377106,-0.6363391876220703,1.6111646890640259,-0.1812552958726883,-0.816614031791687,1.0,1.0,1.0,0.9625,0.52,0.74,False,False
15,number_marking,mean,2,995,0.8418066501617432,-0.21127045154571533,-0.09229296445846558,1.5575894117355347,-0.21397706866264343,-0.09175702184438705,0.9575,0.86,0.5,0.9325,0.52,0.28,False,False
15,number_marking,mean,3,13837,0.8355420827865601,0.09882768988609314,0.6463809013366699,1.5188515186309814,0.09831572324037552,0.8386263251304626,0.9875,1.0,1.0,0.9775,0.56,0.82,True,True
15,number_marking,mean,4,8685,0.7831133604049683,-0.5596941709518433,-0.3925763964653015,1.2576944828033447,-0.6686005592346191,-0.4225536584854126,0.7625,0.78,0.52,0.7575,0.66,0.38,False,False
15,number_marking,mean,5,9622,-0.7677480578422546,0.2182019203901291,0.09584764391183853,-1.1967006921768188,0.22134242951869965,0.09532319009304047,1.0,1.0,1.0,0.895,0.56,0.58,False,False
15,number_marking,mean,6,8113,0.7615175843238831,0.2035120129585266,-0.04489539936184883,1.1734505891799927,0.20577293634414673,-0.04448904097080231,0.82,0.9,0.66,0.7975,0.5,0.48,True,False
15,number_marking,mean,7,5697,0.7540218234062195,-0.5599338412284851,0.19646166265010834,1.1465026140213013,-0.6690177917480469,0.19835270941257477,1.0,1.0,1.0,0.88,0.7,0.58,False,True
15,number_marking,mean,8,8793,0.753474235534668,-0.4725283086299896,0.23018743097782135,1.1445744037628174,-0.5307736992835999,0.23416203260421753,1.0,1.0,1.0,0.8825,0.72,0.62,False,True
15,number_marking,mean,9,4923,-0.709260106086731,0.1169172152876854,-0.2478458285331726,-1.0048596858978271,0.11654143035411835,-0.25325658917427063,0.9975,1.0,0.88,0.88,0.66,0.46,False,True
15,number_marking,mean,10,6102,-0.6992181539535522,0.3588556945323944,-0.022010065615177155,-0.9768295884132385,0.38059961795806885,-0.02179413102567196,1.0,1.0,1.0,0.875,0.6,0.6,False,True
15,number_marking,mean,11,14249,-0.684675395488739,0.5010531544685364,-0.10983414947986603,-0.9382191300392151,0.5731543898582458,-0.10939209163188934,0.575,0.6,0.6,0.5575,0.48,0.3,False,True
15,number_marking,mean,12,9764,-0.6813960075378418,0.509815514087677,-0.11783772706985474,-0.929811954498291,0.5866570472717285,-0.11747182905673981,0.5775,0.6,0.64,0.56,0.48,0.34,False,True
15,number_marking,mean,13,2620,-0.6801587343215942,0.4957592189311981,-0.15275508165359497,-0.9266679286956787,0.5651113390922546,-0.15301556885242462,0.5775,0.6,0.64,0.56,0.48,0.34,False,True
15,number_marking,mean,14,4241,-0.6784737706184387,0.5013794898986816,-0.12747783958911896,-0.9224106073379517,0.573652982711792,-0.12723466753959656,0.5725,0.6,0.64,0.555,0.48,0.34,False,True
15,number_marking,mean,15,16378,-0.6769310832023621,0.14795352518558502,-0.02058643475174904,-0.9185356497764587,0.14809642732143402,-0.02038385160267353,1.0,1.0,1.0,0.8225,0.5,0.56,False,True
15,number_marking,mean,16,3423,-0.676178514957428,0.5003539323806763,-0.12708717584609985,-0.9166531562805176,0.5720873475074768,-0.12683835625648499,0.5775,0.6,0.64,0.56,0.48,0.34,False,True
15,number_marking,mean,17,4643,-0.6732912063598633,0.49101972579956055,-0.11482345312833786,-0.9094797968864441,0.5579814910888672,-0.11442623287439346,0.5575,0.6,0.6,0.54,0.48,0.3,False,True
15,number_marking,mean,18,3205,-0.6729373931884766,0.5148023962974548,-0.0911274179816246,-0.9086078405380249,0.5944512486457825,-0.09058845043182373,0.5575,0.6,0.6,0.54,0.48,0.3,False,True
15,number_marking,mean,19,1664,-0.6728231906890869,0.4982450008392334,-0.11028257757425308,-0.9083243608474731,0.5688773989677429,-0.10984420031309128,0.5575,0.6,0.6,0.54,0.48,0.3,False,True
15,number_marking,mean,20,805,-0.6726326942443848,0.5043607950210571,-0.10516027361154556,-0.907855749130249,0.5782232284545898,-0.10468379408121109,0.56,0.6,0.6,0.5425,0.48,0.3,False,True
15,number_marking,mean,21,15739,-0.6721738576889038,0.5043326020240784,-0.10681260377168655,-0.9067257046699524,0.5781798958778381,-0.10634748637676239,0.5575,0.6,0.6,0.54,0.48,0.3,False,True
15,number_marking,mean,22,9069,-0.6721453070640564,0.503137469291687,-0.10685846209526062,-0.9066537618637085,0.5763446688652039,-0.10639365762472153,0.56,0.6,0.6,0.5425,0.48,0.3,False,True
15,number_marking,mean,23,9414,-0.6720300316810608,0.505638837814331,-0.0985005795955658,-0.9063736200332642,0.5801908373832703,-0.097987100481987,0.5575,0.6,0.6,0.54,0.48,0.3,False,True
15,number_marking,mean,24,1129,-0.6720002293586731,0.5102192759513855,-0.09410854429006577,-0.9062984585762024,0.5872852802276611,-0.09357800334692001,0.565,0.6,0.6,0.5475,0.48,0.3,False,True
15,number_marking,mean,25,5640,-0.6717965006828308,0.5038567185401917,-0.10744346678256989,-0.9057958722114563,0.5774484872817993,-0.10698290169239044,0.5575,0.6,0.6,0.54,0.48,0.3,False,True
15,number_marking,final,1,15659,0.6625156998634338,0.5242376923561096,-0.3725317418575287,0.8833710551261902,0.6094245314598083,-0.3973921537399292,1.0,1.0,1.0,0.8225,0.76,0.64,True,False
15,number_marking,final,2,4080,-0.6547194719314575,0.21423189342021942,-0.03639699146151543,-0.8650940656661987,0.21711963415145874,-0.0360550656914711,1.0,1.0,1.0,0.82,0.56,0.54,False,True
15,number_marking,final,3,9622,-0.6374762058258057,-0.05758531391620636,0.19896069169044495,-0.8263516426086426,-0.057101305574178696,0.2009791135787964,1.0,1.0,1.0,0.825,0.54,0.56,True,False
15,number_marking,final,4,6102,-0.6087787747383118,-0.49087807536125183,0.22738637030124664,-0.7664015889167786,-0.5577695369720459,0.23115625977516174,1.0,1.0,1.0,0.8,0.64,0.58,True,False
15,number_marking,final,5,12897,-0.5706952810287476,0.7504737973213196,-0.14174669981002808,-0.6941161155700684,1.124119520187378,-0.14175336062908173,1.0,1.0,1.0,0.7975,0.88,0.54,False,True
15,number_marking,final,6,1828,0.5467406511306763,0.2836569547653198,-0.5317457318305969,0.652162492275238,0.29283395409584045,-0.6215596795082092,0.685,0.9,0.82,0.58,0.58,0.7,True,False
15,number_marking,final,7,14795,0.5450032353401184,-0.6082684993743896,0.3712216019630432,0.6492125391960144,-0.7586384415626526,0.3957706689834595,1.0,1.0,1.0,0.7925,0.7,0.58,False,True
15,number_marking,final,8,8003,0.537014365196228,0.2348899096250534,0.2777767777442932,0.6357986927032471,0.23922207951545715,0.28625014424324036,1.0,1.0,1.0,0.7775,0.64,0.64,True,True
15,number_marking,final,9,9465,0.5339098572731018,-0.6850059628486633,0.5809987783432007,0.6306518316268921,-0.9307981729507446,0.7066670060157776,1.0,1.0,1.0,0.785,0.86,0.74,False,True
15,number_marking,final,10,2993,-0.5262674689292908,0.34696343541145325,0.028783980756998062,-0.6181318163871765,0.36622676253318787,0.02850649692118168,1.0,1.0,1.0,0.7625,0.6,0.6,False,False
15,number_marking,final,11,4923,-0.5095694661140442,0.09013408422470093,-0.3513965308666229,-0.5914861559867859,0.08959285914897919,-0.37156039476394653,0.9975,1.0,0.88,0.7875,0.62,0.58,False,True
15,number_marking,final,12,13033,0.49371829628944397,-0.5832618474960327,0.2670338451862335,0.5670289993286133,-0.7108345627784729,0.27431100606918335,1.0,1.0,1.0,0.755,0.76,0.54,False,True
15,number_marking,final,13,14004,0.4889809489250183,-0.47448262572288513,0.5283780694007874,0.5598675012588501,-0.53360515832901,0.616091787815094,1.0,1.0,1.0,0.74,0.62,0.78,False,True
15,number_marking,final,14,8113,0.4787600636482239,0.23209506273269653,0.23468278348445892,0.5446367859840393,0.2362126260995865,0.23899877071380615,0.4175,0.52,0.24,0.38,0.34,0.16,True,True
15,number_marking,final,15,5697,0.4722156226634979,-0.7434381246566772,0.44386839866638184,0.5350357890129089,-1.1004201173782349,0.4903595745563507,1.0,1.0,1.0,0.7425,0.82,0.6,False,True
15,number_marking,final,16,2375,-0.4425307512283325,0.10929671674966812,0.005523605737835169,-0.4928636848926544,0.10885032266378403,0.0054681748151779175,1.0,1.0,1.0,0.7125,0.52,0.52,False,False
15,number_marking,final,17,5159,0.43609973788261414,-0.45497646927833557,0.5771627426147461,0.48400408029556274,-0.5057854652404785,0.6996590495109558,1.0,1.0,1.0,0.7275,0.64,0.78,False,True
15,number_marking,final,18,3288,0.43396592140197754,-0.564690351486206,0.2794646620750427,0.48108455538749695,-0.6773452758789062,0.28813639283180237,1.0,1.0,1.0,0.68,0.74,0.66,False,True
15,number_marking,final,19,3947,-0.43385469913482666,0.6131019592285156,-0.1138104647397995,-0.48093268275260925,0.7682747840881348,-0.11340345442295074,0.8025,0.92,0.8,0.6175,0.82,0.46,False,True
15,number_marking,final,20,4549,-0.40683311223983765,0.22959600389003754,-0.3563182055950165,-0.44479823112487793,0.23352684080600739,-0.37751537561416626,1.0,1.0,0.98,0.7175,0.54,0.62,False,True
15,number_marking,final,21,661,0.39052924513816833,-0.5204578638076782,-0.25395268201828003,0.4236854910850525,-0.6033898591995239,-0.25992149114608765,1.0,1.0,1.0,0.7325,0.74,0.54,False,False
15,number_marking,final,22,12998,0.3875732123851776,-0.009493349120020866,-0.2893544137477875,0.41990917921066284,-0.00939836073666811,-0.29924747347831726,1.0,1.0,1.0,0.74,0.54,0.58,False,False
15,number_marking,final,23,15059,-0.38574525713920593,0.11877486854791641,-0.13148629665374756,-0.4175814986228943,0.11841937899589539,-0.1313047707080841,1.0,1.0,1.0,0.7325,0.5,0.58,False,True
15,number_marking,final,24,4257,0.3607635200023651,-0.5078089833259583,0.2024109661579132,0.38632845878601074,-0.5835437178611755,0.20461200177669525,0.7,0.76,0.78,0.5475,0.52,0.52,False,True
15,number_marking,final,25,10152,-0.35996270179748535,-0.5742573142051697,-0.015993403270840645,-0.38534337282180786,-0.6943972706794739,-0.015834685415029526,0.9125,0.86,0.9,0.64,0.68,0.5,True,True
16,gender_noun_class,mean,1,1671,-0.9497388005256653,-0.9565516114234924,-0.924990177154541,-3.0300827026367188,-3.2477974891662598,-2.409775495529175,1.0,1.0,1.0,1.0,1.0,1.0,True,True
16,gender_noun_class,mean,2,12965,-0.9485368132591248,-0.9440931081771851,-0.9089778661727905,-2.9916248321533203,-2.834890842437744,-2.1586990356445312,1.0,1.0,1.0,1.0,1.0,0.98,True,True
16,gender_noun_class,mean,3,11913,-0.9319550395011902,-0.9186081886291504,-0.8643889427185059,-2.567167043685913,-2.3012290000915527,-1.7017916440963745,1.0,1.0,1.0,0.99,1.0,0.96,True,True
16,gender_noun_class,mean,4,3570,-0.924728274345398,-0.9154249429702759,-0.8057222366333008,-2.426433801651001,-2.251551389694214,-1.346670389175415,1.0,1.0,1.0,0.9975,1.0,0.88,True,True
16,gender_noun_class,mean,5,5680,-0.9184355139732361,-0.9326638579368591,-0.8693029880523682,-2.3189051151275635,-2.5593864917755127,-1.7410506010055542,1.0,1.0,1.0,1.0,1.0,0.94,True,True
16,gender_noun_class,mean,6,7268,-0.9121434688568115,-0.8934885263442993,-0.7726378440856934,-2.2226481437683105,-1.9695734977722168,-1.2048137187957764,1.0,1.0,1.0,0.9625,0.92,0.86,True,True
16,gender_noun_class,mean,7,968,-0.903134286403656,-0.9217289090156555,-0.8625136613845825,-2.1008262634277344,-2.352717638015747,-1.68732750415802,1.0,1.0,1.0,1.0,1.0,0.94,True,True
16,gender_noun_class,mean,8,5205,0.8970929384231567,0.9079066514968872,0.9085553884506226,2.0278103351593018,2.1441798210144043,2.1529440879821777,0.915,0.92,0.92,0.9125,0.9,0.92,True,True
16,gender_noun_class,mean,9,10626,-0.8947925567626953,-0.888693630695343,-0.5180653929710388,-2.0015859603881836,-1.9187754392623901,-0.5995953679084778,1.0,1.0,1.0,0.98,0.96,0.72,True,True
16,gender_noun_class,mean,10,1019,-0.8888878226280212,-0.8804298639297485,-0.4437541663646698,-1.9378472566604614,-1.838093638420105,-0.49020248651504517,1.0,1.0,1.0,0.965,0.92,0.68,True,True
16,gender_noun_class,mean,11,12564,-0.8850056529045105,-0.897102952003479,-0.6480554938316345,-1.8984895944595337,-2.010056972503662,-0.8423686027526855,1.0,1.0,1.0,0.99,1.0,0.78,True,True
16,gender_noun_class,mean,12,6943,-0.8801357746124268,-0.8911681771278381,-0.6348261833190918,-1.8516902923583984,-1.944595456123352,-0.8133590817451477,1.0,1.0,1.0,0.9875,1.0,0.78,True,True
16,gender_noun_class,mean,13,12722,-0.878371000289917,-0.9007099866867065,-0.8161312341690063,-1.835374116897583,-2.0525193214416504,-1.3981225490570068,1.0,1.0,1.0,0.99,1.0,0.94,True,True
16,gender_noun_class,mean,14,11834,-0.8724281787872314,-0.8943093419075012,-0.7335655689239502,-1.782814621925354,-1.978594422340393,-1.0685298442840576,1.0,1.0,1.0,0.9925,1.0,0.9,True,True
16,gender_noun_class,mean,15,2706,-0.8615245819091797,-0.8834026455879211,-0.6611151099205017,-1.6947413682937622,-1.866189956665039,-0.8722964525222778,1.0,1.0,1.0,0.99,1.0,0.9,True,True
16,gender_noun_class,mean,16,1445,0.860988438129425,0.8819811344146729,0.8817253708839417,1.690659761428833,1.8526315689086914,1.8502154350280762,1.0,1.0,1.0,0.9025,0.96,0.96,True,True
16,gender_noun_class,mean,17,9319,-0.8560686707496643,-0.8846651911735535,-0.809744656085968,-1.6542164087295532,-1.8784291744232178,-1.3661046028137207,1.0,1.0,1.0,0.975,1.0,0.92,True,True
16,gender_noun_class,mean,18,91,-0.8489944338798523,-0.8802223801612854,-0.8228213787078857,-1.6047146320343018,-1.8361693620681763,-1.4333122968673706,1.0,1.0,1.0,0.975,1.0,0.94,True,True
16,gender_noun_class,mean,19,8487,-0.8488113284111023,-0.856206476688385,-0.366851806640625,-1.6034719944000244,-1.6406232118606567,-0.39038240909576416,1.0,1.0,1.0,0.9875,1.0,0.72,True,True
16,gender_noun_class,mean,20,10966,-0.8453166484832764,-0.8688054084777832,-0.7368926405906677,-1.580223560333252,-1.7369812726974487,-1.079106092453003,1.0,1.0,1.0,0.9375,1.0,0.82,True,True
16,gender_noun_class,mean,21,10606,-0.8441436290740967,-0.8108984231948853,-0.5886808037757874,-1.5725820064544678,-1.371781349182129,-0.720916748046875,1.0,1.0,1.0,0.9275,0.9,0.84,True,True
16,gender_noun_class,mean,22,14843,-0.8433099985122681,-0.8694658279418945,-0.646108865737915,-1.5671985149383545,-1.7423874139785767,-0.8380203247070312,1.0,1.0,1.0,0.99,1.0,0.78,True,True
16,gender_noun_class,mean,23,8026,-0.8422297239303589,-0.873985230922699,-0.807584285736084,-1.5602834224700928,-1.7804229259490967,-1.3555995225906372,1.0,1.0,1.0,0.975,1.0,0.92,True,True
16,gender_noun_class,mean,24,9339,-0.8408659100532532,-0.8666083812713623,-0.6131364107131958,-1.5516400337219238,-1.7192742824554443,-0.7683439254760742,1.0,1.0,1.0,0.975,1.0,0.76,True,True
16,gender_noun_class,mean,25,11716,-0.8371556401252747,-0.8689573407173157,-0.7358306050300598,-1.52863347530365,-1.7382227182388306,-1.0757120847702026,1.0,1.0,1.0,0.945,1.0,0.78,True,True
16,gender_noun_class,final,1,2993,-0.649357795715332,-0.7424691319465637,-0.10198726505041122,-0.852807343006134,-1.0972212553024292,-0.10149144381284714,1.0,1.0,1.0,0.8375,0.9,0.6,True,True
16,gender_noun_class,final,2,4253,-0.6381334066390991,-0.7599198818206787,-0.47003671526908875,-0.8277882933616638,-1.157327651977539,-0.5271785855293274,1.0,1.0,1.0,0.8175,0.9,0.76,True,True
16,gender_noun_class,final,3,4825,0.5750674605369568,0.5590337514877319,-0.04451320320367813,0.702046275138855,0.6674529910087585,-0.044109541922807693,1.0,1.0,1.0,0.8025,0.78,0.52,True,False
16,gender_noun_class,final,4,7247,0.5518771409988403,0.6826504468917847,-0.23901666700839996,0.6609549522399902,0.9247950315475464,-0.24367734789848328,1.0,1.0,1.0,0.81,0.9,0.64,True,False
16,gender_noun_class,final,5,661,0.5189393162727356,0.6218501925468445,0.322488397359848,0.6063219308853149,0.7860705256462097,0.337266206741333,1.0,1.0,1.0,0.77,0.76,0.66,True,True
16,gender_noun_class,final,6,7038,-0.50449138879776,-0.5787749886512756,-0.2313244342803955,-0.5835659503936768,-0.7025957703590393,-0.23538391292095184,1.0,1.0,1.0,0.7625,0.74,0.54,True,True
16,gender_noun_class,final,7,8003,0.4967659115791321,0.5757552981376648,0.050997525453567505,0.5716710090637207,0.697105348110199,0.05055075138807297,1.0,1.0,1.0,0.7025,0.8,0.58,True,True
16,gender_noun_class,final,8,14004,0.4936414659023285,0.735233724117279,0.05307238921523094,0.5669122338294983,1.0738112926483154,0.05261312425136566,1.0,1.0,1.0,0.74,0.82,0.68,True,True
16,gender_noun_class,final,9,12897,-0.4899836480617523,-0.5773422122001648,-0.02937832847237587,-0.5613778233528137,-0.6999852657318115,-0.029095618054270744,1.0,1.0,1.0,0.775,0.72,0.68,True,True
16,gender_noun_class,final,10,8793,0.46914976835250854,0.44181933999061584,-0.04344039782881737,0.5305778384208679,0.48754528164863586,-0.043044429272413254,1.0,1.0,1.0,0.7375,0.7,0.62,True,False
16,gender_noun_class,final,11,5697,0.4474526345729828,0.3894791603088379,0.02036893740296364,0.4997085630893707,0.4186209738254547,0.020168406888842583,1.0,1.0,1.0,0.7175,0.6,0.72,True,True
16,gender_noun_class,final,12,3288,0.4200981557369232,0.3054075539112091,-0.2134084850549698,0.4623498022556305,0.3175080120563507,-0.21624526381492615,1.0,1.0,1.0,0.73,0.66,0.58,True,False
16,gender_noun_class,final,13,15870,0.4131177067756653,0.46451660990715027,0.09269686043262482,0.4530702233314514,0.5192710161209106,0.09216202795505524,1.0,1.0,1.0,0.7525,0.7,0.52,True,True
16,gender_noun_class,final,14,15659,0.40994882583618164,0.5005531907081604,0.43378010392189026,0.44888952374458313,0.572391152381897,0.47659429907798767,1.0,1.0,1.0,0.71,0.72,0.7,True,True
16,gender_noun_class,final,15,2375,-0.391486257314682,-0.4986306130886078,0.04808095097541809,-0.4249112904071808,-0.5694632530212402,0.047652821987867355,1.0,1.0,1.0,0.73,0.8,0.56,True,False
16,gender_noun_class,final,16,9531,0.37668102979660034,0.4090346693992615,0.1396985948085785,0.4061239957809448,0.4437428116798401,0.13966406881809235,0.505,0.52,0.64,0.3975,0.42,0.42,True,True
16,gender_noun_class,final,17,14465,-0.36000141501426697,-0.2836184799671173,0.06273959577083588,-0.38539084792137146,-0.29279080033302307,0.0622316412627697,1.0,1.0,1.0,0.7425,0.78,0.6,True,False
16,gender_noun_class,final,18,16200,-0.3412550687789917,-0.2816205620765686,-0.16831275820732117,-0.3625949025154114,-0.2905499339103699,-0.16903258860111237,0.1575,0.08,0.1,0.15,0.08,0.08,True,True
16,gender_noun_class,final,19,16335,0.3324553966522217,0.08790887147188187,-0.37668928503990173,0.3520655632019043,0.0873635783791542,-0.4025557339191437,1.0,1.0,1.0,0.69,0.6,0.62,True,False
16,gender_noun_class,final,20,15059,-0.3292718529701233,-0.6484048366546631,-0.14470459520816803,-0.3482818305492401,-0.8431520462036133,-0.14477401971817017,1.0,1.0,1.0,0.58,0.82,0.52,True,True
16,gender_noun_class,final,21,14795,0.3233667314052582,0.24861788749694824,-0.12488774955272675,0.3412988781929016,0.2540973722934723,-0.12460815906524658,1.0,1.0,1.0,0.68,0.64,0.62,True,False
16,gender_noun_class,final,22,8113,0.3131412863731384,0.3747185468673706,0.2896359860897064,0.32931190729141235,0.4001046121120453,0.29956528544425964,0.765,0.3,0.84,0.4375,0.24,0.48,True,True
16,gender_noun_class,final,23,9622,-0.30864250659942627,-0.31837591528892517,0.11078819632530212,-0.32407858967781067,-0.3324766159057617,0.11035405099391937,1.0,1.0,1.0,0.5975,0.56,0.5,True,False
16,gender_noun_class,final,24,1825,0.2924792170524597,0.3127022385597229,0.1995481550693512,0.3054710924625397,0.3259030878543854,0.20159707963466644,0.125,0.1,0.04,0.115,0.1,0.04,True,True
16,gender_noun_class,final,25,12998,0.2891372740268707,-0.05823005363345146,-0.16457262635231018,0.3016602098941803,-0.05774278566241264,-0.16517071425914764,1.0,1.0,1.0,0.5975,0.52,0.52,False,False
17,animacy_and_humanness,mean,1,14004,-0.618086576461792,-0.5310755968093872,-0.6968330144882202,-0.7852767109870911,-0.6204684376716614,-0.9617921710014343,1.0,1.0,1.0,0.8075,0.8,0.86,True,True
17,animacy_and_humanness,mean,2,5382,-0.6023863554000854,-0.3234574794769287,-0.4240369200706482,-0.7537323832511902,-0.33839794993400574,-0.46350958943367004,1.0,1.0,1.0,0.7925,0.6,0.62,True,True
17,animacy_and_humanness,mean,3,5179,-0.5808741450309753,-0.5348278284072876,-0.47087281942367554,-0.7127180099487305,-0.626599907875061,-0.528383195400238,1.0,1.0,1.0,0.7675,0.72,0.6,True,True
17,animacy_and_humanness,mean,4,8003,0.536477267742157,0.2761271595954895,0.23946045339107513,0.6349058151245117,0.2844094932079315,0.24415722489356995,1.0,1.0,1.0,0.71,0.7,0.64,True,True
17,animacy_and_humanness,mean,5,10074,-0.5352877974510193,-0.5146437287330627,-0.35490062832832336,-0.6329317688941956,-0.5942019820213318,-0.37579649686813354,0.86,0.7,0.5,0.71,0.58,0.36,True,True
17,animacy_and_humanness,mean,6,3428,0.5337948203086853,0.13763414323329926,0.5826448202133179,0.6304618120193481,0.13755998015403748,0.7096958160400391,0.9875,0.94,0.98,0.73,0.5,0.78,True,True
17,animacy_and_humanness,mean,7,16378,-0.5329185724258423,-0.3829956650733948,-0.2296551764011383,-0.6290157437324524,-0.4104425311088562,-0.23359042406082153,1.0,1.0,1.0,0.755,0.56,0.56,True,True
17,animacy_and_humanness,mean,8,8666,0.518623411655426,-0.27446794509887695,0.45677661895751953,0.6058164238929749,-0.282560795545578,0.5083128809928894,1.0,0.98,1.0,0.75,0.5,0.56,False,True
17,animacy_and_humanness,mean,9,8182,0.5117450952529907,0.48698461055755615,0.4733189046382904,0.5949049592018127,0.5519628524780273,0.5319178700447083,1.0,1.0,1.0,0.74,0.62,0.72,True,True
17,animacy_and_humanness,mean,10,8628,0.503311276435852,0.7574144601821899,0.6369427442550659,0.5817369222640991,1.1483575105667114,0.8179168105125427,1.0,1.0,1.0,0.695,0.9,0.82,True,True
17,animacy_and_humanness,mean,11,11486,-0.5026674866676331,-0.2653667628765106,-0.6248343586921692,-0.5807409286499023,-0.27246829867362976,-0.7922492027282715,0.675,0.62,0.9,0.5225,0.36,0.64,True,True
17,animacy_and_humanness,mean,12,6618,0.4999631643295288,0.15873683989048004,0.7291128635406494,0.5765717625617981,0.15915943682193756,1.05463445186615,0.8575,0.86,0.96,0.6475,0.46,0.92,True,True
17,animacy_and_humanness,mean,13,3104,0.4994560480117798,0.5734819173812866,0.03527933359146118,0.5757923126220703,0.6929997801780701,0.034946516156196594,0.7475,0.74,0.7,0.5375,0.52,0.36,True,True
17,animacy_and_humanness,mean,14,5483,-0.4842621088027954,-0.5234981775283813,-0.5402519702911377,-0.5527988076210022,-0.608240008354187,-0.635555624961853,0.52,0.56,0.82,0.4225,0.44,0.5,True,True
17,animacy_and_humanness,mean,15,4399,-0.48207637667655945,-0.48378369212150574,-0.2876671552658081,-0.5495462417602539,-0.5472213625907898,-0.2973445951938629,1.0,1.0,1.0,0.695,0.66,0.7,True,True
17,animacy_and_humanness,mean,16,2360,-0.4797607660293579,-0.8345274925231934,-0.15094757080078125,-0.5461146235466003,-1.4994378089904785,-0.1511625349521637,0.6325,0.9,0.42,0.485,0.84,0.26,True,True
17,animacy_and_humanness,mean,17,4549,-0.4759999215602875,-0.39901992678642273,-0.44867169857025146,-0.540573239326477,-0.4307900369167328,-0.4969945251941681,1.0,1.0,1.0,0.7025,0.64,0.68,True,True
17,animacy_and_humanness,mean,18,10896,0.46269866824150085,0.3552525043487549,0.37642672657966614,0.5212768316268921,0.3762229382991791,0.40222880244255066,0.475,0.38,0.84,0.3825,0.24,0.58,True,True
17,animacy_and_humanness,mean,19,10739,0.4574265480041504,0.5103381276130676,0.3258132338523865,0.5137542486190796,0.5874701738357544,0.34115397930145264,0.71,0.62,0.56,0.515,0.52,0.46,True,True
17,animacy_and_humanness,mean,20,3387,0.4547591209411621,0.5798115134239197,0.13254112005233765,0.5099740028381348,0.704490602016449,0.13237690925598145,0.74,0.72,1.0,0.565,0.66,0.6,True,True
17,animacy_and_humanness,mean,21,5313,0.4537912905216217,0.6490867733955383,0.3053548336029053,0.5086069703102112,0.8446838855743408,0.31744757294654846,1.0,1.0,1.0,0.6875,0.76,0.62,True,True
17,animacy_and_humanness,mean,22,1893,0.4535786211490631,0.04383814334869385,0.520653486251831,0.5083068609237671,0.04343930631875992,0.6037009358406067,0.7775,0.64,0.94,0.5475,0.38,0.72,True,True
17,animacy_and_humanness,mean,23,10578,-0.4527137279510498,-0.7232193350791931,0.0,-0.5070878863334656,-1.0366805791854858,0.0,0.48,0.78,0.0,0.3775,0.78,0.0,True,False
17,animacy_and_humanness,mean,24,661,-0.4494912922382355,-0.2461576610803604,-0.46954771876335144,-0.502560019493103,-0.25141990184783936,-0.5264749526977539,1.0,1.0,1.0,0.715,0.64,0.72,True,True
17,animacy_and_humanness,mean,25,1852,0.4494483172893524,0.11356368660926819,0.37820708751678467,0.5024998784065247,0.1131543293595314,0.40444791316986084,0.9275,0.96,0.98,0.61,0.62,0.68,True,True
17,animacy_and_humanness,final,1,8182,0.6224128603935242,0.2900159955024719,0.709356427192688,0.7942290306091309,0.2999943792819977,0.9962785243988037,1.0,1.0,1.0,0.8125,0.62,0.8,True,True
17,animacy_and_humanness,final,2,3288,0.5816158056259155,0.5994114279747009,0.24761740863323212,0.7140927314758301,0.7413250803947449,0.2530079185962677,1.0,1.0,1.0,0.7925,0.76,0.62,True,True
17,animacy_and_humanness,final,3,4825,-0.4947979748249054,-0.4405996799468994,-0.5307963490486145,-0.5686703324317932,-0.4858745336532593,-0.6200141906738281,1.0,1.0,1.0,0.7025,0.7,0.74,True,True
17,animacy_and_humanness,final,4,13304,-0.47695809602737427,-0.5315814018249512,-0.6173713803291321,-0.5419815182685852,-0.6212918758392334,-0.776901364326477,1.0,1.0,1.0,0.7125,0.7,0.78,True,True
17,animacy_and_humanness,final,5,14004,-0.4695315361022949,-0.3510066866874695,-0.5877624750137329,-0.531131386756897,-0.37109023332595825,-0.7191978693008423,1.0,1.0,1.0,0.7075,0.58,0.76,True,True
17,animacy_and_humanness,final,6,10074,-0.4674549698829651,-0.5477718114852905,-0.30387380719184875,-0.5281234383583069,-0.6481572985649109,-0.3157508075237274,0.855,0.7,0.48,0.6575,0.54,0.34,True,True
17,animacy_and_humanness,final,7,7912,0.45994552969932556,0.0007269809138961136,0.607993483543396,0.5173397064208984,0.0007196745136752725,0.7580940127372742,1.0,1.0,1.0,0.6925,0.52,0.78,True,True
17,animacy_and_humanness,final,8,13774,0.44958582520484924,0.19050592184066772,0.43963515758514404,0.5026926398277283,0.19210952520370483,0.48455575108528137,0.69,0.68,0.82,0.515,0.4,0.6,True,True
17,animacy_and_humanness,final,9,8003,0.44711217284202576,0.3615354299545288,0.5243337750434875,0.4992331564426422,0.3838672339916229,0.609578549861908,1.0,1.0,1.0,0.6825,0.64,0.76,True,True
17,animacy_and_humanness,final,10,16378,-0.44175347685813904,-0.30417993664741516,-0.5053519606590271,-0.49178797006607056,-0.31610140204429626,-0.5797486901283264,1.0,1.0,1.0,0.6925,0.58,0.76,True,True
17,animacy_and_humanness,final,11,1828,0.409751296043396,0.451086163520813,0.4990180730819702,0.44862985610961914,0.5003498792648315,0.5700525045394897,0.815,1.0,1.0,0.5525,0.72,0.7,True,True
17,animacy_and_humanness,final,12,2734,-0.40915244817733765,-0.29315969347953796,-0.5088456869125366,-0.44784218072891235,-0.30355024337768555,-0.5851506590843201,1.0,1.0,1.0,0.7025,0.6,0.68,True,True
17,animacy_and_humanness,final,13,4441,0.37788307666778564,0.3358379900455475,0.5193853378295898,0.40763530135154724,0.35296282172203064,0.6016863584518433,1.0,1.0,1.0,0.6525,0.64,0.68,True,True
17,animacy_and_humanness,final,14,16335,0.35790592432022095,0.268953412771225,0.5371204018592834,0.3828171491622925,0.27643606066703796,0.6303717494010925,1.0,1.0,1.0,0.6375,0.66,0.74,True,True
17,animacy_and_humanness,final,15,9622,0.355292946100235,0.41112861037254333,-0.006472283508628607,0.37961676716804504,0.4464750587940216,-0.006407368462532759,1.0,1.0,1.0,0.6675,0.6,0.54,True,False
17,animacy_and_humanness,final,16,6618,0.33679601550102234,0.028152771294116974,0.7185975313186646,0.3572463393211365,0.027880869805812836,1.0229343175888062,0.5,0.36,0.7,0.365,0.2,0.68,True,True
17,animacy_and_humanness,final,17,7918,0.33573591709136963,-0.18226340413093567,0.42534545063972473,0.355978399515152,-0.1835053414106369,0.4652552306652069,1.0,1.0,1.0,0.635,0.54,0.68,False,True
17,animacy_and_humanness,final,18,16084,0.32617658376693726,0.2393397092819214,0.4679814875125885,0.3446160852909088,0.2440265715122223,0.5242253541946411,1.0,1.0,1.0,0.63,0.66,0.7,True,True
17,animacy_and_humanness,final,19,16200,-0.3227813243865967,-0.06260640174150467,-0.20647041499614716,-0.340609073638916,-0.062098972499370575,-0.2088964283466339,0.525,0.2,0.24,0.3575,0.12,0.14,True,True
17,animacy_and_humanness,final,20,4253,0.3136138617992401,0.5012991428375244,-0.18071188032627106,0.3298629820346832,0.5735304355621338,-0.18189026415348053,1.0,1.0,1.0,0.5925,0.72,0.54,True,False
17,animacy_and_humanness,final,21,13627,-0.30813005566596985,-0.5736720561981201,0.09824106097221375,-0.3234840929508209,-0.6933423280715942,0.09772641956806183,0.9925,0.96,0.74,0.6225,0.76,0.38,True,False
17,animacy_and_humanness,final,22,164,-0.3035067617893219,-0.02978900633752346,-0.6070873141288757,-0.31813371181488037,-0.029502704739570618,-0.756304144859314,1.0,1.0,1.0,0.6075,0.56,0.78,True,True
17,animacy_and_humanness,final,23,15282,0.2973892390727997,0.3122815191745758,-0.05144006013870239,0.3110923171043396,0.325417160987854,-0.050990574061870575,1.0,1.0,1.0,0.61,0.56,0.58,True,False
17,animacy_and_humanness,final,24,8686,0.2950250208377838,0.19907842576503754,0.5493413209915161,0.3083822727203369,0.20110294222831726,0.650815486907959,1.0,1.0,1.0,0.615,0.5,0.66,True,True
17,animacy_and_humanness,final,25,9531,-0.2931765913963318,-0.1247837170958519,-0.32611000537872314,-0.30626794695854187,-0.12450271844863892,-0.34150180220603943,0.3125,0.34,0.22,0.2225,0.18,0.18,True,True
18,person_marking_and_person_hierarchy,mean,1,2993,-0.5128213167190552,-0.4450680911540985,-0.36842820048332214,-0.5966019630432129,-0.492011696100235,-0.39232274889945984,1.0,1.0,1.0,0.76,0.7,0.58,True,True
18,person_marking_and_person_hierarchy,mean,2,12178,0.5032705068588257,0.4312293529510498,0.463890939950943,0.5816735029220581,0.47314921021461487,0.5183796286582947,1.0,1.0,1.0,0.705,0.76,0.68,True,True
18,person_marking_and_person_hierarchy,mean,3,5159,0.4766324758529663,0.4059212803840637,0.5052921175956726,0.5415024757385254,0.439695805311203,0.5796565413475037,1.0,1.0,1.0,0.715,0.66,0.76,True,True
18,person_marking_and_person_hierarchy,mean,4,5697,0.4433022439479828,0.4925534129142761,0.4572640061378479,0.4939329922199249,0.56028151512146,0.5089987516403198,1.0,1.0,1.0,0.725,0.78,0.66,True,True
18,person_marking_and_person_hierarchy,mean,5,13304,0.4418891668319702,0.2830950915813446,0.5493120551109314,0.4919756352901459,0.29220330715179443,0.6507658362388611,1.0,1.0,1.0,0.6625,0.6,0.76,True,True
18,person_marking_and_person_hierarchy,mean,6,13263,0.43733468651771545,0.5916182994842529,0.2762913405895233,0.48569822311401367,0.7264437675476074,0.28459256887435913,0.835,0.78,0.78,0.5375,0.64,0.44,True,True
18,person_marking_and_person_hierarchy,mean,7,14043,-0.43614280223846436,-0.38554683327674866,-0.4234604835510254,-0.48406296968460083,-0.41365209221839905,-0.46274176239967346,1.0,1.0,1.0,0.69,0.66,0.7,True,True
18,person_marking_and_person_hierarchy,mean,8,4217,-0.43175625801086426,-0.4015565514564514,-0.32945048809051514,-0.4780721962451935,-0.43405312299728394,-0.3454234004020691,0.26,0.46,0.18,0.23,0.36,0.14,True,True
18,person_marking_and_person_hierarchy,mean,9,3044,-0.42494437098503113,-0.2933494448661804,-0.42045384645462036,-0.4688507318496704,-0.3037651479244232,-0.45874762535095215,0.6525,0.62,0.5,0.5225,0.42,0.4,True,True
18,person_marking_and_person_hierarchy,mean,10,4828,0.42485862970352173,0.400773286819458,0.30184003710746765,0.46873560547828674,0.43304428458213806,0.3134249448776245,0.4875,0.4,0.58,0.4075,0.34,0.36,True,True
18,person_marking_and_person_hierarchy,mean,11,15741,-0.4189157783985138,-0.3630552589893341,-0.45966166257858276,-0.4607713222503662,-0.3857252299785614,-0.5123801827430725,1.0,1.0,0.7,0.7525,0.76,0.5,True,True
18,person_marking_and_person_hierarchy,mean,12,1121,-0.4137560725212097,-0.523372232913971,-0.03286714851856232,-0.45391517877578735,-0.6080383658409119,-0.03255440294742584,0.3125,0.56,0.24,0.2775,0.5,0.14,True,True
18,person_marking_and_person_hierarchy,mean,13,8113,0.40520229935646057,0.2336350530385971,0.4683700203895569,0.44266435503959656,0.23787015676498413,0.5247829556465149,0.6925,0.86,0.52,0.5225,0.56,0.42,True,True
18,person_marking_and_person_hierarchy,mean,14,14768,0.4037604331970215,0.41554415225982666,0.3742089867591858,0.44078078866004944,0.45226460695266724,0.39947178959846497,0.3,0.46,0.18,0.245,0.38,0.18,True,True
18,person_marking_and_person_hierarchy,mean,15,4255,0.40278127789497375,0.42415621876716614,0.06333635747432709,0.4395052492618561,0.46366870403289795,0.06282593309879303,1.0,1.0,0.7,0.68,0.72,0.36,True,True
18,person_marking_and_person_hierarchy,mean,16,7912,-0.39575785398483276,-0.25286537408828735,-0.12518800795078278,-0.4304031729698181,-0.25873231887817383,-0.12491249293088913,0.9675,0.94,0.84,0.63,0.56,0.5,True,True
18,person_marking_and_person_hierarchy,mean,17,4252,-0.3898487091064453,-0.4653686285018921,-0.3544374406337738,-0.42281490564346313,-0.52048659324646,-0.37523555755615234,0.56,0.62,0.28,0.425,0.48,0.24,True,True
18,person_marking_and_person_hierarchy,mean,18,8975,0.3877711594104767,0.18488922715187073,0.30455589294433594,0.4201608896255493,0.18624192476272583,0.3165318965911865,0.545,0.8,0.34,0.405,0.5,0.24,True,True
18,person_marking_and_person_hierarchy,mean,19,6166,0.3855115473270416,0.403683602809906,0.17160218954086304,0.4172843396663666,0.4367985129356384,0.17243534326553345,0.875,0.94,0.9,0.585,0.6,0.56,True,True
18,person_marking_and_person_hierarchy,mean,20,1794,0.38443461060523987,0.3553283214569092,0.009549024514853954,0.41591599583625793,0.37631478905677795,0.009453482925891876,1.0,1.0,0.7,0.645,0.66,0.42,True,True
18,person_marking_and_person_hierarchy,mean,21,4549,0.38287997245788574,0.4099693298339844,0.04659515246748924,0.41394445300102234,0.4449613690376282,0.04617699980735779,1.0,1.0,1.0,0.63,0.6,0.52,True,True
18,person_marking_and_person_hierarchy,mean,22,2258,0.37927719950675964,0.30005818605422974,0.0331990085542202,0.4093915522098541,0.31139108538627625,0.03288346901535988,0.5875,0.72,0.74,0.4025,0.48,0.4,True,True
18,person_marking_and_person_hierarchy,mean,23,13235,0.37755656242370605,0.20801372826099396,0.26984357833862305,0.4072251319885254,0.2105281800031662,0.27742278575897217,0.355,0.5,0.1,0.305,0.38,0.08,True,True
18,person_marking_and_person_hierarchy,mean,24,5322,-0.3753088414669037,-0.3362620174884796,-0.22849996387958527,-0.4044015407562256,-0.3534652888774872,-0.2323504388332367,0.2275,0.38,0.34,0.2025,0.32,0.24,True,True
18,person_marking_and_person_hierarchy,mean,25,443,-0.3750956654548645,-0.4249991178512573,0.06421887129545212,-0.40413376688957214,-0.46479296684265137,0.0637049451470375,0.3975,0.6,0.46,0.3125,0.48,0.26,True,False
18,person_marking_and_person_hierarchy,final,1,14465,-0.5475411415100098,-0.5141435861587524,-0.16007570922374725,-0.6535258293151855,-0.5934168696403503,-0.1605370193719864,1.0,1.0,1.0,0.7675,0.78,0.54,True,True
18,person_marking_and_person_hierarchy,final,2,5697,0.5381831526756287,0.49156463146209717,0.537992000579834,0.6377459764480591,0.5587978959083557,0.6318108439445496,1.0,1.0,1.0,0.75,0.7,0.76,True,True
18,person_marking_and_person_hierarchy,final,3,661,0.515921950340271,0.4698305130004883,0.22769005596637726,0.6015121936798096,0.5268819332122803,0.23148185014724731,1.0,1.0,1.0,0.71,0.7,0.64,True,True
18,person_marking_and_person_hierarchy,final,4,2084,-0.45962417125701904,-0.4548656940460205,-0.38900551199913025,-0.51688152551651,-0.5056301951408386,-0.4180210828781128,1.0,1.0,1.0,0.695,0.68,0.66,True,True
18,person_marking_and_person_hierarchy,final,5,105,-0.4510522484779358,-0.42921775579452515,-0.26869818568229675,-0.5047498345375061,-0.4704422354698181,-0.2761533558368683,1.0,1.0,1.0,0.69,0.72,0.56,True,True
18,person_marking_and_person_hierarchy,final,6,8113,0.43242520093917847,0.18576955795288086,0.5385504961013794,0.47898340225219727,0.18716026842594147,0.632734477519989,0.565,0.64,0.3,0.445,0.38,0.3,True,True
18,person_marking_and_person_hierarchy,final,7,3044,-0.4282659888267517,-0.30254462361335754,-0.4028686285018921,-0.47333452105522156,-0.3142302334308624,-0.4357456862926483,0.6525,0.62,0.5,0.52,0.4,0.4,True,True
18,person_marking_and_person_hierarchy,final,8,13190,-0.4279502034187317,-0.37059634923934937,-0.20125581324100494,-0.47290700674057007,-0.39499789476394653,-0.2033948302268982,0.3275,0.38,0.16,0.28,0.32,0.12,True,True
18,person_marking_and_person_hierarchy,final,9,7918,-0.40808701515197754,-0.3740156888961792,-0.30587536096572876,-0.44644269347190857,-0.39923200011253357,-0.3180445432662964,1.0,1.0,1.0,0.6775,0.72,0.62,True,True
18,person_marking_and_person_hierarchy,final,10,2993,-0.4068005681037903,-0.2900523841381073,-0.38107699155807495,-0.4447556138038635,-0.3000354766845703,-0.4080360531806946,1.0,1.0,1.0,0.6725,0.64,0.6,True,True
18,person_marking_and_person_hierarchy,final,11,12897,-0.39263269305229187,-0.3128245770931244,-0.23826949298381805,-0.42638224363327026,-0.32604435086250305,-0.24286966025829315,1.0,1.0,1.0,0.6825,0.68,0.58,True,True
18,person_marking_and_person_hierarchy,final,12,4441,-0.3924904763698578,-0.4322534501552582,0.08253461122512817,-0.4261992871761322,-0.4745306670665741,0.08198479562997818,1.0,1.0,1.0,0.625,0.64,0.5,True,False
18,person_marking_and_person_hierarchy,final,13,15870,0.3892590403556824,0.4016130864620209,0.2787648141384125,0.42206084728240967,0.43412598967552185,0.2873539924621582,0.6775,0.7,0.72,0.5,0.5,0.52,True,True
18,person_marking_and_person_hierarchy,final,14,443,-0.38494157791137695,-0.4361494481563568,0.06250197440385818,-0.41656023263931274,-0.4798068404197693,0.0619950108230114,0.3975,0.6,0.46,0.315,0.48,0.26,True,False
18,person_marking_and_person_hierarchy,final,15,5159,0.374178022146225,0.2931302785873413,0.4440203309059143,0.4029841423034668,0.3035168945789337,0.4905686378479004,1.0,1.0,1.0,0.685,0.68,0.7,True,True
18,person_marking_and_person_hierarchy,final,16,13191,0.37415361404418945,0.2839413285255432,0.14513200521469116,0.4029533863067627,0.293153315782547,0.14521078765392303,1.0,1.0,1.0,0.685,0.7,0.6,True,True
18,person_marking_and_person_hierarchy,final,17,12178,0.3736383020877838,0.2733880281448364,0.030255906283855438,0.40230852365493774,0.2813590466976166,0.029965542256832123,1.0,1.0,1.0,0.66,0.64,0.52,True,True
18,person_marking_and_person_hierarchy,final,18,10152,-0.3694359064102173,-0.44243669509887695,-0.15061940252780914,-0.39706355333328247,-0.4883922040462494,-0.15082626044750214,0.5725,0.5,0.48,0.4025,0.44,0.28,True,True
18,person_marking_and_person_hierarchy,final,19,2375,-0.3637259900569916,-0.26352182030677795,0.0005714591825380921,-0.38998252153396606,-0.27043211460113525,0.0005657158326357603,1.0,1.0,1.0,0.6775,0.72,0.54,True,False
18,person_marking_and_person_hierarchy,final,20,7912,-0.3587922155857086,-0.19389717280864716,-0.01906614750623703,-0.38390475511550903,-0.19566169381141663,-0.01887795329093933,0.9675,0.94,0.84,0.615,0.56,0.48,True,True
18,person_marking_and_person_hierarchy,final,21,4549,0.3576437830924988,0.2687841057777405,0.17134149372577667,0.382495641708374,0.2762484848499298,0.17216543853282928,0.7025,0.28,0.68,0.43,0.2,0.38,True,True
18,person_marking_and_person_hierarchy,final,22,6047,-0.3518657684326172,-0.21708068251609802,0.10664045065641403,-0.37543463706970215,-0.22014866769313812,0.10617410391569138,0.9975,0.98,1.0,0.6775,0.56,0.52,True,False
18,person_marking_and_person_hierarchy,final,23,4257,0.33632734417915344,0.3350115120410919,0.30777665972709656,0.3566853106021881,0.35198426246643066,0.32022762298583984,0.895,0.98,0.94,0.57,0.68,0.64,True,True
18,person_marking_and_person_hierarchy,final,24,4025,-0.3343408405780792,-0.37720635533332825,-0.40320464968681335,-0.3543124198913574,-0.40319982171058655,-0.43617957830429077,0.37,0.4,0.3,0.305,0.32,0.24,True,True
18,person_marking_and_person_hierarchy,final,25,13627,-0.329271525144577,-0.24623309075832367,-0.30721861124038696,-0.3482816219329834,-0.2515018582344055,-0.3195864260196686,0.735,0.76,0.44,0.5125,0.48,0.36,True,True
19,inclusive_exclusive_distinction,mean,1,6062,-0.8535889983177185,-0.4935387074947357,-0.023348644375801086,-1.6364827156066895,-0.5617626905441284,-0.023120282217860222,0.995,1.0,0.98,0.8925,0.72,0.5,True,True
19,inclusive_exclusive_distinction,mean,2,9899,0.8472542762756348,0.6314653754234314,0.567686140537262,1.5930248498916626,0.8061842322349548,0.6826406121253967,0.7875,0.56,0.6,0.7825,0.52,0.6,True,True
19,inclusive_exclusive_distinction,mean,3,7247,0.8461350798606873,-0.2659323811531067,0.48011401295661926,1.585603952407837,-0.27309325337409973,0.5418209433555603,1.0,1.0,1.0,0.955,0.52,0.62,False,True
19,inclusive_exclusive_distinction,mean,4,8003,0.8388033509254456,0.5554609298706055,0.5840644836425781,1.5387601852416992,0.6612749099731445,0.7123186588287354,1.0,1.0,1.0,0.955,0.74,0.82,True,True
19,inclusive_exclusive_distinction,mean,5,5487,0.8319265246391296,0.6296933889389038,0.578078031539917,1.4974007606506348,0.8024324774742126,0.7013248205184937,0.94,0.62,0.46,0.9175,0.56,0.38,True,True
19,inclusive_exclusive_distinction,mean,6,10086,0.8245407342910767,0.6530308723449707,0.5338097214698792,1.4554722309112549,0.8536126613616943,0.6249310970306396,0.8125,0.7,0.86,0.805,0.66,0.66,True,True
19,inclusive_exclusive_distinction,mean,7,12178,-0.8232278227806091,-0.49718040227890015,0.13327404856681824,-1.448270320892334,-0.5672621130943298,0.13312211632728577,1.0,1.0,1.0,0.9475,0.86,0.62,True,False
19,inclusive_exclusive_distinction,mean,8,6157,0.8225065469741821,0.4884949028491974,0.5496635437011719,1.4443418979644775,0.5542101860046387,0.6513622999191284,0.76,0.3,0.38,0.76,0.3,0.38,True,True
19,inclusive_exclusive_distinction,mean,9,1713,0.8207360506057739,0.3268304169178009,0.5199775695800781,1.4347959756851196,0.3423462510108948,0.6026265621185303,1.0,1.0,0.62,0.87,0.64,0.52,True,True
19,inclusive_exclusive_distinction,mean,10,4080,0.8102184534072876,0.22462907433509827,-0.23640207946300507,1.3805946111679077,0.22820332646369934,-0.24085302650928497,1.0,1.0,1.0,0.9375,0.74,0.5,True,False
19,inclusive_exclusive_distinction,mean,11,2958,0.8024998903274536,0.5578518509864807,0.5502874851226807,1.3433232307434082,0.6654033064842224,0.6524227857589722,0.79,0.56,0.66,0.79,0.54,0.56,True,True
19,inclusive_exclusive_distinction,mean,12,4218,-0.7959398627281189,-0.7286739349365234,-0.463934063911438,-1.3131434917449951,-1.0532803535461426,-0.5184411406517029,1.0,1.0,1.0,0.94,0.86,0.82,True,True
19,inclusive_exclusive_distinction,mean,13,10819,0.7876148819923401,0.7157050371170044,0.5165567398071289,1.2766488790512085,1.0144745111465454,0.5972126722335815,0.74,0.58,0.56,0.7175,0.54,0.38,True,True
19,inclusive_exclusive_distinction,mean,14,9465,-0.7848354578018188,0.3343288004398346,0.574237585067749,-1.264885425567627,0.3511764705181122,0.6943619251251221,1.0,1.0,1.0,0.88,0.76,0.52,False,False
19,inclusive_exclusive_distinction,mean,15,5475,0.7746464610099792,0.48868104815483093,0.44025564193725586,1.223410725593567,0.5544874668121338,0.4854038953781128,0.74,0.28,0.22,0.74,0.24,0.22,True,True
19,inclusive_exclusive_distinction,mean,16,3288,-0.7744781970977783,-0.8595623970031738,0.09073245525360107,-1.2227452993392944,-1.665111780166626,0.09019257128238678,1.0,1.0,1.0,0.9075,0.9,0.56,True,False
19,inclusive_exclusive_distinction,mean,17,4591,0.7737128734588623,0.30829423666000366,0.05550164356827736,1.2197335958480835,0.32082265615463257,0.05502863973379135,0.98,0.96,0.96,0.9175,0.52,0.52,True,True
19,inclusive_exclusive_distinction,mean,18,4396,-0.7677212357521057,-0.18898719549179077,-0.022525165230035782,-1.196598768234253,-0.19052107632160187,-0.022304432466626167,0.9525,0.72,0.86,0.9025,0.56,0.48,True,True
19,inclusive_exclusive_distinction,mean,19,16335,0.7624948620796204,-0.04830596596002579,-0.19729268550872803,1.1770451068878174,-0.04787636175751686,-0.19922563433647156,1.0,1.0,1.0,0.9175,0.54,0.54,False,False
19,inclusive_exclusive_distinction,mean,20,16378,0.7622444033622742,-0.25316837430000305,-0.4463440179824829,1.1761220693588257,-0.2590636610984802,-0.4937725365161896,1.0,1.0,1.0,0.93,0.68,0.7,False,False
19,inclusive_exclusive_distinction,mean,21,6385,-0.7621657848358154,-0.4970814287662506,-0.16939981281757355,-1.1758326292037964,-0.567112147808075,-0.17015647888183594,0.935,0.8,0.58,0.7825,0.66,0.38,True,True
19,inclusive_exclusive_distinction,mean,22,3423,0.7609239220619202,-0.7417643666267395,-0.5595539212226868,1.1712769269943237,-1.0949043035507202,-0.6683568954467773,0.75,0.64,0.82,0.7475,0.62,0.7,False,False
19,inclusive_exclusive_distinction,mean,23,3113,0.7577568292617798,0.6263027191162109,0.5838543176651001,1.1597951650619507,0.7953104972839355,0.7119300365447998,0.97,1.0,1.0,0.87,0.8,0.86,True,True
19,inclusive_exclusive_distinction,mean,24,6549,0.7546381950378418,-0.8173902034759521,-0.5846360325813293,1.1486772298812866,-1.404611587524414,-0.7133774757385254,0.725,0.74,0.78,0.725,0.74,0.66,False,False
19,inclusive_exclusive_distinction,mean,25,8957,0.7469581961631775,-0.7421130537986755,-0.6055343151092529,1.122058629989624,-1.0960495471954346,-0.7532469630241394,0.7125,0.62,0.74,0.7125,0.62,0.66,False,False
19,inclusive_exclusive_distinction,final,1,8182,-0.7900815606117249,-0.2269776463508606,0.6592288017272949,-1.2872611284255981,-0.23071818053722382,0.8678900003433228,1.0,1.0,1.0,0.905,0.56,0.8,True,False
19,inclusive_exclusive_distinction,final,2,9465,-0.737347424030304,-0.36678698658943176,0.6202316880226135,-1.0901713371276855,-0.39030271768569946,0.7827426791191101,1.0,1.0,1.0,0.89,0.56,0.74,True,False
19,inclusive_exclusive_distinction,final,3,16335,0.698752760887146,0.26444435119628906,0.4978483021259308,0.9755586385726929,0.2714499235153198,0.5682751536369324,1.0,1.0,1.0,0.85,0.56,0.8,True,True
19,inclusive_exclusive_distinction,final,4,3288,-0.6159942150115967,-0.31097713112831116,0.3542959988117218,-0.7809881567955017,-0.32391202449798584,0.37506431341171265,1.0,1.0,1.0,0.7825,0.56,0.58,True,False
19,inclusive_exclusive_distinction,final,5,16378,0.5774152278900146,0.6273568868637085,0.5635995268821716,0.7063415050506592,0.7975167036056519,0.675426721572876,1.0,1.0,1.0,0.74,0.78,0.76,True,True
19,inclusive_exclusive_distinction,final,6,13304,0.5645027756690979,-0.004403355065733194,0.034110479056835175,0.6830331087112427,-0.004359141457825899,0.0337873175740242,1.0,1.0,1.0,0.7775,0.54,0.6,False,True
19,inclusive_exclusive_distinction,final,7,5219,-0.5559722185134888,-0.4309735596179962,-0.26588010787963867,-0.6680415868759155,-0.47280454635620117,-0.27303546667099,0.895,0.98,0.86,0.6975,0.64,0.6,True,True
19,inclusive_exclusive_distinction,final,8,9622,-0.5529869794845581,-0.25953519344329834,-0.45224061608314514,-0.6628686785697937,-0.2660430371761322,-0.5019591450691223,1.0,1.0,1.0,0.7975,0.54,0.72,True,True
19,inclusive_exclusive_distinction,final,9,4080,0.551654577255249,-0.5325927138328552,-0.4876673221588135,0.6605713963508606,-0.622941255569458,-0.5529776811599731,1.0,1.0,1.0,0.7275,0.74,0.74,False,False
19,inclusive_exclusive_distinction,final,10,12897,0.5364692211151123,0.31851810216903687,-0.6722049713134766,0.6348925232887268,0.3326418697834015,-0.8988121151924133,1.0,1.0,1.0,0.735,0.58,0.84,True,False
19,inclusive_exclusive_distinction,final,11,14168,-0.5139237642288208,-0.5088527202606201,0.6122918128967285,-0.5983442068099976,-0.5851616263389587,0.7666500806808472,1.0,1.0,1.0,0.7675,0.74,0.76,True,False
19,inclusive_exclusive_distinction,final,12,14795,-0.5110724568367004,-0.4466361999511719,0.6322606205940247,-0.593846321105957,-0.4941762387752533,0.8078753352165222,1.0,1.0,1.0,0.76,0.62,0.78,True,False
19,inclusive_exclusive_distinction,final,13,11776,-0.5090156197547913,0.38917070627212524,0.7160938382148743,-0.5906182527542114,0.41823020577430725,1.0156058073043823,1.0,1.0,1.0,0.7225,0.66,0.84,False,False
19,inclusive_exclusive_distinction,final,14,12178,-0.4951702058315277,-0.5203127861022949,0.2583308219909668,-0.5692371726036072,-0.6031591296195984,0.26472002267837524,1.0,1.0,1.0,0.8,0.66,0.64,True,False
19,inclusive_exclusive_distinction,final,15,14791,0.49405771493911743,0.09393902122974396,-0.374483197927475,0.5675445795059204,0.09340792894363403,-0.39981234073638916,0.8125,0.92,1.0,0.59,0.5,0.64,True,False
19,inclusive_exclusive_distinction,final,16,11524,-0.48919036984443665,-0.2763277292251587,-0.340545117855072,-0.5601828098297119,-0.2846331000328064,-0.35855379700660706,0.965,0.92,0.98,0.6725,0.64,0.74,True,True
19,inclusive_exclusive_distinction,final,17,13627,-0.48576483130455017,-0.2347385138273239,-0.116109699010849,-0.5550434589385986,-0.2390589416027069,-0.11572546511888504,0.7,0.4,0.8,0.5675,0.24,0.5,True,True
19,inclusive_exclusive_distinction,final,18,13774,-0.48509520292282104,-0.3076740801334381,0.01003243587911129,-0.5540420413017273,-0.32010969519615173,0.009932104498147964,0.8,0.9,0.92,0.6425,0.62,0.54,True,False
19,inclusive_exclusive_distinction,final,19,4549,0.4601496160030365,-0.2170104682445526,0.07656215131282806,0.5176305770874023,-0.22007393836975098,0.07601578533649445,0.5575,0.52,0.24,0.4475,0.32,0.14,False,True
19,inclusive_exclusive_distinction,final,20,9880,-0.450713574886322,-0.33671697974205017,0.05187205970287323,-0.504274308681488,-0.35400456190109253,0.051419947296381,1.0,1.0,1.0,0.71,0.7,0.6,True,False
19,inclusive_exclusive_distinction,final,21,661,-0.4481024146080017,-0.5722143054008484,0.41383010149002075,-0.5006163120269775,-0.6907212734222412,0.4500127136707306,1.0,1.0,1.0,0.755,0.68,0.68,True,False
19,inclusive_exclusive_distinction,final,22,4929,-0.44162651896476746,-0.13954319059848785,-0.10491599887609482,-0.4916122257709503,-0.13950562477111816,-0.1044379249215126,0.3825,0.1,0.26,0.335,0.08,0.14,True,True
19,inclusive_exclusive_distinction,final,23,13357,-0.4409339725971222,0.10691702365875244,0.010296674445271492,-0.4906556010246277,0.10645264387130737,0.010193727910518646,0.59,0.26,0.52,0.4625,0.14,0.28,False,False
19,inclusive_exclusive_distinction,final,24,2084,0.4366116225719452,0.4472251236438751,-0.47030362486839294,0.48470574617385864,0.49499067664146423,-0.5275630354881287,1.0,1.0,1.0,0.7075,0.66,0.7,True,False
19,inclusive_exclusive_distinction,final,25,12460,-0.431546688079834,0.259967178106308,-0.216565802693367,-0.47778668999671936,0.26651784777641296,-0.21960072219371796,0.6125,0.14,0.12,0.4175,0.12,0.1,False,True
20,pronoun_richness_and_reduction,mean,1,14004,-0.9611682295799255,-0.9492269158363342,-0.8919729590415955,-3.4786083698272705,-2.986994743347168,-1.9531748294830322,1.0,1.0,1.0,1.0,1.0,1.0,True,True
20,pronoun_richness_and_reduction,mean,2,5159,-0.9574276208877563,-0.9070405960083008,-0.9278348684310913,-3.312499523162842,-2.132617950439453,-2.4625496864318848,1.0,1.0,1.0,0.995,0.96,1.0,True,True
20,pronoun_richness_and_reduction,mean,3,9465,-0.9370673298835754,-0.906671404838562,-0.8805661797523499,-2.680508613586426,-2.1277339458465576,-1.8393611907958984,1.0,1.0,1.0,0.9975,1.0,0.96,True,True
20,pronoun_richness_and_reduction,mean,4,12178,-0.908375084400177,-0.861309289932251,-0.8749140501022339,-2.169618606567383,-1.678182601928711,-1.7884767055511475,1.0,1.0,1.0,0.9925,0.96,1.0,True,True
20,pronoun_richness_and_reduction,mean,5,11776,-0.903210461139679,-0.8284785747528076,-0.9009976983070374,-2.101783037185669,-1.4645025730133057,-2.0560009479522705,1.0,1.0,1.0,0.9825,0.98,1.0,True,True
20,pronoun_richness_and_reduction,mean,6,5697,-0.9022186398506165,-0.8350110054016113,-0.8827555775642395,-2.0893468856811523,-1.502305269241333,-1.8599896430969238,1.0,1.0,1.0,0.965,0.96,1.0,True,True
20,pronoun_richness_and_reduction,mean,7,14795,-0.8761990070343018,-0.8940984010696411,-0.8149624466896057,-1.8157594203948975,-1.976267695426941,-1.3921524286270142,1.0,1.0,1.0,0.985,0.98,1.0,True,True
20,pronoun_richness_and_reduction,mean,8,105,0.871849000453949,0.8883345127105713,0.8906251192092896,1.7778767347335815,1.915095567703247,1.9388599395751953,1.0,1.0,1.0,0.9725,0.98,1.0,True,True
20,pronoun_richness_and_reduction,mean,9,13304,-0.8645439147949219,-0.7832476496696472,-0.8110687732696533,-1.7181392908096313,-1.247166633605957,-1.372623324394226,1.0,1.0,1.0,0.9575,0.94,0.9,True,True
20,pronoun_richness_and_reduction,mean,10,9083,0.8550766110420227,0.7895238399505615,0.7576960325241089,1.647067666053772,1.2735265493392944,1.1493595838546753,1.0,1.0,1.0,0.9625,0.92,0.94,True,True
20,pronoun_richness_and_reduction,mean,11,12897,0.8517664670944214,0.8470470309257507,0.8677104115486145,1.6237208843231201,1.577621579170227,1.728104591369629,1.0,1.0,1.0,0.975,0.96,1.0,True,True
20,pronoun_richness_and_reduction,mean,12,4230,-0.8461209535598755,-0.8941882252693176,-0.7547347545623779,-1.5855103731155396,-1.977257251739502,-1.13889479637146,0.7525,0.88,0.88,0.74,0.88,0.66,True,True
20,pronoun_richness_and_reduction,mean,13,8628,0.8457704186439514,0.8270071148872375,0.783833920955658,1.5832034349441528,1.4562569856643677,1.2495850324630737,1.0,1.0,1.0,0.9875,0.98,1.0,True,True
20,pronoun_richness_and_reduction,mean,14,9622,0.8436944484710693,0.23644711077213287,0.05912930518388748,1.5696771144866943,0.2409016638994217,0.058637622743844986,1.0,1.0,1.0,0.9825,0.9,0.9,True,True
20,pronoun_richness_and_reduction,mean,15,14168,-0.8425558805465698,-0.4983068108558655,-0.7210891246795654,-1.562362790107727,-0.5689713954925537,-1.0303090810775757,1.0,1.0,1.0,0.9425,0.9,0.88,True,True
20,pronoun_richness_and_reduction,mean,16,7948,0.8383492827415466,0.9061489701271057,0.5242301821708679,1.5359556674957275,2.1208741664886475,0.609412431716919,1.0,1.0,1.0,0.96,1.0,0.78,True,True
20,pronoun_richness_and_reduction,mean,17,7918,-0.8353522419929504,-0.8158745169639587,-0.8110989332199097,-1.5177080631256104,-1.3968074321746826,-1.372773289680481,1.0,1.0,1.0,0.9725,0.98,0.96,True,True
20,pronoun_richness_and_reduction,mean,18,1482,0.8314896821975708,0.779494047164917,0.8001492023468018,1.4948525428771973,1.2318768501281738,1.320616602897644,0.7525,0.74,0.78,0.7525,0.74,0.74,True,True
20,pronoun_richness_and_reduction,mean,19,6944,-0.8313592672348022,-0.8597320914268494,-0.7884952425956726,-1.4940919876098633,-1.66637122631073,-1.26913583278656,0.9,0.96,0.9,0.8825,0.96,0.82,True,True
20,pronoun_richness_and_reduction,mean,20,4549,0.8295195698738098,0.8035743832588196,0.8241986632347107,1.4834672212600708,1.336512565612793,1.4407804012298584,1.0,1.0,1.0,0.995,0.96,0.96,True,True
20,pronoun_richness_and_reduction,mean,21,11338,-0.8284989595413208,-0.7997105717658997,-0.6908930540084839,-1.4776362180709839,-1.3186070919036865,-0.9460440278053284,0.7,0.7,0.72,0.7,0.7,0.52,True,True
20,pronoun_richness_and_reduction,mean,22,14161,-0.8281378149986267,-0.8113958835601807,-0.8295556902885437,-1.475585699081421,-1.374243140220642,-1.4705994129180908,0.7225,0.78,0.78,0.7225,0.78,0.78,True,True
20,pronoun_richness_and_reduction,mean,23,9919,-0.8277168869972229,-0.7983793616294861,-0.7008865475654602,-1.4732029438018799,-1.312544822692871,-0.9727585315704346,0.7,0.7,0.7,0.7,0.7,0.52,True,True
20,pronoun_richness_and_reduction,mean,24,7551,-0.8233422636985779,-0.8004065752029419,-0.80997234582901,-1.4488939046859741,-1.3217980861663818,-1.3672212362289429,0.88,0.9,0.9,0.8775,0.9,0.88,True,True
20,pronoun_richness_and_reduction,mean,25,12770,-0.821427047252655,-0.7909319400787354,-0.6757647395133972,-1.4385067224502563,-1.2795839309692383,-0.9075525999069214,0.705,0.7,0.72,0.7,0.7,0.54,True,True
20,pronoun_richness_and_reduction,final,1,14795,-0.8592251539230347,-0.8670993447303772,-0.7250207662582397,-1.677392840385437,-1.7231950759887695,-1.042116641998291,1.0,1.0,1.0,0.95,0.98,0.82,True,True
20,pronoun_richness_and_reduction,final,2,2993,0.849557101726532,0.7800687551498413,0.6281101107597351,1.6085309982299805,1.2341958284378052,0.7990973591804504,1.0,1.0,1.0,0.9525,0.88,0.78,True,True
20,pronoun_richness_and_reduction,final,3,14004,-0.8372207283973694,-0.8341838121414185,-0.7614203095436096,-1.5290318727493286,-1.4974066019058228,-1.1627575159072876,1.0,1.0,1.0,0.9425,0.94,0.86,True,True
20,pronoun_richness_and_reduction,final,4,12897,0.8130197525024414,0.811373770236969,0.5991485714912415,1.394628882408142,1.3741332292556763,0.7408177256584167,1.0,1.0,1.0,0.9225,0.94,0.8,True,True
20,pronoun_richness_and_reduction,final,5,9083,0.8032078742980957,0.7840684056282043,0.6887794137001038,1.3466596603393555,1.2505555152893066,0.9405298233032227,1.0,1.0,1.0,0.9375,0.94,0.8,True,True
20,pronoun_richness_and_reduction,final,6,11776,-0.8018603920936584,-0.8245470523834229,-0.6515963673591614,-1.3403211832046509,-1.4426814317703247,-0.8503515124320984,1.0,1.0,1.0,0.915,0.94,0.88,True,True
20,pronoun_richness_and_reduction,final,7,5159,-0.79666668176651,-0.6763015985488892,-0.7353094816207886,-1.3164228200912476,-0.9088812470436096,-1.0740528106689453,1.0,1.0,1.0,0.9225,0.86,0.84,True,True
20,pronoun_richness_and_reduction,final,8,2895,0.784396767616272,0.7870758771896362,0.6682480573654175,1.2630457878112793,1.263122797012329,0.8892291188240051,0.7,0.7,0.7,0.6975,0.7,0.66,True,True
20,pronoun_richness_and_reduction,final,9,164,-0.7811246514320374,-0.5959553718566895,-0.5232549905776978,-1.2494860887527466,-0.7346858978271484,-0.6078507900238037,1.0,1.0,1.0,0.9275,0.78,0.8,True,True
20,pronoun_richness_and_reduction,final,10,9622,0.7769089341163635,0.8245987892150879,0.8017712235450745,1.2324036359786987,1.4429644346237183,1.328099012374878,1.0,1.0,1.0,0.9475,0.92,0.92,True,True
20,pronoun_richness_and_reduction,final,11,5697,-0.7688749432563782,-0.7916001081466675,-0.6032384037971497,-1.200992226600647,-1.2824766635894775,-0.748752236366272,1.0,1.0,1.0,0.9175,0.94,0.78,True,True
20,pronoun_richness_and_reduction,final,12,1546,0.7679563164710999,0.6424990296363831,0.3390083312988281,1.1974914073944092,0.8300309181213379,0.3567250669002533,1.0,1.0,1.0,0.8825,0.86,0.6,True,True
20,pronoun_richness_and_reduction,final,13,13304,-0.7635689973831177,-0.5842238068580627,-0.5378873944282532,-1.1810173988342285,-0.7126136422157288,-0.6316379904747009,1.0,1.0,1.0,0.8825,0.78,0.68,True,True
20,pronoun_richness_and_reduction,final,14,11483,0.7352381348609924,0.5910751819610596,0.6092780828475952,1.0833712816238403,0.7254186868667603,0.7606398463249207,1.0,1.0,1.0,0.9025,0.76,0.82,True,True
20,pronoun_richness_and_reduction,final,15,443,-0.7199807167053223,-0.7407252192497253,-0.6198850274085999,-1.0361474752426147,-1.0915027856826782,-0.7820320129394531,0.7675,0.78,0.88,0.7375,0.76,0.8,True,True
20,pronoun_richness_and_reduction,final,16,105,0.7184292674064636,0.677749514579773,0.6850736141204834,1.0315272808074951,0.9124770760536194,0.9309713840484619,1.0,1.0,1.0,0.9025,0.84,0.82,True,True
20,pronoun_richness_and_reduction,final,17,8793,-0.7008826732635498,-0.6416962742805481,-0.5415539145469666,-0.9813952445983887,-0.8282672166824341,-0.6377217769622803,1.0,1.0,1.0,0.84,0.74,0.72,True,True
20,pronoun_richness_and_reduction,final,18,13191,-0.6982070207595825,-0.7616811990737915,-0.4951231777667999,-0.9740715622901917,-1.1637064218521118,-0.5641505718231201,1.0,1.0,1.0,0.8775,0.88,0.78,True,True
20,pronoun_richness_and_reduction,final,19,10152,-0.6884614825248718,-0.8497841954231262,-0.7015296220779419,-0.9480566382408142,-1.5958912372589111,-0.9745153188705444,0.6325,0.94,0.68,0.625,0.94,0.68,True,True
20,pronoun_richness_and_reduction,final,20,2084,0.6678310036659241,0.5291946530342102,0.4358307421207428,0.8961228132247925,0.6174139380455017,0.4793740510940552,0.9875,1.0,1.0,0.84,0.76,0.72,True,True
20,pronoun_richness_and_reduction,final,21,16084,0.6643953919410706,0.5558410286903381,0.6993813514709473,0.8878529071807861,0.6619295477867126,0.9686650633811951,1.0,1.0,1.0,0.8225,0.74,0.84,True,True
20,pronoun_richness_and_reduction,final,22,8686,0.6623888611793518,0.6008380651473999,0.5541063547134399,0.8830693364143372,0.744084358215332,0.6589463949203491,1.0,1.0,1.0,0.83,0.76,0.8,True,True
20,pronoun_richness_and_reduction,final,23,14168,-0.6523502469062805,-0.45423611998558044,-0.44603291153907776,-0.8596375584602356,-0.5047482252120972,-0.49334290623664856,1.0,1.0,1.0,0.795,0.66,0.66,True,True
20,pronoun_richness_and_reduction,final,24,12178,-0.6470192670822144,-0.16592596471309662,-0.437509685754776,-0.8475176692008972,-0.16656726598739624,-0.48165690898895264,1.0,1.0,1.0,0.83,0.52,0.68,True,True
20,pronoun_richness_and_reduction,final,25,2375,0.6400631070137024,0.30441051721572876,0.4324374198913574,0.832023561000824,0.31636542081832886,0.4747791290283203,1.0,1.0,1.0,0.7875,0.52,0.64,True,True
21,possession_and_alienability,mean,1,8666,-0.6268336772918701,-0.5676026344299316,-0.591072678565979,-0.803500771522522,-0.6824924945831299,-0.7254137992858887,0.9625,1.0,1.0,0.76,0.74,0.72,True,True
21,possession_and_alienability,mean,2,7918,0.6047208905220032,0.5456935167312622,0.36554619669914246,0.7583326697349548,0.6446525454521179,0.38877832889556885,1.0,1.0,1.0,0.7675,0.78,0.62,True,True
21,possession_and_alienability,mean,3,14043,-0.5402531623840332,-0.3326641917228699,-0.4249286353588104,-0.6412073373794556,-0.34920984506607056,-0.46469879150390625,1.0,1.0,1.0,0.715,0.58,0.68,True,True
21,possession_and_alienability,mean,4,15325,0.5251805782318115,0.48315662145614624,0.523063600063324,0.6163681745529175,0.5462960004806519,0.6075447201728821,0.875,0.86,0.94,0.6475,0.54,0.7,True,True
21,possession_and_alienability,mean,5,2084,-0.5214688777923584,-0.5443084836006165,-0.5119234323501587,-0.6103768944740295,-0.6423262357711792,-0.5899417400360107,1.0,1.0,1.0,0.7075,0.64,0.72,True,True
21,possession_and_alienability,mean,6,16378,0.5149558782577515,0.6249815225601196,0.32991939783096313,0.5999786853790283,0.7925555109977722,0.3459749221801758,1.0,1.0,1.0,0.6975,0.74,0.56,True,True
21,possession_and_alienability,mean,7,2693,0.5127515196800232,0.6778787970542908,0.30854371190071106,0.5964921712875366,0.9127988219261169,0.3211096227169037,0.4975,0.74,0.84,0.4325,0.66,0.58,True,True
21,possession_and_alienability,mean,8,14151,0.5124971866607666,0.6838013529777527,0.30636051297187805,0.5960896015167236,0.9277213215827942,0.318601131439209,0.4975,0.74,0.84,0.4325,0.66,0.58,True,True
21,possession_and_alienability,mean,9,13981,0.501148521900177,0.6522305607795715,0.2691847085952759,0.5783954858779907,0.851791262626648,0.27669236063957214,0.5275,0.76,0.88,0.4475,0.66,0.6,True,True
21,possession_and_alienability,mean,10,15444,0.4988884925842285,0.6795263886451721,0.3061535656452179,0.5749217867851257,0.9169166088104248,0.3183637261390686,0.4975,0.72,0.86,0.425,0.64,0.6,True,True
21,possession_and_alienability,mean,11,12503,0.4987751543521881,0.6832980513572693,0.3196165859699249,0.5747476816177368,0.9264398813247681,0.33391937613487244,0.5125,0.74,0.84,0.4475,0.66,0.58,True,True
21,possession_and_alienability,mean,12,5530,0.4971770942211151,0.5875904560089111,0.14797092974185944,0.5722998976707458,0.7188762426376343,0.14811420440673828,0.91,0.92,1.0,0.655,0.68,0.56,True,True
21,possession_and_alienability,mean,13,8508,0.4967510402202606,0.6719807982444763,0.297808438539505,0.5716474056243896,0.8982653617858887,0.3088281452655792,0.4975,0.72,0.84,0.425,0.64,0.58,True,True
21,possession_and_alienability,mean,14,260,-0.49584871530532837,-0.5346781611442566,-0.30080726742744446,-0.5702711939811707,-0.6263542771339417,-0.312245637178421,1.0,1.0,1.0,0.725,0.7,0.68,True,True
21,possession_and_alienability,mean,15,4732,0.4956841766834259,0.6607337594032288,0.30848386883735657,0.5700204968452454,0.8714033961296082,0.32104071974754333,0.4925,0.72,0.84,0.42,0.64,0.58,True,True
21,possession_and_alienability,mean,16,4567,0.4956572949886322,0.6738563179969788,0.3057059347629547,0.5699794888496399,0.9028522372245789,0.3178502023220062,0.5075,0.72,0.84,0.4325,0.64,0.58,True,True
21,possession_and_alienability,mean,17,9188,0.49326092004776,0.6754973530769348,0.29774609208106995,0.5663352608680725,0.9068921208381653,0.3087572455406189,0.495,0.72,0.84,0.4225,0.64,0.58,True,True
21,possession_and_alienability,mean,18,2296,0.4919915199279785,0.671976625919342,0.2977907061576843,0.5644108653068542,0.8982549905776978,0.30880799889564514,0.485,0.72,0.84,0.4175,0.64,0.58,True,True
21,possession_and_alienability,mean,19,1261,0.4917374849319458,0.6742037534713745,0.30151158571243286,0.5640260577201843,0.9037055969238281,0.3130497932434082,0.4925,0.74,0.86,0.42,0.66,0.6,True,True
21,possession_and_alienability,mean,20,11416,0.4916352331638336,0.6731778979301453,0.3521396219730377,0.5638716816902161,0.9011893272399902,0.37245726585388184,0.49,0.72,0.84,0.4175,0.64,0.58,True,True
21,possession_and_alienability,mean,21,9576,0.4911506474018097,0.5159186720848083,0.5078165531158447,0.5631396770477295,0.5962070822715759,0.5835554599761963,0.39,0.46,0.4,0.3475,0.4,0.32,True,True
21,possession_and_alienability,mean,22,10106,0.49077150225639343,0.6719993948936462,0.29777640104293823,0.5625661015510559,0.8983107209205627,0.30879175662994385,0.4975,0.72,0.84,0.425,0.64,0.58,True,True
21,possession_and_alienability,mean,23,4728,0.48982885479927063,0.6716156601905823,0.2977834939956665,0.5611450672149658,0.897375762462616,0.3087998032569885,0.4875,0.72,0.84,0.415,0.64,0.58,True,True
21,possession_and_alienability,mean,24,4355,0.4897748529911041,0.6725622415542603,0.2967942953109741,0.5610631704330444,0.8996838927268982,0.30767470598220825,0.485,0.72,0.84,0.4125,0.64,0.58,True,True
21,possession_and_alienability,mean,25,188,0.4894580841064453,0.6732519268989563,0.30075952410697937,0.5605866312980652,0.9013708829879761,0.31219109892845154,0.49,0.72,0.84,0.4175,0.64,0.58,True,True
21,possession_and_alienability,final,1,6119,-0.4949685335159302,-0.5110031366348267,-0.36095982789993286,-0.56892991065979,-0.5885058045387268,-0.3831644356250763,0.7625,0.88,0.78,0.57,0.64,0.52,True,True
21,possession_and_alienability,final,2,16084,-0.4045121967792511,-0.25108471512794495,-0.3784595727920532,-0.4417625963687897,-0.25678732991218567,-0.40476295351982117,1.0,1.0,1.0,0.65,0.54,0.6,True,True
21,possession_and_alienability,final,3,4549,0.3908514380455017,0.5166358351707458,0.3388496935367584,0.42409804463386536,0.5973373651504517,0.3565365672111511,0.87,0.76,0.74,0.6125,0.58,0.5,True,True
21,possession_and_alienability,final,4,9465,-0.37080472707748413,-0.5965046286582947,-0.31661108136177063,-0.39876893162727356,-0.7357367277145386,-0.3304276764392853,1.0,1.0,1.0,0.64,0.7,0.68,True,True
21,possession_and_alienability,final,5,15659,-0.3525644540786743,-0.09628652781248093,-0.15493325889110565,-0.37628573179244995,-0.09576373547315598,-0.15525075793266296,1.0,1.0,1.0,0.6425,0.56,0.56,True,True
21,possession_and_alienability,final,6,8666,-0.32190951704978943,-0.10226335376501083,-0.22809575498104095,-0.33958274126052856,-0.1017690971493721,-0.2319169044494629,0.815,0.82,0.74,0.5075,0.52,0.44,True,True
21,possession_and_alienability,final,7,9390,0.30887871980667114,0.32566553354263306,0.3267102837562561,0.32435283064842224,0.34098097681999207,0.34220534563064575,1.0,1.0,1.0,0.62,0.62,0.5,True,True
21,possession_and_alienability,final,8,13304,0.30487868189811707,0.3602128028869629,0.3382446765899658,0.31971868872642517,0.38225308060646057,0.35581764578819275,1.0,1.0,1.0,0.64,0.66,0.62,True,True
21,possession_and_alienability,final,9,164,-0.30387842655181885,-0.5215277671813965,-0.30622369050979614,-0.31856292486190796,-0.6050931811332703,-0.3184441030025482,1.0,1.0,1.0,0.6125,0.6,0.62,True,True
21,possession_and_alienability,final,10,3288,-0.29797011613845825,-0.5103160738945007,-0.49202945828437805,-0.31175902485847473,-0.587435781955719,-0.5594949722290039,1.0,1.0,1.0,0.6,0.68,0.7,True,True
21,possession_and_alienability,final,11,4080,0.2969842851161957,0.5641540288925171,0.17918583750724792,0.3106277287006378,0.6764013171195984,0.18030308187007904,1.0,1.0,1.0,0.625,0.76,0.64,True,True
21,possession_and_alienability,final,12,2734,0.28459447622299194,0.10136875510215759,0.24886463582515717,0.29649946093559265,0.10086953639984131,0.2543662488460541,1.0,1.0,1.0,0.64,0.6,0.56,True,True
21,possession_and_alienability,final,13,8003,-0.2768201529979706,-0.37434348464012146,-0.3030393421649933,-0.28771743178367615,-0.399638831615448,-0.31479594111442566,1.0,1.0,1.0,0.5925,0.68,0.56,True,True
21,possession_and_alienability,final,14,7912,-0.26591697335243225,-0.24509820342063904,-0.44931623339653015,-0.27550363540649414,-0.25026842951774597,-0.4978888928890228,0.99,1.0,1.0,0.62,0.56,0.6,True,True
21,possession_and_alienability,final,15,14168,-0.26017290353775024,-0.5335975289344788,-0.33523452281951904,-0.2691153585910797,-0.6245837807655334,-0.3522481918334961,1.0,1.0,1.0,0.565,0.76,0.68,True,True
21,possession_and_alienability,final,16,1633,0.2590958774089813,0.17801430821418762,0.5586156249046326,0.2679208219051361,0.17908553779125214,0.6667271852493286,1.0,1.0,1.0,0.6225,0.52,0.74,True,True
21,possession_and_alienability,final,17,13033,-0.2585354745388031,-0.5626452565193176,-0.24587656557559967,-0.26729974150657654,-0.6737526655197144,-0.25111427903175354,1.0,1.0,1.0,0.6075,0.74,0.66,True,True
21,possession_and_alienability,final,18,11776,-0.2556561231613159,-0.6062082648277283,-0.2910679280757904,-0.2641134560108185,-0.7545720338821411,-0.3011830449104309,1.0,1.0,1.0,0.58,0.76,0.64,True,True
21,possession_and_alienability,final,19,9083,0.25244131684303284,0.551505982875824,0.21457724273204803,0.26056477427482605,0.6544978022575378,0.21748653054237366,1.0,1.0,1.0,0.5875,0.68,0.58,True,True
21,possession_and_alienability,final,20,4253,-0.2495201975107193,-0.6176683306694031,-0.3480413258075714,-0.2573481798171997,-0.7775053977966309,-0.36752110719680786,1.0,1.0,1.0,0.5725,0.76,0.6,True,True
21,possession_and_alienability,final,21,7313,0.24891170859336853,0.1349177211523056,0.041199807077646255,0.256678968667984,0.13479416072368622,0.04082041233778,0.185,0.12,0.1,0.15,0.06,0.06,True,True
21,possession_and_alienability,final,22,8182,-0.24538227915763855,-0.4110562801361084,-0.4320650100708008,-0.25280454754829407,-0.4463805556297302,-0.4742763340473175,1.0,1.0,1.0,0.5375,0.64,0.68,True,True
21,possession_and_alienability,final,23,16335,0.24492575228214264,0.4549773633480072,0.3888057768344879,0.25230416655540466,0.5057867169380188,0.4177681505680084,1.0,1.0,1.0,0.6375,0.64,0.66,True,True
21,possession_and_alienability,final,24,4825,0.2435210943222046,0.328921914100647,-0.01964426599442959,0.2507656514644623,0.3448018729686737,-0.019450582563877106,1.0,1.0,1.0,0.5925,0.58,0.52,True,False
21,possession_and_alienability,final,25,1546,0.23673483729362488,0.4337022006511688,0.2627517879009247,0.24335640668869019,0.47648885846138,0.26958316564559937,1.0,1.0,1.0,0.615,0.62,0.58,True,True
22,tense_prominence,mean,1,13627,-0.49976080656051636,-0.18829482793807983,-0.11131473630666733,-0.5762601494789124,-0.1897973269224167,-0.11088506877422333,0.6625,0.32,0.78,0.51,0.18,0.44,True,True
22,tense_prominence,mean,2,12291,0.4835582375526428,0.21019907295703888,0.11689125001430511,0.5517498254776001,0.21284165978431702,0.1165151596069336,0.865,0.94,0.64,0.675,0.6,0.4,True,True
22,tense_prominence,mean,3,14496,0.46062418818473816,0.3742358386516571,0.3487756550312042,0.5183079838752747,0.3995051980018616,0.3684037923812866,0.7625,0.88,0.8,0.515,0.56,0.46,True,True
22,tense_prominence,mean,4,2993,0.4566633403301239,0.3157222867012024,0.27671173214912415,0.5126707553863525,0.32939720153808594,0.28506144881248474,1.0,1.0,1.0,0.6825,0.64,0.6,True,True
22,tense_prominence,mean,5,4095,0.450107604265213,0.44420579075813293,0.4794686734676361,0.5034235715866089,0.4908239245414734,0.5408750772476196,0.9175,1.0,1.0,0.6425,0.8,0.68,True,True
22,tense_prominence,mean,6,1760,0.4481317400932312,0.3517717123031616,0.37197884917259216,0.5006576776504517,0.3720130920410156,0.39670753479003906,0.8125,0.88,0.96,0.555,0.6,0.64,True,True
22,tense_prominence,mean,7,12565,-0.4330184757709503,-0.46253502368927,-0.4300037920475006,-0.4797925055027008,-0.5164514780044556,-0.47149884700775146,0.51,0.52,0.52,0.3675,0.4,0.38,True,True
22,tense_prominence,mean,8,8926,0.4231538772583008,0.43196427822113037,0.427474707365036,0.4664430618286133,0.47414037585258484,0.4681035578250885,0.8925,0.96,1.0,0.5825,0.66,0.66,True,True
22,tense_prominence,mean,9,9465,0.42292138934135437,0.1037888154387474,0.2179521918296814,0.46613121032714844,0.10330358892679214,0.22107644379138947,1.0,1.0,1.0,0.6475,0.6,0.6,True,True
22,tense_prominence,mean,10,2602,0.4210786521434784,0.22576218843460083,0.17966321110725403,0.4636615812778473,0.2294161170721054,0.1807994544506073,0.85,0.94,0.58,0.535,0.6,0.34,True,True
22,tense_prominence,mean,11,11483,0.41334807872772217,0.2715655267238617,0.40059715509414673,0.45337507128715515,0.27933353185653687,0.4328175485134125,1.0,1.0,1.0,0.6175,0.52,0.68,True,True
22,tense_prominence,mean,12,8134,0.4066634476184845,0.487965852022171,0.3948753774166107,0.44457587599754333,0.5534221529960632,0.42548370361328125,0.7825,0.94,0.44,0.5225,0.78,0.34,True,True
22,tense_prominence,mean,13,1385,-0.39607158303260803,-0.13822416961193085,0.0,-0.4308072626590729,-0.1381612867116928,0.0,0.3075,0.12,0.0,0.2675,0.08,0.0,True,False
22,tense_prominence,mean,14,10569,-0.39500191807746887,0.05370455980300903,-0.05569498986005783,-0.42942944169044495,0.05324165150523186,-0.05522094666957855,0.28,0.06,0.06,0.24,0.04,0.04,False,True
22,tense_prominence,mean,15,16335,-0.39450299739837646,-0.25157642364501953,-0.24737440049648285,-0.4287863075733185,-0.2573241591453552,-0.2527434825897217,1.0,1.0,1.0,0.625,0.54,0.52,True,True
22,tense_prominence,mean,16,7070,-0.3933371603488922,0.24130277335643768,0.3366350531578064,-0.4272881746292114,0.2461513876914978,0.3539074659347534,0.19,0.06,0.26,0.1825,0.06,0.2,False,False
22,tense_prominence,mean,17,164,0.3917953372001648,0.16883210837841034,0.1936269998550415,0.42530763149261475,0.1695694476366043,0.19537845253944397,1.0,1.0,1.0,0.6375,0.52,0.52,True,True
22,tense_prominence,mean,18,8006,0.3886345326900482,0.3100045919418335,0.45532864332199097,0.42126330733299255,0.3227912485599518,0.5062794089317322,0.55,0.52,0.5,0.4125,0.3,0.4,True,True
22,tense_prominence,mean,19,1570,-0.38624832034111023,-0.31142106652259827,-0.37074241042137146,-0.41822099685668945,-0.3244239091873169,-0.3951781988143921,0.3775,0.34,0.26,0.31,0.26,0.2,True,True
22,tense_prominence,mean,20,4150,-0.38599035143852234,-0.28115347027778625,-0.36122241616249084,-0.41789305210113525,-0.29002660512924194,-0.383484810590744,0.485,0.5,0.66,0.3475,0.3,0.42,True,True
22,tense_prominence,mean,21,15282,-0.38528183102607727,-0.04660816118121147,-0.02105819433927536,-0.41699209809303284,-0.04618992283940315,-0.020851172506809235,0.895,0.84,0.94,0.555,0.5,0.6,True,True
22,tense_prominence,mean,22,8695,-0.38282132148742676,-0.24942342936992645,-0.48562610149383545,-0.4138711392879486,-0.2549751400947571,-0.5499467849731445,0.5575,0.54,0.62,0.3775,0.32,0.5,True,True
22,tense_prominence,mean,23,11776,0.37865883111953735,0.09086628258228302,0.07743946462869644,0.40861189365386963,0.0903266966342926,0.07689206302165985,1.0,1.0,1.0,0.6275,0.58,0.5,True,True
22,tense_prominence,mean,24,11740,0.37828928232192993,0.051994774490594864,-0.06018310785293579,0.40814629197120667,0.05154192075133324,-0.059686433523893356,0.395,0.24,0.2,0.3125,0.14,0.12,True,False
22,tense_prominence,mean,25,13219,-0.3761977255344391,-0.22260846197605133,-0.22236330807209015,-0.4055170714855194,-0.22604306042194366,-0.2257811427116394,0.7675,0.64,0.64,0.4625,0.32,0.42,True,True
22,tense_prominence,final,1,7247,-0.5176082849502563,-0.4271300137042999,-0.2687240242958069,-0.6041958928108215,-0.4676417410373688,-0.2761819660663605,1.0,1.0,1.0,0.755,0.74,0.64,True,True
22,tense_prominence,final,2,5219,0.48587852716445923,0.3371292054653168,0.40939587354660034,0.5552116632461548,0.3544935882091522,0.44421347975730896,0.605,0.74,0.9,0.4775,0.5,0.54,True,True
22,tense_prominence,final,3,13627,-0.4609920084476471,-0.10496871918439865,-0.08561103790998459,-0.5188336372375488,-0.1044909879565239,-0.0850628912448883,0.5625,0.24,0.66,0.445,0.16,0.38,True,True
22,tense_prominence,final,4,164,0.4224143326282501,0.3032252788543701,0.2209516018629074,0.4654510021209717,0.3150086998939514,0.2242739349603653,1.0,1.0,1.0,0.635,0.54,0.54,True,True
22,tense_prominence,final,5,12897,-0.41112020611763,-0.20946283638477325,-0.05053577572107315,-0.45043256878852844,-0.21206188201904297,-0.05009187012910843,1.0,1.0,1.0,0.6725,0.58,0.52,True,True
22,tense_prominence,final,6,8686,-0.40280428528785706,-0.36170345544815063,-0.0883258581161499,-0.4395352602005005,-0.3840724527835846,-0.08778122067451477,1.0,1.0,1.0,0.6775,0.66,0.5,True,True
22,tense_prominence,final,7,4825,-0.4012148082256317,-0.22966089844703674,-0.2761392891407013,-0.4374673366546631,-0.233596533536911,-0.28442302346229553,1.0,1.0,1.0,0.59,0.54,0.54,True,True
22,tense_prominence,final,8,12998,-0.3621107339859009,-0.3029758930206299,-0.3403887152671814,-0.3879886567592621,-0.314723402261734,-0.3583676815032959,0.9775,0.98,1.0,0.6375,0.64,0.62,True,True
22,tense_prominence,final,9,2375,-0.35576048493385315,-0.0041047255508601665,0.05647376552224159,-0.3801884949207306,-0.004063505679368973,0.05599553883075714,1.0,1.0,1.0,0.635,0.64,0.52,True,False
22,tense_prominence,final,10,13190,-0.3546382486820221,0.14507251977920532,-0.20207855105400085,-0.3788166344165802,0.14515002071857452,-0.20426158607006073,0.2075,0.18,0.12,0.19,0.12,0.08,False,True
22,tense_prominence,final,11,5159,0.34409621357917786,0.2731132507324219,0.1295565366744995,0.366016685962677,0.28105342388153076,0.12934453785419464,1.0,1.0,1.0,0.59,0.58,0.52,True,True
22,tense_prominence,final,12,3874,0.3405236601829529,0.19694921374320984,0.11577864736318588,0.3617149591445923,0.19886484742164612,0.11539104580879211,0.3725,0.24,0.22,0.2725,0.16,0.12,True,True
22,tense_prominence,final,13,13304,0.3392271101474762,0.2998183071613312,0.44405731558799744,0.3601585924625397,0.311117559671402,0.4906195402145386,1.0,1.0,1.0,0.6225,0.72,0.72,True,True
22,tense_prominence,final,14,9465,0.3358690142631531,0.22328056395053864,0.20012728869915009,0.35613733530044556,0.22676125168800354,0.2022065669298172,1.0,1.0,1.0,0.505,0.6,0.56,True,True
22,tense_prominence,final,15,2352,0.3291257321834564,0.3902898132801056,0.3899703323841095,0.34810757637023926,0.4196487367153168,0.41924354434013367,0.4075,0.42,0.46,0.27,0.3,0.36,True,True
22,tense_prominence,final,16,14795,0.32807445526123047,0.24898669123649597,0.10261009633541107,0.3468625545501709,0.2544991970062256,0.10211783647537231,1.0,1.0,1.0,0.565,0.62,0.52,True,True
22,tense_prominence,final,17,12178,0.32402053475379944,0.31036821007728577,0.240403950214386,0.3420700430870056,0.3232101500034332,0.24517811834812164,1.0,1.0,1.0,0.5475,0.6,0.54,True,True
22,tense_prominence,final,18,9390,0.32223254442214966,0.49384811520576477,0.40016552805900574,0.33996307849884033,0.5622283220291138,0.43226227164268494,1.0,1.0,1.0,0.6025,0.76,0.58,True,True
22,tense_prominence,final,19,14004,0.3116788864135742,0.25693368911743164,0.1504654884338379,0.3276081085205078,0.26318681240081787,0.15066853165626526,1.0,1.0,1.0,0.5025,0.56,0.56,True,True
22,tense_prominence,final,20,8006,0.3042900860309601,0.15487685799598694,0.26974961161613464,0.3190373182296753,0.15519288182258606,0.2773185074329376,0.5,0.5,0.5,0.335,0.34,0.28,True,True
22,tense_prominence,final,21,14043,-0.2982831597328186,-0.23554937541484833,-0.2646321952342987,-0.3121189773082733,-0.239933043718338,-0.271657258272171,0.3075,0.26,0.16,0.2275,0.18,0.14,True,True
22,tense_prominence,final,22,8182,0.2971201539039612,0.0984785407781601,0.1788250356912613,0.3107837438583374,0.09796497970819473,0.1799280345439911,1.0,1.0,1.0,0.5275,0.56,0.54,True,True
22,tense_prominence,final,23,3044,0.2956087291240692,0.29682424664497375,0.0548522025346756,0.309051513671875,0.30770882964134216,0.05438278615474701,0.53,0.36,0.26,0.34,0.28,0.16,True,True
22,tense_prominence,final,24,6051,0.2955228090286255,0.4577253460884094,0.1897994428873062,0.3089524805545807,0.5096482634544373,0.1913703829050064,1.0,1.0,1.0,0.6525,0.74,0.5,True,True
22,tense_prominence,final,25,5697,0.29067814350128174,0.23273995518684387,0.07032908499240875,0.30341580510139465,0.236906498670578,0.06979507207870483,1.0,1.0,1.0,0.5775,0.68,0.52,True,True
23,aspect_and_event_structure,mean,1,701,-0.7055163979530334,-0.27856433391571045,0.3576398491859436,-0.9942710399627686,-0.2871299386024475,0.37912049889564514,0.6625,0.2,0.3,0.6125,0.12,0.26,True,False
23,aspect_and_event_structure,mean,2,6216,-0.7045249938964844,-0.259358674287796,0.29094454646110535,-0.9914960861206055,-0.26584911346435547,0.3010435700416565,0.6275,0.22,0.54,0.5425,0.14,0.32,True,False
23,aspect_and_event_structure,mean,3,15885,-0.7013970017433167,0.0,0.4700901210308075,-0.9828125238418579,0.0,0.5272555351257324,0.5,0.0,0.32,0.5,0.0,0.28,False,False
23,aspect_and_event_structure,mean,4,4804,-0.699180543422699,0.0,0.4833337068557739,-0.9767276644706726,0.0,0.5465572476387024,0.5,0.0,0.26,0.5,0.0,0.26,False,False
23,aspect_and_event_structure,mean,5,13189,-0.6953719854354858,-0.025534365326166153,0.5016527771949768,-0.9663972854614258,-0.025285974144935608,0.5740707516670227,0.5625,0.12,0.32,0.5275,0.06,0.28,True,False
23,aspect_and_event_structure,mean,6,4871,-0.6942877769470215,0.24232803285121918,0.3419230580329895,-0.963487446308136,0.2472623735666275,0.3601963222026825,0.5,0.06,0.12,0.5,0.06,0.12,False,False
23,aspect_and_event_structure,mean,7,4874,-0.6932970881462097,-0.23901747167110443,0.29593154788017273,-0.9608388543128967,-0.24367809295654297,0.306694358587265,0.5875,0.24,0.64,0.5125,0.14,0.42,True,False
23,aspect_and_event_structure,mean,8,14790,-0.6853486895561218,0.0,0.4875187277793884,-0.9399591088294983,0.0,0.5527567863464355,0.52,0.0,0.3,0.5075,0.0,0.26,False,False
23,aspect_and_event_structure,mean,9,11197,-0.6804637312889099,0.0,0.4526672959327698,-0.9274415373802185,0.0,0.5025548934936523,0.6225,0.0,0.24,0.535,0.0,0.22,False,False
23,aspect_and_event_structure,mean,10,3638,-0.6778869032859802,0.29113855957984924,0.3332359790802002,-0.9209335446357727,0.30126291513442993,0.3498849868774414,0.5275,0.1,0.58,0.525,0.1,0.4,False,False
23,aspect_and_event_structure,mean,11,1349,-0.674236536026001,0.0,0.5174074172973633,-0.9118194580078125,0.0,0.598555326461792,0.5,0.0,0.34,0.5,0.0,0.32,False,False
23,aspect_and_event_structure,mean,12,2491,-0.6685181856155396,0.0,0.3014877140522003,-0.8977888226509094,0.0,0.31302252411842346,0.53,0.0,0.26,0.5075,0.0,0.22,False,False
23,aspect_and_event_structure,mean,13,5159,-0.6609816551208496,-0.2588813602924347,-0.14589953422546387,-0.879734992980957,-0.2653246223926544,-0.14599542319774628,1.0,1.0,1.0,0.77,0.74,0.52,True,True
23,aspect_and_event_structure,mean,14,10398,-0.6554080247879028,-0.24314075708389282,0.4960138201713562,-0.8666881918907166,-0.24814367294311523,0.5654961466789246,0.4925,0.06,0.32,0.4925,0.06,0.3,True,False
23,aspect_and_event_structure,mean,15,12780,-0.6493298411369324,0.0,0.4385424852371216,-0.8527440428733826,0.0,0.48306435346603394,0.4625,0.0,0.26,0.455,0.0,0.2,False,False
23,aspect_and_event_structure,mean,16,8006,-0.6367119550704956,-0.2988750636577606,0.47794926166534424,-0.8246850967407227,-0.3100425899028778,0.5386524200439453,0.5025,0.5,0.5,0.4875,0.26,0.42,True,False
23,aspect_and_event_structure,mean,17,15932,0.6299753785133362,0.47091320157051086,-0.258759468793869,0.810166597366333,0.5284415483474731,-0.2651907205581665,0.615,0.64,0.82,0.5525,0.54,0.66,True,False
23,aspect_and_event_structure,mean,18,1838,0.6293519735336304,0.6306072473526001,-0.5687758922576904,0.8088381886482239,0.8043647408485413,-0.6845768094062805,1.0,0.96,0.96,0.745,0.74,0.72,True,False
23,aspect_and_event_structure,mean,19,12998,0.6252953410148621,-0.12498559802770615,-0.48191821575164795,0.8002598881721497,-0.12470731884241104,-0.5444713234901428,1.0,1.0,1.0,0.76,0.56,0.74,False,False
23,aspect_and_event_structure,mean,20,1343,0.624597430229187,0.4546242654323578,-0.27523764967918396,0.7987948060035706,0.505291759967804,-0.28341802954673767,0.615,0.64,0.82,0.5525,0.54,0.66,True,False
23,aspect_and_event_structure,mean,21,9465,-0.6244847774505615,-0.36584174633026123,-0.07530125230550766,-0.7985589504241943,-0.38914117217063904,-0.0747566744685173,1.0,1.0,1.0,0.8075,0.76,0.52,True,True
23,aspect_and_event_structure,mean,22,12096,-0.6238492727279663,0.28176867961883545,0.4895613193511963,-0.7972273230552673,0.2907158434391022,0.5558008551597595,0.605,0.08,0.64,0.52,0.08,0.44,False,False
23,aspect_and_event_structure,mean,23,12915,0.6227562427520752,0.4061928987503052,-0.14783959090709686,0.7949439883232117,0.44004806876182556,-0.14797982573509216,0.615,0.64,0.74,0.5525,0.54,0.58,True,False
23,aspect_and_event_structure,mean,24,1740,0.6225599646568298,0.485007643699646,-0.29142865538597107,0.7945351004600525,0.5490310192108154,-0.3015909492969513,0.615,0.64,0.82,0.5525,0.54,0.66,True,False
23,aspect_and_event_structure,mean,25,14560,0.622351348400116,0.46313872933387756,-0.24775934219360352,0.7941012382507324,0.5173093676567078,-0.2531624138355255,0.615,0.64,0.82,0.5525,0.54,0.66,True,False
23,aspect_and_event_structure,final,1,3044,-0.569197416305542,0.0899294838309288,0.46677321195602417,-0.6914187073707581,0.08938781917095184,0.5224941372871399,0.77,0.36,0.62,0.6425,0.2,0.42,False,False
23,aspect_and_event_structure,final,2,1838,0.5476351380348206,0.5840222835540771,-0.6454053521156311,0.6536859273910522,0.7122405767440796,-0.8364557027816772,1.0,0.96,0.96,0.705,0.78,0.78,True,False
23,aspect_and_event_structure,final,3,11776,-0.5439740419387817,-0.6964345574378967,0.07203824073076248,-0.6474701762199402,-0.9607239961624146,0.07149998098611832,1.0,1.0,1.0,0.7375,0.92,0.5,True,False
23,aspect_and_event_structure,final,4,9465,-0.5207750797271729,-0.5163971781730652,-0.1883358657360077,-0.6092625856399536,-0.5969610214233398,-0.18984022736549377,1.0,1.0,1.0,0.7675,0.8,0.54,True,True
23,aspect_and_event_structure,final,5,13190,-0.511604905128479,-0.23050616681575775,0.2989165186882019,-0.594684898853302,-0.23450447618961334,0.31008976697921753,0.6675,0.82,0.26,0.5525,0.46,0.2,True,False
23,aspect_and_event_structure,final,6,10074,-0.5069741606712341,-0.3449370265007019,0.5093153715133667,-0.5874276757240295,-0.363798052072525,0.585879921913147,0.955,0.88,0.9,0.69,0.46,0.62,True,False
23,aspect_and_event_structure,final,7,12998,0.5066878199577332,-0.6837002635002136,-0.5502392053604126,0.5869813561439514,-0.9274637699127197,-0.6523405909538269,1.0,1.0,1.0,0.7175,0.84,0.72,False,False
23,aspect_and_event_structure,final,8,10152,0.48470810055732727,0.21166306734085083,-0.21708370745182037,0.5534647107124329,0.21439328789710999,-0.2201518714427948,0.8,0.64,0.8,0.5575,0.4,0.5,True,False
23,aspect_and_event_structure,final,9,15059,0.46475058794021606,0.7645159959793091,-0.023764505982398987,0.5242234468460083,1.1741023063659668,-0.023532308638095856,1.0,1.0,1.0,0.6875,0.88,0.54,True,False
23,aspect_and_event_structure,final,10,8113,0.45287108421325684,-0.10268275439739227,-0.48898065090179443,0.5073093771934509,-0.10219090431928635,-0.5549341440200806,0.8475,0.34,0.48,0.625,0.2,0.38,False,False
23,aspect_and_event_structure,final,11,3288,0.4219840168952942,-0.3339099884033203,-0.3382624089717865,0.464873731136322,-0.3506813645362854,-0.355838805437088,1.0,1.0,1.0,0.6625,0.66,0.66,False,False
23,aspect_and_event_structure,final,12,12897,0.415523886680603,0.6201516389846802,-0.34977400302886963,0.456258088350296,0.7825783491134644,-0.36960500478744507,1.0,1.0,1.0,0.715,0.86,0.58,True,False
23,aspect_and_event_structure,final,13,13033,-0.4112096130847931,0.3314441740512848,-0.43946754932403564,-0.4505506157875061,0.3477707505226135,-0.4843267798423767,1.0,1.0,1.0,0.6875,0.54,0.74,False,True
23,aspect_and_event_structure,final,14,9083,0.388672798871994,-0.2971228063106537,-0.39731451869010925,0.4213118553161621,-0.3080482482910156,-0.42860284447669983,1.0,1.0,1.0,0.645,0.56,0.7,False,False
23,aspect_and_event_structure,final,15,7038,0.3814770579338074,-0.4679199755191803,-0.1919282078742981,0.4121689200401306,-0.5241371989250183,-0.1935984194278717,1.0,1.0,1.0,0.69,0.7,0.5,False,False
23,aspect_and_event_structure,final,16,16014,-0.3805960714817047,-0.07429461181163788,-0.027619145810604095,-0.41105538606643677,-0.07375174015760422,-0.027351995930075645,0.9525,0.86,0.76,0.65,0.5,0.38,True,True
23,aspect_and_event_structure,final,17,12289,0.37861377000808716,-0.04888714849948883,-0.11048698425292969,0.40855515003204346,-0.04845372959971428,-0.11005029827356339,0.4475,0.84,0.54,0.35,0.46,0.32,False,False
23,aspect_and_event_structure,final,18,7912,-0.378473699092865,-0.7053332924842834,0.3084010183811188,-0.4083788990974426,-0.9850022196769714,0.32094547152519226,0.93,0.98,0.8,0.6375,0.84,0.48,True,False
23,aspect_and_event_structure,final,19,8182,-0.37195461988449097,-0.5440636873245239,0.16914480924606323,-0.4002035856246948,-0.6419157981872559,0.16989274322986603,1.0,1.0,1.0,0.7225,0.76,0.58,True,False
23,aspect_and_event_structure,final,20,8006,0.3713323473930359,-0.3315694034099579,-0.18112404644489288,0.39942654967308044,-0.34791848063468933,-0.18231916427612305,0.5,0.5,0.5,0.33,0.36,0.38,False,False
23,aspect_and_event_structure,final,21,2993,0.36739444732666016,-0.24449801445007324,0.4835442006587982,0.39452600479125977,-0.2496166080236435,0.546867847442627,1.0,1.0,1.0,0.645,0.64,0.66,False,True
23,aspect_and_event_structure,final,22,5159,-0.35894379019737244,0.24552196264266968,0.37882494926452637,-0.38409119844436646,0.25072887539863586,0.405219167470932,1.0,1.0,1.0,0.6575,0.7,0.62,False,False
23,aspect_and_event_structure,final,23,1633,0.3570713698863983,0.026262277737259865,0.47764405608177185,0.38179391622543335,0.02600729838013649,0.5382067561149597,0.5,0.5,0.5,0.37,0.26,0.42,True,True
23,aspect_and_event_structure,final,24,4441,-0.3385803699493408,-0.5240958333015442,-0.21125061810016632,-0.35938313603401184,-0.6091970205307007,-0.21395602822303772,1.0,1.0,1.0,0.6275,0.74,0.6,True,True
23,aspect_and_event_structure,final,25,2084,0.31732937693595886,-0.3648295998573303,-0.24315200746059418,0.33420586585998535,-0.3878990709781647,-0.24815583229064941,1.0,1.0,1.0,0.6275,0.62,0.6,False,False
24,modality_and_mood,mean,1,13197,0.6157345175743103,0.42269182205200195,0.44372811913490295,0.7804575562477112,0.46171894669532776,0.4901665449142456,0.56,0.2,0.62,0.5275,0.2,0.46,True,True
24,modality_and_mood,mean,2,3044,0.5934139490127563,-0.22810345888137817,0.3455095887184143,0.7363319396972656,-0.2319251149892807,0.36448371410369873,0.81,0.8,0.66,0.695,0.46,0.48,False,True
24,modality_and_mood,mean,3,4257,0.5676253437995911,0.528778612613678,0.39098474383354187,0.6885998845100403,0.6167399287223816,0.42053064703941345,0.83,0.82,1.0,0.685,0.64,0.6,True,True
24,modality_and_mood,mean,4,6836,-0.5558291673660278,0.02490934729576111,-0.3181639313697815,-0.6677935123443604,0.024666650220751762,-0.33223026990890503,1.0,0.98,0.86,0.7525,0.58,0.62,False,True
24,modality_and_mood,mean,5,6645,0.5250482559204102,0.5703625679016113,0.022046735510230064,0.6161537766456604,0.6874055862426758,0.02183046191930771,0.9125,0.96,1.0,0.665,0.66,0.52,True,True
24,modality_and_mood,mean,6,2105,-0.5242432951927185,-0.3806832432746887,-0.15437448024749756,-0.6148509979248047,-0.4075429439544678,-0.154677152633667,0.935,0.98,0.76,0.725,0.74,0.46,True,True
24,modality_and_mood,mean,7,2054,0.5154761672019958,-0.006418576464056969,0.3774346709251404,0.6008041501045227,-0.006354197859764099,0.4034844636917114,0.98,0.96,1.0,0.7725,0.5,0.66,False,True
24,modality_and_mood,mean,8,15659,-0.4984687566757202,-0.3635375499725342,-0.524499237537384,-0.5742773413658142,-0.3863157629966736,-0.6098438501358032,1.0,1.0,1.0,0.815,0.56,0.78,True,True
24,modality_and_mood,mean,9,8003,0.48991307616233826,0.6332696676254272,0.1904100477695465,0.5612712502479553,0.8100267052650452,0.19200918078422546,1.0,1.0,1.0,0.7775,0.76,0.6,True,True
24,modality_and_mood,mean,10,3941,0.4833943247795105,0.20772254467010498,0.1414213478565216,0.551505446434021,0.21022027730941772,0.1414213627576828,0.45,0.12,0.02,0.38,0.08,0.02,True,True
24,modality_and_mood,mean,11,16005,0.467385470867157,0.0,0.16013871133327484,0.5280227661132812,0.0,0.1606019139289856,0.2475,0.0,0.44,0.24,0.0,0.28,False,True
24,modality_and_mood,mean,12,4080,0.4597453773021698,0.08448199927806854,-0.010881969705224037,0.5170542001724243,0.08393296599388123,-0.01077323779463768,1.0,1.0,1.0,0.6875,0.58,0.54,True,False
24,modality_and_mood,mean,13,10244,-0.4516828954219818,-0.30606913566589355,-0.38039880990982056,-0.5056354403495789,-0.3182668685913086,-0.4071868658065796,0.4325,0.64,0.54,0.36,0.42,0.42,True,True
24,modality_and_mood,mean,14,14143,-0.4498443305492401,-0.37443113327026367,-0.3422645628452301,-0.5030547976493835,-0.39974769949913025,-0.3606037199497223,0.7425,0.7,0.72,0.5525,0.54,0.48,True,True
24,modality_and_mood,mean,15,968,-0.4472905695438385,-0.23458294570446014,-0.3788388967514038,-0.4994824528694153,-0.23889122903347015,-0.40523672103881836,0.4325,0.64,0.54,0.36,0.42,0.42,True,True
24,modality_and_mood,mean,16,14528,-0.4459993839263916,-0.3560243844985962,-0.3867410719394684,-0.49768149852752686,-0.37715888023376465,-0.4151582717895508,0.4325,0.64,0.54,0.36,0.42,0.42,True,True
24,modality_and_mood,mean,17,13451,-0.44599828124046326,0.29384368658065796,-0.031688056886196136,-0.4976799786090851,0.30432528257369995,-0.03138533607125282,0.88,0.32,0.46,0.6175,0.18,0.28,False,True
24,modality_and_mood,mean,18,1645,-0.44593149423599243,-0.5193020701408386,-0.36877453327178955,-0.49758636951446533,-0.6015544533729553,-0.3927496075630188,0.4325,0.64,0.54,0.36,0.42,0.42,True,True
24,modality_and_mood,mean,19,7326,-0.4456786513328552,-0.10025302320718765,-0.3772609233856201,-0.49723440408706665,-0.09974795579910278,-0.40326789021492004,0.4325,0.64,0.54,0.36,0.36,0.42,True,True
24,modality_and_mood,mean,20,5296,-0.4455406069755554,-0.01274850219488144,-0.37832602858543396,-0.4970422685146332,-0.012621399946510792,-0.40459632873535156,0.4325,0.64,0.54,0.36,0.36,0.42,True,True
24,modality_and_mood,mean,21,3011,-0.4453029930591583,-0.3124355375766754,-0.37985947728157043,-0.4967123568058014,-0.32559511065483093,-0.4065121114253998,0.4325,0.64,0.54,0.36,0.44,0.42,True,True
24,modality_and_mood,mean,22,4922,-0.4452921152114868,-0.5914010405540466,-0.38340768218040466,-0.49669715762138367,-0.726033627986908,-0.4109601378440857,0.4325,0.64,0.54,0.36,0.58,0.42,True,True
24,modality_and_mood,mean,23,8409,-0.4452449083328247,-0.22459302842617035,-0.3892621397972107,-0.49663108587265015,-0.22816473245620728,-0.418346107006073,0.4325,0.64,0.54,0.36,0.36,0.42,True,True
24,modality_and_mood,mean,24,12072,-0.44511857628822327,-0.4600178599357605,-0.37583762407302856,-0.4964553117752075,-0.5128839015960693,-0.4014958143234253,0.4325,0.64,0.54,0.36,0.52,0.42,True,True
24,modality_and_mood,mean,25,12388,-0.44507020711898804,-0.4402264952659607,-0.3842403292655945,-0.4963880479335785,-0.48536404967308044,-0.4120069146156311,0.4325,0.64,0.54,0.36,0.42,0.42,True,True
24,modality_and_mood,final,1,3044,0.6233725547790527,-0.21808291971683502,0.36961454153060913,0.7962307929992676,-0.22121569514274597,0.3937855362892151,0.81,0.8,0.66,0.7075,0.46,0.44,False,True
24,modality_and_mood,final,2,4257,0.5854911804199219,0.5332518815994263,0.45569345355033875,0.7213202118873596,0.6240184307098389,0.5067911148071289,0.83,0.82,1.0,0.6875,0.64,0.64,True,True
24,modality_and_mood,final,3,6645,0.5819109082221985,0.4409487843513489,0.3419288396835327,0.7146406769752502,0.4863526523113251,0.36020323634147644,0.495,0.2,0.2,0.48,0.2,0.2,True,True
24,modality_and_mood,final,4,4549,-0.5338626503944397,-0.181405171751976,-0.00400483887642622,-0.6305733919143677,-0.18261177837848663,-0.003964619245380163,0.825,0.26,0.3,0.65,0.18,0.16,True,True
24,modality_and_mood,final,5,13191,-0.5218837857246399,-0.5316253304481506,0.02303176559507847,-0.6110446453094482,-0.6213634014129639,0.022806338965892792,1.0,1.0,1.0,0.73,0.68,0.5,True,False
24,modality_and_mood,final,6,15059,-0.5195169448852539,-0.3656923174858093,-0.37961679697036743,-0.6072455048561096,-0.3889577090740204,-0.40620866417884827,1.0,1.0,1.0,0.735,0.64,0.6,True,True
24,modality_and_mood,final,7,8003,0.5163088440895081,0.4840039908885956,0.16062065958976746,0.6021274924278259,0.5475468039512634,0.16109800338745117,1.0,1.0,1.0,0.7175,0.68,0.6,True,True
24,modality_and_mood,final,8,661,-0.460856556892395,-0.5669773817062378,0.21901658177375793,-0.5186402797698975,-0.6813843250274658,0.2222103774547577,1.0,1.0,1.0,0.725,0.72,0.54,True,False
24,modality_and_mood,final,9,12998,-0.4433974623680115,-0.5216684937477112,-0.07837413251399994,-0.49406498670578003,-0.6053173542022705,-0.07782582193613052,1.0,1.0,1.0,0.7,0.74,0.56,True,True
24,modality_and_mood,final,10,15659,-0.44136518239974976,-0.2894848883152008,-0.3038731515407562,-0.4912513196468353,-0.2993946969509125,-0.3157500624656677,1.0,1.0,1.0,0.775,0.68,0.62,True,True
24,modality_and_mood,final,11,8006,-0.43791645765304565,-0.08445211499929428,-0.08250059187412262,-0.4864974021911621,-0.08390305936336517,-0.08195078372955322,1.0,1.0,1.0,0.695,0.54,0.56,True,True
24,modality_and_mood,final,12,16378,0.4277777075767517,0.19597718119621277,0.20329980552196503,0.472674161195755,0.1978440284729004,0.20554912090301514,1.0,1.0,1.0,0.675,0.5,0.68,True,True
24,modality_and_mood,final,13,4923,0.4215918481349945,0.6354432106018066,0.3012755215167999,0.46434882283210754,0.8146845698356628,0.3127802312374115,0.97,0.92,1.0,0.6725,0.82,0.6,True,True
24,modality_and_mood,final,14,4253,0.42131519317626953,0.3283233940601349,-0.34113284945487976,0.4639780819416046,0.34409859776496887,-0.3592540919780731,1.0,1.0,1.0,0.69,0.54,0.56,True,False
24,modality_and_mood,final,15,11483,0.412168025970459,0.6858646869659424,-0.24405118823051453,0.4518153965473175,0.9329999685287476,-0.24913151562213898,1.0,1.0,1.0,0.725,0.82,0.58,True,False
24,modality_and_mood,final,16,7842,0.394319623708725,0.18373602628707886,-0.19987818598747253,0.4285500645637512,0.18503950536251068,-0.20194442570209503,0.235,0.3,0.04,0.2275,0.2,0.04,True,False
24,modality_and_mood,final,17,13197,0.39156198501586914,0.19510814547538757,0.0,0.42500796914100647,0.1969318389892578,0.0,0.16,0.04,0.0,0.16,0.04,0.0,True,False
24,modality_and_mood,final,18,12897,-0.3908343017101288,0.31411212682724,-0.3711354434490204,-0.4240760803222656,0.32753291726112366,-0.3956642150878906,1.0,1.0,1.0,0.66,0.56,0.64,False,True
24,modality_and_mood,final,19,9390,-0.3593674302101135,-0.3798955976963043,-0.37622836232185364,-0.38461148738861084,-0.4065573215484619,-0.4019818902015686,1.0,1.0,1.0,0.6675,0.7,0.72,True,True
24,modality_and_mood,final,20,2352,-0.3591414988040924,-0.2403658777475357,-0.21839843690395355,-0.3843337893486023,-0.24513688683509827,-0.221551775932312,0.81,0.84,0.52,0.5475,0.48,0.28,True,True
24,modality_and_mood,final,21,7918,-0.35560470819473267,-0.4698246419429779,0.046501778066158295,-0.37999793887138367,-0.5268733501434326,0.046084266155958176,1.0,1.0,1.0,0.6775,0.68,0.56,True,False
24,modality_and_mood,final,22,10074,-0.355092853307724,-0.26253801584243774,-0.06785289198160172,-0.3793719410896301,-0.2693476676940918,-0.06732609122991562,0.985,1.0,0.3,0.6725,0.56,0.16,True,True
24,modality_and_mood,final,23,4825,0.35484009981155396,-0.23754674196243286,0.3964567482471466,0.3790629804134369,-0.24208876490592957,0.4275047183036804,1.0,1.0,1.0,0.6275,0.64,0.68,False,True
24,modality_and_mood,final,24,8686,0.353674978017807,0.4656318128108978,-0.3450084328651428,0.3776400089263916,0.520862340927124,-0.36388352513313293,1.0,1.0,1.0,0.6225,0.66,0.7,True,False
24,modality_and_mood,final,25,11776,0.34736648201942444,-0.10184638202190399,0.5452128052711487,0.3699703514575958,-0.10134978592395782,0.6438442468643188,1.0,1.0,1.0,0.5725,0.64,0.68,False,True
25,epistemic_modality,mean,1,4591,0.8098894357681274,-0.2455480694770813,0.4014601409435272,1.3789646625518799,-0.25075727701187134,0.43392884731292725,0.905,0.24,0.3,0.8775,0.18,0.2,False,True
25,epistemic_modality,mean,2,15221,0.7695838212966919,0.5663724541664124,0.5904353857040405,1.2037055492401123,0.6803137063980103,0.7242130041122437,1.0,0.66,0.54,0.875,0.5,0.52,True,True
25,epistemic_modality,mean,3,6863,0.7317522168159485,0.3714672029018402,-0.2520591616630554,1.0722837448120117,0.39607441425323486,-0.25785142183303833,0.83,0.3,0.48,0.74,0.24,0.26,True,False
25,epistemic_modality,mean,4,11086,0.7285619378089905,0.3403053879737854,0.746356725692749,1.0622950792312622,0.3582684099674225,1.1101491451263428,1.0,1.0,1.0,0.8175,0.5,0.84,True,True
25,epistemic_modality,mean,5,1748,0.6857184767723083,-0.40565305948257446,-0.28437602519989014,0.9409154057502747,-0.43934810161590576,-0.29364150762557983,0.705,0.74,0.78,0.66,0.5,0.46,False,False
25,epistemic_modality,mean,6,1838,-0.6854482889175415,-0.2711699604988098,-0.01667587086558342,-0.9402153491973877,-0.278894305229187,-0.01651056669652462,1.0,1.0,1.0,0.845,0.5,0.6,True,True
25,epistemic_modality,mean,7,2993,0.678801953792572,-0.18266339600086212,-0.20531786978244781,0.9232379794120789,-0.1839219331741333,-0.20767882466316223,1.0,1.0,1.0,0.825,0.54,0.5,False,False
25,epistemic_modality,mean,8,4923,0.6743126511573792,-0.31178662180900574,-0.7007350921630859,0.9120089411735535,-0.3248458206653595,-0.9723455905914307,1.0,1.0,0.96,0.8225,0.54,0.8,False,False
25,epistemic_modality,mean,9,4288,-0.654111385345459,-0.04914874583482742,-0.003906920086592436,-0.8636893630027771,-0.048713646829128265,-0.003867683233693242,0.7025,0.52,0.38,0.62,0.34,0.2,True,True
25,epistemic_modality,mean,10,11106,0.6392979025840759,-0.1053253561258316,-0.39941278100013733,0.8303415179252625,-0.10484995692968369,-0.4312945008277893,0.78,0.5,0.16,0.665,0.32,0.16,False,False
25,epistemic_modality,mean,11,7954,0.6358620524406433,0.20863524079322815,-0.15083524584770203,0.8228358030319214,0.21118584275245667,-0.15104740858078003,0.5425,0.24,0.42,0.4975,0.18,0.28,True,False
25,epistemic_modality,mean,12,12050,0.6109387874603271,-0.00852843839675188,-0.41864338517189026,0.7707361578941345,-0.008443030528724194,-0.4563513994216919,0.94,1.0,1.0,0.7125,0.52,0.64,False,False
25,epistemic_modality,mean,13,8920,0.6050129532814026,0.2914895713329315,0.5315077304840088,0.7589097023010254,0.30165985226631165,0.6211718916893005,0.535,0.36,0.76,0.47,0.26,0.56,True,True
25,epistemic_modality,mean,14,13964,0.604378342628479,0.0385221429169178,0.30569398403167725,0.7576563358306885,0.03816330060362816,0.3178364932537079,0.4775,0.26,0.36,0.4525,0.14,0.28,True,True
25,epistemic_modality,mean,15,6029,-0.6030189394950867,-0.318779319524765,-0.0187478456646204,-0.7549765706062317,-0.3329455256462097,-0.0185626782476902,0.515,0.52,0.84,0.4875,0.36,0.66,True,True
25,epistemic_modality,mean,16,1165,0.6011416912078857,0.26469987630844116,-0.1477808952331543,0.7512936592102051,0.271731972694397,-0.14791974425315857,0.445,0.6,0.68,0.435,0.42,0.34,True,False
25,epistemic_modality,mean,17,2709,0.596290647983551,-0.03890182822942734,-0.03668520972132683,0.7418631911277771,-0.03854002058506012,-0.03634096682071686,0.5825,0.58,0.92,0.4775,0.38,0.52,False,False
25,epistemic_modality,mean,18,7096,0.5936572551727295,0.39375099539756775,0.21467050909996033,0.7367985844612122,0.4240494966506958,0.21758563816547394,0.7025,0.72,0.6,0.585,0.5,0.32,True,True
25,epistemic_modality,mean,19,15373,0.5893078446388245,-0.3624148368835449,0.09532257914543152,0.7285104393959045,-0.3849419951438904,0.09479618817567825,0.465,0.18,0.06,0.4525,0.16,0.04,False,True
25,epistemic_modality,mean,20,9464,0.5855528712272644,-0.42826277017593384,0.44439470767974854,0.7214357256889343,-0.4691600203514099,0.4910839796066284,0.6275,0.36,0.3,0.56,0.26,0.24,False,True
25,epistemic_modality,mean,21,9444,-0.5831018090248108,-0.29640260338783264,-0.6811965703964233,-0.716854989528656,-0.30722957849502563,-0.9211170673370361,0.7725,0.66,0.66,0.5925,0.34,0.66,True,True
25,epistemic_modality,mean,22,2375,-0.5822741389274597,-0.613003671169281,-0.4895033538341522,-0.7153153419494629,-0.7680774331092834,-0.5557142496109009,1.0,1.0,1.0,0.75,0.82,0.64,True,True
25,epistemic_modality,mean,23,10099,-0.5808200240135193,-0.29484349489212036,-0.6502885818481445,-0.7126175761222839,-0.3054591417312622,-0.8473920226097107,0.7725,0.66,0.66,0.5875,0.34,0.66,True,True
25,epistemic_modality,mean,24,5037,0.57686448097229,-0.20444577932357788,-0.4042132794857025,0.7053308486938477,-0.20675817131996155,-0.43748345971107483,0.4375,0.34,0.2,0.41,0.18,0.2,False,False
25,epistemic_modality,mean,25,8041,-0.5744688510894775,-0.3035926818847656,-0.61018967628479,-0.7009549736976624,-0.31542909145355225,-0.762452244758606,0.7725,0.66,0.66,0.615,0.34,0.66,True,True
25,epistemic_modality,final,1,4923,0.7728185653686523,-0.3177049160003662,-0.6839067935943604,1.2162293195724487,-0.33169716596603394,-0.9279897809028625,1.0,1.0,0.96,0.895,0.58,0.82,False,False
25,epistemic_modality,final,2,1838,-0.7055158019065857,0.06568542867898941,-0.12743623554706573,-0.994270384311676,0.06516598165035248,-0.12719248235225677,1.0,1.0,1.0,0.8625,0.52,0.52,False,True
25,epistemic_modality,final,3,6102,0.6904103755950928,0.44088494777679443,0.9090715646743774,0.9531795382499695,0.48626500368118286,2.1599819660186768,1.0,1.0,1.0,0.8425,0.76,1.0,True,True
25,epistemic_modality,final,4,8006,-0.6243007183074951,0.007470280397683382,-0.5508002638816833,-0.7981728911399841,0.007395407184958458,-0.6532952785491943,1.0,1.0,1.0,0.8225,0.62,0.76,False,True
25,epistemic_modality,final,5,661,-0.6179565191268921,-0.5895347595214844,-0.8789433240890503,-0.7850087285041809,-0.7225188612937927,-1.8244105577468872,1.0,1.0,1.0,0.7975,0.84,0.98,True,True
25,epistemic_modality,final,6,15059,-0.6018953919410706,-0.47493359446525574,-0.7276897430419922,-0.7527692914009094,-0.5342599153518677,-1.0502538681030273,1.0,1.0,1.0,0.7625,0.58,0.8,True,True
25,epistemic_modality,final,7,12178,-0.5844421982765198,0.36722296476364136,-0.3089616894721985,-0.7193565368652344,0.39083895087242126,-0.32159045338630676,1.0,1.0,1.0,0.76,0.58,0.6,False,True
25,epistemic_modality,final,8,16378,0.5596587061882019,0.796019971370697,0.8495129942893982,0.674481987953186,1.3019299507141113,1.5940608978271484,1.0,1.0,1.0,0.7525,0.84,1.0,True,True
25,epistemic_modality,final,9,3874,0.5491592884063721,0.5694762468338013,0.4778286814689636,0.6562886834144592,0.6858240962028503,0.5384764671325684,0.61,0.82,0.64,0.5,0.66,0.48,True,True
25,epistemic_modality,final,10,8793,-0.5481842756271362,0.15283362567424774,-0.09519126266241074,-0.6546225547790527,0.15309615433216095,-0.09466440230607986,1.0,1.0,1.0,0.745,0.54,0.54,False,True
25,epistemic_modality,final,11,13191,-0.544613778591156,0.6016890406608582,0.06352274864912033,-0.6485525369644165,0.745735764503479,0.06301155686378479,1.0,1.0,1.0,0.75,0.76,0.56,False,False
25,epistemic_modality,final,12,1546,-0.5050042271614075,-0.602832019329071,-0.5501688122749329,-0.5843619108200073,-0.7479597330093384,-0.6522209644317627,1.0,1.0,1.0,0.7125,0.74,0.7,True,True
25,epistemic_modality,final,13,15282,0.49622559547424316,0.7871880531311035,0.3731808662414551,0.5708460807800293,1.2635962963104248,0.3981964588165283,1.0,1.0,1.0,0.7275,0.94,0.78,True,True
25,epistemic_modality,final,14,14168,0.4888361692428589,0.5604277849197388,0.8167174458503723,0.5596497058868408,0.6698781251907349,1.401137351989746,1.0,1.0,1.0,0.725,0.76,0.88,True,True
25,epistemic_modality,final,15,4257,0.4853958487510681,0.7187342643737793,0.5546603202819824,0.5544902682304382,1.0233365297317505,0.6598978042602539,0.3575,0.78,0.8,0.325,0.72,0.66,True,True
25,epistemic_modality,final,16,11483,0.48155438899993896,0.6036605834960938,0.5695915222167969,0.5487715601921082,0.7495766282081604,0.6860295534133911,1.0,1.0,1.0,0.7275,0.84,0.66,True,True
25,epistemic_modality,final,17,5219,-0.4791446328163147,-0.6075043678283691,-0.8703363537788391,-0.5452041625976562,-0.7571272850036621,-1.7495689392089844,1.0,1.0,1.0,0.6875,0.8,1.0,True,True
25,epistemic_modality,final,18,14004,0.4779817461967468,-0.08697827905416489,-0.0044485097751021385,0.5434886813163757,-0.08643165975809097,-0.0044038440100848675,1.0,1.0,1.0,0.695,0.64,0.6,False,False
25,epistemic_modality,final,19,1828,0.468017578125,0.5097945928573608,0.6191313862800598,0.528937041759491,0.5866245627403259,0.7804898619651794,0.5725,0.86,0.98,0.435,0.66,0.86,True,True
25,epistemic_modality,final,20,9390,-0.45527929067611694,0.23912060260772705,0.18770946562290192,-0.5107100009918213,0.24378971755504608,0.1891857385635376,1.0,1.0,1.0,0.725,0.5,0.7,False,False
25,epistemic_modality,final,21,11611,0.421615868806839,0.3907775282859802,0.32108819484710693,0.46438068151474,0.4202674329280853,0.3356330394744873,0.435,0.44,0.46,0.355,0.38,0.3,True,True
25,epistemic_modality,final,22,11086,0.41246023774147034,-0.02677585370838642,0.19909130036830902,0.45220112800598145,-0.026516247540712357,0.20111648738384247,0.35,0.6,0.04,0.29,0.32,0.04,False,True
25,epistemic_modality,final,23,8686,0.40400052070617676,0.14303164184093475,0.5101144909858704,0.44109463691711426,0.14306506514549255,0.5871222019195557,1.0,1.0,1.0,0.685,0.58,0.72,True,True
25,epistemic_modality,final,24,4549,-0.38598570227622986,-0.3024258613586426,-0.3420654237270355,-0.417887419462204,-0.31409451365470886,-0.36036619544029236,0.545,0.22,0.2,0.415,0.18,0.18,True,True
25,epistemic_modality,final,25,15659,-0.377828449010849,0.0764872282743454,-0.49264541268348694,-0.40756645798683167,0.07594095170497894,-0.5604196190834045,1.0,1.0,1.0,0.5975,0.56,0.74,False,True
26,evidentiality,mean,1,3336,0.8992544412612915,0.08439596742391586,-0.7704203128814697,2.0532119274139404,0.08384688943624496,-1.1962882280349731,0.84,0.7,0.82,0.8325,0.4,0.78,True,False
26,evidentiality,mean,2,11957,0.8814986348152161,0.6515172123908997,-0.0873318463563919,1.8645085096359253,0.8501718044281006,-0.0867857038974762,0.8,1.0,0.8,0.8,0.74,0.42,True,False
26,evidentiality,mean,3,7931,0.8804030418395996,-0.19371408224105835,-0.8086690306663513,1.854181170463562,-0.1954697221517563,-1.3608540296554565,0.8525,0.72,0.8,0.825,0.36,0.74,False,False
26,evidentiality,mean,4,6900,0.8795073628425598,0.760705828666687,-0.07174991071224213,1.8458398580551147,1.1601665019989014,-0.07121231406927109,0.815,1.0,0.86,0.8025,0.96,0.44,True,False
26,evidentiality,mean,5,3835,0.8780555129051208,0.7441316843032837,0.2535925805568695,1.8324966430664062,1.1027189493179321,0.2595275044441223,0.8075,1.0,0.82,0.8075,0.8,0.44,True,True
26,evidentiality,mean,6,9646,0.8776636123657227,0.0869390144944191,-0.7132973074913025,1.8289318084716797,0.08639233559370041,-1.007514476776123,0.8,0.6,0.8,0.8,0.4,0.66,True,False
26,evidentiality,mean,7,6567,0.8776465058326721,0.7697045803070068,0.027636101469397545,1.8287795782089233,1.193558931350708,0.02736879512667656,0.8,1.0,0.8,0.8,1.0,0.42,True,True
26,evidentiality,mean,8,10641,0.876357913017273,0.7142457365989685,0.20071832835674286,1.8171768188476562,1.0102474689483643,0.2028287649154663,0.855,1.0,0.86,0.8525,0.8,0.54,True,True
26,evidentiality,mean,9,2443,0.8760665655136108,0.7223316431045532,0.3222643733024597,1.8145763874053955,1.03401780128479,0.33700475096702576,0.8225,1.0,0.86,0.8175,0.84,0.56,True,True
26,evidentiality,mean,10,11375,0.8759427070617676,0.02790474146604538,-0.7426843047142029,1.8134746551513672,0.02763505093753338,-1.0979301929473877,0.8525,0.84,0.82,0.825,0.6,0.68,True,False
26,evidentiality,mean,11,76,0.8719886541366577,0.09356078505516052,-0.6455557346343994,1.7790632247924805,0.09302852302789688,-0.8367900252342224,0.85,0.8,0.92,0.8225,0.6,0.68,True,False
26,evidentiality,mean,12,4419,0.8636038899421692,0.6543578505516052,-0.2808150053024292,1.71077561378479,0.8566436767578125,-0.28964754939079285,0.8,0.84,0.8,0.8,0.74,0.42,True,False
26,evidentiality,mean,13,10712,0.8628831505775452,0.3878728449344635,-0.3757697641849518,1.7051801681518555,0.41658803820610046,-0.4014112949371338,0.8075,0.92,0.8,0.8075,0.62,0.42,True,False
26,evidentiality,mean,14,4448,0.8609728217124939,0.6855108141899109,0.11388126760721207,1.6905409097671509,0.9320917129516602,0.11347492784261703,0.8,0.96,0.8,0.8,0.72,0.44,True,True
26,evidentiality,mean,15,12619,0.8564622402191162,0.5982732176780701,-0.1637580245733261,1.6570611000061035,0.7391314506530762,-0.16433055698871613,0.8025,0.84,0.8,0.8025,0.7,0.4,True,False
26,evidentiality,mean,16,4948,0.8564435839653015,-0.12705127894878387,-0.7756552696228027,1.6569299697875977,-0.12680193781852722,-1.2165905237197876,0.8975,0.6,0.84,0.8325,0.3,0.78,False,False
26,evidentiality,mean,17,5860,0.854265570640564,0.6942194700241089,-0.46372315287590027,1.641278862953186,0.9548168182373047,-0.5181407928466797,0.8075,1.0,0.82,0.8075,0.84,0.56,True,False
26,evidentiality,mean,18,7700,-0.8539714217185974,-0.5264685153961182,0.3855362832546234,-1.6391911506652832,-0.6130092740058899,0.41363874077796936,0.8025,1.0,0.78,0.8025,0.66,0.48,True,False
26,evidentiality,mean,19,15244,0.8494022488594055,0.7385287284851074,0.40129461884498596,1.6074780225753784,1.0843700170516968,0.4337156116962433,0.8075,1.0,0.84,0.8025,0.8,0.54,True,True
26,evidentiality,mean,20,8219,0.8393194079399109,-0.21714013814926147,-0.6720101833343506,1.5419615507125854,-0.220211923122406,-0.8983367085456848,0.875,0.8,0.8,0.825,0.48,0.74,False,False
26,evidentiality,mean,21,3626,0.8388566374778748,0.8522235751152039,0.7573274970054626,1.5390918254852295,1.6125644445419312,1.1480482816696167,0.8225,1.0,0.8,0.8075,0.94,0.78,True,True
26,evidentiality,mean,22,1061,0.8377426862716675,0.7007451057434082,0.40472060441970825,1.5322260856628418,0.9723728895187378,0.43814003467559814,0.835,1.0,0.92,0.8225,0.82,0.66,True,True
26,evidentiality,mean,23,6750,0.8317607641220093,0.6946226954460144,-0.027735162526369095,1.4964309930801392,0.9558882713317871,-0.027466977015137672,0.8225,1.0,0.82,0.815,0.74,0.44,True,False
26,evidentiality,mean,24,844,0.8266865015029907,-0.32841119170188904,-0.29584547877311707,1.467403531074524,-0.3442017436027527,-0.3065966069698334,0.8725,0.24,0.12,0.815,0.2,0.1,False,False
26,evidentiality,mean,25,2578,0.8246731758117676,0.3197696805000305,-0.5834136009216309,1.4562028646469116,0.3340975046157837,-0.7111150026321411,0.8075,1.0,0.82,0.805,0.58,0.56,True,False
26,evidentiality,final,1,7700,-0.8583455681800842,-0.38795003294944763,0.3778916299343109,-1.6708624362945557,-0.4166854918003082,0.4040542244911194,0.8025,1.0,0.78,0.8025,0.78,0.52,True,False
26,evidentiality,final,2,11367,0.8213162422180176,0.6388417482376099,-0.43502750992774963,1.4379101991653442,0.8220327496528625,-0.47828415036201477,0.8,1.0,0.8,0.8,0.76,0.54,True,False
26,evidentiality,final,3,2734,-0.8101010918617249,-0.5296196341514587,0.41836056113243103,-1.3800138235092163,-0.6181028485298157,0.4559776782989502,1.0,1.0,1.0,0.875,0.68,0.68,True,False
26,evidentiality,final,4,4441,0.8040516376495361,0.6194483637809753,0.0012860080460086465,1.3506569862365723,0.781138002872467,0.0012730839662253857,1.0,1.0,1.0,0.8575,0.7,0.56,True,True
26,evidentiality,final,5,46,0.7894818186759949,0.6431686878204346,0.32811471819877625,1.2846667766571045,0.8315057754516602,0.3438534736633301,0.8,1.0,0.8,0.7675,0.7,0.52,True,True
26,evidentiality,final,6,14168,0.7658785581588745,0.26208385825157166,-0.1373027116060257,1.1896393299102783,0.26884725689888,-0.13722234964370728,1.0,1.0,1.0,0.8675,0.5,0.54,True,False
26,evidentiality,final,7,8003,0.7566227912902832,0.5468069314956665,-0.07609277963638306,1.155731201171875,0.6465280652046204,-0.07554703205823898,1.0,1.0,1.0,0.845,0.7,0.54,True,False
26,evidentiality,final,8,9465,0.7419820427894592,0.4314047396183014,0.02620425447821617,1.1053584814071655,0.4733857214450836,0.02594979852437973,1.0,1.0,1.0,0.85,0.6,0.54,True,True
26,evidentiality,final,9,8182,0.7320684194564819,0.619775652885437,0.45032352209091187,1.0732821226119995,0.781808078289032,0.4992886483669281,1.0,1.0,1.0,0.8775,0.72,0.62,True,True
26,evidentiality,final,10,4549,-0.7146649956703186,-0.3938516080379486,-0.015338809229433537,-1.020450234413147,-0.42417776584625244,-0.015186433680355549,0.9925,0.98,0.86,0.875,0.68,0.46,True,True
26,evidentiality,final,11,12998,-0.7111123204231262,-0.6866298913955688,-0.21267136931419373,-1.0101619958877563,-0.9349688291549683,-0.21546287834644318,1.0,1.0,1.0,0.845,0.8,0.58,True,True
26,evidentiality,final,12,8793,-0.7092878222465515,-0.7630090117454529,-0.45733270049095154,-1.0049391984939575,-1.1685559749603271,-0.509095311164856,1.0,1.0,1.0,0.855,0.78,0.64,True,True
26,evidentiality,final,13,164,0.6981133222579956,0.308448851108551,-0.4190383553504944,0.9738168716430664,0.32100042700767517,-0.45687350630760193,1.0,1.0,1.0,0.855,0.56,0.78,True,False
26,evidentiality,final,14,16335,0.6975926160812378,0.23316985368728638,-0.3156745135784149,0.9724013805389404,0.23736923933029175,-0.3293418884277344,1.0,1.0,1.0,0.8725,0.52,0.62,True,False
26,evidentiality,final,15,661,-0.6956459879875183,-0.31587228178977966,0.3845733106136322,-0.967136800289154,-0.32957109808921814,0.4124259948730469,1.0,1.0,1.0,0.84,0.62,0.6,True,False
26,evidentiality,final,16,8686,0.689493715763092,0.6471217274665833,0.18122579157352448,0.9507657885551453,0.8402792811393738,0.18242505192756653,1.0,1.0,1.0,0.86,0.78,0.56,True,True
26,evidentiality,final,17,7418,-0.678272008895874,-0.7008341550827026,-0.6176361441612244,-0.9219020009040833,-0.9726157784461975,-0.777440071105957,0.955,0.78,0.88,0.785,0.74,0.68,True,True
26,evidentiality,final,18,443,0.6766209602355957,0.542678713798523,-0.19125843048095703,0.9177587032318115,0.6395984292030334,-0.19289712607860565,0.9325,1.0,0.98,0.825,0.62,0.62,True,False
26,evidentiality,final,19,10521,-0.6672281622886658,-0.5898848176002502,-0.5008269548416138,-0.894664466381073,-0.7231767773628235,-0.5728091597557068,0.5975,0.4,0.36,0.5775,0.4,0.34,True,True
26,evidentiality,final,20,4806,0.664939820766449,0.38039928674697876,-0.4326654076576233,0.8891568779945374,0.40718749165534973,-0.47508704662323,0.8,1.0,0.8,0.71,0.56,0.58,True,False
26,evidentiality,final,21,15059,-0.663051426410675,-0.49331822991371155,-0.38712501525878906,-0.8846448063850403,-0.5614309310913086,-0.41564300656318665,1.0,1.0,1.0,0.835,0.78,0.66,True,True
26,evidentiality,final,22,4825,-0.6566018462181091,-0.4962681233882904,-0.38877224922180176,-0.8694621324539185,-0.5658807754516602,-0.41772571206092834,1.0,1.0,1.0,0.825,0.66,0.66,True,True
26,evidentiality,final,23,15120,-0.6563771963119507,-0.500379741191864,-0.42505091428756714,-0.8689386248588562,-0.572126567363739,-0.46486204862594604,0.4975,0.38,0.28,0.49,0.32,0.22,True,True
26,evidentiality,final,24,3288,0.6444709897041321,0.47409459948539734,0.35050538182258606,0.841800332069397,0.5330420732498169,0.37048599123954773,1.0,1.0,1.0,0.8575,0.66,0.68,True,True
26,evidentiality,final,25,9083,-0.639478862285614,0.006624298170208931,0.43323734402656555,-0.8307387232780457,0.006557864602655172,0.47586002945899963,1.0,1.0,1.0,0.8025,0.56,0.64,False,False
27,mirativity_stance_and_affect_marking,mean,1,1887,0.9746910333633423,0.8548627495765686,0.9517486095428467,4.354452133178711,1.6310380697250366,3.070204496383667,1.0,1.0,1.0,1.0,0.98,1.0,True,True
27,mirativity_stance_and_affect_marking,mean,2,8362,-0.9619462490081787,-0.9873464703559875,-0.9199503064155579,-3.5161545276641846,-6.1636762619018555,-2.32301926612854,1.0,1.0,1.0,1.0,1.0,1.0,True,True
27,mirativity_stance_and_affect_marking,mean,3,785,-0.9618512392044067,-0.9846693277359009,-0.9203054308891296,-3.5114872455596924,-5.588305950164795,-2.328871011734009,1.0,1.0,1.0,1.0,1.0,1.0,True,True
27,mirativity_stance_and_affect_marking,mean,4,9535,-0.9617652297019958,-0.9866378307342529,-0.9201605319976807,-3.5073108673095703,-5.99474573135376,-2.326477289199829,1.0,1.0,1.0,1.0,1.0,1.0,True,True
27,mirativity_stance_and_affect_marking,mean,5,7920,-0.9614465236663818,-0.9879385828971863,-0.9200409054756165,-3.49190616607666,-6.3159589767456055,-2.32450795173645,1.0,1.0,1.0,1.0,1.0,1.0,True,True
27,mirativity_stance_and_affect_marking,mean,6,4764,-0.961428701877594,-0.9868727922439575,-0.9199323654174805,-3.491058111190796,-6.049254417419434,-2.322723627090454,1.0,1.0,1.0,1.0,1.0,1.0,True,True
27,mirativity_stance_and_affect_marking,mean,7,10229,-0.9613339304924011,-0.9886506795883179,-0.9198076128959656,-3.486521005630493,-6.514616966247559,-2.320676803588867,1.0,1.0,1.0,1.0,1.0,1.0,True,True
27,mirativity_stance_and_affect_marking,mean,8,13658,-0.9610922336578369,-0.9884670972824097,-0.9198470711708069,-3.4750072956085205,-6.461669445037842,-2.321324110031128,1.0,1.0,1.0,1.0,1.0,1.0,True,True
27,mirativity_stance_and_affect_marking,mean,9,6043,-0.9607529044151306,-0.9862663745880127,-0.919762134552002,-3.4590163230895996,-5.91144323348999,-2.3199307918548584,1.0,1.0,1.0,1.0,1.0,1.0,True,True
27,mirativity_stance_and_affect_marking,mean,10,5634,-0.9607411026954651,-0.9850960969924927,-0.9203914999961853,-3.4584779739379883,-5.669552326202393,-2.3302948474884033,1.0,1.0,1.0,1.0,1.0,1.0,True,True
27,mirativity_stance_and_affect_marking,mean,11,13857,-0.9605058431625366,-0.9872662425041199,-0.9204578399658203,-3.447528600692749,-6.143857955932617,-2.331395387649536,1.0,1.0,1.0,1.0,1.0,1.0,True,True
27,mirativity_stance_and_affect_marking,mean,12,15327,-0.9604768753051758,-0.9885584712028503,-0.9204655885696411,-3.4461872577667236,-6.487892150878906,-2.331524610519409,1.0,1.0,1.0,1.0,1.0,1.0,True,True
27,mirativity_stance_and_affect_marking,mean,13,13061,-0.9603695273399353,-0.9889423251152039,-0.9197074174880981,-3.441200017929077,-6.601468086242676,-2.319035053253174,1.0,1.0,1.0,1.0,1.0,1.0,True,True
27,mirativity_stance_and_affect_marking,mean,14,13114,-0.9603312611579895,-0.9880890250205994,-0.920443058013916,-3.4394466876983643,-6.356472492218018,-2.331148147583008,1.0,1.0,1.0,1.0,1.0,1.0,True,True
27,mirativity_stance_and_affect_marking,mean,15,8711,-0.9602519869804382,-0.9884431958198547,-0.9194199442863464,-3.43579363822937,-6.454866886138916,-2.3143413066864014,1.0,1.0,1.0,1.0,1.0,1.0,True,True
27,mirativity_stance_and_affect_marking,mean,16,8882,-0.9602438807487488,-0.9880719184875488,-0.9200983047485352,-3.435422897338867,-6.351820945739746,-2.325451612472534,1.0,1.0,1.0,1.0,1.0,1.0,True,True
27,mirativity_stance_and_affect_marking,mean,17,3278,-0.9601845741271973,-0.9893854260444641,-0.9195664525032043,-3.432713508605957,-6.7400994300842285,-2.316732883453369,1.0,1.0,1.0,1.0,1.0,1.0,True,True
27,mirativity_stance_and_affect_marking,mean,18,476,-0.9601315259933472,-0.9873430728912354,-0.9205682873725891,-3.4302921295166016,-6.162818431854248,-2.3332278728485107,1.0,1.0,1.0,1.0,1.0,1.0,True,True
27,mirativity_stance_and_affect_marking,mean,19,6366,-0.9598878622055054,-0.9863996505737305,-0.9193364977836609,-3.419182538986206,-5.940978050231934,-2.312987804412842,1.0,1.0,1.0,1.0,1.0,1.0,True,True
27,mirativity_stance_and_affect_marking,mean,20,7457,-0.9597264528274536,-0.9886112809181213,-0.9199437499046326,-3.4119129180908203,-6.50316858291626,-2.322908878326416,1.0,1.0,1.0,1.0,1.0,1.0,True,True
27,mirativity_stance_and_affect_marking,mean,21,9326,-0.9597242474555969,-0.9859461784362793,-0.920220136642456,-3.4117889404296875,-5.842300891876221,-2.327460289001465,1.0,1.0,1.0,1.0,1.0,1.0,True,True
27,mirativity_stance_and_affect_marking,mean,22,1435,-0.9596673250198364,-0.9876759052276611,-0.9201880097389221,-3.409238815307617,-6.247086524963379,-2.3269307613372803,1.0,1.0,1.0,1.0,1.0,1.0,True,True
27,mirativity_stance_and_affect_marking,mean,23,5282,-0.9594854116439819,-0.9875709414482117,-0.9199898838996887,-3.4011049270629883,-6.220114231109619,-2.323667049407959,1.0,1.0,1.0,1.0,1.0,1.0,True,True
27,mirativity_stance_and_affect_marking,mean,24,11796,-0.9594651460647583,-0.987513542175293,-0.9187807440757751,-3.4001848697662354,-6.205531597137451,-2.3040008544921875,1.0,1.0,1.0,1.0,1.0,1.0,True,True
27,mirativity_stance_and_affect_marking,mean,25,11887,-0.9594389200210571,-0.9883453249931335,-0.9203937649726868,-3.399028778076172,-6.4272308349609375,-2.330331802368164,1.0,1.0,1.0,1.0,1.0,1.0,True,True
27,mirativity_stance_and_affect_marking,final,1,6119,0.9419602155685425,0.9187965393066406,0.9361345171928406,2.8022525310516357,2.304255247116089,2.635420799255371,1.0,0.98,0.96,1.0,0.98,0.96,True,True
27,mirativity_stance_and_affect_marking,final,2,7918,0.8988211750984192,0.8113558292388916,0.8232340216636658,2.0480620861053467,1.3740445375442505,1.4355416297912598,1.0,1.0,1.0,0.9975,0.96,0.92,True,True
27,mirativity_stance_and_affect_marking,final,3,11776,0.8965377807617188,0.9083340167999268,0.48633673787117004,2.0214083194732666,2.1499433517456055,0.5510008335113525,1.0,1.0,1.0,0.96,1.0,0.64,True,True
27,mirativity_stance_and_affect_marking,final,4,12897,-0.8939337730407715,-0.9378266334533691,-0.8438981771469116,-1.992007851600647,-2.674703598022461,-1.55715012550354,1.0,1.0,1.0,0.9975,1.0,0.96,True,True
27,mirativity_stance_and_affect_marking,final,5,14004,0.8895617127418518,0.8744535446166992,0.8463698625564575,1.9448773860931396,1.7844740152359009,1.5731697082519531,1.0,1.0,1.0,0.9625,0.94,0.96,True,True
27,mirativity_stance_and_affect_marking,final,6,14168,0.8737818002700806,0.8681613206863403,0.9250903725624084,1.7944811582565308,1.7317487001419067,2.4115843772888184,1.0,1.0,1.0,0.9975,0.96,0.98,True,True
27,mirativity_stance_and_affect_marking,final,7,15059,-0.8713855743408203,-0.9431183934211731,-0.8818028569221497,-1.7739454507827759,-2.808297634124756,-1.8509471416473389,1.0,1.0,1.0,0.9925,1.0,0.96,True,True
27,mirativity_stance_and_affect_marking,final,8,16378,0.8632649779319763,0.8976011276245117,0.962246835231781,1.7081410884857178,2.015794038772583,3.4998202323913574,1.0,1.0,1.0,0.99,1.0,1.0,True,True
27,mirativity_stance_and_affect_marking,final,9,2195,-0.855082631111145,-0.8738573789596558,-0.9490593671798706,-1.6471128463745117,-1.7793207168579102,-2.981682062149048,0.9875,1.0,1.0,0.985,0.98,1.0,True,True
27,mirativity_stance_and_affect_marking,final,10,5159,0.8533222079277039,0.8365049362182617,0.8528783321380615,1.6346032619476318,1.5112385749816895,1.6171048879623413,1.0,1.0,1.0,0.96,1.0,0.92,True,True
27,mirativity_stance_and_affect_marking,final,11,12998,-0.8506332635879517,-0.8098223805427551,-0.9196205139160156,-1.615890383720398,-1.366485595703125,-2.317614793777466,1.0,1.0,1.0,0.98,0.98,1.0,True,True
27,mirativity_stance_and_affect_marking,final,12,14795,0.8459184765815735,0.9213789105415344,0.493100643157959,1.5841765403747559,2.3467931747436523,0.5611037611961365,1.0,1.0,1.0,0.91,1.0,0.68,True,True
27,mirativity_stance_and_affect_marking,final,13,4080,-0.8314997553825378,-0.8730277419090271,-0.418962687253952,-1.494910717010498,-1.772207260131836,-0.4567733407020569,1.0,1.0,1.0,0.9325,0.98,0.64,True,True
27,mirativity_stance_and_affect_marking,final,14,2084,-0.8011894226074219,-0.8283808827400208,-0.8672723174095154,-1.33718740940094,-1.4639523029327393,-1.7245818376541138,1.0,1.0,1.0,0.9375,0.98,0.96,True,True
27,mirativity_stance_and_affect_marking,final,15,15360,0.79664546251297,0.7543771266937256,0.9367502927780151,1.3163260221481323,1.1376420259475708,2.649543285369873,1.0,1.0,1.0,0.9575,0.94,1.0,True,True
27,mirativity_stance_and_affect_marking,final,16,14465,-0.791212797164917,-0.7496567964553833,-0.9005435705184937,-1.2921842336654663,-1.1213239431381226,-2.0505123138427734,1.0,1.0,1.0,0.895,0.9,1.0,True,True
27,mirativity_stance_and_affect_marking,final,17,13711,0.7733254432678223,0.7787144184112549,0.9685059189796448,1.218213438987732,1.2287441492080688,3.8506317138671875,1.0,1.0,1.0,1.0,1.0,1.0,True,True
27,mirativity_stance_and_affect_marking,final,18,164,0.7700276374816895,0.7900949120521545,-0.07225575298070908,1.2054104804992676,1.2759764194488525,-0.07171700894832611,1.0,1.0,1.0,0.8675,0.9,0.58,True,False
27,mirativity_stance_and_affect_marking,final,19,105,-0.7490339279174805,-0.8259450793266296,-0.7688148021697998,-1.1291496753692627,-1.4503644704818726,-1.1901826858520508,1.0,1.0,1.0,0.8525,0.94,0.86,True,True
27,mirativity_stance_and_affect_marking,final,20,1838,-0.7413030862808228,-0.7669985294342041,-0.9463446140289307,-1.1031123399734497,-1.1833412647247314,-2.898984432220459,1.0,1.0,1.0,0.8525,0.86,1.0,True,True
27,mirativity_stance_and_affect_marking,final,21,9083,-0.7381684184074402,-0.8351179957389832,-0.6879814863204956,-1.0928359031677246,-1.5029420852661133,-0.938460111618042,1.0,1.0,1.0,0.8725,1.0,0.88,True,True
27,mirativity_stance_and_affect_marking,final,22,2375,-0.7361955046653748,-0.799659013748169,-0.7986599802970886,-1.0864486694335938,-1.3183715343475342,-1.313818097114563,1.0,1.0,1.0,0.8375,0.92,0.9,True,True
27,mirativity_stance_and_affect_marking,final,23,1887,0.734748125076294,0.7607161402702332,0.963923454284668,1.081801176071167,1.160203456878662,3.5849294662475586,0.6675,0.82,1.0,0.6675,0.78,1.0,True,True
27,mirativity_stance_and_affect_marking,final,24,3044,0.7265186905860901,0.7518907785415649,0.7496510148048401,1.0559759140014648,1.1289970874786377,1.1213041543960571,0.6125,0.74,0.64,0.6075,0.74,0.62,True,True
27,mirativity_stance_and_affect_marking,final,25,4549,-0.7262169718742371,-0.6998958587646484,-0.6545249223709106,-1.0550485849380493,-0.9700613617897034,-0.8570263981819153,0.5675,0.54,0.54,0.565,0.52,0.5,True,True
28,negation_and_polarity_structure,mean,1,14770,-0.6849724054336548,-0.20230861008167267,-0.39947184920310974,-0.9389859437942505,-0.20450404286384583,-0.43137067556381226,0.5425,0.78,0.16,0.5,0.42,0.16,True,True
28,negation_and_polarity_structure,mean,2,6051,-0.6445587277412415,-0.37342631816864014,0.1768103986978531,-0.841996967792511,-0.3985007703304291,0.1778351366519928,1.0,1.0,1.0,0.7625,0.76,0.5,True,False
28,negation_and_polarity_structure,mean,3,15282,0.6336672902107239,0.5181169509887695,0.6028707027435303,0.8180845379829407,0.5996770262718201,0.7480349540710449,1.0,1.0,1.0,0.805,0.68,0.76,True,True
28,negation_and_polarity_structure,mean,4,13008,0.6143609881401062,0.3488309681415558,0.4853246808052063,0.7776597738265991,0.36847031116485596,0.5495004653930664,0.82,0.42,0.62,0.735,0.32,0.54,True,True
28,negation_and_polarity_structure,mean,5,7948,0.6047115325927734,-0.05213157832622528,0.07543974369764328,0.7583141922950745,-0.051677897572517395,0.07489494979381561,1.0,1.0,1.0,0.7975,0.56,0.52,False,True
28,negation_and_polarity_structure,mean,6,4382,0.6044781804084778,0.28164535760879517,0.3861485421657562,0.7578538060188293,0.29057765007019043,0.4144105911254883,0.435,0.38,0.56,0.4225,0.26,0.36,True,True
28,negation_and_polarity_structure,mean,7,15943,-0.5919666886329651,-0.3343682885169983,-0.1843358874320984,-0.7335658073425293,-0.35122331976890564,-0.18566487729549408,0.8125,0.92,0.8,0.6675,0.48,0.5,True,True
28,negation_and_polarity_structure,mean,8,2953,0.569094181060791,0.2515960931777954,-0.10852111130952835,0.6912341117858887,0.25734567642211914,-0.10806865990161896,0.575,0.4,0.56,0.5175,0.26,0.34,True,False
28,negation_and_polarity_structure,mean,9,3522,-0.5680692791938782,-0.3765927851200104,-0.3984661102294922,-0.6893943548202515,-0.4024355113506317,-0.4300791621208191,0.3675,0.4,0.16,0.36,0.22,0.16,True,True
28,negation_and_polarity_structure,mean,10,12169,-0.5663538575172424,-0.15168404579162598,-0.40869200229644775,-0.6863274574279785,-0.15191735327243805,-0.44329652190208435,0.37,0.72,0.2,0.335,0.46,0.2,True,True
28,negation_and_polarity_structure,mean,11,16131,0.5630006790161133,0.40965694189071655,0.4987392723560333,0.6803696155548096,0.4445538818836212,0.5696285963058472,0.3425,0.42,0.48,0.3425,0.36,0.42,True,True
28,negation_and_polarity_structure,mean,12,8116,0.5629807710647583,0.3141380846500397,0.601874828338623,0.6803357005119324,0.3275628387928009,0.7460966110229492,0.4925,0.18,0.48,0.435,0.14,0.46,True,True
28,negation_and_polarity_structure,mean,13,5628,-0.561010479927063,-0.29028186202049255,-0.6679069995880127,-0.6768576502799988,-0.30029475688934326,-0.8884095549583435,0.8125,0.92,0.8,0.5025,0.48,0.66,True,True
28,negation_and_polarity_structure,mean,14,6505,-0.5573989152908325,0.09116850793361664,-0.40812838077545166,-0.6705278754234314,0.09062965959310532,-0.44256284832954407,0.4025,0.48,0.36,0.3825,0.28,0.32,False,True
28,negation_and_polarity_structure,mean,15,753,-0.5556164979934692,0.0,-0.34270521998405457,-0.6674233675003052,0.0,-0.36112985014915466,0.3675,0.0,0.22,0.3675,0.0,0.16,False,True
28,negation_and_polarity_structure,mean,16,9792,0.5525667667388916,0.28564542531967163,0.021366018801927567,0.6621442437171936,0.2950684428215027,0.021156111732125282,0.375,0.84,0.38,0.3675,0.44,0.2,True,True
28,negation_and_polarity_structure,mean,17,7822,-0.546663761138916,-0.0912054106593132,-0.5883719325065613,-0.6520305871963501,-0.09066664427518845,-0.7203381657600403,0.3675,0.66,0.38,0.345,0.48,0.38,True,True
28,negation_and_polarity_structure,mean,18,172,-0.5452700853347778,-0.5372506380081177,-0.2723601758480072,-0.6496647596359253,-0.630586564540863,-0.2802163064479828,0.61,0.8,0.4,0.5,0.64,0.28,True,True
28,negation_and_polarity_structure,mean,19,14043,0.5361425876617432,0.013989187777042389,0.2438025027513504,0.6343497037887573,0.013849945738911629,0.24886159598827362,1.0,1.0,1.0,0.755,0.58,0.52,True,True
28,negation_and_polarity_structure,mean,20,1644,-0.5353201627731323,0.5953333377838135,0.36983564496040344,-0.6329846978187561,0.7334976196289062,0.3940584361553192,0.4475,0.38,0.2,0.39,0.38,0.18,False,False
28,negation_and_polarity_structure,mean,21,1893,0.5293359756469727,0.14417946338653564,0.2523796856403351,0.6231332421302795,0.1442374289035797,0.25820159912109375,0.9475,1.0,0.8,0.71,0.58,0.58,True,True
28,negation_and_polarity_structure,mean,22,5340,0.5275554060935974,0.20155441761016846,0.34784772992134094,0.6202269196510315,0.20370933413505554,0.3672884702682495,0.9625,0.88,0.74,0.74,0.56,0.38,True,True
28,negation_and_polarity_structure,mean,23,11054,-0.5257533192634583,-0.2380298525094986,-0.5720542073249817,-0.6172968745231628,-0.24261069297790527,-0.690433919429779,0.6975,1.0,0.6,0.4875,0.52,0.52,True,True
28,negation_and_polarity_structure,mean,24,14103,-0.5236856341362,0.0014965273439884186,-0.3690609037876129,-0.6139503121376038,0.0014814881142228842,-0.39310261607170105,0.445,0.5,0.3,0.365,0.26,0.24,False,True
28,negation_and_polarity_structure,mean,25,16084,0.5228024125099182,0.022439049556851387,-0.05148719251155853,0.6125242114067078,0.02221912145614624,-0.051037415862083435,1.0,1.0,1.0,0.6975,0.54,0.52,True,False
28,negation_and_polarity_structure,final,1,12178,-0.6493474841117859,-0.2759208679199219,-0.4037792682647705,-0.8527843952178955,-0.2841794192790985,-0.43692219257354736,1.0,1.0,1.0,0.8325,0.52,0.62,True,True
28,negation_and_polarity_structure,final,2,16084,0.6211166381835938,0.141943097114563,0.35813334584236145,0.7915344834327698,0.14195379614830017,0.3797205984592438,1.0,1.0,1.0,0.785,0.54,0.58,True,True
28,negation_and_polarity_structure,final,3,9390,-0.5914976000785828,-0.23472154140472412,-0.39248621463775635,-0.7326709032058716,-0.23904059827327728,-0.42243891954421997,1.0,1.0,1.0,0.8375,0.54,0.52,True,True
28,negation_and_polarity_structure,final,4,6102,-0.5763770937919617,-0.3149268925189972,-0.4321485161781311,-0.7044392228126526,-0.3284758925437927,-0.4743890166282654,1.0,1.0,1.0,0.7725,0.64,0.66,True,True
28,negation_and_polarity_structure,final,5,13304,-0.5674245953559875,-0.284955769777298,0.08241003006696701,-0.6882408261299133,-0.29429301619529724,0.08186020702123642,1.0,1.0,1.0,0.715,0.58,0.82,True,False
28,negation_and_polarity_structure,final,6,4585,0.5507799983024597,0.2896498441696167,0.4503025412559509,0.6590679883956909,0.2995808720588684,0.49925941228866577,0.6975,0.32,1.0,0.565,0.22,0.62,True,True
28,negation_and_polarity_structure,final,7,8793,-0.5296660661697388,-0.23259849846363068,-0.33457517623901367,-0.6236732602119446,-0.23675426840782166,-0.35146796703338623,1.0,1.0,1.0,0.6625,0.58,0.54,True,True
28,negation_and_polarity_structure,final,8,11483,0.5220052599906921,0.26810628175735474,-0.053785014897584915,0.6112399697303772,0.27549776434898376,-0.05332163721323013,1.0,1.0,1.0,0.66,0.56,0.68,True,False
28,negation_and_polarity_structure,final,9,7918,0.5213590860366821,0.13395990431308746,0.758259117603302,0.6102006435394287,0.13381969928741455,1.1513681411743164,1.0,1.0,1.0,0.7025,0.52,0.92,True,True
28,negation_and_polarity_structure,final,10,9622,0.5110980272293091,0.2862301766872406,0.2131274938583374,0.5938866138458252,0.29572635889053345,0.21594694256782532,0.985,1.0,1.0,0.6925,0.56,0.56,True,True
28,negation_and_polarity_structure,final,11,2734,-0.49776726961135864,-0.06512481719255447,-0.11004343628883362,-0.573202908039093,-0.06460743397474289,-0.10960309207439423,1.0,1.0,1.0,0.65,0.56,0.54,True,True
28,negation_and_polarity_structure,final,12,8686,0.49600791931152344,0.08292289078235626,0.15948700904846191,0.5705138444900513,0.08237317204475403,0.1599312126636505,1.0,1.0,1.0,0.655,0.52,0.56,True,True
28,negation_and_polarity_structure,final,13,1828,-0.4934588670730591,-0.24856294691562653,-0.5192589163780212,-0.5666348934173584,-0.2540375590324402,-0.6014860272407532,0.7225,0.88,0.8,0.53,0.52,0.58,True,True
28,negation_and_polarity_structure,final,14,1546,-0.4749886095523834,-0.3158004879951477,-0.22283442318439484,-0.5390894412994385,-0.3294879198074341,-0.226284459233284,1.0,1.0,1.0,0.67,0.54,0.66,True,True
28,negation_and_polarity_structure,final,15,443,0.441588431596756,0.4114247262477875,0.2929726541042328,0.49155983328819275,0.44686219096183777,0.3033384084701538,0.9725,1.0,1.0,0.7875,0.6,0.52,True,True
28,negation_and_polarity_structure,final,16,15059,-0.4294828176498413,-0.17573964595794678,-0.15039362013339996,-0.4749833941459656,-0.17672374844551086,-0.15059493482112885,1.0,1.0,1.0,0.6875,0.52,0.66,True,True
28,negation_and_polarity_structure,final,17,13357,0.42288801074028015,0.27373653650283813,0.5140899419784546,0.46608641743659973,0.28174662590026855,0.593332827091217,0.3225,0.36,0.28,0.2725,0.24,0.28,True,True
28,negation_and_polarity_structure,final,18,2993,-0.42206668853759766,-0.2915929853916168,-0.2619190216064453,-0.4649846851825714,-0.30177682638168335,-0.26866579055786133,1.0,1.0,1.0,0.6625,0.52,0.52,True,True
28,negation_and_polarity_structure,final,19,14161,0.4130232334136963,0.3430403470993042,0.4573639929294586,0.4529455006122589,0.361530065536499,0.509139358997345,0.1775,0.38,0.36,0.1775,0.2,0.34,True,True
28,negation_and_polarity_structure,final,20,6578,0.4058520495891571,0.0,0.0,0.44351324439048767,0.0,0.0,0.1675,0.0,0.0,0.1675,0.0,0.0,False,False
28,negation_and_polarity_structure,final,21,648,0.40129518508911133,0.37699639797210693,0.3040589988231659,0.43757137656211853,0.4029383063316345,0.31596291065216064,0.165,0.2,0.2,0.165,0.18,0.16,True,True
28,negation_and_polarity_structure,final,22,13774,0.40125611424446106,0.32715168595314026,0.2972780764102936,0.437521368265152,0.3427230715751648,0.30822479724884033,0.37,0.8,0.42,0.305,0.46,0.3,True,True
28,negation_and_polarity_structure,final,23,4257,0.400272011756897,0.34273192286491394,0.2986249327659607,0.43624284863471985,0.36116161942481995,0.30975764989852905,0.7925,0.96,0.98,0.5475,0.48,0.62,True,True
28,negation_and_polarity_structure,final,24,164,-0.3995269536972046,-0.27943554520606995,-0.07954860478639603,-0.4352763295173645,-0.2881038188934326,-0.07899944484233856,1.0,1.0,1.0,0.6475,0.62,0.56,True,True
28,negation_and_polarity_structure,final,25,2375,0.3979972302913666,0.03735383599996567,0.10867014527320862,0.43329545855522156,0.03700423985719681,0.10821884125471115,1.0,1.0,1.0,0.6475,0.54,0.54,True,True
29,quantifier_scope_and_distributivity,mean,1,12588,0.7267351150512695,0.27912798523902893,0.37582632899284363,1.0566418170928955,0.2877599000930786,0.40148162841796875,0.9175,0.7,0.32,0.7575,0.36,0.16,True,True
29,quantifier_scope_and_distributivity,mean,2,14198,0.7042573094367981,0.5189616680145264,0.031738292425870895,0.9907482862472534,0.6010146737098694,0.03143513947725296,0.9175,0.7,0.32,0.83,0.5,0.16,True,True
29,quantifier_scope_and_distributivity,mean,3,8551,0.7004773616790771,0.47481101751327515,0.3130183815956116,0.9802808165550232,0.5340818166732788,0.32626837491989136,0.9175,1.0,1.0,0.8375,0.68,0.54,True,True
29,quantifier_scope_and_distributivity,mean,4,15834,0.6843138337135315,0.39483219385147095,0.054847922176122665,0.9372872114181519,0.4254286289215088,0.054378535598516464,0.9175,0.7,0.32,0.7875,0.5,0.16,True,True
29,quantifier_scope_and_distributivity,mean,5,14976,0.679252564907074,0.2803349196910858,0.3336844742298126,0.9243764281272888,0.28911009430885315,0.35041481256484985,0.9175,0.7,0.32,0.725,0.36,0.16,True,True
29,quantifier_scope_and_distributivity,mean,6,4843,0.6728047132492065,0.08414044976234436,0.3689556419849396,0.9082790017127991,0.08359121531248093,0.392972856760025,0.9175,0.7,0.32,0.7825,0.5,0.16,True,True
29,quantifier_scope_and_distributivity,mean,7,7402,0.6641635894775391,0.2863062918186188,0.14773119986057281,0.8872973918914795,0.2958119213581085,0.14786890149116516,0.9175,0.7,0.32,0.7875,0.5,0.16,True,True
29,quantifier_scope_and_distributivity,mean,8,1445,0.6640057563781738,0.3138352632522583,-0.004849554970860481,0.8869209885597229,0.32721275091171265,-0.00480086961761117,0.9175,0.7,0.32,0.8075,0.5,0.16,True,False
29,quantifier_scope_and_distributivity,mean,9,3720,0.6501227617263794,0.0784577950835228,-0.11554685980081558,0.8545469641685486,0.07790939509868622,-0.11515688896179199,0.9175,0.7,0.32,0.835,0.5,0.16,True,False
29,quantifier_scope_and_distributivity,mean,10,5628,-0.646938681602478,-0.4476780891418457,0.21836888790130615,-0.8473362922668457,-0.49561765789985657,0.2215202897787094,0.9175,0.7,0.32,0.7175,0.52,0.16,True,False
29,quantifier_scope_and_distributivity,mean,11,4258,0.6451050639152527,-0.05677085369825363,0.4745651185512543,0.8432186245918274,-0.05629105865955353,0.533724844455719,0.9175,0.7,0.32,0.74,0.5,0.32,False,True
29,quantifier_scope_and_distributivity,mean,12,3663,0.6372171640396118,0.20514854788780212,-0.2987786531448364,0.8257865309715271,0.20750005543231964,-0.30993279814720154,0.9175,0.7,0.32,0.5875,0.38,0.16,True,False
29,quantifier_scope_and_distributivity,mean,13,7097,0.6359012126922607,-0.3275093734264374,0.2558349072933197,0.8229197263717651,-0.3431427776813507,0.2619823217391968,0.9175,0.7,0.32,0.6825,0.52,0.16,False,True
29,quantifier_scope_and_distributivity,mean,14,6187,0.6258236765861511,-0.16358116269111633,0.5613601207733154,0.8013709187507629,-0.16414818167686462,0.6715044379234314,0.9175,0.7,0.32,0.695,0.38,0.32,False,True
29,quantifier_scope_and_distributivity,mean,15,13728,0.6250861883163452,-0.09384539723396301,0.1854359358549118,0.7998201847076416,-0.093314029276371,0.18681220710277557,0.9175,0.7,0.32,0.835,0.5,0.16,False,True
29,quantifier_scope_and_distributivity,mean,16,12551,0.6151501536369324,0.24527911841869354,0.05060964822769165,0.7792654037475586,0.2504650354385376,0.050165288150310516,0.9175,0.7,0.32,0.7375,0.46,0.16,True,True
29,quantifier_scope_and_distributivity,mean,17,7865,0.6146755814552307,0.11581988632678986,0.046321846544742584,0.7782996892929077,0.11543267965316772,0.04590557515621185,0.9175,0.7,0.32,0.655,0.38,0.16,True,True
29,quantifier_scope_and_distributivity,mean,18,7093,0.6111831068992615,-0.31388598680496216,0.5450098514556885,0.7712286114692688,-0.32727131247520447,0.6435033082962036,0.9175,0.7,0.32,0.67,0.38,0.32,False,True
29,quantifier_scope_and_distributivity,mean,19,7485,0.6096889972686768,0.06694924831390381,0.2754746675491333,0.7682256698608398,0.06642541289329529,0.2836821377277374,0.9175,0.7,0.32,0.715,0.38,0.16,True,True
29,quantifier_scope_and_distributivity,mean,20,3804,0.6066219210624695,-0.07013798505067825,0.20861893892288208,0.7621017098426819,-0.06960446387529373,0.21116861701011658,0.9175,0.7,0.32,0.7875,0.36,0.16,False,True
29,quantifier_scope_and_distributivity,mean,21,10702,0.6039741635322571,-0.49552276730537415,0.3882432281970978,0.7568575143814087,-0.5647540092468262,0.4170563519001007,0.9175,0.7,0.32,0.725,0.54,0.16,False,True
29,quantifier_scope_and_distributivity,mean,22,508,0.6035136580467224,-0.060375526547431946,0.5609126687049866,0.7559508085250854,-0.059877946972846985,0.6707236766815186,0.9175,0.7,0.32,0.62,0.5,0.32,False,True
29,quantifier_scope_and_distributivity,mean,23,4718,0.5997334122657776,-0.1809353083372116,0.42411547899246216,0.7485418319702148,-0.18212273716926575,0.4636143147945404,0.9175,0.7,0.32,0.7525,0.38,0.32,False,True
29,quantifier_scope_and_distributivity,mean,24,3368,0.5980370044708252,0.3710533380508423,-0.012879393994808197,0.7452436089515686,0.3955625593662262,-0.012751005589962006,0.9175,0.7,0.32,0.655,0.36,0.16,True,False
29,quantifier_scope_and_distributivity,mean,25,12279,0.5970671772956848,-0.09637373685836792,-0.01918262243270874,0.7433643341064453,-0.09585129469633102,-0.018993321806192398,0.9175,0.7,0.32,0.625,0.5,0.16,False,False
29,quantifier_scope_and_distributivity,final,1,16378,-0.6282507181167603,-0.38904130458831787,-0.40862491726875305,-0.8064990639686584,-0.4180663824081421,-0.44320911169052124,1.0,1.0,1.0,0.87,0.7,0.66,True,True
29,quantifier_scope_and_distributivity,final,2,13627,0.5275033116340637,0.30168983340263367,0.1739262342453003,0.6201419830322266,0.31325337290763855,0.17484301328659058,0.9475,0.8,0.76,0.75,0.4,0.46,True,True
29,quantifier_scope_and_distributivity,final,3,4253,-0.4865584075450897,-0.2083999067544937,-0.17012031376361847,-0.5562306046485901,-0.2109367549419403,-0.17090168595314026,1.0,1.0,1.0,0.7275,0.6,0.56,True,True
29,quantifier_scope_and_distributivity,final,4,9899,-0.4082472622394562,-0.29639309644699097,-0.4175209403038025,-0.4466528594493866,-0.3072187900543213,-0.45486894249916077,0.4775,0.36,0.24,0.4025,0.24,0.22,True,True
29,quantifier_scope_and_distributivity,final,5,5475,-0.38681039214134216,-0.31142324209213257,-0.39764952659606934,-0.41893699765205383,-0.3244265913963318,-0.4290320575237274,0.1575,0.1,0.16,0.1575,0.1,0.16,True,True
29,quantifier_scope_and_distributivity,final,6,12289,0.3847986161708832,0.19878968596458435,0.39656177163124084,0.41637784242630005,0.20079922676086426,0.4276390075683594,0.51,0.66,0.6,0.38,0.38,0.42,True,True
29,quantifier_scope_and_distributivity,final,7,1838,0.3802295923233032,0.3643033504486084,0.4464024305343628,0.41059258580207825,0.38725385069847107,0.4938531816005707,1.0,1.0,1.0,0.7125,0.56,0.66,True,True
29,quantifier_scope_and_distributivity,final,8,9622,0.3716202974319458,0.16671061515808105,0.16668303310871124,0.3997863233089447,0.16737739741802216,0.16734887659549713,1.0,0.94,0.94,0.61,0.72,0.64,True,True
29,quantifier_scope_and_distributivity,final,9,7038,-0.36947184801101685,0.2094205766916275,-0.10891475528478622,-0.39710837602615356,0.21201714873313904,-0.10846533626317978,1.0,1.0,1.0,0.7325,0.64,0.52,False,True
29,quantifier_scope_and_distributivity,final,10,5159,-0.35528045892715454,0.020572150126099586,0.04681755602359772,-0.3796013295650482,0.020369699224829674,0.04639789089560509,1.0,1.0,1.0,0.6675,0.54,0.66,False,False
29,quantifier_scope_and_distributivity,final,11,2958,-0.35234490036964417,-0.3048529624938965,-0.3139459192752838,-0.3760172426700592,-0.31687241792678833,-0.3273407220840454,0.1325,0.1,0.1,0.1325,0.1,0.1,True,True
29,quantifier_scope_and_distributivity,final,12,6047,0.3425639569759369,0.4120083153247833,0.24174606800079346,0.36416974663734436,0.4476255178451538,0.24663160741329193,1.0,1.0,1.0,0.7,0.64,0.62,True,True
29,quantifier_scope_and_distributivity,final,13,15282,-0.3261115252971649,0.07332833111286163,0.21428769826889038,-0.3445391058921814,0.07278729975223541,0.21717894077301025,1.0,1.0,1.0,0.5575,0.52,0.68,False,False
29,quantifier_scope_and_distributivity,final,14,13304,-0.31045296788215637,-0.7234491109848022,-0.400696337223053,-0.3261818587779999,-1.0373713970184326,-0.4329451620578766,1.0,1.0,1.0,0.67,0.88,0.62,True,True
29,quantifier_scope_and_distributivity,final,15,2375,0.297242671251297,0.43300920724868774,0.02567453682422638,0.3109239935874939,0.47555163502693176,0.02542487159371376,1.0,1.0,1.0,0.68,0.72,0.52,True,True
29,quantifier_scope_and_distributivity,final,16,1893,-0.28919458389282227,-0.12058805674314499,-0.31411439180374146,-0.3017255663871765,-0.12025360018014908,-0.3275354206562042,0.165,0.06,0.1,0.1125,0.04,0.1,True,True
29,quantifier_scope_and_distributivity,final,17,105,0.2819458544254303,0.022618265822529793,-0.0770961195230484,0.2935003340244293,0.022396670654416084,-0.07654909789562225,1.0,1.0,1.0,0.67,0.52,0.56,True,False
29,quantifier_scope_and_distributivity,final,18,4257,-0.2815607488155365,0.2577635645866394,0.15256381034851074,-0.29306477308273315,0.2640972435474396,0.15281942486763,0.2525,0.1,0.56,0.19,0.08,0.32,False,False
29,quantifier_scope_and_distributivity,final,19,9467,0.2778059244155884,0.2475815862417221,0.3346436023712158,0.28882765769958496,0.25296875834465027,0.3515489101409912,0.12,0.12,0.2,0.11,0.1,0.18,True,True
29,quantifier_scope_and_distributivity,final,20,10521,0.27294623851776123,0.2079436331987381,0.5000930428504944,0.28336378931999207,0.2104540765285492,0.5716893672943115,0.2175,0.16,0.32,0.1625,0.12,0.28,True,True
29,quantifier_scope_and_distributivity,final,21,6119,0.25477734208106995,-0.18288417160511017,-0.2557065188884735,0.26314255595207214,-0.18415191769599915,-0.26184162497520447,0.245,0.34,0.28,0.1725,0.24,0.18,False,False
29,quantifier_scope_and_distributivity,final,22,15059,0.24720968306064606,-0.15352581441402435,0.18190032243728638,0.25480931997299194,-0.15380622446537018,0.18312722444534302,1.0,1.0,1.0,0.585,0.62,0.56,False,True
29,quantifier_scope_and_distributivity,final,23,8793,-0.24322043359279633,-0.5113222002983093,-0.20064294338226318,-0.25043660402297974,-0.5890035629272461,-0.20274941623210907,1.0,1.0,1.0,0.64,0.72,0.6,True,True
29,quantifier_scope_and_distributivity,final,24,9083,0.24106034636497498,0.0029398321639746428,-0.062684565782547,0.24807456135749817,0.002910297829657793,-0.06217682734131813,1.0,1.0,1.0,0.6275,0.54,0.52,True,False
29,quantifier_scope_and_distributivity,final,25,8113,0.23704583942890167,0.09889006614685059,0.3736360967159271,0.24369511008262634,0.09837836772203445,0.3987610340118408,0.97,1.0,0.9,0.55,0.52,0.6,True,True
30,conditional_and_counterfactual_marking,mean,1,15938,0.8586918115615845,0.49859920144081116,-0.1143210232257843,1.673426866531372,0.5694156885147095,-0.11391893774271011,0.795,0.42,0.14,0.7925,0.3,0.1,True,False
30,conditional_and_counterfactual_marking,mean,2,6546,0.8258181214332581,0.10020212084054947,-0.12392443418502808,1.4625505208969116,0.09969677776098251,-0.12363190203905106,0.815,0.04,0.1,0.7975,0.02,0.08,True,False
30,conditional_and_counterfactual_marking,mean,3,10407,0.7863895297050476,0.1414213478565216,0.0,1.2714383602142334,0.1414213478565216,0.0,0.79,0.02,0.0,0.765,0.02,0.0,True,False
30,conditional_and_counterfactual_marking,mean,4,14021,0.7776678800582886,0.6745672821998596,0.39944714307785034,1.2354472875595093,0.9045996069908142,0.4313387870788574,0.9425,0.64,0.2,0.79,0.6,0.2,True,True
30,conditional_and_counterfactual_marking,mean,5,3409,0.7776059508323669,-0.1414213627576828,0.1414213478565216,1.235198736190796,-0.14142124354839325,0.14142131805419922,0.7925,0.02,0.02,0.785,0.02,0.02,False,True
30,conditional_and_counterfactual_marking,mean,6,2375,-0.7626994848251343,0.6082121133804321,-0.275926798582077,-1.1777995824813843,0.7585266828536987,-0.2841860353946686,1.0,1.0,1.0,0.875,0.74,0.54,False,True
30,conditional_and_counterfactual_marking,mean,7,9587,-0.7516647577285767,-0.8302333950996399,-0.36107513308525085,-1.1382452249526978,-1.4744619131088257,-0.3833051323890686,0.87,1.0,0.9,0.825,1.0,0.58,True,True
30,conditional_and_counterfactual_marking,mean,8,15373,0.749467670917511,0.4480440318584442,0.17201539874076843,1.130640983581543,0.4961243271827698,0.1728632003068924,0.875,0.44,0.22,0.7975,0.4,0.14,True,True
30,conditional_and_counterfactual_marking,mean,9,7918,0.7464548945426941,0.7466973066329956,0.7330500483512878,1.1203505992889404,1.1112936735153198,1.0669059753417969,1.0,1.0,1.0,0.885,0.86,0.92,True,True
30,conditional_and_counterfactual_marking,mean,10,2352,-0.7376364469528198,0.1441524475812912,-0.3494853079319,-1.0911083221435547,0.1442098617553711,-0.36925745010375977,0.9575,1.0,1.0,0.825,0.6,0.6,False,True
30,conditional_and_counterfactual_marking,mean,11,661,0.7295558452606201,0.710444450378418,0.8554927706718445,1.0653910636901855,0.9993619322776794,1.6355160474777222,1.0,1.0,1.0,0.86,0.84,0.98,True,True
30,conditional_and_counterfactual_marking,mean,12,2562,0.7288877964019775,-0.24074788391590118,0.05445275083184242,1.063308835029602,-0.2455505132675171,0.053985558450222015,0.7275,0.1,0.2,0.715,0.1,0.12,False,True
30,conditional_and_counterfactual_marking,mean,13,5697,0.7274873852729797,0.4586178958415985,0.7805473208427429,1.0589640140533447,0.5109063982963562,1.2361325025558472,1.0,1.0,1.0,0.8475,0.72,0.96,True,True
30,conditional_and_counterfactual_marking,mean,14,770,0.7260804772377014,-0.1823442429304123,-0.39021816849708557,1.0546284914016724,-0.18358953297138214,-0.4195577800273895,0.845,0.2,0.18,0.78,0.16,0.18,False,False
30,conditional_and_counterfactual_marking,mean,15,13191,0.7227002382278442,-0.5232931971549988,0.8754149675369263,1.044324278831482,-0.607912003993988,1.792855978012085,1.0,1.0,1.0,0.8625,0.76,1.0,False,True
30,conditional_and_counterfactual_marking,mean,16,9790,0.7185168862342834,0.2597363293170929,-0.38804176449775696,1.0317882299423218,0.2662641704082489,-0.4168016016483307,0.705,0.16,0.16,0.67,0.14,0.16,True,False
30,conditional_and_counterfactual_marking,mean,17,15951,0.7184366583824158,0.17895762622356415,0.30425888299942017,1.0315501689910889,0.18006587028503418,0.31619158387184143,0.765,0.34,0.24,0.6875,0.22,0.2,True,True
30,conditional_and_counterfactual_marking,mean,18,11810,0.7173345685005188,0.1414213478565216,0.2103140950202942,1.0282869338989258,0.1414213627576828,0.2129635065793991,0.5675,0.02,0.22,0.5675,0.02,0.12,True,True
30,conditional_and_counterfactual_marking,mean,19,4454,-0.7160232067108154,-0.7499039769172668,-0.33108577132225037,-1.0244265794754028,-1.122168779373169,-0.3473483920097351,0.87,1.0,0.9,0.7675,0.8,0.58,True,True
30,conditional_and_counterfactual_marking,mean,20,6606,0.7080111503601074,0.0,-0.1414213478565216,1.0013078451156616,0.0,-0.1414213925600052,0.5175,0.0,0.02,0.5175,0.0,0.02,False,False
30,conditional_and_counterfactual_marking,mean,21,13369,0.7073783278465271,-0.19863687455654144,0.4224112331867218,0.9995173811912537,-0.2006385326385498,0.4613458812236786,0.5975,0.04,0.3,0.5825,0.04,0.26,False,True
30,conditional_and_counterfactual_marking,mean,22,11143,0.7073280811309814,0.0,0.42043188214302063,0.9993739724159241,0.0,0.45871859788894653,0.6425,0.0,0.2,0.615,0.0,0.2,False,True
30,conditional_and_counterfactual_marking,mean,23,996,0.704390823841095,-0.10936880856752396,-0.2414828985929489,0.9911224842071533,-0.10892302542924881,-0.24634645879268646,0.535,0.1,0.16,0.5275,0.08,0.1,False,False
30,conditional_and_counterfactual_marking,mean,24,5083,0.7038811445236206,0.0,0.0,0.989698052406311,0.0,0.0,0.5075,0.0,0.0,0.5075,0.0,0.0,False,False
30,conditional_and_counterfactual_marking,mean,25,8361,0.7018194198608398,-0.03150591999292374,-0.15258502960205078,0.9839775562286377,-0.031204774975776672,-0.15284109115600586,0.73,0.1,0.08,0.64,0.06,0.04,False,False
30,conditional_and_counterfactual_marking,final,1,5219,-0.7958799600601196,-0.5039891600608826,-0.7219234108924866,-1.3128726482391357,-0.5776520371437073,-1.0327972173690796,1.0,1.0,1.0,0.9475,0.76,0.76,True,True
30,conditional_and_counterfactual_marking,final,2,15373,0.7788593173027039,0.0,0.0,1.2402547597885132,0.0,0.0,0.71,0.0,0.0,0.71,0.0,0.0,False,False
30,conditional_and_counterfactual_marking,final,3,9622,-0.6958773732185364,-0.681353747844696,0.5171591639518738,-0.9677600264549255,-0.921513557434082,0.5981631875038147,0.975,1.0,1.0,0.8125,0.8,0.8,True,False
30,conditional_and_counterfactual_marking,final,4,7247,0.6880776882171631,0.7435785531997681,0.5968989729881287,0.9470540881156921,1.1008849143981934,0.7364923357963562,1.0,1.0,1.0,0.855,0.88,0.78,True,True
30,conditional_and_counterfactual_marking,final,5,16335,0.6755221486091614,-0.6927642822265625,0.42173483967781067,0.915015697479248,-0.9509647488594055,0.4604470133781433,1.0,1.0,1.0,0.8225,0.82,0.66,False,True
30,conditional_and_counterfactual_marking,final,6,4730,0.6318434476852417,0.7897080779075623,0.4932008683681488,0.8141616582870483,1.274316430091858,0.5612544417381287,0.905,0.94,0.38,0.78,0.92,0.34,True,True
30,conditional_and_counterfactual_marking,final,7,13304,-0.6240345239639282,0.6980785131454468,-0.3922252953052521,-0.7976152896881104,0.9651424288749695,-0.4221069812774658,1.0,1.0,1.0,0.7925,0.84,0.68,False,True
30,conditional_and_counterfactual_marking,final,8,4923,0.6205431818962097,0.11113420873880386,0.04685593023896217,0.7903457880020142,0.11070302128791809,0.04643600806593895,1.0,1.0,1.0,0.8675,0.56,0.6,True,True
30,conditional_and_counterfactual_marking,final,9,15059,-0.6157509684562683,-0.7173371315002441,-0.2843512296676636,-0.7804915904998779,-1.019234538078308,-0.2936136722564697,1.0,1.0,1.0,0.7725,0.84,0.6,True,True
30,conditional_and_counterfactual_marking,final,10,1546,-0.6067984104156494,-0.34258851408958435,-0.18434762954711914,-0.7624518871307373,-0.3609904646873474,-0.18567711114883423,1.0,1.0,1.0,0.7875,0.6,0.6,True,True
30,conditional_and_counterfactual_marking,final,11,3044,0.6002528667449951,0.565321147441864,0.06504543125629425,0.7495554089546204,0.6784570813179016,0.06452833861112595,0.9725,0.64,0.84,0.775,0.5,0.44,True,True
30,conditional_and_counterfactual_marking,final,12,6102,0.5371683835983276,-0.018719270825386047,0.0104304738342762,0.636055052280426,-0.018534384667873383,0.01032620295882225,1.0,1.0,1.0,0.76,0.52,0.52,False,True
30,conditional_and_counterfactual_marking,final,13,13033,0.530163049697876,0.2147715836763382,0.5472205877304077,0.6244869828224182,0.217693030834198,0.6472260355949402,1.0,1.0,1.0,0.745,0.66,0.74,True,True
30,conditional_and_counterfactual_marking,final,14,1828,0.5057724714279175,0.25572699308395386,-0.34734272956848145,0.5855556726455688,0.2618640065193176,-0.3666820228099823,0.655,0.38,0.66,0.55,0.22,0.44,True,False
30,conditional_and_counterfactual_marking,final,15,4257,-0.48754116892814636,0.30478376150131226,-0.2772805392742157,-0.5577040314674377,0.3167929947376251,-0.2856961786746979,0.905,0.94,0.6,0.66,0.66,0.38,False,True
30,conditional_and_counterfactual_marking,final,16,1633,-0.47791004180908203,0.1925611048936844,-0.0038978138472884893,-0.5433830618858337,0.1942613422870636,-0.003858667565509677,1.0,1.0,1.0,0.7325,0.66,0.56,False,True
30,conditional_and_counterfactual_marking,final,17,7038,0.47050702571868896,0.2011938840150833,-0.31230461597442627,0.5325482487678528,0.20332956314086914,-0.325443834066391,1.0,1.0,1.0,0.7925,0.62,0.62,True,False
30,conditional_and_counterfactual_marking,final,18,4359,-0.46537771821022034,0.12240613251924515,0.12226516753435135,-0.5251262784004211,0.12209402769804001,0.12195127457380295,0.4125,0.58,0.56,0.365,0.3,0.3,False,False
30,conditional_and_counterfactual_marking,final,19,16014,0.4613591134548187,-0.06373609602451324,0.19753359258174896,0.5193589925765991,-0.06322406232357025,0.19947877526283264,0.4575,0.5,0.12,0.38,0.26,0.1,False,True
30,conditional_and_counterfactual_marking,final,20,4107,0.4514743983745575,-0.16298210620880127,-0.2727004289627075,0.5053428411483765,-0.16353058815002441,-0.2805943787097931,0.425,0.22,0.08,0.3525,0.14,0.08,False,False
30,conditional_and_counterfactual_marking,final,21,5159,-0.43375688791275024,-0.21408000588417053,-0.3223632574081421,-0.4807991087436676,-0.21695831418037415,-0.3371201753616333,1.0,1.0,1.0,0.7125,0.56,0.7,True,True
30,conditional_and_counterfactual_marking,final,22,14004,0.43007713556289673,-0.08309836685657501,0.2472468763589859,0.47579002380371094,-0.08254867792129517,0.2526046335697174,1.0,1.0,1.0,0.7025,0.62,0.54,False,True
30,conditional_and_counterfactual_marking,final,23,8531,-0.42888227105140686,0.06173167750239372,-0.6280410885810852,-0.4741695523262024,0.06122802570462227,-0.7989524602890015,0.225,0.16,0.62,0.2175,0.1,0.56,False,True
30,conditional_and_counterfactual_marking,final,24,11776,0.41526395082473755,0.8065069317817688,0.3491683304309845,0.4559132158756256,1.3504188060760498,0.36887606978416443,1.0,1.0,1.0,0.6675,0.88,0.58,True,True
30,conditional_and_counterfactual_marking,final,25,6618,-0.4129703938961029,0.5056567788124084,-0.21553337574005127,-0.45287570357322693,0.5802186131477356,-0.2185027152299881,0.6525,0.88,0.62,0.4975,0.62,0.36,False,True
31,subordination_and_embedding,mean,1,4847,0.97318434715271,0.9826292991638184,-0.3805694580078125,4.225472450256348,5.241696834564209,-0.4074004292488098,1.0,1.0,1.0,1.0,1.0,0.5,True,False
31,subordination_and_embedding,mean,2,5075,0.9673231840133667,0.9907845258712769,-0.3581274449825287,3.8104097843170166,7.241326332092285,-0.3797134757041931,1.0,1.0,1.0,1.0,1.0,0.5,True,False
31,subordination_and_embedding,mean,3,10126,0.9631146192550659,0.9787701964378357,-0.40868765115737915,3.574662446975708,4.7274017333984375,-0.4432908594608307,1.0,1.0,1.0,1.0,1.0,0.5,True,False
31,subordination_and_embedding,mean,4,3830,0.9547750949859619,0.9880829453468323,-0.3305339515209198,3.207167625427246,6.354850769042969,-0.3466983437538147,1.0,1.0,1.0,0.9975,1.0,0.5,True,False
31,subordination_and_embedding,mean,5,15825,0.9520765542984009,0.9667260050773621,-0.2369839996099472,3.108901262283325,3.7410354614257812,-0.24148111045360565,1.0,1.0,1.0,1.0,1.0,0.5,True,False
31,subordination_and_embedding,mean,6,12993,0.9446601271629333,0.9753455519676208,-0.4143528938293457,2.876021146774292,4.375234603881836,-0.4506988823413849,1.0,1.0,1.0,1.0,1.0,0.5,True,False
31,subordination_and_embedding,mean,7,2726,0.9437970519065857,0.9816505908966064,-0.05833303928375244,2.8518781661987305,5.096163272857666,-0.057845260947942734,1.0,1.0,1.0,1.0,1.0,0.5,True,False
31,subordination_and_embedding,mean,8,8003,0.9397011995315552,0.9124987125396729,-0.06933043152093887,2.7442712783813477,2.2081940174102783,-0.06879916787147522,1.0,1.0,1.0,0.995,1.0,0.54,True,False
31,subordination_and_embedding,mean,9,15170,0.9363692402839661,0.9652486443519592,-0.3231046199798584,2.664259433746338,3.6564249992370605,-0.33798566460609436,1.0,1.0,1.0,1.0,1.0,0.5,True,False
31,subordination_and_embedding,mean,10,7643,0.9267303943634033,0.9114087820053101,0.6489808559417725,2.4634153842926025,2.1925735473632812,0.8444457054138184,1.0,1.0,0.52,1.0,1.0,0.48,True,True
31,subordination_and_embedding,mean,11,5159,0.9191784858703613,0.958021879196167,0.2035028338432312,2.3309640884399414,3.3080148696899414,0.20576328039169312,1.0,1.0,1.0,1.0,1.0,0.5,True,True
31,subordination_and_embedding,mean,12,13999,0.9166191816329956,0.8648797869682312,-0.05087820440530777,2.2900514602661133,1.705623745918274,-0.05043216049671173,1.0,1.0,1.0,1.0,1.0,0.5,True,False
31,subordination_and_embedding,mean,13,9465,0.9151452779769897,0.9562950134277344,0.3600083291530609,2.2672955989837646,3.23758864402771,0.3820037245750427,1.0,1.0,1.0,1.0,1.0,0.5,True,True
31,subordination_and_embedding,mean,14,11461,0.9137725234031677,0.9631659388542175,-0.5875706672668457,2.246605157852173,3.545773506164551,-0.7188393473625183,1.0,1.0,1.0,1.0,1.0,0.74,True,False
31,subordination_and_embedding,mean,15,7247,-0.9016627073287964,-0.8721266388893127,-0.2771604359149933,-2.0824532508850098,-1.7645530700683594,-0.285562127828598,1.0,1.0,1.0,1.0,1.0,0.5,True,True
31,subordination_and_embedding,mean,16,1240,-0.8961310386657715,-0.9169958829879761,-0.20064771175384521,-2.0167486667633057,-2.275723934173584,-0.20275437831878662,1.0,1.0,1.0,1.0,1.0,0.5,True,True
31,subordination_and_embedding,mean,17,164,0.8944200277328491,0.9608342051506042,0.39783814549446106,1.9974197149276733,3.432316541671753,0.4292738139629364,1.0,1.0,1.0,0.9925,1.0,0.5,True,True
31,subordination_and_embedding,mean,18,805,-0.8942840099334717,-0.9164469838142395,-0.20076626539230347,-1.9959017038345337,-2.2672054767608643,-0.20287923514842987,1.0,1.0,1.0,1.0,1.0,0.5,True,True
31,subordination_and_embedding,mean,19,14054,-0.8939653635025024,-0.91838538646698,-0.20053018629550934,-1.99235999584198,-2.2976605892181396,-0.2026306837797165,1.0,1.0,1.0,1.0,1.0,0.5,True,True
31,subordination_and_embedding,mean,20,4281,-0.8937007784843445,-0.9164862036705017,-0.20071879029273987,-1.9894276857376099,-2.2678117752075195,-0.2028292417526245,1.0,1.0,1.0,1.0,1.0,0.5,True,True
31,subordination_and_embedding,mean,21,6446,-0.8936134576797485,-0.9165010452270508,-0.20066474378108978,-1.9884603023529053,-2.2680397033691406,-0.2027723640203476,1.0,1.0,1.0,1.0,1.0,0.5,True,True
31,subordination_and_embedding,mean,22,339,-0.8935613632202148,-0.9164853096008301,-0.20068900287151337,-1.9878854751586914,-2.2677979469299316,-0.20279785990715027,1.0,1.0,1.0,1.0,1.0,0.5,True,True
31,subordination_and_embedding,mean,23,10062,-0.8934842944145203,-0.9164819717407227,-0.20073597133159637,-1.9870373010635376,-2.267744779586792,-0.20284737646579742,1.0,1.0,1.0,1.0,1.0,0.5,True,True
31,subordination_and_embedding,mean,24,4866,-0.8934632539749146,-0.9164577126502991,-0.20067022740840912,-1.9868052005767822,-2.2673723697662354,-0.20277808606624603,1.0,1.0,1.0,1.0,1.0,0.5,True,True
31,subordination_and_embedding,mean,25,4350,-0.8934550285339355,-0.9164425134658813,-0.20073164999485016,-1.9867132902145386,-2.2671358585357666,-0.20284278690814972,1.0,1.0,1.0,1.0,1.0,0.5,True,True
31,subordination_and_embedding,final,1,5159,0.8962443470954895,0.9174426794052124,0.34949374198913574,2.018040895462036,2.282721757888794,0.36926770210266113,1.0,1.0,1.0,0.9975,1.0,0.5,True,True
31,subordination_and_embedding,final,2,12897,-0.8938331007957458,-0.9301259517669678,-0.1422560214996338,-1.9908913373947144,-2.507284641265869,-0.1422732025384903,1.0,1.0,1.0,0.985,1.0,0.5,True,True
31,subordination_and_embedding,final,3,8006,-0.8792972564697266,-0.867473304271698,-0.29872438311576843,-1.8438961505889893,-1.7261967658996582,-0.30987095832824707,1.0,1.0,1.0,0.9625,1.0,0.56,True,True
31,subordination_and_embedding,final,4,9083,-0.8635587692260742,-0.8893663287162781,-0.2151937484741211,-1.7104259729385376,-1.9257137775421143,-0.21814170479774475,1.0,1.0,1.0,0.975,1.0,0.52,True,True
31,subordination_and_embedding,final,5,14004,0.8608390688896179,0.877601683139801,0.02114216797053814,1.6895290613174438,1.8122611045837402,0.02093435451388359,1.0,1.0,1.0,0.98,1.0,0.5,True,True
31,subordination_and_embedding,final,6,2993,-0.8524878621101379,-0.9251579642295837,-0.43175867199897766,-1.6287472248077393,-2.4128100872039795,-0.4738629460334778,1.0,1.0,1.0,0.9625,1.0,0.58,True,True
31,subordination_and_embedding,final,7,11776,0.8493441343307495,0.9382174611091614,0.2768115699291229,1.6070835590362549,2.6839964389801025,0.28517282009124756,1.0,1.0,1.0,0.9525,1.0,0.5,True,True
31,subordination_and_embedding,final,8,164,0.8435141444206238,0.8921492099761963,0.11308366060256958,1.568514108657837,1.9550639390945435,0.11266981810331345,1.0,1.0,1.0,0.9575,1.0,0.5,True,True
31,subordination_and_embedding,final,9,4253,0.8075404763221741,0.9108313322067261,0.5326380133628845,1.367436170578003,2.1844091415405273,0.6230154037475586,1.0,1.0,1.0,0.895,1.0,0.74,True,True
31,subordination_and_embedding,final,10,5697,0.792143702507019,0.8554704785346985,0.23565620183944702,1.2962607145309448,1.6353569030761719,0.24004831910133362,1.0,1.0,1.0,0.935,0.98,0.52,True,True
31,subordination_and_embedding,final,11,9465,0.7826948761940002,0.9436718225479126,0.550889253616333,1.2559601068496704,2.8233141899108887,0.6534467935562134,1.0,1.0,1.0,0.865,1.0,0.64,True,True
31,subordination_and_embedding,final,12,13033,0.7772228121757507,0.8629493117332458,0.2565349042415619,1.2336608171463013,1.690663456916809,0.26274949312210083,1.0,1.0,1.0,0.8775,1.0,0.52,True,True
31,subordination_and_embedding,final,13,9622,-0.7764749526977539,-0.7026192545890808,0.20622766017913818,-1.2306702136993408,-0.9775026440620422,0.20863987505435944,0.985,0.98,1.0,0.86,0.9,0.52,True,False
31,subordination_and_embedding,final,14,443,0.7758102416992188,0.9100717902183533,0.47062358260154724,1.2280219793319702,2.173781633377075,0.5280239582061768,0.7175,1.0,0.78,0.7125,1.0,0.52,True,True
31,subordination_and_embedding,final,15,1828,0.7534714341163635,0.8543535470962524,0.14610831439495087,1.1445646286010742,1.6274380683898926,0.14620888233184814,0.7775,0.92,0.96,0.7625,0.92,0.52,True,True
31,subordination_and_embedding,final,16,8182,0.7493821382522583,0.9630308151245117,0.3319888114929199,1.1303457021713257,3.538910388946533,0.34841296076774597,1.0,1.0,1.0,0.8375,1.0,0.52,True,True
31,subordination_and_embedding,final,17,2734,-0.7487369179725647,-0.7583915591239929,-0.2661306858062744,-1.1281304359436035,-1.1518412828445435,-0.27331238985061646,1.0,1.0,1.0,0.8775,0.92,0.58,True,True
31,subordination_and_embedding,final,18,4441,0.746484100818634,0.9093649387359619,0.5362705588340759,1.120449185371399,2.164006471633911,0.6289712190628052,1.0,1.0,1.0,0.8425,0.96,0.62,True,True
31,subordination_and_embedding,final,19,15059,-0.7443766593933105,-0.9340118169784546,-0.27035048604011536,-1.1133434772491455,-2.588228225708008,-0.2779848873615265,1.0,1.0,1.0,0.8125,0.98,0.5,True,True
31,subordination_and_embedding,final,20,105,-0.7375669479370117,-0.8084831833839417,-0.08203249424695969,-1.0908823013305664,-1.3599509000778198,-0.0814826488494873,1.0,1.0,1.0,0.8825,0.9,0.52,True,True
31,subordination_and_embedding,final,21,12998,-0.7259531617164612,-0.8954020142555237,-0.005069490056484938,-1.0542371273040771,-1.9907593727111816,-0.0050186035223305225,1.0,1.0,1.0,0.855,1.0,0.5,True,True
31,subordination_and_embedding,final,22,14795,0.7253894805908203,0.8577967882156372,0.18562154471874237,1.0525083541870117,1.6521273851394653,0.1870058923959732,1.0,1.0,1.0,0.8625,1.0,0.52,True,True
31,subordination_and_embedding,final,23,14168,0.7237979769706726,0.8361506462097168,0.27249258756637573,1.0476526021957397,1.509110689163208,0.2803634703159332,1.0,1.0,1.0,0.8625,1.0,0.52,True,True
31,subordination_and_embedding,final,24,9531,0.7121760249137878,0.3688700199127197,-0.5324373245239258,1.0132254362106323,0.3928673565387726,-0.6226876378059387,0.8525,0.7,0.94,0.75,0.46,0.68,True,False
31,subordination_and_embedding,final,25,15282,0.6759287714958191,0.9278714656829834,0.38776907324790955,0.9160293936729431,2.4632484912872314,0.41645678877830505,1.0,1.0,1.0,0.8025,1.0,0.52,True,True
32,quotation_and_reported_speech_structure,mean,1,7644,-0.8336458206176758,-0.6523815989494324,-0.8283656239509583,-1.5075217485427856,-0.8521344661712646,-1.4638662338256836,0.7225,0.66,0.7,0.7225,0.58,0.7,True,True
32,quotation_and_reported_speech_structure,mean,2,2323,-0.8311352133750916,-0.875400185585022,-0.9101123213768005,-1.4927879571914673,-1.7927250862121582,-2.1743435859680176,0.7125,0.82,0.88,0.71,0.78,0.84,True,True
32,quotation_and_reported_speech_structure,mean,3,214,-0.8299851417541504,-0.8729877471923828,-0.900785505771637,-1.4861390590667725,-1.771865725517273,-2.0534307956695557,0.7,0.78,0.88,0.7,0.78,0.84,True,True
32,quotation_and_reported_speech_structure,mean,4,1754,-0.8295131921768188,-0.8591980934143066,-0.9035183191299438,-1.4834296703338623,-1.6624133586883545,-2.087127208709717,0.7675,0.82,0.84,0.7425,0.78,0.84,True,True
32,quotation_and_reported_speech_structure,mean,5,873,-0.8234891891479492,-0.8786173462867737,-0.897741973400116,-1.4496965408325195,-1.8214406967163086,-2.017423391342163,0.7375,0.82,0.86,0.7375,0.82,0.84,True,True
32,quotation_and_reported_speech_structure,mean,6,13236,-0.8208572864532471,-0.8749749660491943,-0.8983873724937439,-1.4354467391967773,-1.789007544517517,-2.0249316692352295,0.71,0.78,0.84,0.71,0.78,0.84,True,True
32,quotation_and_reported_speech_structure,mean,7,16332,-0.8191514611244202,-0.8604830503463745,-0.8999369740486145,-1.4263581037521362,-1.671971321105957,-2.043236255645752,0.7725,0.78,0.84,0.76,0.78,0.84,True,True
32,quotation_and_reported_speech_structure,mean,8,11822,-0.8189233541488647,-0.8653619289398193,-0.8973134160041809,-1.4251518249511719,-1.7094062566757202,-2.0124752521514893,0.7025,0.78,0.84,0.7025,0.78,0.84,True,True
32,quotation_and_reported_speech_structure,mean,9,11871,-0.8170505166053772,-0.8795408010482788,-0.785866379737854,-1.4153244495391846,-1.8298814296722412,-1.2580409049987793,0.765,0.82,1.0,0.735,0.82,0.84,True,True
32,quotation_and_reported_speech_structure,mean,10,15531,-0.816766083240509,-0.8443830013275146,-0.8929161429405212,-1.4138455390930176,-1.560265064239502,-1.9633409976959229,0.7,0.82,0.84,0.7,0.78,0.84,True,True
32,quotation_and_reported_speech_structure,mean,11,2384,-0.8138918280601501,-0.8725347518920898,-0.8738965392112732,-1.3990567922592163,-1.7680107355117798,-1.7796571254730225,0.7575,0.8,0.88,0.725,0.8,0.84,True,True
32,quotation_and_reported_speech_structure,mean,12,7415,-0.8114008903503418,-0.8118175268173218,-0.8502471446990967,-1.3864853382110596,-1.3763362169265747,-1.5990266799926758,0.7075,0.8,0.84,0.7075,0.8,0.84,True,True
32,quotation_and_reported_speech_structure,mean,13,2996,-0.8104416131973267,-0.8618861436843872,-0.8900105357170105,-1.381701946258545,-1.68254816532135,-1.932415246963501,0.7175,0.78,0.84,0.7,0.78,0.84,True,True
32,quotation_and_reported_speech_structure,mean,14,11120,-0.8093971014022827,-0.8580319881439209,-0.9010508060455322,-1.376533031463623,-1.6538429260253906,-2.0566439628601074,0.7,0.78,0.84,0.7,0.78,0.84,True,True
32,quotation_and_reported_speech_structure,mean,15,5496,-0.806846559047699,-0.7858017683029175,-0.8763777017593384,-1.364067554473877,-1.2577704191207886,-1.8013402223587036,0.705,0.82,0.84,0.705,0.78,0.84,True,True
32,quotation_and_reported_speech_structure,mean,16,8172,-0.8049215078353882,-0.8449088931083679,-0.8758278489112854,-1.3548041582107544,-1.5636581182479858,-1.796483039855957,0.7,0.78,0.84,0.7,0.78,0.84,True,True
32,quotation_and_reported_speech_structure,mean,17,8433,-0.8040978312492371,-0.8552977442741394,-0.8869373202323914,-1.3508766889572144,-1.634126901626587,-1.9009363651275635,0.8025,0.86,0.86,0.76,0.84,0.84,True,True
32,quotation_and_reported_speech_structure,mean,18,7989,-0.7987836003303528,-0.8447231650352478,-0.8670717477798462,-1.3260648250579834,-1.5624582767486572,-1.7229747772216797,0.78,0.82,0.92,0.7775,0.82,0.9,True,True
32,quotation_and_reported_speech_structure,mean,19,11434,-0.7976986169815063,-0.8522802591323853,-0.8740403652191162,-1.3211053609848022,-1.6129567623138428,-1.7808986902236938,0.7,0.78,0.84,0.7,0.78,0.84,True,True
32,quotation_and_reported_speech_structure,mean,20,4578,-0.7961233258247375,-0.8208039999008179,-0.8431838750839233,-1.313969373703003,-1.4225143194198608,-1.5525860786437988,0.725,0.78,0.84,0.7125,0.78,0.84,True,True
32,quotation_and_reported_speech_structure,mean,21,1234,-0.7919066548347473,-0.7506580352783203,-0.7329065203666687,-1.2952206134796143,-1.1247519254684448,-1.0664546489715576,0.8375,0.76,0.68,0.8125,0.7,0.66,True,True
32,quotation_and_reported_speech_structure,mean,22,4032,-0.7910624146461487,-0.828834593296051,-0.8725480437278748,-1.291528344154358,-1.466511607170105,-1.768123745918274,0.79,0.88,0.88,0.7325,0.82,0.86,True,True
32,quotation_and_reported_speech_structure,mean,23,15059,0.7797520756721497,0.8151518702507019,0.5062652230262756,1.2438768148422241,1.3931169509887695,0.5811570882797241,1.0,1.0,1.0,0.9275,0.96,0.74,True,True
32,quotation_and_reported_speech_structure,mean,24,3947,-0.7754378914833069,-0.8313508033752441,-0.8051260113716125,-1.226542592048645,-1.480878233909607,-1.343835473060608,0.7875,0.8,0.98,0.715,0.78,0.84,True,True
32,quotation_and_reported_speech_structure,mean,25,7067,-0.7737873792648315,-0.8121980428695679,-0.7285646200180054,-1.2200257778167725,-1.3782312870025635,-1.052943229675293,0.75,0.88,1.0,0.745,0.82,0.84,True,True
32,quotation_and_reported_speech_structure,final,1,3947,-0.7434964179992676,-0.7935090065002441,-0.7352986931800842,-1.1103966236114502,-1.2908107042312622,-1.074017882347107,0.7525,0.78,0.98,0.7025,0.78,0.84,True,True
32,quotation_and_reported_speech_structure,final,2,7247,0.736851692199707,0.1276882439851761,0.5319697260856628,1.0885664224624634,0.1274481564760208,0.6219247579574585,1.0,1.0,1.0,0.875,0.6,0.64,True,True
32,quotation_and_reported_speech_structure,final,3,8003,0.7359710335731506,0.4282010793685913,0.05368802696466446,1.0857267379760742,0.46907728910446167,0.05322519689798355,1.0,1.0,1.0,0.8825,0.72,0.5,True,True
32,quotation_and_reported_speech_structure,final,4,7918,-0.721396267414093,-0.5307839512825012,-0.45678678154945374,-1.0403907299041748,-0.6199938058853149,-0.5083271861076355,1.0,1.0,1.0,0.855,0.68,0.7,True,True
32,quotation_and_reported_speech_structure,final,5,6629,-0.7142519950866699,-0.6974534392356873,-0.7000426650047302,-1.019246220588684,-0.9634586572647095,-0.9704604148864746,0.5275,0.5,0.5,0.5275,0.5,0.5,True,True
32,quotation_and_reported_speech_structure,final,6,1546,-0.710713267326355,-0.7434931993484497,-0.6718537211418152,-1.0090168714523315,-1.100602388381958,-0.8979554176330566,1.0,1.0,1.0,0.755,0.98,0.66,True,True
32,quotation_and_reported_speech_structure,final,7,214,-0.7060751914978027,-0.7058520913124084,-0.6942765712738037,-0.9958427548408508,-0.9864456653594971,-0.9549683928489685,0.5,0.5,0.54,0.5,0.5,0.5,True,True
32,quotation_and_reported_speech_structure,final,8,10068,-0.7042996883392334,-0.7059124112129211,-0.7057966589927673,-0.9908653497695923,-0.9866135120391846,-0.9862911701202393,0.5,0.5,0.5,0.5,0.5,0.5,True,True
32,quotation_and_reported_speech_structure,final,9,15531,-0.7042044997215271,-0.705261766910553,-0.7023988366127014,-0.9906014800071716,-0.9848031997680664,-0.9768972992897034,0.5,0.5,0.5,0.5,0.5,0.5,True,True
32,quotation_and_reported_speech_structure,final,10,13033,0.7032500505447388,0.7417410016059875,0.6504015922546387,0.9879429340362549,1.0948277711868286,0.8476470112800598,1.0,1.0,1.0,0.7625,0.88,0.72,True,True
32,quotation_and_reported_speech_structure,final,11,5516,-0.7031323909759521,-0.6992025375366211,-0.702037513256073,-0.987615168094635,-0.9681805372238159,-0.9759061932563782,0.5,0.5,0.5,0.5,0.5,0.5,True,True
32,quotation_and_reported_speech_structure,final,12,4578,-0.7028201222419739,-0.6975522637367249,-0.6993913650512695,-0.9867480993270874,-0.9637246131896973,-0.9686923623085022,0.5,0.5,0.5,0.5,0.5,0.5,True,True
32,quotation_and_reported_speech_structure,final,13,14563,-0.7027259469032288,-0.7037422060966492,-0.7038864493370056,-0.9864880442619324,-0.9805951118469238,-0.9809936881065369,0.5,0.5,0.5,0.5,0.5,0.5,True,True
32,quotation_and_reported_speech_structure,final,14,13440,-0.7013582587242126,-0.699305534362793,-0.6995750069618225,-0.9827049374580383,-0.9684596061706543,-0.9691901803016663,0.5,0.5,0.5,0.5,0.5,0.5,True,True
32,quotation_and_reported_speech_structure,final,15,10995,-0.7007125616073608,-0.7039297223091125,-0.7010513544082642,-0.9809275269508362,-0.9811135530471802,-0.9732084274291992,0.5025,0.5,0.5,0.5025,0.5,0.5,True,True
32,quotation_and_reported_speech_structure,final,16,2384,-0.6997002363204956,-0.7032122611999512,-0.7016796469688416,-0.9781498312950134,-0.9791337251663208,-0.9749255180358887,0.5125,0.5,0.5,0.5025,0.5,0.5,True,True
32,quotation_and_reported_speech_structure,final,17,3114,-0.6975616812705994,-0.6973326206207275,-0.6431074142456055,-0.9723175168037415,-0.9631339907646179,-0.8313709497451782,0.5,0.5,0.44,0.5,0.5,0.44,True,True
32,quotation_and_reported_speech_structure,final,18,14256,-0.697401225566864,-0.6943134665489197,-0.6756683588027954,-0.9718825221061707,-0.9550663828849792,-0.9073145985603333,0.5,0.5,0.48,0.5,0.5,0.48,True,True
32,quotation_and_reported_speech_structure,final,19,14073,-0.6966899633407593,-0.7037816047668457,-0.697361409664154,-0.9699550867080688,-0.9807038307189941,-0.9632112979888916,0.5,0.5,0.5,0.5,0.5,0.5,True,True
32,quotation_and_reported_speech_structure,final,20,9880,-0.6966063976287842,-0.6430858969688416,-0.6762319207191467,-0.9697282910346985,-0.8313234448432922,-0.908708393573761,0.85,0.86,0.84,0.68,0.62,0.62,True,True
32,quotation_and_reported_speech_structure,final,21,10982,-0.6964595317840576,-0.6958622336387634,-0.6977220773696899,-0.9693323373794556,-0.9591925144195557,-0.9641819596290588,0.5,0.5,0.5,0.5,0.5,0.5,True,True
32,quotation_and_reported_speech_structure,final,22,6102,0.6964392066001892,0.6755256056785583,0.7585294246673584,0.9692767262458801,0.906961977481842,1.1523343324661255,1.0,1.0,1.0,0.8225,0.72,0.88,True,True
32,quotation_and_reported_speech_structure,final,23,12353,-0.6961105465888977,-0.6908261775970459,-0.6968101859092712,-0.9683881402015686,-0.945868730545044,-0.9617308974266052,0.5,0.5,0.5,0.5,0.5,0.5,True,True
32,quotation_and_reported_speech_structure,final,24,7038,0.6886276006698608,0.48770636320114136,0.6359328627586365,0.9484927654266357,0.5530359148979187,0.8157380223274231,1.0,1.0,1.0,0.84,0.62,0.7,True,True
32,quotation_and_reported_speech_structure,final,25,13304,0.6872002482414246,0.6398270130157471,0.556769609451294,0.9447643160820007,0.8241778612136841,0.6635315418243408,1.0,1.0,1.0,0.77,0.64,0.58,True,True
33,discourse_relation_marking,mean,1,10770,-0.8830366134643555,0.05764547362923622,0.9548419713973999,-1.8792320489883423,0.05716115981340408,3.1814191341400146,1.0,1.0,1.0,1.0,0.66,1.0,False,False
33,discourse_relation_marking,mean,2,7036,-0.8826311826705933,0.07278779149055481,0.9266724586486816,-1.8753275871276855,0.07224787026643753,2.4406282901763916,1.0,1.0,1.0,1.0,0.66,1.0,False,False
33,discourse_relation_marking,mean,3,6833,-0.8820738196372986,0.15903839468955994,0.9326984882354736,-1.869984745979309,0.1594696044921875,2.560119152069092,1.0,1.0,1.0,1.0,0.66,1.0,False,False
33,discourse_relation_marking,mean,4,7274,-0.8820324540138245,0.02711981162428856,0.9395661950111389,-1.8695883750915527,0.026857120916247368,2.716738700866699,1.0,1.0,1.0,1.0,0.66,1.0,False,False
33,discourse_relation_marking,mean,5,4934,-0.8818714618682861,0.007837793789803982,0.9363968968391418,-1.868051528930664,0.00775925861671567,2.641413450241089,1.0,1.0,1.0,1.0,0.66,1.0,False,False
33,discourse_relation_marking,mean,6,2267,-0.8817999958992004,0.0332779698073864,0.9504619836807251,-1.8673735857009888,0.03296176344156265,3.02698016166687,1.0,1.0,1.0,1.0,0.66,1.0,False,False
33,discourse_relation_marking,mean,7,4016,-0.881783127784729,0.17019976675510406,0.905586302280426,-1.8672137260437012,0.17098386585712433,2.1135427951812744,1.0,1.0,1.0,0.915,0.66,1.0,False,False
33,discourse_relation_marking,mean,8,12493,-0.8817639946937561,0.12180160731077194,0.9436835050582886,-1.8670353889465332,0.12148192524909973,2.8236324787139893,1.0,1.0,1.0,1.0,0.66,1.0,False,False
33,discourse_relation_marking,mean,9,9027,-0.8817177414894104,0.043733689934015274,0.9476755261421204,-1.8665891885757446,0.04333561286330223,2.938744306564331,1.0,1.0,1.0,0.915,0.66,1.0,False,False
33,discourse_relation_marking,mean,10,14578,-0.8815295696258545,0.1271710842847824,0.9461333751678467,-1.8648028373718262,0.12692345678806305,2.892800807952881,1.0,1.0,1.0,1.0,0.66,1.0,False,False
33,discourse_relation_marking,mean,11,15649,-0.8814833760261536,0.06842362880706787,0.9489312767982483,-1.8643656969070435,0.0678950771689415,2.977634906768799,1.0,1.0,1.0,1.0,0.66,1.0,False,False
33,discourse_relation_marking,mean,12,9728,-0.8808950781822205,-0.11160959303379059,0.8860236406326294,-1.8588025569915771,-0.11118249595165253,1.8918086290359497,1.0,1.0,1.0,0.915,0.74,1.0,True,False
33,discourse_relation_marking,mean,13,9675,-0.8808785080909729,0.06882079690694809,0.9194447994232178,-1.8586477041244507,0.06829102337360382,2.314749240875244,1.0,1.0,1.0,1.0,0.66,1.0,False,False
33,discourse_relation_marking,mean,14,11017,-0.8805931806564331,0.08564100414514542,0.9257224202156067,-1.8559678792953491,0.08509288728237152,2.4230809211730957,1.0,1.0,1.0,0.915,0.66,1.0,False,False
33,discourse_relation_marking,mean,15,1604,-0.8801609873771667,0.0753847137093544,0.9428156018257141,-1.8519198894500732,0.0748400166630745,2.8001725673675537,1.0,1.0,1.0,0.915,0.66,1.0,False,False
33,discourse_relation_marking,mean,16,6054,-0.8800759315490723,0.15933892130851746,0.9269214868545532,-1.8511229753494263,0.15977881848812103,2.4452829360961914,1.0,1.0,1.0,0.915,0.66,1.0,False,False
33,discourse_relation_marking,mean,17,9898,-0.8798137307167053,0.04087657853960991,0.9436953067779541,-1.8486826419830322,0.04049959406256676,2.823958158493042,1.0,1.0,1.0,0.915,0.66,1.0,False,False
33,discourse_relation_marking,mean,18,13010,-0.8793838620185852,0.03803856670856476,0.9374628067016602,-1.8446961641311646,0.037683527916669846,2.666125774383545,1.0,1.0,1.0,0.915,0.66,1.0,False,False
33,discourse_relation_marking,mean,19,16221,-0.879193902015686,0.16336210072040558,0.9431947469711304,-1.8429383039474487,0.16392235457897186,2.810358762741089,1.0,1.0,1.0,1.0,0.66,1.0,False,False
33,discourse_relation_marking,mean,20,3265,-0.8790915608406067,0.039749495685100555,0.9288195371627808,-1.8419923782348633,0.03938112035393715,2.4815192222595215,1.0,1.0,1.0,1.0,0.66,1.0,False,False
33,discourse_relation_marking,mean,21,2668,-0.8789948225021362,0.16475267708301544,0.9372844696044922,-1.8411026000976562,0.16535644233226776,2.6619503498077393,1.0,1.0,1.0,1.0,0.66,1.0,False,False
33,discourse_relation_marking,mean,22,587,-0.878801703453064,0.06267042458057404,0.9479678869247437,-1.8393242359161377,0.06216274946928024,2.9476773738861084,1.0,1.0,1.0,1.0,0.66,1.0,False,False
33,discourse_relation_marking,mean,23,15596,-0.8784767985343933,0.10168534517288208,0.9418129920959473,-1.8363447189331055,0.10118785500526428,2.7737064361572266,1.0,1.0,1.0,1.0,0.66,1.0,False,False
33,discourse_relation_marking,mean,24,11027,-0.878450334072113,0.031444646418094635,0.956001341342926,-1.8361003398895264,0.03114401176571846,3.2260162830352783,1.0,1.0,1.0,1.0,0.66,1.0,False,False
33,discourse_relation_marking,mean,25,5517,-0.8784440755844116,0.08577518910169601,0.9515835046768188,-1.836044430732727,0.08522721379995346,3.0645692348480225,1.0,1.0,1.0,1.0,0.66,1.0,False,False
33,discourse_relation_marking,final,1,11776,0.7101783156394958,0.46592625975608826,0.22358599305152893,1.007483959197998,0.521282970905304,0.22708772122859955,1.0,1.0,1.0,0.9025,0.74,0.58,True,True
33,discourse_relation_marking,final,2,2993,-0.6761794686317444,-0.07145688682794571,0.5355080962181091,-0.9166554808616638,-0.07091999053955078,0.627717137336731,1.0,1.0,1.0,0.8475,0.7,0.7,True,False
33,discourse_relation_marking,final,3,7247,-0.6756414175033569,-0.5241143703460693,0.10890088230371475,-0.9153130650520325,-0.6092267632484436,0.10845138132572174,1.0,1.0,1.0,0.885,0.9,0.64,True,False
33,discourse_relation_marking,final,4,6047,0.6719591021537781,-0.5447967052459717,-0.10653776675462723,0.9061964154243469,-0.6431453824043274,-0.10607070475816727,1.0,1.0,1.0,0.8325,0.64,0.54,False,False
33,discourse_relation_marking,final,5,1633,-0.6665946841239929,-0.14120012521743774,0.23325574398040771,-0.8931347131729126,-0.141195610165596,0.23746168613433838,1.0,1.0,1.0,0.835,0.64,0.6,True,False
33,discourse_relation_marking,final,6,8006,-0.6496181488037109,-0.3164007365703583,-0.15752847492694855,-0.8533992767333984,-0.330183744430542,-0.15791693329811096,1.0,1.0,1.0,0.82,0.72,0.56,True,True
33,discourse_relation_marking,final,7,3288,0.6287983655929565,0.3516591489315033,-0.007666400633752346,0.8076611161231995,0.3718773126602173,-0.007589572574943304,1.0,1.0,1.0,0.825,0.62,0.58,True,False
33,discourse_relation_marking,final,8,7418,0.6170648336410522,-0.4344292879104614,-0.6793567538261414,0.7831788063049316,-0.4774733781814575,-0.9164912700653076,0.7925,0.58,0.78,0.68,0.42,0.7,False,False
33,discourse_relation_marking,final,9,15659,0.604001522064209,0.5900040864944458,-0.13722939789295197,0.7569120526313782,0.7234011292457581,-0.1371476799249649,1.0,1.0,1.0,0.82,0.78,0.56,True,False
33,discourse_relation_marking,final,10,4080,-0.6030429005622864,0.1950380951166153,0.709887683391571,-0.7550232410430908,0.19685840606689453,0.9977821111679077,1.0,1.0,1.0,0.7925,0.5,0.84,False,False
33,discourse_relation_marking,final,11,164,0.5890215635299683,-0.2543237507343292,-0.055742885917425156,0.7279695272445679,-0.26032745838165283,-0.05526857450604439,1.0,1.0,1.0,0.7475,0.66,0.52,False,False
33,discourse_relation_marking,final,12,1546,-0.5715123414993286,0.1312178373336792,0.1531025767326355,-0.695591151714325,0.13103200495243073,0.15337204933166504,1.0,1.0,1.0,0.7775,0.54,0.54,False,False
33,discourse_relation_marking,final,13,6051,-0.5226032137870789,0.3863220512866974,0.5084960460662842,-0.6122028231620789,0.4146295487880707,0.5846083164215088,1.0,1.0,1.0,0.775,0.7,0.64,False,False
33,discourse_relation_marking,final,14,16335,0.5079290270805359,0.28840193152427673,0.5523146986961365,0.5889186859130859,0.29817286133766174,0.6558784246444702,1.0,1.0,1.0,0.7625,0.7,0.72,True,True
33,discourse_relation_marking,final,15,13033,0.5066952109336853,0.29827138781547546,-0.36177799105644226,0.5869929790496826,0.30935513973236084,-0.3841635286808014,1.0,1.0,1.0,0.7225,0.68,0.76,True,False
33,discourse_relation_marking,final,16,13191,-0.5061007142066956,0.6186946034431458,0.746806800365448,-0.5860669612884521,0.7795974612236023,1.1116626262664795,1.0,1.0,1.0,0.705,0.86,0.84,False,False
33,discourse_relation_marking,final,17,4253,0.48632702231407166,-0.03754322603344917,-0.3407382667064667,0.5558842420578003,-0.037192121148109436,-0.35878390073776245,1.0,1.0,1.0,0.725,0.56,0.6,False,False
33,discourse_relation_marking,final,18,8182,0.46765899658203125,0.06955396384000778,-0.24895136058330536,0.5284187197685242,0.06902206689119339,-0.2544606924057007,1.0,1.0,1.0,0.675,0.7,0.64,True,False
33,discourse_relation_marking,final,19,15059,-0.4621689021587372,-0.06651128083467484,0.5520015954971313,-0.5205175876617432,-0.0659889355301857,0.6553435325622559,1.0,1.0,1.0,0.7625,0.56,0.68,True,False
33,discourse_relation_marking,final,20,3617,-0.46111273765563965,-0.029119087383151054,-0.01373796071857214,-0.5190061330795288,-0.02883865311741829,-0.013601170852780342,0.59,0.14,0.5,0.5175,0.08,0.26,True,True
33,discourse_relation_marking,final,21,9465,0.4245849847793579,-0.0819239392876625,-0.03415970504283905,0.46836724877357483,-0.08137408643960953,-0.03383613005280495,1.0,1.0,1.0,0.65,0.54,0.52,False,False
33,discourse_relation_marking,final,22,14795,0.4083203971385956,0.6778398752212524,0.30962222814559937,0.446748822927475,0.9127019643783569,0.32235080003738403,1.0,1.0,1.0,0.655,0.82,0.6,True,True
33,discourse_relation_marking,final,23,15419,-0.3970494866371155,0.07140513509511948,0.040774621069431305,-0.43207088112831116,0.07086838036775589,0.04039841517806053,0.3725,0.12,0.16,0.315,0.08,0.1,False,False
33,discourse_relation_marking,final,24,4441,0.3902096748352051,-0.2937799394130707,-0.4340769648551941,0.42327648401260376,-0.3042530417442322,-0.4769960939884186,1.0,1.0,1.0,0.69,0.6,0.7,False,False
33,discourse_relation_marking,final,25,1838,0.3637259900569916,-0.05370562896132469,-0.15089134871959686,0.3899824023246765,-0.053242698311805725,-0.15110492706298828,1.0,1.0,1.0,0.6625,0.54,0.58,False,False
34,topic_comment_structure,mean,1,2509,-0.8676437735557556,-0.5782672762870789,-0.7091948390007019,-1.742926836013794,-0.7016696929931641,-0.9958221912384033,0.85,1.0,0.88,0.8325,0.84,0.82,True,True
34,topic_comment_structure,mean,2,2895,-0.8105846643447876,-0.42475831508636475,-0.8547131419181824,-1.3824138641357422,-0.4644715189933777,-1.6299782991409302,1.0,1.0,1.0,0.9575,0.7,1.0,True,True
34,topic_comment_structure,mean,3,11611,-0.7946255803108215,-0.5738545060157776,-0.8545281291007996,-1.3072501420974731,-0.6936709880828857,-1.6286702156066895,0.985,1.0,1.0,0.895,0.76,0.82,True,True
34,topic_comment_structure,mean,4,1302,0.7794960737228394,0.5337711572647095,0.6940169334411621,1.242835521697998,0.6248680353164673,0.9542796611785889,1.0,1.0,1.0,0.85,0.62,0.9,True,True
34,topic_comment_structure,mean,5,6380,-0.7657878398895264,-0.5043308734893799,-0.8948931097984314,-1.1892980337142944,-0.5781771540641785,-1.985071063041687,0.8325,1.0,0.82,0.75,0.74,0.82,True,True
34,topic_comment_structure,mean,6,11776,-0.765167236328125,-0.38609564304351807,-0.586803674697876,-1.1869723796844482,-0.4143438935279846,-0.7174077033996582,1.0,1.0,1.0,0.9,0.6,0.64,True,True
34,topic_comment_structure,mean,7,10504,-0.7549546957015991,-0.5412015318870544,-0.8933597803115845,-1.1497973203659058,-0.6371347308158875,-1.9681682586669922,0.8325,1.0,0.82,0.665,0.72,0.82,True,True
34,topic_comment_structure,mean,8,16259,-0.7325018644332886,-0.4597263038158417,-0.895776629447937,-1.0746527910232544,-0.5124714970588684,-1.994970440864563,0.85,1.0,0.82,0.6825,0.68,0.82,True,True
34,topic_comment_structure,mean,9,15059,-0.7213796973228455,-0.5810733437538147,-0.2682739496231079,-1.0403411388397217,-0.7068038582801819,-0.2756834924221039,1.0,1.0,1.0,0.91,0.74,0.6,True,True
34,topic_comment_structure,mean,10,6403,-0.7171029448509216,-0.4869416356086731,-0.8857514262199402,-1.0276044607162476,-0.5518989562988281,-1.8891100883483887,0.9725,1.0,1.0,0.665,0.68,0.82,True,True
34,topic_comment_structure,mean,11,7960,-0.7149086594581604,-0.5436393618583679,-0.8897825479507446,-1.021161675453186,-0.6412048935890198,-1.9300369024276733,0.8825,1.0,0.92,0.675,0.76,0.92,True,True
34,topic_comment_structure,mean,12,7247,-0.7064307928085327,-0.5321815013885498,-0.7534266114234924,-0.996842086315155,-0.6222700476646423,-1.1343238353729248,1.0,1.0,1.0,0.6625,0.72,0.78,True,True
34,topic_comment_structure,mean,13,1887,-0.6986220479011536,-0.5753597021102905,-0.7505502700805664,-0.975202739238739,-0.6963891983032227,-1.1243822574615479,1.0,1.0,0.96,0.8075,0.82,0.8,True,True
34,topic_comment_structure,mean,14,4549,0.6931456327438354,0.5472942590713501,0.6370323896408081,0.9604344367980957,0.6473504304885864,0.8181105256080627,1.0,1.0,1.0,0.8175,0.82,0.78,True,True
34,topic_comment_structure,mean,15,14403,-0.6906562447547913,-0.41336968541145325,-0.10285855084657669,-0.9538282752037048,-0.44940871000289917,-0.10236772149801254,0.815,0.84,1.0,0.72,0.54,0.54,True,True
34,topic_comment_structure,mean,16,2506,0.6879433989524841,0.2176753282546997,0.3455134630203247,0.9467025399208069,0.2207816243171692,0.36448830366134644,1.0,1.0,1.0,0.9525,0.54,0.54,True,True
34,topic_comment_structure,mean,17,7486,-0.6877199411392212,-0.32010403275489807,-0.7601548433303833,-0.9461188316345215,-0.334486722946167,-1.1581751108169556,1.0,1.0,1.0,0.8325,0.58,0.82,True,True
34,topic_comment_structure,mean,18,6943,0.6874138712882996,0.41067183017730713,0.41010943055152893,0.9453213214874268,0.4458782970905304,0.4451441764831543,0.6875,0.82,0.78,0.6875,0.58,0.58,True,True
34,topic_comment_structure,mean,19,12611,0.6862648725509644,0.3733692765235901,0.5599795579910278,0.9423320889472961,0.39843007922172546,0.6690974831581116,1.0,1.0,1.0,0.7925,0.7,0.88,True,True
34,topic_comment_structure,mean,20,6760,-0.6856691241264343,-0.4045546054840088,-0.7263135313987732,-0.9407868981361389,-0.43792518973350525,-1.0460457801818848,0.8675,1.0,0.84,0.665,0.68,0.66,True,True
34,topic_comment_structure,mean,21,11196,0.6842176914215088,0.44108277559280396,0.32297059893608093,0.9370402097702026,0.4865359365940094,0.33782920241355896,0.72,0.82,0.76,0.72,0.58,0.5,True,True
34,topic_comment_structure,mean,22,10896,-0.6802915930747986,-0.2903422713279724,-0.6094537973403931,-0.9270049333572388,-0.3003630042076111,-0.7609890103340149,0.7225,0.46,0.46,0.695,0.3,0.44,True,True
34,topic_comment_structure,mean,23,14916,0.6795671582221985,0.43255144357681274,0.30116841197013855,0.9251699447631836,0.47493308782577515,0.3126579523086548,0.71,0.82,0.78,0.7025,0.58,0.5,True,True
34,topic_comment_structure,mean,24,6268,0.6785157322883606,0.42862027883529663,0.3362635672092438,0.9225168228149414,0.4696398377418518,0.35346710681915283,0.665,0.82,0.76,0.665,0.58,0.52,True,True
34,topic_comment_structure,mean,25,6188,0.6782477498054504,0.42609554529190063,0.3399917185306549,0.9218398928642273,0.46625757217407227,0.3578949272632599,0.665,0.82,0.76,0.665,0.58,0.52,True,True
34,topic_comment_structure,final,1,12998,0.758325457572937,0.6565368175506592,0.6639777421951294,1.1618423461914062,0.8616511821746826,0.8790404796600342,1.0,1.0,1.0,0.9175,0.72,0.82,True,True
34,topic_comment_structure,final,2,5219,-0.6689465641975403,-0.14058946073055267,-0.518860936164856,-0.8988303542137146,-0.14057262241840363,-0.6008549928665161,0.7,0.82,0.92,0.665,0.58,0.6,True,True
34,topic_comment_structure,final,3,12897,0.6643880009651184,0.30689123272895813,0.6125220060348511,0.8878351449966431,0.3192104697227478,0.7671113014221191,1.0,1.0,1.0,0.8075,0.6,0.74,True,True
34,topic_comment_structure,final,4,2993,0.637281596660614,0.45230406522750854,0.723471462726593,0.8259270191192627,0.5020477175712585,1.0374385118484497,1.0,1.0,1.0,0.7475,0.74,0.8,True,True
34,topic_comment_structure,final,5,5697,-0.6343075633049011,-0.042694903910160065,-0.812264084815979,-0.8194673657417297,-0.042304374277591705,-1.3785606622695923,1.0,1.0,1.0,0.7775,0.56,0.9,True,True
34,topic_comment_structure,final,6,14795,-0.6099498867988586,-0.37297940254211426,-0.5548747777938843,-0.7687486410140991,-0.39794671535491943,-0.6602662801742554,1.0,1.0,1.0,0.7175,0.66,0.72,True,True
34,topic_comment_structure,final,7,9465,-0.6087186336517334,-0.32856321334838867,-0.1989707350730896,-0.7662814259529114,-0.34438028931617737,-0.2009897083044052,1.0,1.0,1.0,0.755,0.54,0.5,True,True
34,topic_comment_structure,final,8,14168,-0.601040780544281,0.037342533469200134,-0.5174672603607178,-0.7510954737663269,0.03699301928281784,-0.598649799823761,1.0,1.0,1.0,0.7475,0.54,0.68,False,True
34,topic_comment_structure,final,9,9083,0.5987087488174438,0.49550125002861023,0.6911128759384155,0.7465478181838989,0.5647215843200684,0.9466203451156616,1.0,1.0,1.0,0.715,0.72,0.76,True,True
34,topic_comment_structure,final,10,443,-0.5804077386856079,-0.5441019535064697,-0.5661096572875977,-0.7118555903434753,-0.6419798731803894,-0.6798490881919861,0.4975,0.48,0.98,0.4775,0.44,0.68,True,True
34,topic_comment_structure,final,11,105,0.5776771903038025,0.3782137632369995,0.6479222774505615,0.706822395324707,0.404456228017807,0.8420702219009399,1.0,1.0,1.0,0.7825,0.7,0.8,True,True
34,topic_comment_structure,final,12,1838,-0.5638312697410583,0.00879718828946352,0.016453230753540993,-0.6818414926528931,0.008709108456969261,0.016290074214339256,0.9475,0.96,1.0,0.7075,0.52,0.5,False,False
34,topic_comment_structure,final,13,164,-0.5517104864120483,-0.12963612377643585,-0.16084709763526917,-0.6606678366661072,-0.12942533195018768,-0.16133113205432892,1.0,1.0,1.0,0.675,0.52,0.5,True,True
34,topic_comment_structure,final,14,11776,-0.5486603379249573,-0.22312204539775848,0.08185163885354996,-0.6554356813430786,-0.22659185528755188,0.08130177855491638,1.0,1.0,1.0,0.6775,0.52,0.52,True,False
34,topic_comment_structure,final,15,13304,-0.5446655750274658,-0.0007422607741318643,-0.4911564588546753,-0.6486402153968811,-0.0007348008221015334,-0.5581861138343811,1.0,1.0,1.0,0.7025,0.52,0.64,True,True
34,topic_comment_structure,final,16,13191,-0.5418233871459961,0.24104727804660797,-0.2936229407787323,-0.6438436508178711,0.24587464332580566,-0.30407512187957764,1.0,1.0,1.0,0.69,0.58,0.6,False,True
34,topic_comment_structure,final,17,9622,0.5150219202041626,0.46380144357681274,0.31391558051109314,0.6000835299491882,0.5182521939277649,0.32730552554130554,1.0,1.0,1.0,0.7525,0.74,0.64,True,True
34,topic_comment_structure,final,18,14004,-0.5084062218666077,-0.2829177677631378,-0.33747684955596924,-0.5896644592285156,-0.2920043468475342,-0.3549059331417084,1.0,1.0,1.0,0.6425,0.62,0.62,True,True
34,topic_comment_structure,final,19,8686,0.5025784969329834,0.00425689434632659,0.24781352281570435,0.5806034803390503,0.004214148502796888,0.25322145223617554,1.0,1.0,1.0,0.735,0.56,0.54,True,True
34,topic_comment_structure,final,20,5159,-0.5019708275794983,-0.3040483295917511,-0.28324761986732483,-0.5796646475791931,-0.3159506618976593,-0.29237455129623413,1.0,1.0,1.0,0.66,0.58,0.58,True,True
34,topic_comment_structure,final,21,16335,-0.48899513483047485,-0.33984482288360596,-0.3681335747241974,-0.559889018535614,-0.3577200770378113,-0.39195990562438965,0.985,1.0,1.0,0.67,0.66,0.58,True,True
34,topic_comment_structure,final,22,13033,-0.4827772378921509,-0.05867166817188263,-0.6003946661949158,-0.5505877733230591,-0.05818221718072891,-0.7432256937026978,1.0,1.0,1.0,0.6675,0.54,0.7,True,True
34,topic_comment_structure,final,23,13627,-0.48127347230911255,-0.45147380232810974,-0.37809082865715027,-0.5483546257019043,-0.5008898973464966,-0.40430277585983276,0.8875,0.92,1.0,0.7125,0.66,0.7,True,True
34,topic_comment_structure,final,24,6102,-0.480869323015213,-0.37800708413124084,-0.5676955580711365,-0.5477556586265564,-0.4041983187198639,-0.6826574206352234,1.0,1.0,1.0,0.7075,0.68,0.74,True,True
34,topic_comment_structure,final,25,8923,-0.4799744784832001,-0.44687461853027344,-0.647081196308136,-0.5464307069778442,-0.49450579285621643,-0.8401889204978943,1.0,1.0,1.0,0.705,0.66,0.74,True,True
35,focus_and_given_new_marking,mean,1,16084,-0.8151004314422607,0.53200364112854,0.681742787361145,-1.4052366018295288,0.6219800710678101,0.9224963784217834,1.0,1.0,1.0,0.8975,0.76,0.88,False,False
35,focus_and_given_new_marking,mean,2,14465,0.7923091053962708,0.4512527287006378,0.5704132914543152,1.2969880104064941,0.5005818605422974,0.6874960660934448,1.0,1.0,1.0,0.965,0.66,0.68,True,True
35,focus_and_given_new_marking,mean,3,9531,-0.7740533351898193,-0.6730794906616211,-0.6466026902198792,-1.2210707664489746,-0.900948703289032,-0.8391206860542297,0.8475,1.0,0.86,0.8225,0.84,0.76,True,True
35,focus_and_given_new_marking,mean,4,2195,-0.7362543940544128,-0.59935462474823,-0.6295816898345947,-1.0866386890411377,-0.7412155866622925,-0.8021966218948364,0.935,1.0,0.94,0.895,0.78,0.84,True,True
35,focus_and_given_new_marking,mean,5,8497,-0.7139667868614197,0.5474218130111694,-0.22671687602996826,-1.018416404724121,0.6475659012794495,-0.23043875396251678,0.585,0.48,0.68,0.57,0.36,0.48,False,True
35,focus_and_given_new_marking,mean,6,3863,0.7092477679252625,0.4354475736618042,0.4614573121070862,1.004825472831726,0.4788539409637451,0.5149219632148743,0.51,0.54,0.52,0.51,0.4,0.4,True,True
35,focus_and_given_new_marking,mean,7,15357,-0.7042022347450256,-0.18500198423862457,-0.40700405836105347,-0.9905954003334045,-0.18635950982570648,-0.44110122323036194,0.5375,0.06,0.48,0.5325,0.06,0.42,True,True
35,focus_and_given_new_marking,mean,8,11338,-0.7027924656867981,-0.6774867177009583,0.0029495733324438334,-0.9866733551025391,-0.9118226170539856,0.0029199409764260054,0.5,0.48,0.52,0.5,0.48,0.28,True,False
35,focus_and_given_new_marking,mean,9,12770,-0.7026211023330688,0.5744634866714478,-0.08040907979011536,-0.9861955642700195,0.6947695016860962,-0.07985951751470566,0.5075,0.52,0.64,0.5,0.48,0.36,False,True
35,focus_and_given_new_marking,mean,10,4230,-0.7026036381721497,0.30416446924209595,-0.46620842814445496,-0.9861496686935425,0.3160836100578308,-0.521686315536499,0.5,0.28,0.54,0.5,0.16,0.38,False,True
35,focus_and_given_new_marking,mean,11,12631,0.7023341655731201,-0.6781084537506104,0.19901446998119354,0.9854010939598083,-0.913371205329895,0.20103567838668823,0.5,0.5,0.04,0.5,0.5,0.04,False,True
35,focus_and_given_new_marking,mean,12,8334,0.7021234035491943,0.38070815801620483,-0.03355076164007187,0.9848176836967468,0.4075741469860077,-0.033232271671295166,0.5,0.48,0.14,0.5,0.4,0.08,True,False
35,focus_and_given_new_marking,mean,13,12769,-0.7009232640266418,0.5745618939399719,-0.6668311357498169,-0.9815056920051575,0.6949472427368164,-0.8858309984207153,0.505,0.38,0.58,0.505,0.36,0.54,False,True
35,focus_and_given_new_marking,mean,14,15548,0.700722336769104,-0.6844044923782349,0.33521798253059387,0.9809537529945374,-0.9292601346969604,0.35222864151000977,0.5425,0.48,0.22,0.53,0.48,0.2,False,True
35,focus_and_given_new_marking,mean,15,209,0.6999995708465576,0.16163520514965057,0.037879038602113724,0.9789683222770691,0.1621427834033966,0.03752525895833969,0.5175,0.5,0.32,0.505,0.32,0.18,True,True
35,focus_and_given_new_marking,mean,16,8214,0.6994349360466003,-0.4630438983440399,0.2870490550994873,0.9774216413497925,-0.5171745419502258,0.29664820432662964,0.54,0.54,0.2,0.5125,0.44,0.18,False,True
35,focus_and_given_new_marking,mean,17,7136,0.6991597414016724,0.4188220798969269,0.10158746689558029,0.9766692519187927,0.4565875828266144,0.10108942538499832,0.5225,0.56,0.24,0.52,0.42,0.14,True,True
35,focus_and_given_new_marking,mean,18,3848,0.6990575790405273,0.680551290512085,0.56440669298172,0.9763911366462708,0.9194909334182739,0.676845908164978,0.5025,0.48,0.54,0.5025,0.48,0.42,True,True
35,focus_and_given_new_marking,mean,19,8210,-0.6985329985618591,-0.3120698034763336,0.15225820243358612,-0.974959671497345,-0.3251727521419525,0.1525060087442398,0.505,0.1,0.56,0.505,0.1,0.42,True,False
35,focus_and_given_new_marking,mean,20,9919,-0.6965917944908142,0.0,-0.19564670324325562,-0.9696884751319885,0.0,-0.19749709963798523,0.5025,0.0,0.54,0.5,0.0,0.34,False,True
35,focus_and_given_new_marking,mean,21,2933,0.6962592005729675,-0.3958570659160614,-0.1739300936460495,0.9687899351119995,-0.42673778533935547,-0.1748470664024353,0.5125,0.48,0.04,0.5,0.36,0.04,False,False
35,focus_and_given_new_marking,mean,22,8633,-0.6958878636360168,0.6264470219612122,-0.08766885101795197,-0.967788815498352,0.7956119179725647,-0.08712319284677505,0.5225,0.52,0.66,0.5175,0.48,0.4,False,True
35,focus_and_given_new_marking,mean,23,12954,-0.6940763592720032,-0.9116575717926025,-0.7756743431091309,-0.9629207849502563,-2.196113348007202,-1.2166659832000732,0.5,1.0,1.0,0.5,1.0,0.88,True,True
35,focus_and_given_new_marking,mean,24,1387,-0.6938419342041016,0.6789861917495728,-0.5385836362838745,-0.9622945189476013,0.9155635237693787,-0.6327893733978271,0.5025,0.48,0.52,0.5,0.48,0.48,False,True
35,focus_and_given_new_marking,mean,25,1759,-0.6920482516288757,-0.9149574637413025,-0.8110408782958984,-0.9575145840644836,-2.2444822788238525,-1.3724857568740845,0.5,1.0,1.0,0.5,1.0,1.0,True,True
35,focus_and_given_new_marking,final,1,2195,-0.8127585053443909,-0.530832827091217,-0.7193379402160645,-1.3933066129684448,-0.6200733184814453,-1.02511727809906,0.8325,0.96,0.86,0.81,0.7,0.8,True,True
35,focus_and_given_new_marking,final,2,9531,-0.7930421233177185,-0.5337581634521484,-0.6881629228591919,-1.3002190589904785,-0.6248466968536377,-0.9389301538467407,0.8475,1.0,0.86,0.805,0.76,0.78,True,True
35,focus_and_given_new_marking,final,3,1838,-0.7250813245773315,-0.6307557821273804,-0.40772300958633423,-1.0515657663345337,-0.8046794533729553,-0.44203561544418335,1.0,1.0,1.0,0.95,0.84,0.56,True,True
35,focus_and_given_new_marking,final,4,9465,0.7145622968673706,0.8181841969490051,0.9041594862937927,1.0201504230499268,1.4087350368499756,2.0952303409576416,1.0,1.0,1.0,0.8825,0.92,1.0,True,True
35,focus_and_given_new_marking,final,5,3288,0.7062994837760925,0.8367382287979126,0.8816409111022949,0.9964725971221924,1.5126440525054932,1.8494192361831665,1.0,1.0,1.0,0.9075,0.94,0.98,True,True
35,focus_and_given_new_marking,final,6,13627,0.6929014921188354,0.15415580570697784,0.3385466933250427,0.9597838521003723,0.15445271134376526,0.3561764657497406,1.0,1.0,0.92,0.795,0.66,0.54,True,True
35,focus_and_given_new_marking,final,7,7700,-0.6911332607269287,0.6435623168945312,0.1901630014181137,-0.9550880193710327,0.8323745131492615,0.19175076484680176,0.5025,0.48,0.6,0.5025,0.48,0.34,False,False
35,focus_and_given_new_marking,final,8,4441,0.6899439096450806,-0.16976894438266754,0.9139254093170166,0.9519498348236084,-0.17053821682929993,2.229069948196411,1.0,1.0,1.0,0.81,0.5,1.0,False,True
35,focus_and_given_new_marking,final,9,7912,0.6843997240066528,0.29499733448028564,0.4629473090171814,0.937508225440979,0.3056337535381317,0.5170372128486633,0.8275,0.76,0.76,0.76,0.6,0.56,True,True
35,focus_and_given_new_marking,final,10,13711,-0.6757480502128601,-0.2606598436832428,-0.45909908413887024,-0.9155793190002441,-0.2672797441482544,-0.5115855932235718,0.5,0.48,0.52,0.4975,0.28,0.42,True,True
35,focus_and_given_new_marking,final,11,8182,0.6715559363365173,0.7076956629753113,0.8672810196876526,0.9052056670188904,0.9916005730628967,1.7246530055999756,1.0,1.0,1.0,0.805,0.78,1.0,True,True
35,focus_and_given_new_marking,final,12,8923,-0.6689980626106262,0.09918677061796188,-0.5784186124801636,-0.8989543914794922,0.09867649525403976,-0.7019457221031189,0.5,0.48,0.52,0.5,0.34,0.46,False,True
35,focus_and_given_new_marking,final,13,12998,-0.6678118109703064,-0.6263042688369751,0.003382286988198757,-0.8960765600204468,-0.7953136563301086,0.003348312806338072,1.0,1.0,1.0,0.9175,0.78,0.54,True,False
35,focus_and_given_new_marking,final,14,15360,0.6671330332756042,0.6025398373603821,-0.6774391531944275,0.8944333791732788,0.7473905682563782,-0.9117042422294617,0.5,0.48,0.52,0.5,0.46,0.52,True,False
35,focus_and_given_new_marking,final,15,2734,-0.6526894569396973,0.3841654360294342,-0.6980361342430115,-0.8604159355163574,0.4119127690792084,-0.9650280475616455,1.0,1.0,1.0,0.79,0.54,0.84,False,True
35,focus_and_given_new_marking,final,16,16084,-0.6451502442359924,0.017336074262857437,-0.3499193489551544,-0.8433201909065247,0.01716441661119461,-0.369780033826828,1.0,1.0,1.0,0.8125,0.64,0.7,False,True
35,focus_and_given_new_marking,final,17,2895,0.6399319767951965,-0.34960755705833435,-0.5520642995834351,0.8317359089851379,-0.3694046437740326,-0.6554504632949829,0.5,0.48,0.52,0.4925,0.36,0.44,False,False
35,focus_and_given_new_marking,final,18,7799,-0.632134735584259,0.6785094141960144,-0.5758721828460693,-0.8147864937782288,0.9143720269203186,-0.6973170042037964,0.5,0.48,0.52,0.4925,0.48,0.48,False,True
35,focus_and_given_new_marking,final,19,4549,-0.6282854080200195,-0.3352874517440796,-0.6777703166007996,-0.806573212146759,-0.3523108661174774,-0.9125286936759949,0.465,0.52,0.48,0.4625,0.46,0.48,True,True
35,focus_and_given_new_marking,final,20,14168,0.626246452331543,0.5070043802261353,0.9150362014770508,0.802261471748352,0.5822989344596863,2.245668888092041,1.0,1.0,1.0,0.8325,0.52,0.98,True,True
35,focus_and_given_new_marking,final,21,8003,0.6255029439926147,-0.27233847975730896,0.09911610931158066,0.8006964921951294,-0.28019216656684875,0.09860547631978989,1.0,1.0,1.0,0.8375,0.52,0.56,False,True
35,focus_and_given_new_marking,final,22,6051,-0.6179962754249573,0.501116931438446,0.08008431643247604,-0.785090982913971,0.5732518434524536,0.07953488081693649,1.0,1.0,1.0,0.83,0.54,0.52,False,False
35,focus_and_given_new_marking,final,23,15059,-0.6157516837120056,-0.43262210488319397,-0.5717142224311829,-0.7804925441741943,-0.47502854466438293,-0.689824104309082,1.0,1.0,1.0,0.785,0.74,0.74,True,True
35,focus_and_given_new_marking,final,24,9880,0.6095463633537292,0.4472576975822449,-0.6971120238304138,0.7679386138916016,0.4950357675552368,-0.9625411033630371,0.5,0.48,0.52,0.475,0.4,0.52,True,False
35,focus_and_given_new_marking,final,25,6403,-0.6012739539146423,0.525048017501831,0.19721238315105438,-0.751550555229187,0.6107246279716492,0.1991412490606308,0.5,0.48,0.52,0.485,0.42,0.28,False,False
36,genericity_and_kind_level_reference,mean,1,13521,0.38834959268569946,0.30323073267936707,0.4645141065120697,0.4208991527557373,0.3150148391723633,0.5192676186561584,0.5775,0.58,0.7,0.42,0.36,0.54,True,True
36,genericity_and_kind_level_reference,mean,2,2258,0.38761499524116516,0.42901062965393066,0.389409601688385,0.41996219754219055,0.4701639413833618,0.4185328781604767,0.825,0.68,0.86,0.475,0.4,0.56,True,True
36,genericity_and_kind_level_reference,mean,3,16359,0.38387420773506165,0.3871116638183594,0.2953331470489502,0.4152052402496338,0.4156262278556824,0.30601489543914795,0.665,0.74,0.94,0.44,0.46,0.62,True,True
36,genericity_and_kind_level_reference,mean,4,10956,0.3837265074253082,-0.05277780815958977,0.2062932699918747,0.41501709818840027,-0.05232027545571327,0.2087092250585556,0.32,0.3,0.5,0.27,0.16,0.32,False,True
36,genericity_and_kind_level_reference,mean,5,5836,0.37232956290245056,0.23299765586853027,0.34488049149513245,0.40067243576049805,0.2371838241815567,0.3637303411960602,0.275,0.28,0.42,0.2325,0.18,0.28,True,True
36,genericity_and_kind_level_reference,mean,6,7711,-0.36652272939682007,-0.3221122622489929,-0.3169006109237671,-0.3934444189071655,-0.33682718873023987,-0.330763578414917,0.98,1.0,0.98,0.62,0.72,0.6,True,True
36,genericity_and_kind_level_reference,mean,7,1858,0.36555469036102295,0.3438003659248352,0.47473978996276855,0.39224496483802795,0.36243829131126404,0.5339784622192383,0.405,0.18,0.46,0.2975,0.16,0.38,True,True
36,genericity_and_kind_level_reference,mean,8,1129,-0.36247244477272034,-0.3249543607234955,-0.16246774792671204,-0.3884349465370178,-0.3401484191417694,-0.16300052404403687,0.98,1.0,0.98,0.6375,0.64,0.54,True,True
36,genericity_and_kind_level_reference,mean,9,14615,0.3573800325393677,-0.26178282499313354,0.111493781208992,0.3821727931499481,-0.2685157060623169,0.11106568574905396,0.23,0.14,0.28,0.205,0.12,0.16,False,True
36,genericity_and_kind_level_reference,mean,10,13219,-0.35735204815864563,-0.3034515678882599,-0.22943659126758575,-0.3821377456188202,-0.31526753306388855,-0.23335573077201843,0.98,1.0,0.98,0.6475,0.7,0.52,True,True
36,genericity_and_kind_level_reference,mean,11,12998,-0.3487085700035095,-0.17109498381614685,-0.22221259772777557,-0.3715970814228058,-0.17191031575202942,-0.2256201207637787,1.0,1.0,1.0,0.655,0.56,0.66,True,True
36,genericity_and_kind_level_reference,mean,12,6888,-0.3485262393951416,-0.3376981019973755,-0.20563986897468567,-0.37137603759765625,-0.3551686704158783,-0.20801889896392822,0.98,1.0,0.98,0.5925,0.7,0.56,True,True
36,genericity_and_kind_level_reference,mean,13,2022,0.3484724462032318,0.3540540933609009,0.4188562035560608,0.3713107407093048,0.37477147579193115,0.45663273334503174,0.21,0.14,0.32,0.1775,0.14,0.26,True,True
36,genericity_and_kind_level_reference,mean,14,10816,-0.34693339467048645,-0.28856131434440613,-0.15009592473506927,-0.3694458603858948,-0.2983526289463043,-0.15028993785381317,0.98,1.0,0.98,0.6125,0.66,0.54,True,True
36,genericity_and_kind_level_reference,mean,15,12564,-0.34670495986938477,-0.28164783120155334,-0.24769043922424316,-0.3691692650318146,-0.2905804514884949,-0.2530874013900757,0.98,1.0,0.98,0.61,0.66,0.52,True,True
36,genericity_and_kind_level_reference,mean,16,4100,-0.3440980911254883,-0.2737886905670166,-0.137562558054924,-0.36601921916007996,-0.28180477023124695,-0.13748705387115479,0.98,1.0,0.98,0.615,0.66,0.54,True,True
36,genericity_and_kind_level_reference,mean,17,10157,-0.34026676416397095,-0.37483176589012146,-0.03351319581270218,-0.36140677332878113,-0.4002452790737152,-0.03319501131772995,0.98,1.0,0.98,0.59,0.7,0.6,True,True
36,genericity_and_kind_level_reference,mean,18,1220,-0.3397890031337738,-0.2187194973230362,-0.21942326426506042,-0.3608330190181732,-0.2218938022851944,-0.22264380753040314,0.98,1.0,0.98,0.5975,0.54,0.58,True,True
36,genericity_and_kind_level_reference,mean,19,9265,-0.3385947644710541,-0.2730391323566437,-0.19334954023361206,-0.35940027236938477,-0.2809710204601288,-0.19508759677410126,0.98,1.0,0.98,0.5975,0.6,0.5,True,True
36,genericity_and_kind_level_reference,mean,20,142,0.3381481468677521,0.3360438942909241,0.47075191140174866,0.3588646948337555,0.3532068431377411,0.5282089710235596,0.2225,0.16,0.32,0.1625,0.14,0.26,True,True
36,genericity_and_kind_level_reference,mean,21,9241,-0.337836354970932,-0.3317778408527374,-0.08547917753458023,-0.35849136114120483,-0.3481642007827759,-0.084930919110775,0.98,1.0,0.98,0.6075,0.72,0.6,True,True
36,genericity_and_kind_level_reference,mean,22,9815,-0.3371354937553406,-0.28145405650138855,-0.15020373463630676,-0.35765206813812256,-0.2903633415699005,-0.15040038526058197,0.98,1.0,0.98,0.615,0.68,0.58,True,True
36,genericity_and_kind_level_reference,mean,23,16080,-0.33687418699264526,-0.32435745000839233,-0.18090760707855225,-0.3573395311832428,-0.3394499719142914,-0.18209393322467804,0.98,1.0,0.98,0.5975,0.64,0.54,True,True
36,genericity_and_kind_level_reference,mean,24,3468,-0.3366801142692566,-0.28843823075294495,-0.140809565782547,-0.35710734128952026,-0.29821377992630005,-0.14079713821411133,0.98,1.0,0.98,0.6125,0.66,0.56,True,True
36,genericity_and_kind_level_reference,mean,25,10099,-0.3354756236076355,-0.3306775987148285,-0.15194101631641388,-0.35566747188568115,-0.34686756134033203,-0.15218080580234528,0.98,1.0,0.98,0.585,0.68,0.54,True,True
36,genericity_and_kind_level_reference,final,1,164,0.33983075618743896,0.19894066452980042,0.47115665674209595,0.3608831763267517,0.2009580284357071,0.5287926197052002,1.0,1.0,1.0,0.6325,0.6,0.74,True,True
36,genericity_and_kind_level_reference,final,2,11776,0.3254557251930237,0.14663158357143402,0.2405577003955841,0.3437642455101013,0.1467440128326416,0.24534453451633453,1.0,1.0,1.0,0.61,0.58,0.6,True,True
36,genericity_and_kind_level_reference,final,3,14168,0.30285000801086426,0.14711396396160126,0.17989595234394073,0.3173757493495941,0.1472374051809311,0.18104146420955658,1.0,1.0,1.0,0.65,0.64,0.58,True,True
36,genericity_and_kind_level_reference,final,4,13305,0.29817745089530945,0.3032493591308594,0.43481364846229553,0.3119964003562927,0.31503620743751526,0.4779942035675049,0.095,0.18,0.2,0.095,0.14,0.2,True,True
36,genericity_and_kind_level_reference,final,5,14004,0.296977162361145,0.1517963856458664,0.36072811484336853,0.3106195032596588,0.15203255414962769,0.38288161158561707,1.0,1.0,1.0,0.6525,0.62,0.58,True,True
36,genericity_and_kind_level_reference,final,6,12897,-0.2969399690628052,-0.17625296115875244,-0.29168421030044556,-0.31057679653167725,-0.1772564947605133,-0.30187997221946716,1.0,1.0,1.0,0.6275,0.58,0.62,True,True
36,genericity_and_kind_level_reference,final,7,8182,0.28827860951423645,0.18023793399333954,0.14712584018707275,0.30068308115005493,0.1813971847295761,0.14724956452846527,1.0,1.0,1.0,0.59,0.56,0.54,True,True
36,genericity_and_kind_level_reference,final,8,443,0.28714340925216675,0.2206018567085266,0.45541664958000183,0.2993926703929901,0.223900705575943,0.5064027905464172,0.425,0.56,0.8,0.3025,0.32,0.54,True,True
36,genericity_and_kind_level_reference,final,9,9465,0.2848743498325348,0.13302509486675262,0.3865516483783722,0.29681670665740967,0.13286897540092468,0.4149191677570343,1.0,1.0,1.0,0.59,0.56,0.7,True,True
36,genericity_and_kind_level_reference,final,10,5159,0.2841622531414032,0.12179762125015259,0.25289908051490784,0.29600945115089417,0.1214778944849968,0.2587692439556122,1.0,1.0,1.0,0.595,0.56,0.52,True,True
36,genericity_and_kind_level_reference,final,11,14795,0.2769438326358795,0.12275886535644531,0.3446585536003113,0.28785669803619385,0.12245123088359833,0.36346468329429626,1.0,1.0,1.0,0.6075,0.52,0.64,True,True
36,genericity_and_kind_level_reference,final,12,105,-0.26431190967559814,-0.14193658530712128,-0.25599321722984314,-0.2737153470516205,-0.1419471651315689,-0.2621557116508484,1.0,1.0,1.0,0.6175,0.54,0.56,True,True
36,genericity_and_kind_level_reference,final,13,6709,-0.25993508100509644,-0.15411464869976044,-0.026378950104117393,-0.26885104179382324,-0.15441042184829712,-0.0261229258030653,0.39,0.28,0.22,0.2575,0.18,0.12,True,True
36,genericity_and_kind_level_reference,final,14,3522,0.25621724128723145,0.038328204303979874,0.3314098119735718,0.2647334039211273,0.0379708856344223,0.34773021936416626,0.07,0.24,0.16,0.07,0.12,0.14,True,True
36,genericity_and_kind_level_reference,final,15,9083,-0.2470674216747284,-0.06639531999826431,-0.08424139022827148,-0.2546531856060028,-0.06587336957454681,-0.08369220793247223,1.0,1.0,1.0,0.5775,0.52,0.5,True,True
36,genericity_and_kind_level_reference,final,16,2084,-0.2373437136411667,-0.04175262898206711,-0.07123782485723495,-0.24401946365833282,-0.04136907309293747,-0.0707014724612236,1.0,1.0,1.0,0.5875,0.54,0.54,True,True
36,genericity_and_kind_level_reference,final,17,13304,-0.23483312129974365,-0.10966898500919342,-0.16328124701976776,-0.24128681421279907,-0.10922558605670929,-0.1638389527797699,1.0,1.0,1.0,0.6375,0.54,0.62,True,True
36,genericity_and_kind_level_reference,final,18,8666,0.2292296290397644,0.0644315853714943,0.1275572031736374,0.23520608246326447,0.06391681730747223,0.12731516361236572,0.2175,0.06,0.08,0.165,0.04,0.06,True,True
36,genericity_and_kind_level_reference,final,19,1193,-0.22215703129768372,-0.04091331735253334,-0.1414213627576828,-0.22756585478782654,-0.040536053478717804,-0.14142127335071564,0.095,0.1,0.02,0.08,0.06,0.02,True,True
36,genericity_and_kind_level_reference,final,20,7918,0.22127659618854523,0.18189595639705658,0.1574615091085434,0.22661741077899933,0.1831226944923401,0.1578480750322342,1.0,1.0,1.0,0.565,0.66,0.54,True,True
36,genericity_and_kind_level_reference,final,21,7912,0.21999934315681458,0.20352289080619812,0.06382381170988083,0.22524262964725494,0.205784410238266,0.06331143528223038,1.0,1.0,1.0,0.585,0.6,0.56,True,True
36,genericity_and_kind_level_reference,final,22,11483,-0.21510213613510132,-0.13341009616851807,-0.2820058763027191,-0.2199825644493103,-0.13326047360897064,-0.2909817397594452,1.0,1.0,1.0,0.615,0.6,0.6,True,True
36,genericity_and_kind_level_reference,final,23,8686,-0.21462927758693695,-0.056534674018621445,-0.15404599905014038,-0.21947553753852844,-0.05605613440275192,-0.154339998960495,1.0,1.0,1.0,0.5975,0.56,0.5,True,True
36,genericity_and_kind_level_reference,final,24,7552,-0.20612607896327972,-0.006523150485008955,0.0,-0.21038612723350525,-0.0064577264711260796,0.0,0.08,0.08,0.0,0.0675,0.04,0.0,True,False
36,genericity_and_kind_level_reference,final,25,4894,-0.20576788485050201,-0.08014918863773346,-0.1414213478565216,-0.21000415086746216,-0.07959975302219391,-0.1414213478565216,0.1075,0.14,0.02,0.085,0.1,0.02,True,True
37,social_deixis_honorifics_status_encoding,mean,1,2410,0.9277223944664001,0.9127199649810791,0.5644055604934692,2.482282876968384,2.2113993167877197,0.6768438816070557,1.0,0.84,0.82,1.0,0.84,0.54,True,True
37,social_deixis_honorifics_status_encoding,mean,2,7038,-0.9086031913757324,-0.8378336429595947,-0.364404559135437,-2.1727399826049805,-1.5192779302597046,-0.38737791776657104,1.0,1.0,1.0,0.985,0.98,0.5,True,True
37,social_deixis_honorifics_status_encoding,mean,3,12611,0.9057548642158508,-0.7645295858383179,0.7212825417518616,2.1345417499542236,-1.1741529703140259,1.0308853387832642,0.855,0.64,0.82,0.835,0.64,0.82,False,True
37,social_deixis_honorifics_status_encoding,mean,4,46,-0.9014692306518555,-0.786198616027832,-0.5642505884170532,-2.0800654888153076,-1.2594332695007324,-0.6765711307525635,0.8325,0.84,0.32,0.8325,0.82,0.32,True,True
37,social_deixis_honorifics_status_encoding,mean,5,4800,0.9008364677429199,0.8372637033462524,0.27213054895401,2.072308301925659,1.5158188343048096,0.27996113896369934,0.8325,0.86,0.82,0.8325,0.8,0.5,True,True
37,social_deixis_honorifics_status_encoding,mean,6,2373,0.8767595887184143,0.8749803304672241,0.23254366219043732,1.8207753896713257,1.7890543937683105,0.23669524490833282,0.8325,0.78,0.82,0.8325,0.78,0.5,True,True
37,social_deixis_honorifics_status_encoding,mean,7,4425,0.8685261607170105,-0.8781042695045471,0.6225557327270508,1.7501322031021118,-1.8167908191680908,0.7875264286994934,0.8325,0.84,0.82,0.8325,0.84,0.64,False,True
37,social_deixis_honorifics_status_encoding,mean,8,9261,0.8623298406600952,0.6055989265441895,0.5023784637451172,1.7009124755859375,0.7533738613128662,0.5751813650131226,0.8325,0.86,0.82,0.8325,0.66,0.5,True,True
37,social_deixis_honorifics_status_encoding,mean,9,949,0.838947057723999,-0.5094603896141052,0.49058589339256287,1.5396502017974854,-0.586105227470398,0.5573321580886841,0.8325,0.84,0.82,0.8325,0.6,0.42,False,True
37,social_deixis_honorifics_status_encoding,mean,10,3341,0.8244761228561401,0.740835428237915,0.291290283203125,1.4551140069961548,1.0918631553649902,0.3014345169067383,0.76,0.84,0.82,0.76,0.74,0.5,True,True
37,social_deixis_honorifics_status_encoding,mean,11,11385,0.8228108286857605,-0.35441574454307556,0.0,1.4459956884384155,-0.37520933151245117,0.0,0.745,0.14,0.0,0.745,0.14,0.0,False,False
37,social_deixis_honorifics_status_encoding,mean,12,2081,0.8197708129882812,0.42160817980766296,0.3720954358577728,1.4296451807022095,0.4602789878845215,0.3968518078327179,0.8325,0.38,0.82,0.8025,0.32,0.5,True,True
37,social_deixis_honorifics_status_encoding,mean,13,4966,0.8184773921966553,-0.4157080352306366,0.6492385864257812,1.422800898551941,-0.4524802565574646,0.8450251221656799,0.8325,0.28,0.48,0.8225,0.28,0.48,False,True
37,social_deixis_honorifics_status_encoding,mean,14,7948,-0.8165410757064819,-0.3258679509162903,0.8585513830184937,-1.4126759767532349,-0.34121817350387573,1.657649278640747,1.0,1.0,1.0,0.965,0.6,0.92,True,False
37,social_deixis_honorifics_status_encoding,mean,15,4549,-0.8137157559394836,-0.9423393607139587,-0.6494197249412537,-1.3981587886810303,-2.7875187397003174,-0.8454329371452332,1.0,1.0,1.0,0.965,1.0,0.66,True,True
37,social_deixis_honorifics_status_encoding,mean,16,4216,0.8035154938697815,-0.8085090517997742,0.5929999351501465,1.3481143712997437,-1.3600764274597168,0.7290588021278381,0.8325,0.84,0.82,0.75,0.82,0.64,False,True
37,social_deixis_honorifics_status_encoding,mean,17,6025,0.7618224620819092,0.06505712866783142,0.8404757976531982,1.1745704412460327,0.06453998386859894,1.5355359315872192,0.715,0.44,0.82,0.6625,0.24,0.82,True,True
37,social_deixis_honorifics_status_encoding,mean,18,13711,0.7595862746238708,0.7103607654571533,0.6014553904533386,1.1664034128189087,0.9991241693496704,0.7452818751335144,0.8325,0.84,0.82,0.8325,0.76,0.82,True,True
37,social_deixis_honorifics_status_encoding,mean,19,10061,-0.7523630857467651,-0.8592830896377563,-0.48287275433540344,-1.1406813859939575,-1.6630423069000244,-0.5458774566650391,0.8325,0.84,0.82,0.8325,0.84,0.5,True,True
37,social_deixis_honorifics_status_encoding,mean,20,8684,-0.735200822353363,0.48953357338905334,-0.7953824400901794,-1.0832520723342896,0.5557593703269958,-1.2990893125534058,0.8575,0.84,0.82,0.795,0.58,0.74,False,True
37,social_deixis_honorifics_status_encoding,mean,21,16009,-0.7335290312767029,-0.8448383808135986,-0.43334704637527466,-1.0779118537902832,-1.5632028579711914,-0.4760083854198456,0.5975,0.86,0.58,0.5975,0.86,0.5,True,True
37,social_deixis_honorifics_status_encoding,mean,22,4257,-0.72866290807724,-0.8511436581611633,-0.39172545075416565,-1.0626088380813599,-1.6051374673843384,-0.42147156596183777,0.915,0.94,0.6,0.85,0.92,0.44,True,True
37,social_deixis_honorifics_status_encoding,mean,23,4806,-0.7236843705177307,-0.10385043174028397,-0.5111386179924011,-1.0473068952560425,-0.10336558520793915,-0.5887171030044556,0.8425,0.84,0.82,0.8325,0.56,0.54,True,True
37,social_deixis_honorifics_status_encoding,mean,24,3898,-0.7138780355453491,-0.835385799407959,0.3414364457130432,-1.0181571245193481,-1.504536509513855,0.35961610078811646,0.545,0.84,0.2,0.545,0.84,0.18,True,False
37,social_deixis_honorifics_status_encoding,mean,25,1302,0.7123245596885681,0.4660811126232147,-0.018961193040013313,1.0136542320251465,0.5215041637420654,-0.01877399906516075,0.85,0.84,0.82,0.8325,0.62,0.5,True,False
37,social_deixis_honorifics_status_encoding,final,1,46,-0.9033511281013489,-0.7001131176948547,-0.5651090741157532,-2.1035611629486084,-0.9706519246101379,-0.678083062171936,0.8325,0.84,0.32,0.8325,0.76,0.32,True,True
37,social_deixis_honorifics_status_encoding,final,2,8684,-0.8738177418708801,0.468637079000473,-0.598450243473053,-1.7947951555252075,0.5251663327217102,-0.7394722104072571,0.8325,0.84,0.82,0.8325,0.6,0.7,False,True
37,social_deixis_honorifics_status_encoding,final,3,105,-0.8573086857795715,0.5784518122673035,-0.15051354467868805,-1.6632331609725952,0.7020061016082764,-0.15071779489517212,1.0,1.0,1.0,0.95,0.68,0.82,False,True
37,social_deixis_honorifics_status_encoding,final,4,9465,0.8571370840072632,0.8848729729652405,0.6922247409820557,1.66197669506073,1.8804596662521362,0.9495421648025513,1.0,1.0,1.0,0.9375,1.0,0.88,True,True
37,social_deixis_honorifics_status_encoding,final,5,9622,0.8516861796379089,0.9191387295722961,-0.7304407358169556,1.6231629848480225,2.3097782135009766,-1.0587477684020996,1.0,1.0,1.0,0.925,0.98,0.86,True,False
37,social_deixis_honorifics_status_encoding,final,6,8182,0.8506132960319519,0.9248427152633667,0.4471772313117981,1.615753173828125,2.4071178436279297,0.4949244558811188,1.0,1.0,1.0,1.0,0.98,0.5,True,True
37,social_deixis_honorifics_status_encoding,final,7,13627,0.8320904970169067,0.9064435362815857,0.2551296651363373,1.4983593225479126,2.124735116958618,0.26120972633361816,0.915,0.88,0.9,0.9,0.88,0.52,True,True
37,social_deixis_honorifics_status_encoding,final,8,10061,-0.8250659704208374,-0.858081042766571,-0.6129876971244812,-1.4583740234375,-1.6542022228240967,-0.7680453658103943,0.8325,0.84,0.82,0.8325,0.84,0.82,True,True
37,social_deixis_honorifics_status_encoding,final,9,11776,0.8031561374664307,0.7369416952133179,0.29768481850624084,1.346414566040039,1.07926344871521,0.3086875081062317,1.0,1.0,1.0,0.9625,0.84,0.5,True,True
37,social_deixis_honorifics_status_encoding,final,10,8655,0.7844669818878174,0.0,0.3463425934314728,1.2633395195007324,0.0,0.36548203229904175,0.6325,0.0,0.12,0.6325,0.0,0.12,False,True
37,social_deixis_honorifics_status_encoding,final,11,7912,0.773054838180542,0.8578142523765564,0.6476713418960571,1.217153549194336,1.6522542238235474,0.8415083289146423,0.93,0.9,1.0,0.8975,0.9,0.68,True,True
37,social_deixis_honorifics_status_encoding,final,12,5697,0.7677634954452515,-0.4781528413295746,0.6453317403793335,1.1967577934265137,-0.5389500260353088,0.836292564868927,1.0,1.0,1.0,0.9325,0.68,0.82,False,True
37,social_deixis_honorifics_status_encoding,final,13,4806,-0.7675336003303528,0.8301498889923096,-0.7649012207984924,-1.1958860158920288,1.4739855527877808,-1.175527811050415,0.8325,0.84,0.82,0.8325,0.82,0.82,False,True
37,social_deixis_honorifics_status_encoding,final,14,14795,0.748216450214386,0.11975051462650299,0.47647926211357117,1.1263483762741089,0.11940618604421616,0.536508321762085,1.0,1.0,1.0,0.91,0.5,0.8,True,True
37,social_deixis_honorifics_status_encoding,final,15,13711,0.7390779256820679,0.8554567098617554,0.4654237627983093,1.0958009958267212,1.6352587938308716,0.5205652713775635,0.8325,0.84,0.82,0.8325,0.84,0.5,True,True
37,social_deixis_honorifics_status_encoding,final,16,164,0.7185844779014587,-0.2425086796283722,0.6157510280609131,1.0319883823394775,-0.24745821952819824,0.7736144661903381,1.0,1.0,1.0,0.865,0.74,0.84,False,True
37,social_deixis_honorifics_status_encoding,final,17,2734,-0.7110973000526428,-0.9202234148979187,-0.38739439845085144,-1.0101184844970703,-2.3275156021118164,-0.41598328948020935,1.0,1.0,1.0,0.835,0.98,0.5,True,True
37,social_deixis_honorifics_status_encoding,final,18,6102,0.6953550577163696,-0.6209558844566345,0.6799577474594116,0.9663532376289368,-0.7842295169830322,0.9179989695549011,1.0,1.0,1.0,0.87,0.72,0.92,False,True
37,social_deixis_honorifics_status_encoding,final,19,9390,-0.6920564770698547,-0.4523666799068451,-0.5637014508247375,-0.9575358033180237,-0.5021349787712097,-0.6756059527397156,1.0,1.0,1.0,0.9475,0.68,0.5,True,True
37,social_deixis_honorifics_status_encoding,final,20,8686,-0.6909562349319458,0.7233140468597412,-0.21485579013824463,-0.9546216130256653,1.036965250968933,-0.21778251230716705,1.0,1.0,1.0,0.8525,0.84,0.82,False,True
37,social_deixis_honorifics_status_encoding,final,21,8923,0.685145378112793,-0.7374352812767029,0.5020787715911865,0.9394322633743286,-1.0808475017547607,0.5747225880622864,0.8325,0.84,0.82,0.8325,0.8,0.5,False,True
37,social_deixis_honorifics_status_encoding,final,22,9531,-0.6689475178718567,-0.8829399943351746,-0.3023773729801178,-0.8988325595855713,-1.8617521524429321,-0.3140389025211334,0.4925,0.86,0.1,0.4925,0.84,0.1,True,True
37,social_deixis_honorifics_status_encoding,final,23,15090,0.6683415770530701,-0.39789772033691406,0.5291945934295654,0.8973590731620789,-0.42935019731521606,0.6174136400222778,0.5475,0.28,0.5,0.5475,0.24,0.32,False,True
37,social_deixis_honorifics_status_encoding,final,24,7038,-0.6655590534210205,-0.2863945960998535,0.11446002125740051,-0.8906424641609192,-0.29591140151023865,0.11405926197767258,1.0,1.0,1.0,0.805,0.52,0.56,True,False
37,social_deixis_honorifics_status_encoding,final,25,13774,0.66399085521698,0.2297855019569397,0.15280596911907196,0.8868850469589233,0.23373039066791534,0.15306778252124786,0.645,0.22,0.68,0.595,0.16,0.48,True,True
38,speech_act_force_and_request_directness,mean,1,5530,-0.5678360462188721,-0.6996418833732605,-0.2994917631149292,-0.688977062702179,-0.9693718552589417,-0.3107452392578125,1.0,1.0,1.0,0.695,0.84,0.62,True,True
38,speech_act_force_and_request_directness,mean,2,16261,-0.5039443969726562,-0.5461890697479248,-0.32312071323394775,-0.5827172994613647,-0.6454867124557495,-0.33800452947616577,0.8875,1.0,0.88,0.62,0.78,0.54,True,True
38,speech_act_force_and_request_directness,mean,3,16078,-0.49187788367271423,-0.6548202037811279,-0.2213626354932785,-0.5642392039299011,-0.8577030897140503,-0.2247125804424286,0.8875,1.0,0.88,0.6475,0.86,0.46,True,True
38,speech_act_force_and_request_directness,mean,4,15741,-0.47604310512542725,-0.7420877814292908,-0.28020599484443665,-0.5406366586685181,-1.0959664583206177,-0.28896576166152954,0.8875,1.0,0.88,0.6125,0.86,0.52,True,True
38,speech_act_force_and_request_directness,mean,5,8449,-0.47603899240493774,-0.7458711862564087,-0.21763990819454193,-0.5406304597854614,-1.1085206270217896,-0.22074393928050995,0.8875,1.0,0.88,0.62,0.88,0.48,True,True
38,speech_act_force_and_request_directness,mean,6,9622,-0.45379990339279175,-0.752814531326294,-0.4113490879535675,-0.5086192488670349,-1.1321959495544434,-0.4467632472515106,1.0,1.0,1.0,0.6675,0.88,0.72,True,True
38,speech_act_force_and_request_directness,mean,7,2314,-0.4523850083351135,-0.5476921200752258,-0.11866482347249985,-0.5066242218017578,-0.6480225920677185,-0.11830808967351913,0.8875,1.0,0.88,0.5725,0.74,0.44,True,True
38,speech_act_force_and_request_directness,mean,8,5707,0.4508524239063263,0.7154470086097717,0.43741920590400696,0.5044692158699036,1.0137250423431396,0.48153361678123474,0.8225,1.0,0.7,0.635,1.0,0.52,True,True
38,speech_act_force_and_request_directness,mean,9,6188,-0.44783487915992737,-0.692202627658844,-0.31852656602859497,-0.5002422332763672,-0.9494838118553162,-0.33265170454978943,0.8875,1.0,0.88,0.5525,0.86,0.48,True,True
38,speech_act_force_and_request_directness,mean,10,11839,-0.447202205657959,-0.2547236680984497,-0.30294322967529297,-0.4993587136268616,-0.2607652246952057,-0.3146860599517822,0.8875,1.0,0.88,0.575,0.52,0.48,True,True
38,speech_act_force_and_request_directness,mean,11,12099,0.4408234655857086,-0.13536520302295685,-0.20559252798557281,0.49050334095954895,-0.13524967432022095,-0.20796889066696167,0.2925,0.2,0.34,0.2675,0.12,0.18,False,False
38,speech_act_force_and_request_directness,mean,12,3396,0.4395684003829956,0.05731476843357086,0.40028321743011475,0.4887712299823761,0.056832145899534225,0.43241360783576965,0.5675,0.4,0.32,0.4375,0.26,0.3,True,True
38,speech_act_force_and_request_directness,mean,13,16335,-0.4392578601837158,-0.6516504883766174,-0.3024508059024811,-0.4883430600166321,-0.8504740595817566,-0.3141229748725891,0.9975,1.0,1.0,0.6925,0.84,0.74,True,True
38,speech_act_force_and_request_directness,mean,14,2958,0.4390324354171753,0.6284592747688293,0.3458242416381836,0.48803281784057617,0.7998313903808594,0.36486074328422546,0.735,0.82,0.58,0.5275,0.78,0.32,True,True
38,speech_act_force_and_request_directness,mean,15,13976,0.43760815262794495,0.23889482021331787,-0.1377897560596466,0.48607316613197327,0.2435455173254013,-0.13771851360797882,0.4375,0.48,0.16,0.36,0.3,0.08,True,False
38,speech_act_force_and_request_directness,mean,16,12722,-0.43543609976768494,-0.6224071979522705,-0.278586745262146,-0.4830949604511261,-0.7872194647789001,-0.2871549725532532,0.8875,1.0,0.88,0.6,0.78,0.5,True,True
38,speech_act_force_and_request_directness,mean,17,12008,-0.4341813027858734,-0.7328334450721741,-0.29825645685195923,-0.4813788831233978,-1.0662250518798828,-0.30933812260627747,0.8875,1.0,0.88,0.64,0.9,0.54,True,True
38,speech_act_force_and_request_directness,mean,18,15659,-0.43379271030426025,-0.669082522392273,-0.4077553153038025,-0.480848103761673,-0.8912384510040283,-0.4420776069164276,1.0,1.0,1.0,0.67,0.86,0.64,True,True
38,speech_act_force_and_request_directness,mean,19,4230,-0.42917317152023315,-0.2922585904598236,0.24443282186985016,-0.47456321120262146,-0.3025299608707428,0.24954578280448914,0.19,0.16,0.06,0.1875,0.12,0.06,True,False
38,speech_act_force_and_request_directness,mean,20,14406,0.4279492497444153,0.613838791847229,0.0889836773276329,0.47290605306625366,0.7697557210922241,0.0884401872754097,0.3325,0.8,0.08,0.2875,0.66,0.06,True,True
38,speech_act_force_and_request_directness,mean,21,14791,-0.4257428050041199,-0.30063265562057495,0.11828023195266724,-0.46992671489715576,-0.31204643845558167,0.11791921406984329,0.8025,0.72,0.8,0.5875,0.5,0.42,True,False
38,speech_act_force_and_request_directness,mean,22,13311,-0.42573654651641846,-0.6305797696113586,-0.24731726944446564,-0.46991822123527527,-0.80430668592453,-0.25268125534057617,0.8875,1.0,0.88,0.635,0.78,0.48,True,True
38,speech_act_force_and_request_directness,mean,23,2145,0.42554807662963867,0.09072849899530411,-0.03514081984758377,0.4696633517742157,0.09018860012292862,-0.03480913117527962,0.3175,0.38,0.4,0.2725,0.2,0.26,True,False
38,speech_act_force_and_request_directness,mean,24,5159,0.42446982860565186,0.773263156414032,0.2879861295223236,0.4682120978832245,1.2072371244430542,0.29770413041114807,1.0,1.0,1.0,0.6,0.96,0.62,True,True
38,speech_act_force_and_request_directness,mean,25,6154,-0.42338135838508606,-0.6854065656661987,-0.3288452625274658,-0.4667486250400543,-0.9318244457244873,-0.3447117507457733,0.8875,1.0,0.88,0.6,0.78,0.54,True,True
38,speech_act_force_and_request_directness,final,1,9622,-0.4737878739833832,-0.7100551128387451,-0.3324703872203827,-0.5373316407203674,-0.9982566237449646,-0.348981112241745,1.0,1.0,1.0,0.705,0.86,0.68,True,True
38,speech_act_force_and_request_directness,final,2,5159,0.4285973608493805,0.7101714015007019,0.30281004309654236,0.4737834930419922,0.9985867142677307,0.3145337402820587,1.0,1.0,1.0,0.625,0.9,0.62,True,True
38,speech_act_force_and_request_directness,final,3,7247,-0.42833489179611206,-0.6644453406333923,-0.21646013855934143,-0.47342798113822937,-0.8801484107971191,-0.21948836743831635,1.0,1.0,1.0,0.655,0.8,0.58,True,True
38,speech_act_force_and_request_directness,final,4,4825,-0.42024579644203186,-0.6061455607414246,-0.19263538718223572,-0.4625473618507385,-0.7544485330581665,-0.19433920085430145,1.0,1.0,1.0,0.705,0.78,0.66,True,True
38,speech_act_force_and_request_directness,final,5,4257,0.4082508683204651,-0.10487280786037445,0.1859099417924881,0.44665783643722534,-0.10439445078372955,0.18730679154396057,0.67,0.7,0.82,0.47,0.4,0.44,False,True
38,speech_act_force_and_request_directness,final,6,8182,0.40352049469947815,0.6412657499313354,0.13715779781341553,0.4404684901237488,0.8273230791091919,0.13707475364208221,1.0,1.0,1.0,0.63,0.78,0.6,True,True
38,speech_act_force_and_request_directness,final,7,1633,-0.39705145359039307,-0.6216397285461426,-0.16447541117668152,-0.43207281827926636,-0.7856369018554688,-0.16507042944431305,1.0,1.0,1.0,0.66,0.82,0.52,True,True
38,speech_act_force_and_request_directness,final,8,3088,0.3938814401626587,0.582944929599762,0.0,0.4279874265193939,0.7102494239807129,0.0,0.175,0.8,0.0,0.1725,0.66,0.0,True,False
38,speech_act_force_and_request_directness,final,9,4441,0.38757264614105225,0.5709349513053894,0.034250397235155106,0.4199082851409912,0.6884286403656006,0.03392606973648071,1.0,1.0,1.0,0.61,0.8,0.56,True,True
38,speech_act_force_and_request_directness,final,10,7038,-0.3856768310070038,-0.5565576553344727,0.13978801667690277,-0.41749435663223267,-0.6631655693054199,0.1397552639245987,1.0,1.0,1.0,0.655,0.74,0.56,True,False
38,speech_act_force_and_request_directness,final,11,10655,0.3805321753025055,0.5803316831588745,0.0,0.41097408533096313,0.705443263053894,0.0,0.145,0.8,0.0,0.145,0.66,0.0,True,False
38,speech_act_force_and_request_directness,final,12,12610,0.3803258240222931,0.5733686685562134,0.0,0.41071444749832153,0.6927958130836487,0.0,0.1475,0.8,0.0,0.1475,0.66,0.0,True,False
38,speech_act_force_and_request_directness,final,13,14406,0.3799281418323517,0.573784351348877,0.0,0.4102127254009247,0.6935445070266724,0.0,0.145,0.8,0.0,0.145,0.66,0.0,True,False
38,speech_act_force_and_request_directness,final,14,8241,0.3798508644104004,0.570859968662262,0.0,0.4101148843765259,0.6882944703102112,0.0,0.145,0.8,0.0,0.145,0.66,0.0,True,False
38,speech_act_force_and_request_directness,final,15,9359,0.3798486590385437,0.581490159034729,0.0,0.41011154651641846,0.7075697779655457,0.0,0.145,0.8,0.0,0.145,0.66,0.0,True,False
38,speech_act_force_and_request_directness,final,16,6710,0.3797728717327118,0.5668022632598877,0.0,0.4100164771080017,0.6810741424560547,0.0,0.145,0.8,0.0,0.145,0.66,0.0,True,False
38,speech_act_force_and_request_directness,final,17,105,-0.3796651363372803,-0.6135523915290833,-0.43583768606185913,-0.4098806083202362,-0.7691797018051147,-0.47938358783721924,1.0,1.0,1.0,0.6325,0.8,0.68,True,True
38,speech_act_force_and_request_directness,final,18,5901,0.37962883710861206,0.5737960934638977,0.0,0.4098348617553711,0.6935657858848572,0.0,0.145,0.8,0.0,0.145,0.66,0.0,True,False
38,speech_act_force_and_request_directness,final,19,7745,0.37938880920410156,0.563210129737854,0.0,0.40953153371810913,0.6747432947158813,0.0,0.145,0.8,0.0,0.145,0.66,0.0,True,False
38,speech_act_force_and_request_directness,final,20,1228,0.37825310230255127,0.5609323978424072,0.0,0.40810123085975647,0.6707577109336853,0.0,0.145,0.8,0.0,0.145,0.66,0.0,True,False
38,speech_act_force_and_request_directness,final,21,9026,0.3728911280632019,0.5711154341697693,-0.19999927282333374,0.4013730585575104,0.6887514591217041,-0.2020719051361084,0.1925,0.8,0.04,0.165,0.66,0.04,True,False
38,speech_act_force_and_request_directness,final,22,11476,0.371075838804245,0.5732757449150085,0.34662070870399475,0.3991069793701172,0.692628800868988,0.36581552028656006,0.3225,0.88,0.42,0.2225,0.7,0.3,True,True
38,speech_act_force_and_request_directness,final,23,3883,0.36807721853256226,0.5779399275779724,-0.04340604692697525,0.3953736126422882,0.7010730504989624,-0.04301033914089203,0.295,0.88,0.38,0.2125,0.7,0.2,True,False
38,speech_act_force_and_request_directness,final,24,16335,-0.36654403805732727,-0.5733349323272705,-0.1590345948934555,-0.3934709131717682,-0.6927351951599121,-0.1594657301902771,0.9975,1.0,1.0,0.615,0.76,0.62,True,True
38,speech_act_force_and_request_directness,final,25,6356,0.36401012539863586,0.49695563316345215,0.0,0.39033442735671997,0.566921591758728,0.0,0.1375,0.74,0.0,0.1375,0.6,0.0,True,False
39,deixis_and_perspective_anchoring,mean,1,9622,-0.7627482414245605,-0.47211751341819763,-0.5268592238426208,-1.177978754043579,-0.5301799774169922,-0.6136388182640076,1.0,1.0,1.0,0.8375,0.6,0.78,True,True
39,deixis_and_perspective_anchoring,mean,2,14441,-0.7022145986557007,-0.3162277638912201,-0.26969051361083984,-0.9850702285766602,-0.3299831748008728,-0.2772529721260071,0.6075,0.1,0.08,0.6,0.1,0.08,True,True
39,deixis_and_perspective_anchoring,mean,3,4923,0.6888219714164734,-0.4088878333568573,0.4059741795063019,0.9490017890930176,-0.4435514807701111,0.43976449966430664,0.9575,0.9,0.84,0.8275,0.6,0.54,False,True
39,deixis_and_perspective_anchoring,mean,4,9083,-0.6766389012336731,0.7304273247718811,0.24815742671489716,-0.9178037047386169,1.0587061643600464,0.25359585881233215,1.0,1.0,1.0,0.8425,0.9,0.54,False,False
39,deixis_and_perspective_anchoring,mean,5,5075,0.6427210569381714,0.0,0.0,0.8379017114639282,0.0,0.0,0.4675,0.0,0.0,0.445,0.0,0.0,False,False
39,deixis_and_perspective_anchoring,mean,6,3830,0.6266371011734009,-0.3162277638912201,-0.04347909614443779,0.8030847907066345,-0.32998326420783997,-0.04308285564184189,0.475,0.1,0.14,0.435,0.1,0.1,False,False
39,deixis_and_perspective_anchoring,mean,7,11602,-0.6252319812774658,0.0,0.0,-0.8001264333724976,0.0,0.0,0.4375,0.0,0.0,0.4375,0.0,0.0,False,False
39,deixis_and_perspective_anchoring,mean,8,6132,-0.6227716207504272,0.0,-0.25623857975006104,-0.7949772477149963,0.0,-0.2624247372150421,0.525,0.0,0.18,0.525,0.0,0.12,False,True
39,deixis_and_perspective_anchoring,mean,9,8003,0.6189571022987366,-0.6973076462745667,0.44905614852905273,0.7870684266090393,-0.9630670547485352,0.49752774834632874,1.0,1.0,1.0,0.7675,0.7,0.68,False,True
39,deixis_and_perspective_anchoring,mean,10,15658,-0.6180207133293152,0.6760432720184326,-0.61585533618927,-0.78514164686203,0.9082415103912354,-0.7738256454467773,0.435,0.7,0.7,0.435,0.6,0.64,False,True
39,deixis_and_perspective_anchoring,mean,11,2706,-0.6178321838378906,0.7036912441253662,-0.6130244135856628,-0.7847524881362915,0.9804543256759644,-0.768119215965271,0.435,0.7,0.7,0.435,0.7,0.64,False,True
39,deixis_and_perspective_anchoring,mean,12,8768,-0.6177552938461304,0.7596686482429504,-0.6119133234024048,-0.7845948338508606,1.15642249584198,-0.7658921480178833,0.435,0.7,0.7,0.435,0.7,0.64,False,True
39,deixis_and_perspective_anchoring,mean,13,4494,-0.6170920729637146,0.621080756187439,-0.611786425113678,-0.7832345366477966,0.7844866514205933,-0.7656385898590088,0.435,0.7,0.7,0.435,0.5,0.64,False,True
39,deixis_and_perspective_anchoring,mean,14,15620,-0.6170753240585327,0.6210252046585083,-0.6122239232063293,-0.7832008004188538,0.7843722105026245,-0.7665138840675354,0.435,0.7,0.7,0.435,0.5,0.64,False,True
39,deixis_and_perspective_anchoring,mean,15,11816,-0.6161565780639648,0.6285152435302734,-0.6127916574478149,-0.7813193202018738,0.7999491691589355,-0.7676519751548767,0.435,0.7,0.7,0.435,0.5,0.64,False,True
39,deixis_and_perspective_anchoring,mean,16,1358,-0.6160978674888611,0.6489145755767822,-0.6119192242622375,-0.7811991572380066,0.8442969918251038,-0.7659040093421936,0.435,0.7,0.7,0.435,0.6,0.64,False,True
39,deixis_and_perspective_anchoring,mean,17,15932,-0.6158714294433594,0.5274963974952698,-0.6080374717712402,-0.7807367444038391,0.6146669983863831,-0.7581812739372253,0.435,0.7,0.7,0.435,0.5,0.64,False,True
39,deixis_and_perspective_anchoring,mean,18,12993,0.6157726645469666,0.0,-0.1877923458814621,0.7805352807044983,0.0,-0.18927231431007385,0.4925,0.0,0.04,0.4425,0.0,0.04,False,False
39,deixis_and_perspective_anchoring,mean,19,7145,-0.6157602071762085,0.7676187753677368,-0.610813319683075,-0.7805094718933105,1.1856701374053955,-0.7636949419975281,0.435,0.7,0.7,0.435,0.7,0.64,False,True
39,deixis_and_perspective_anchoring,mean,20,9200,-0.6149895191192627,0.6831281185150146,-0.6117933988571167,-0.7789388298988342,0.9260078072547913,-0.7656524181365967,0.435,0.7,0.7,0.435,0.6,0.64,False,True
39,deixis_and_perspective_anchoring,mean,21,3485,-0.6145610809326172,0.6693689823150635,-0.6100497841835022,-0.7780655026435852,0.8919297456741333,-0.7621738910675049,0.435,0.8,0.7,0.435,0.5,0.64,False,True
39,deixis_and_perspective_anchoring,mean,22,4429,-0.6145555973052979,0.6013264060020447,-0.612684428691864,-0.7780553698539734,0.7450311779975891,-0.7674368619918823,0.435,0.7,0.7,0.435,0.5,0.64,False,True
39,deixis_and_perspective_anchoring,mean,23,12954,-0.6143421530723572,0.6132064461708069,-0.6091904044151306,-0.7776200771331787,0.7684845924377441,-0.7604658603668213,0.46,0.7,0.7,0.435,0.4,0.64,False,True
39,deixis_and_perspective_anchoring,mean,24,15,-0.6141709685325623,0.7459012269973755,-0.6110789775848389,-0.7772740125656128,1.1086210012435913,-0.7642248272895813,0.435,0.7,0.7,0.435,0.7,0.64,False,True
39,deixis_and_perspective_anchoring,mean,25,10673,-0.613460123538971,0.6615473628044128,-0.6079109311103821,-0.7758309841156006,0.8733105063438416,-0.7579310536384583,0.445,0.7,0.7,0.435,0.7,0.64,False,True
39,deixis_and_perspective_anchoring,final,1,9622,-0.795283317565918,-0.8348754644393921,-0.31391122937202454,-1.3101924657821655,-1.5015010833740234,-0.3273005187511444,1.0,1.0,1.0,0.8375,0.9,0.54,True,True
39,deixis_and_perspective_anchoring,final,2,4923,0.7262827157974243,-0.4330645203590393,0.510654628276825,1.0552494525909424,-0.4756263494491577,0.5879629850387573,0.95,0.9,0.84,0.8525,0.6,0.68,False,True
39,deixis_and_perspective_anchoring,final,3,16335,0.6114517450332642,-0.6395009756088257,-0.26294949650764465,0.7717695236206055,-0.8234673142433167,-0.2698011100292206,1.0,1.0,1.0,0.7975,0.8,0.64,False,False
39,deixis_and_perspective_anchoring,final,4,3288,0.5028684139251709,-0.1461915671825409,-0.31192347407341003,0.5810516476631165,-0.1462940126657486,-0.32500386238098145,1.0,1.0,1.0,0.7075,0.7,0.6,False,False
39,deixis_and_perspective_anchoring,final,5,15659,-0.48979657888412476,0.6659253239631653,0.04561245068907738,-0.5610958337783813,0.8836677670478821,0.04520107060670853,1.0,1.0,1.0,0.7025,0.9,0.5,False,False
39,deixis_and_perspective_anchoring,final,6,1838,-0.47704336047172546,0.948122501373291,0.24444349110126495,-0.5421069264411926,2.9524292945861816,0.24955742061138153,1.0,1.0,1.0,0.645,1.0,0.7,False,False
39,deixis_and_perspective_anchoring,final,7,11776,0.4636997878551483,0.14771662652492523,-0.06540671736001968,0.5227130055427551,0.14785398542881012,-0.06488829106092453,1.0,1.0,1.0,0.6325,0.6,0.5,True,False
39,deixis_and_perspective_anchoring,final,8,1546,-0.46131861209869385,0.741960346698761,0.21712662279605865,-0.5193008780479431,1.0955480337142944,0.22019755840301514,1.0,1.0,1.0,0.69,0.8,0.56,False,False
39,deixis_and_perspective_anchoring,final,9,15059,-0.4612847864627838,0.7818703651428223,-0.3360612094402313,-0.5192526578903198,1.241515874862671,-0.35322731733322144,1.0,1.0,1.0,0.8275,0.9,0.64,False,True
39,deixis_and_perspective_anchoring,final,10,8003,0.4537188708782196,-0.6766583323478699,0.13432638347148895,0.5085046291351318,-0.9097655415534973,0.13419251143932343,1.0,1.0,1.0,0.715,0.9,0.54,False,True
39,deixis_and_perspective_anchoring,final,11,1360,-0.44969528913497925,0.0,-0.010590922087430954,-0.5028455853462219,0.0,-0.010485065169632435,0.2925,0.0,0.06,0.2675,0.0,0.04,False,True
39,deixis_and_perspective_anchoring,final,12,6047,0.4200785160064697,-0.28924059867858887,0.1322123408317566,0.46232372522354126,-0.2991190254688263,0.13204267621040344,0.975,1.0,0.96,0.71,0.6,0.56,False,True
39,deixis_and_perspective_anchoring,final,13,443,-0.4117233157157898,-0.6868031024932861,0.0713203027844429,-0.4512283504009247,-0.935414731502533,0.07078374922275543,0.5375,0.5,0.78,0.415,0.5,0.46,True,False
39,deixis_and_perspective_anchoring,final,14,4730,0.40901273488998413,-0.25308284163475037,0.28636887669563293,0.4476586878299713,-0.25897017121315,0.2958824038505554,0.6,0.4,0.58,0.3975,0.2,0.42,False,True
39,deixis_and_perspective_anchoring,final,15,12897,-0.40665891766548157,-0.5633485913276672,0.20317909121513367,-0.4445700943470001,-0.6749861836433411,0.2054218202829361,1.0,1.0,1.0,0.635,0.7,0.62,True,False
39,deixis_and_perspective_anchoring,final,16,13190,0.391556054353714,-0.4906693398952484,0.11377321183681488,0.42500126361846924,-0.5574570298194885,0.11336587369441986,0.2125,0.3,0.04,0.185,0.3,0.02,False,True
39,deixis_and_perspective_anchoring,final,17,8666,-0.37384867668151855,0.39478600025177,-0.30129918456077576,-0.40257179737091064,0.4253695607185364,-0.31280720233917236,0.8525,0.6,0.56,0.5925,0.4,0.4,False,True
39,deixis_and_perspective_anchoring,final,18,3874,-0.367546021938324,0.0,0.1414213627576828,-0.39471369981765747,0.0,0.14142131805419922,0.2225,0.0,0.02,0.2125,0.0,0.02,False,False
39,deixis_and_perspective_anchoring,final,19,8952,0.36649009585380554,0.6743013262748718,0.26723513007164,0.39340367913246155,0.9039455056190491,0.274533748626709,0.5625,0.9,0.5,0.3825,0.8,0.32,True,True
39,deixis_and_perspective_anchoring,final,20,13304,0.3627001643180847,0.5745687484741211,-0.515432596206665,0.38871580362319946,0.6949594616889954,-0.595441997051239,1.0,1.0,1.0,0.6575,0.8,0.72,True,False
39,deixis_and_perspective_anchoring,final,21,164,0.35517892241477966,0.6080941557884216,-0.2602502703666687,0.3794771730899811,0.7582932114601135,-0.266829252243042,1.0,1.0,1.0,0.6175,0.7,0.52,True,False
39,deixis_and_perspective_anchoring,final,22,15090,0.34376832842826843,-0.13602358102798462,0.2666691243648529,0.36562150716781616,-0.13591977953910828,0.27390772104263306,0.7,0.8,0.68,0.4925,0.5,0.48,False,True
39,deixis_and_perspective_anchoring,final,23,16014,0.3327101767063141,-0.4755079746246338,-0.31393903493881226,0.35236844420433044,-0.5350946187973022,-0.32733264565467834,0.625,0.6,0.66,0.43,0.5,0.42,False,False
39,deixis_and_perspective_anchoring,final,24,1633,0.33218905329704285,0.5993371605873108,0.23180337250232697,0.3517482578754425,0.7411816120147705,0.2358989268541336,1.0,1.0,1.0,0.6275,0.6,0.62,True,True
39,deixis_and_perspective_anchoring,final,25,13191,-0.3195073902606964,0.9452422857284546,-0.5027897953987122,-0.336759477853775,2.8671207427978516,-0.5758114457130432,1.0,1.0,1.0,0.6325,1.0,0.74,False,True
40,orthographic_and_tokenization_interface,mean,1,1546,0.6342526078224182,-0.14530488848686218,-0.09736596047878265,0.8193483948707581,-0.14538748562335968,-0.0968475341796875,1.0,1.0,1.0,0.8225,0.84,0.56,False,False
40,orthographic_and_tokenization_interface,mean,2,16084,-0.6310693025588989,0.856979250907898,0.0311873871833086,-0.8125029802322388,1.6461902856826782,0.030888957902789116,1.0,1.0,1.0,0.83,0.94,0.5,False,False
40,orthographic_and_tokenization_interface,mean,3,13191,0.5771500468254089,-0.4799998998641968,-0.11399292945861816,0.7058550715446472,-0.5416536331176758,-0.11358767002820969,1.0,1.0,1.0,0.8025,0.88,0.56,False,False
40,orthographic_and_tokenization_interface,mean,4,7247,-0.5480456948280334,-0.05411563068628311,-0.13769486546516418,-0.654386043548584,-0.05365035682916641,-0.13762184977531433,1.0,1.0,1.0,0.8725,0.74,0.58,True,True
40,orthographic_and_tokenization_interface,mean,5,9390,0.5453335046768188,-0.7064768075942993,-0.02650521881878376,0.6497719883918762,-0.9881879687309265,-0.02624804526567459,1.0,1.0,1.0,0.7175,0.96,0.5,False,False
40,orthographic_and_tokenization_interface,mean,6,12998,-0.5445687174797058,0.6521224975585938,-0.09012680500745773,-0.6484760046005249,0.8515455722808838,-0.0895855724811554,1.0,1.0,1.0,0.7575,0.82,0.52,False,True
40,orthographic_and_tokenization_interface,mean,7,1838,-0.5340964198112488,0.9328106045722961,-0.030142974108457565,-0.6309598684310913,2.562483072280884,-0.029853586107492447,1.0,1.0,1.0,0.7875,0.96,0.5,False,True
40,orthographic_and_tokenization_interface,mean,8,1633,-0.5068181157112122,0.0,0.0,-0.587184488773346,0.0,0.0,1.0,0.0,0.0,0.6875,0.0,0.0,False,False
40,orthographic_and_tokenization_interface,mean,9,6047,-0.5019879341125488,0.7466827034950256,-0.11910387873649597,-0.5796912312507629,1.1112446784973145,-0.11875211447477341,0.9925,0.9,0.88,0.735,0.76,0.46,False,True
40,orthographic_and_tokenization_interface,mean,10,15059,0.4912910461425781,0.6911070942878723,0.1417008936405182,0.563351571559906,0.9466051459312439,0.14170663058757782,1.0,1.0,1.0,0.7275,0.96,0.5,True,True
40,orthographic_and_tokenization_interface,mean,11,6051,0.4887874126434326,-0.5827828049659729,-0.04930204898118973,0.5595765709877014,-0.7099503874778748,-0.04886595904827118,1.0,1.0,1.0,0.775,0.84,0.54,False,False
40,orthographic_and_tokenization_interface,mean,12,12291,-0.486632764339447,-0.20409241318702698,-0.024033866822719574,-0.5563424825668335,-0.20638523995876312,-0.023799186572432518,0.4225,0.18,1.0,0.345,0.1,0.5,True,True
40,orthographic_and_tokenization_interface,mean,13,8006,-0.47278428077697754,0.1414213478565216,-0.05069202929735184,-0.5358654856681824,0.1414213478565216,-0.05024713650345802,1.0,0.02,0.18,0.64,0.02,0.1,False,True
40,orthographic_and_tokenization_interface,mean,14,2602,-0.4717598557472229,-0.39920759201049805,0.0,-0.5343722701072693,-0.4310310184955597,0.0,0.2675,0.16,0.0,0.2675,0.16,0.0,True,False
40,orthographic_and_tokenization_interface,mean,15,15159,0.46985429525375366,0.0,-0.08105585724115372,0.5315998196601868,0.0,-0.08050611615180969,0.8575,0.0,0.1,0.66,0.0,0.06,False,False
40,orthographic_and_tokenization_interface,mean,16,7845,0.4580312669277191,-0.06429688632488251,-0.16837066411972046,0.5146127939224243,-0.06378265470266342,-0.16909249126911163,0.4925,0.06,0.56,0.42,0.04,0.28,False,False
40,orthographic_and_tokenization_interface,mean,17,9673,-0.4552224576473236,-0.1980896294116974,-0.12601910531520844,-0.5106300711631775,-0.20006324350833893,-0.12575510144233704,0.28,0.04,0.78,0.275,0.04,0.44,True,True
40,orthographic_and_tokenization_interface,mean,18,7486,-0.4527215361595154,-0.3478289246559143,0.14804677665233612,-0.507098376750946,-0.3672659397125244,0.14819183945655823,1.0,0.62,1.0,0.6575,0.46,0.5,True,False
40,orthographic_and_tokenization_interface,mean,19,4549,0.4467443525791168,0.2654344141483307,-0.02140164189040661,0.4987201392650604,0.2725430727005005,-0.021191395819187164,1.0,0.76,1.0,0.655,0.44,0.5,True,False
40,orthographic_and_tokenization_interface,mean,20,12178,0.4438578486442566,-0.5478866696357727,-0.02120796963572502,0.494704008102417,-0.6483514904975891,-0.020999541506171227,1.0,1.0,1.0,0.75,0.86,0.52,False,False
40,orthographic_and_tokenization_interface,mean,21,16180,-0.43083471059799194,-0.38564205169677734,0.0,-0.4768192768096924,-0.4137720763683319,0.0,0.275,0.16,0.0,0.25,0.16,0.0,True,False
40,orthographic_and_tokenization_interface,mean,22,13091,-0.42974182963371277,0.0,0.0,-0.47533440589904785,0.0,0.0,0.25,0.0,0.0,0.2425,0.0,0.0,False,False
40,orthographic_and_tokenization_interface,mean,23,4202,0.42037758231163025,0.2680356204509735,-0.013031047768890858,0.4627235531806946,0.2754196226596832,-0.012901173904538155,0.995,0.16,1.0,0.6925,0.1,0.5,True,False
40,orthographic_and_tokenization_interface,mean,24,3132,-0.41800636053085327,-0.1414213478565216,0.24604785442352295,-0.4595586657524109,-0.14142140746116638,0.2513006031513214,0.22,0.02,0.16,0.22,0.02,0.12,True,False
40,orthographic_and_tokenization_interface,mean,25,14496,-0.4143284261226654,0.0,0.0,-0.45467233657836914,0.0,0.0,0.325,0.0,0.0,0.26,0.0,0.0,False,False
40,orthographic_and_tokenization_interface,final,1,4825,0.5762103796005249,0.4428677558898926,0.19745653867721558,0.7041341066360474,0.488984078168869,0.19939780235290527,1.0,1.0,1.0,0.7575,0.68,0.52,True,True
40,orthographic_and_tokenization_interface,final,2,14465,-0.5259153842926025,-0.5279392004013062,-0.18987824022769928,-0.6175602078437805,-0.615382194519043,-0.19145284593105316,1.0,1.0,1.0,0.81,0.76,0.58,True,True
40,orthographic_and_tokenization_interface,final,3,4441,-0.49108973145484924,-0.27864307165145874,-0.04768368601799011,-0.5630474090576172,-0.2872178852558136,-0.047258198261260986,1.0,1.0,1.0,0.7575,0.64,0.56,True,True
40,orthographic_and_tokenization_interface,final,4,2734,0.47476106882095337,-0.5529822707176208,0.06437108665704727,0.5387561321258545,-0.6570200324058533,0.06385655701160431,1.0,1.0,1.0,0.725,0.7,0.56,False,True
40,orthographic_and_tokenization_interface,final,5,6047,-0.468220055103302,0.9061496257781982,-0.17461000382900238,-0.5292304754257202,2.1208813190460205,-0.17555198073387146,0.9925,0.9,0.88,0.6525,0.9,0.52,False,True
40,orthographic_and_tokenization_interface,final,6,16084,-0.45831266045570374,0.9276991486549377,-0.12215674668550491,-0.5150136351585388,2.4599640369415283,-0.12184149771928787,1.0,1.0,1.0,0.7225,1.0,0.54,False,True
40,orthographic_and_tokenization_interface,final,7,4549,0.43922659754753113,-0.25097012519836426,0.034380409866571426,0.4883001446723938,-0.2566622793674469,0.03405499830842018,0.7425,0.56,1.0,0.51,0.34,0.5,False,True
40,orthographic_and_tokenization_interface,final,8,1838,-0.43793392181396484,0.9781134724617004,-0.033488109707832336,-0.48652124404907227,4.653594970703125,-0.03317014127969742,1.0,1.0,1.0,0.7,1.0,0.5,False,True
40,orthographic_and_tokenization_interface,final,9,2084,-0.4231075644493103,0.4305751323699951,-0.06749073415994644,-0.4663812816143036,0.47226786613464355,-0.06696510314941406,1.0,1.0,1.0,0.71,0.56,0.52,False,True
40,orthographic_and_tokenization_interface,final,10,2375,-0.40755903720855713,-0.22528113424777985,-0.03286433219909668,-0.44574984908103943,-0.22890113294124603,-0.0325516052544117,1.0,1.0,1.0,0.6625,0.6,0.56,True,True
40,orthographic_and_tokenization_interface,final,11,661,0.38738319277763367,0.8812692761421204,0.07663928717374802,0.41966670751571655,1.8459255695343018,0.07609282433986664,1.0,1.0,1.0,0.705,0.98,0.56,True,True
40,orthographic_and_tokenization_interface,final,12,5697,0.3752750754356384,0.9277145862579346,0.08662686496973038,0.40435895323753357,2.460257053375244,0.08607981353998184,1.0,1.0,1.0,0.675,1.0,0.52,True,True
40,orthographic_and_tokenization_interface,final,13,8003,-0.37351903319358826,0.9061784744262695,-0.04579956829547882,-0.402159184217453,2.12125825881958,-0.04538688808679581,1.0,1.0,1.0,0.6425,1.0,0.5,False,True
40,orthographic_and_tokenization_interface,final,14,5219,0.3649725019931793,0.3220181465148926,-0.011273573152720928,0.3915241062641144,0.336717426776886,-0.011160978116095066,0.88,0.88,0.6,0.545,0.52,0.34,True,False
40,orthographic_and_tokenization_interface,final,15,15282,0.3592372238636017,0.6999341249465942,0.11934815347194672,0.3844515085220337,0.9701653718948364,0.118999183177948,1.0,0.98,0.92,0.6175,0.78,0.54,True,True
40,orthographic_and_tokenization_interface,final,16,9390,0.3587287664413452,-0.8797692656517029,0.08916747570037842,0.38382688164711,-1.8319838047027588,0.08862431347370148,1.0,1.0,1.0,0.6375,0.98,0.54,False,True
40,orthographic_and_tokenization_interface,final,17,8793,0.35580235719680786,0.8845458626747131,0.07702308148145676,0.3802398443222046,1.8772650957107544,0.07647614926099777,1.0,1.0,1.0,0.6175,0.96,0.56,True,True
40,orthographic_and_tokenization_interface,final,18,9083,-0.3534497618675232,-0.722948431968689,-0.16593976318836212,-0.3773652911186218,-1.0358668565750122,-0.16658148169517517,1.0,1.0,1.0,0.62,0.78,0.64,True,True
40,orthographic_and_tokenization_interface,final,19,15059,0.3393494486808777,0.8719532489776611,0.10992509871721268,0.36030545830726624,1.7630897760391235,0.10948377847671509,1.0,1.0,1.0,0.595,0.96,0.52,True,True
40,orthographic_and_tokenization_interface,final,20,105,-0.3366777002811432,0.569804310798645,-0.10734627395868301,-0.35710445046424866,0.6864089965820312,-0.10688500851392746,1.0,1.0,1.0,0.64,0.64,0.5,False,True
40,orthographic_and_tokenization_interface,final,21,8686,-0.3365321755409241,0.8072691559791565,-0.050296682864427567,-0.35693028569221497,1.3540798425674438,-0.04985427111387253,1.0,1.0,1.0,0.64,0.94,0.5,False,True
40,orthographic_and_tokenization_interface,final,22,12289,-0.31879308819770813,0.3562382459640503,-0.12541699409484863,-0.3359210789203644,0.37741824984550476,-0.1251446008682251,0.6125,0.5,0.76,0.4075,0.36,0.48,False,True
40,orthographic_and_tokenization_interface,final,23,14795,0.31847724318504333,0.7171778678894043,0.10575494170188904,0.3355507254600525,1.018768310546875,0.10528245568275452,1.0,1.0,1.0,0.6175,0.82,0.5,True,True
40,orthographic_and_tokenization_interface,final,24,13033,0.3095051348209381,0.5729634761810303,-0.06530461460351944,0.32508018612861633,0.6920669078826904,-0.06478656083345413,1.0,1.0,1.0,0.625,0.72,0.56,True,False
40,orthographic_and_tokenization_interface,final,25,6051,0.3020974397659302,-0.6908267736434937,0.07201710343360901,0.3165077269077301,-0.945870578289032,0.07147888839244843,1.0,1.0,1.0,0.64,0.82,0.5,False,True
