variable_id,variable,pooling,rank,feature_id,train_effect,val_effect,test_effect,val_same_direction,test_same_direction,p_unadjusted,p_maxT,train_fwer_significant,holdout_direction_survival,full_survival,target_train_abs_effect,max_other_variable_abs_effect,mean_other_variable_abs_effect,target_rank_among_40_variables,specificity_ratio_vs_max_other,specificity_margin,specificity_z_vs_other_variables,target_share_of_feature_abs_effect,trainval_candidate,test_descriptive_same_direction
1,Subject expression / pro-drop,mean,1,8431,0.8691208362579346,0.10111186653375626,-0.24833622574806213,True,False,0.0004997501249375312,0.0004997501249375312,True,False,False,0.8691208362579346,0.7564257383346558,0.22195054366229436,1,1.1489836902845056,0.11269509792327881,3.4543895025960825,0.09124444238934241,True,False
1,Subject expression / pro-drop,mean,2,8041,0.863140881061554,0.9623317718505859,0.9698030352592468,True,True,0.0004997501249375312,0.0004997501249375312,True,True,True,0.863140881061554,0.9372270703315735,0.4384644117254095,3,0.9209517185159737,-0.07408618927001953,1.5916623924931113,0.04805036615716194,True,True
1,Subject expression / pro-drop,mean,3,10169,0.8559886813163757,0.9625152349472046,0.9670958518981934,True,True,0.0004997501249375312,0.0004997501249375312,True,True,True,0.8559886813163757,0.9470279812812805,0.46952890556974286,4,0.9038684159661964,-0.09103929996490479,1.421888501431757,0.04465806709513273,True,True
1,Subject expression / pro-drop,mean,4,587,0.8547830581665039,0.9587790369987488,0.9689375758171082,True,True,0.0004997501249375312,0.0004997501249375312,True,True,True,0.8547830581665039,0.9570698142051697,0.4760591460344119,5,0.8931250839588821,-0.10228675603866577,1.372807067759032,0.044013135669283485,True,True
1,Subject expression / pro-drop,mean,5,1175,0.8547700047492981,0.9586631655693054,0.9680838584899902,True,True,0.0004997501249375312,0.0004997501249375312,True,True,True,0.8547700047492981,0.9545708894729614,0.4678811868413901,4,0.8954494780594394,-0.09980088472366333,1.3931100891844372,0.04474735138010761,True,True
1,Subject expression / pro-drop,mean,6,15659,0.8508999347686768,0.9474011659622192,0.9491647481918335,True,True,0.0004997501249375312,0.0004997501249375312,True,True,True,0.8508999347686768,0.9243921637535095,0.40686024215597755,4,0.9204966984072903,-0.07349222898483276,1.7085046574330367,0.050895864531852616,True,True
1,Subject expression / pro-drop,mean,7,3024,0.8477429747581482,0.9618109464645386,0.9682565331459045,True,True,0.0004997501249375312,0.0004997501249375312,True,True,True,0.8477429747581482,0.9471272230148315,0.4684048573940228,6,0.8950676890689193,-0.09938424825668335,1.3932739865017063,0.04434838415361499,True,True
1,Subject expression / pro-drop,mean,8,2703,0.8464353084564209,0.9644036889076233,0.9681549072265625,True,True,0.0004997501249375312,0.0004997501249375312,True,True,True,0.8464353084564209,0.9566835165023804,0.47863083724410105,6,0.8847600004136946,-0.11024820804595947,1.3761450603376608,0.043377935826762894,True,True
1,Subject expression / pro-drop,mean,9,2389,0.8462267518043518,0.9596312046051025,0.9669816493988037,True,True,0.0004997501249375312,0.0004997501249375312,True,True,True,0.8462267518043518,0.956449031829834,0.47294379622699356,6,0.8847588566067028,-0.11022228002548218,1.3386485370664205,0.04386632238100892,True,True
1,Subject expression / pro-drop,mean,10,14916,0.8452153205871582,0.9601441621780396,0.9677879214286804,True,True,0.0004997501249375312,0.0004997501249375312,True,True,True,0.8452153205871582,0.9504703879356384,0.45962143768198216,6,0.8892600246315011,-0.10525506734848022,1.3983789667912117,0.04502903542474969,True,True
1,Subject expression / pro-drop,mean,11,13175,0.8450655341148376,0.9583470225334167,0.9686412215232849,True,True,0.0004997501249375312,0.0004997501249375312,True,True,True,0.8450655341148376,0.938629686832428,0.4631399492231699,6,0.9003183534143916,-0.09356415271759033,1.388277856767825,0.044694670442135855,True,True
1,Subject expression / pro-drop,mean,12,604,0.8442023396492004,0.9600869417190552,0.9680061936378479,True,True,0.0004997501249375312,0.0004997501249375312,True,True,True,0.8442023396492004,0.953995943069458,0.4725045327288218,5,0.8849118759698291,-0.10979360342025757,1.3736077203843595,0.04380487935632149,True,True
1,Subject expression / pro-drop,mean,13,9375,0.8439128994941711,0.9630271196365356,0.9682308435440063,True,True,0.0004997501249375312,0.0004997501249375312,True,True,True,0.8439128994941711,0.9529269933700562,0.46444456740163076,5,0.8856007914201767,-0.10901409387588501,1.369513995431766,0.044516628399375105,True,True
1,Subject expression / pro-drop,mean,14,981,0.8437371253967285,0.9581711292266846,0.970833957195282,True,True,0.0004997501249375312,0.0004997501249375312,True,True,True,0.8437371253967285,0.9501184225082397,0.4667830619578942,5,0.8880336444475282,-0.10638129711151123,1.415171749148101,0.044294670100322314,True,True
1,Subject expression / pro-drop,mean,15,5694,0.843275249004364,0.96160888671875,0.9684674143791199,True,True,0.0004997501249375312,0.0004997501249375312,True,True,True,0.843275249004364,0.9524005055427551,0.45864285399707466,6,0.8854208330389297,-0.10912525653839111,1.3765888502107828,0.0450218711401362,True,True
1,Subject expression / pro-drop,mean,16,8792,0.842745304107666,0.9608463048934937,0.9704609513282776,True,True,0.0004997501249375312,0.0004997501249375312,True,True,True,0.842745304107666,0.9528601169586182,0.4729059386329773,6,0.8844375885912598,-0.11011481285095215,1.3698935950204048,0.04369708303071265,True,True
1,Subject expression / pro-drop,mean,17,10770,0.8413940072059631,0.959989070892334,0.9700425267219543,True,True,0.0004997501249375312,0.0004997501249375312,True,True,True,0.8413940072059631,0.9524720311164856,0.468294838634439,6,0.883379227650058,-0.11107802391052246,1.3709817952905117,0.04404076064722598,True,True
1,Subject expression / pro-drop,mean,18,13390,0.8413236141204834,0.9599956274032593,0.968451201915741,True,True,0.0004997501249375312,0.0004997501249375312,True,True,True,0.8413236141204834,0.9377783536911011,0.4651097977199616,5,0.8971454830547418,-0.09645473957061768,1.4289590817633446,0.044325435462975106,True,True
1,Subject expression / pro-drop,mean,19,10331,0.840677797794342,0.9643188714981079,0.9684593081474304,True,True,0.0004997501249375312,0.0004997501249375312,True,True,True,0.840677797794342,0.9587530493736267,0.4704294641239521,5,0.8768449793652018,-0.11807525157928467,1.3620236147871125,0.04381399351960184,True,True
1,Subject expression / pro-drop,mean,20,15975,0.8405076861381531,0.9559950232505798,0.964759886264801,True,True,0.0004997501249375312,0.0004997501249375312,True,True,True,0.8405076861381531,0.9547159075737,0.45764175907541543,6,0.8803746533083397,-0.11420822143554688,1.4031041655291414,0.04497450592662675,True,True
1,Subject expression / pro-drop,mean,21,665,0.8404029011726379,0.9604671597480774,0.9696344137191772,True,True,0.0004997501249375312,0.0004997501249375312,True,True,True,0.8404029011726379,0.9508439898490906,0.47510292266423887,6,0.8838494118325543,-0.11044108867645264,1.3541926155830233,0.04338813636770231,True,True
1,Subject expression / pro-drop,mean,22,14906,0.8402252197265625,0.9583491086959839,0.9690950512886047,True,True,0.0004997501249375312,0.0004997501249375312,True,True,True,0.8402252197265625,0.9502279162406921,0.4749318782526713,6,0.8842354611624923,-0.11000269651412964,1.3318748633627902,0.04339430592381359,True,True
1,Subject expression / pro-drop,mean,23,15859,0.8396674394607544,0.9609121084213257,0.9683441519737244,True,True,0.0004997501249375312,0.0004997501249375312,True,True,True,0.8396674394607544,0.9473171234130859,0.46299442178450334,5,0.8863636249237417,-0.10764968395233154,1.3844208636657371,0.04443519520283205,True,True
1,Subject expression / pro-drop,mean,24,11147,0.8393648862838745,0.9606167078018188,0.9674946069717407,True,True,0.0004997501249375312,0.0004997501249375312,True,True,True,0.8393648862838745,0.9470385313034058,0.46447246497831285,6,0.8863048952492563,-0.10767364501953125,1.3744461132158452,0.04428480220019195,True,True
1,Subject expression / pro-drop,mean,25,5688,0.8393221497535706,0.9651979804039001,0.9710953235626221,True,True,0.0004997501249375312,0.0004997501249375312,True,True,True,0.8393221497535706,0.9438181519508362,0.45708993999048686,5,0.8892837545227581,-0.10449600219726562,1.3841167247803474,0.044965702480137114,True,True
1,Subject expression / pro-drop,final,1,4441,-0.7896255254745483,-0.9286953210830688,-0.9507593512535095,True,True,0.0004997501249375312,0.0004997501249375312,True,True,True,0.7896255254745483,0.8246793150901794,0.3497103766227762,3,0.9574940355915221,-0.035053789615631104,1.9521732899167215,0.05472743649305618,True,True
1,Subject expression / pro-drop,final,2,9465,-0.7878605127334595,-0.9180216789245605,-0.9635710716247559,True,True,0.0004997501249375312,0.0004997501249375312,True,True,True,0.7878605127334595,0.887403666973114,0.42580851114904267,4,0.8878265236617842,-0.09954315423965454,1.4102004983794973,0.045293936831039196,True,True
1,Subject expression / pro-drop,final,3,15059,0.7875486016273499,0.8772242069244385,0.9057405591011047,True,True,0.0004997501249375312,0.0004997501249375312,True,True,True,0.7875486016273499,0.8713855743408203,0.3774076375561074,3,0.9037888907251066,-0.08383697271347046,1.6316684605726586,0.050788464226032184,True,True
1,Subject expression / pro-drop,final,4,8182,-0.7674951553344727,-0.97221440076828,-0.9669405221939087,True,True,0.0004997501249375312,0.0004997501249375312,True,True,True,0.7674951553344727,0.8864492177963257,0.4025171842569342,4,0.8658083733690153,-0.11895406246185303,1.4879434711142077,0.04661185196123499,True,True
1,Subject expression / pro-drop,final,5,10074,-0.7498114109039307,-0.8153024911880493,-0.67576003074646,True,True,0.0004997501249375312,0.0004997501249375312,True,True,True,0.7498114109039307,0.7858825325965881,0.313289721054622,3,0.9541011280992886,-0.03607112169265747,1.924840225430563,0.05781963448350672,True,True
1,Subject expression / pro-drop,final,6,2734,0.7421136498451233,0.8408308029174805,0.8731831312179565,True,True,0.0004997501249375312,0.0004997501249375312,True,True,True,0.7421136498451233,0.834618091583252,0.3707149329666908,4,0.8891655444915533,-0.09250444173812866,1.5582982221163901,0.04882327917123451,True,True
1,Subject expression / pro-drop,final,7,7918,-0.7169811725616455,-0.7597454786300659,-0.8122774362564087,True,True,0.0004997501249375312,0.0004997501249375312,True,True,True,0.7169811725616455,0.8988211750984192,0.3433775125214687,4,0.7976905667394156,-0.18184000253677368,1.6295402159922963,0.05081835754616629,True,True
1,Subject expression / pro-drop,final,8,164,-0.6865192651748657,-0.745912492275238,-0.8906696438789368,True,True,0.0004997501249375312,0.0004997501249375312,True,True,True,0.6865192651748657,0.9021463394165039,0.41688565585093623,9,0.7609843715808869,-0.21562707424163818,1.141650098691001,0.04051441963150255,True,True
1,Subject expression / pro-drop,final,9,4549,0.6860515475273132,0.19998955726623535,0.7562991976737976,True,True,0.0004997501249375312,0.0004997501249375312,True,True,True,0.6860515475273132,0.8782880902290344,0.3474143672464356,6,0.7811235916319997,-0.1922365427017212,1.4035252335518038,0.04819398220313583,True,True
1,Subject expression / pro-drop,final,10,14168,-0.6794955730438232,-0.21360094845294952,-0.751140832901001,True,True,0.0004997501249375312,0.0004997501249375312,True,True,True,0.6794955730438232,0.8737818002700806,0.34384500022189546,5,0.7776490341568059,-0.19428622722625732,1.3741928880057241,0.04822725833798592,True,True
1,Subject expression / pro-drop,final,11,3288,-0.6767577528953552,-0.8207153081893921,-0.9537580609321594,True,True,0.0004997501249375312,0.0004997501249375312,True,True,True,0.6767577528953552,0.8191356062889099,0.345082150067752,5,0.82618524661796,-0.1423778533935547,1.4633888260877252,0.04787828731209432,True,True
1,Subject expression / pro-drop,final,12,13191,-0.6482129096984863,0.515220046043396,0.27879729866981506,False,False,0.0004997501249375312,0.0004997501249375312,True,False,False,0.6482129096984863,0.6982070207595825,0.30247931459393257,2,0.9283964360502887,-0.04999411106109619,2.0377844437263204,0.05208660478288703,False,False
1,Subject expression / pro-drop,final,13,8003,-0.636698842048645,-0.9036629796028137,-0.8662654161453247,True,True,0.0004997501249375312,0.0004997501249375312,True,True,True,0.636698842048645,0.8795605897903442,0.3402492019037406,6,0.7238828676946647,-0.24286174774169922,1.2223891873606938,0.04578453308666312,True,True
1,Subject expression / pro-drop,final,14,3044,-0.6181179285049438,0.6370571255683899,0.4831850528717041,False,False,0.0004997501249375312,0.0004997501249375312,True,False,False,0.6181179285049438,0.7265186905860901,0.25208646116348415,3,0.8507942555563185,-0.10840076208114624,2.0488192433653802,0.05915292838206891,False,False
1,Subject expression / pro-drop,final,15,7700,0.6144094467163086,-0.5854982137680054,-0.3054310083389282,False,False,0.0004997501249375312,0.0004997501249375312,True,False,False,0.6144094467163086,0.8583455681800842,0.15982643393680263,3,0.7158066278818406,-0.24393612146377563,2.2165034648947834,0.0897257176918204,False,False
1,Subject expression / pro-drop,final,16,14004,-0.5987372994422913,-0.396252304315567,-0.840548038482666,True,True,0.0004997501249375312,0.0004997501249375312,True,True,True,0.5987372994422913,0.8895617127418518,0.3926944456134851,14,0.6730699971301969,-0.29082441329956055,0.7528863664301655,0.0376237304380437,True,True
1,Subject expression / pro-drop,final,17,10152,-0.589383602142334,-0.6657127737998962,-0.7171773910522461,True,True,0.0004997501249375312,0.0004997501249375312,True,True,True,0.589383602142334,0.6982105374336243,0.22164492060143787,5,0.8441344988987137,-0.10882693529129028,1.9398005992229095,0.06383076144397594,True,True
1,Subject expression / pro-drop,final,18,11776,-0.5845789909362793,-0.9035031199455261,-0.9457787275314331,True,True,0.0004997501249375312,0.0004997501249375312,True,True,True,0.5845789909362793,0.8965377807617188,0.40183804867168266,11,0.6520405536502966,-0.31195878982543945,0.6952506821590555,0.03596023236847988,True,True
1,Subject expression / pro-drop,final,19,5159,-0.5806612372398376,-0.8565335273742676,-0.9373817443847656,True,True,0.0004997501249375312,0.0004997501249375312,True,True,True,0.5806612372398376,0.8962443470954895,0.3403075633522792,8,0.6478827332318691,-0.31558310985565186,0.9653138644322536,0.041916960077692085,True,True
1,Subject expression / pro-drop,final,20,14795,-0.5795155763626099,-0.8603818416595459,-0.9220954775810242,True,True,0.0004997501249375312,0.0004997501249375312,True,True,True,0.5795155763626099,0.8592251539230347,0.35760036564300746,10,0.6744630015970414,-0.2797095775604248,0.848112103039587,0.039895248213909926,True,True
1,Subject expression / pro-drop,final,21,15659,0.5756201148033142,-0.8057172298431396,-0.73876953125,False,False,0.0004997501249375312,0.0004997501249375312,True,False,False,0.5756201148033142,0.8661643862724304,0.3824014921839803,10,0.6645622054267505,-0.2905442714691162,0.8763286418272508,0.03716248770819017,False,False
1,Subject expression / pro-drop,final,22,1546,0.5607208609580994,0.8803110718727112,0.8139954805374146,True,True,0.0004997501249375312,0.0004997501249375312,True,True,True,0.5607208609580994,0.7679563164710999,0.3144020312585128,8,0.7301468181611092,-0.2072354555130005,1.1687716177352006,0.0437297898566542,True,True
1,Subject expression / pro-drop,final,23,12897,0.560364305973053,0.7222640514373779,0.8860874176025391,True,True,0.0004997501249375312,0.0004997501249375312,True,True,True,0.560364305973053,0.8939337730407715,0.41305720864627987,11,0.626852148193192,-0.3335694670677185,0.6044342667318172,0.03361595114189661,True,True
1,Subject expression / pro-drop,final,24,7247,-0.5535666942596436,0.7669376730918884,0.8762690424919128,False,False,0.0004997501249375312,0.0004997501249375312,True,False,False,0.5535666942596436,0.736851692199707,0.26838068722580105,7,0.7512593105501233,-0.18328499794006348,1.3109832851807648,0.0502310275796147,False,False
1,Subject expression / pro-drop,final,25,2993,0.541416347026825,0.9369096159934998,0.8789147734642029,True,True,0.0004997501249375312,0.0004997501249375312,True,True,True,0.541416347026825,0.8524878621101379,0.335060040681408,10,0.6351015317528077,-0.311071515083313,0.8676705623284371,0.039784405723758215,True,True
2,basic_constituent_order,mean,1,13034,0.8540453910827637,0.8213565349578857,0.0812341496348381,True,True,0.0004997501249375312,0.0004997501249375312,True,True,True,0.8540453910827637,0.8271039724349976,0.27537932711987734,1,1.0325731945990424,0.026941418647766113,2.401262874452829,0.07366372606387726,True,True
2,basic_constituent_order,mean,2,9791,0.8227548599243164,0.8065271973609924,0.03335511311888695,True,True,0.0004997501249375312,0.0004997501249375312,True,True,True,0.8227548599243164,0.46920856833457947,0.1926103119427959,1,1.7534949603427383,0.35354629158973694,4.426149249244496,0.09871608741628005,True,True
2,basic_constituent_order,mean,3,7918,-0.800753653049469,-0.5989508032798767,0.2237914651632309,True,False,0.0004997501249375312,0.0004997501249375312,True,False,False,0.800753653049469,0.9098673462867737,0.375853926086655,3,0.8800773610762002,-0.10911369323730469,1.6998041861160298,0.05179835127982693,True,False
2,basic_constituent_order,mean,4,5288,0.7733572721481323,0.6248522400856018,0.03179465979337692,True,True,0.0004997501249375312,0.0004997501249375312,True,True,True,0.7733572721481323,0.6932520866394043,0.1346603714598295,1,1.1155498657018754,0.08010518550872803,4.459509387739089,0.12835567257030087,True,True
2,basic_constituent_order,mean,5,9064,0.7684685587882996,0.7739357352256775,0.24435016512870789,True,True,0.0004997501249375312,0.0004997501249375312,True,True,True,0.7684685587882996,0.5630450248718262,0.17391079677364382,1,1.3648438843114488,0.2054235339164734,4.1699604039783065,0.10177057526789599,True,True
2,basic_constituent_order,mean,6,9390,-0.7567499279975891,-0.6683629751205444,0.120880126953125,True,False,0.0004997501249375312,0.0004997501249375312,True,False,False,0.7567499279975891,0.8433318138122559,0.29509178027570343,2,0.8973335472507838,-0.08658188581466675,2.296693771457347,0.061698296544945824,True,False
2,basic_constituent_order,mean,7,8431,-0.7564257383346558,-0.2863917052745819,0.23177693784236908,True,False,0.0004997501249375312,0.0004997501249375312,True,False,False,0.7564257383346558,0.8691208362579346,0.22484016155776304,2,0.8703343732863476,-0.11269509792327881,2.7058825608555424,0.07941317458279057,True,False
2,basic_constituent_order,mean,8,6235,-0.7384347319602966,-0.4822647273540497,0.356295108795166,True,False,0.0004997501249375312,0.0004997501249375312,True,False,False,0.7384347319602966,0.7794938683509827,0.3039219633508951,2,0.9473259020272391,-0.041059136390686035,2.3605344659996836,0.05864599981140812,True,False
2,basic_constituent_order,mean,9,2993,0.7153146862983704,0.782579243183136,0.22263266146183014,True,True,0.0004997501249375312,0.0004997501249375312,True,True,True,0.7153146862983704,0.8404539823532104,0.3189440435037399,4,0.8511051185640657,-0.1251392960548401,1.6181560848948227,0.05437946536298009,True,True
2,basic_constituent_order,mean,10,1546,0.7109225988388062,0.6510859131813049,0.03239094093441963,True,True,0.0004997501249375312,0.0004997501249375312,True,True,True,0.7109225988388062,0.8725707530975342,0.42400681141477364,6,0.8147449319325749,-0.16164815425872803,1.1975266101882795,0.04121962309337619,True,True
2,basic_constituent_order,mean,11,4048,0.7033182382583618,0.7352892160415649,0.2342374473810196,True,True,0.0004997501249375312,0.0004997501249375312,True,True,True,0.7033182382583618,0.7600350975990295,0.2816451320376916,2,0.9253759997139109,-0.056716859340667725,2.0895816809702725,0.0601770728403515,True,True
2,basic_constituent_order,mean,12,932,0.6950408816337585,0.7502098083496094,0.4259891211986542,True,True,0.0004997501249375312,0.0004997501249375312,True,True,True,0.6950408816337585,0.3969198167324066,0.1432721452572598,1,1.7510863714379312,0.29812106490135193,5.2158114249798935,0.11062853710498782,True,True
2,basic_constituent_order,mean,13,6803,0.6877726316452026,0.538555920124054,-0.0523369126021862,True,False,0.0004997501249375312,0.0004997501249375312,True,False,False,0.6877726316452026,0.6460458040237427,0.10757173607364678,1,1.064588032863265,0.04172682762145996,4.165350839937354,0.14084839741506172,True,False
2,basic_constituent_order,mean,14,7834,0.6794646978378296,0.6657874584197998,-0.15548230707645416,True,False,0.0004997501249375312,0.0004997501249375312,True,False,False,0.6794646978378296,0.4504009485244751,0.16941266989287657,1,1.5085774132220928,0.2290637493133545,4.51502668661551,0.09324905133978409,True,False
2,basic_constituent_order,mean,15,13096,0.6769956946372986,0.6330192685127258,-0.018958119675517082,True,False,0.0004997501249375312,0.0004997501249375312,True,False,False,0.6769956946372986,0.4514865577220917,0.14563659170212653,1,1.4994813977474317,0.2255091369152069,4.518689746466681,0.10649906706910513,True,False
2,basic_constituent_order,mean,16,14048,0.6694992184638977,0.7299730777740479,0.055481668561697006,True,True,0.0004997501249375312,0.0004997501249375312,True,True,True,0.6694992184638977,0.7650949358940125,0.29051476105665547,5,0.8750537835956118,-0.09559571743011475,1.730683268868565,0.055793578027678,True,True
2,basic_constituent_order,mean,17,2573,-0.6686751246452332,-0.6665934920310974,0.3664785623550415,True,False,0.0004997501249375312,0.0004997501249375312,True,False,False,0.6686751246452332,0.6010328531265259,0.168057305963698,1,1.1125433845535022,0.06764227151870728,3.019716450030749,0.09257696957972668,True,False
2,basic_constituent_order,mean,18,15120,-0.6686102151870728,-0.5498610138893127,-0.2970931828022003,True,True,0.0004997501249375312,0.0004997501249375312,True,True,True,0.6686102151870728,0.7706523537635803,0.21944672328969225,5,0.8675899216058037,-0.10204213857650757,2.013227274197303,0.07246210747946383,True,True
2,basic_constituent_order,mean,19,164,-0.6646817922592163,-0.585978627204895,0.44499775767326355,True,False,0.0004997501249375312,0.0004997501249375312,True,False,False,0.6646817922592163,0.9246817231178284,0.3897609170018815,8,0.7188222451483651,-0.25999993085861206,1.0075384777745697,0.041895166241356245,True,False
2,basic_constituent_order,mean,20,11483,-0.6581101417541504,-0.5635060667991638,-0.2377866953611374,True,True,0.0004997501249375312,0.0004997501249375312,True,True,True,0.6581101417541504,0.6900145411491394,0.25727267677967364,3,0.9537627144177919,-0.031904399394989014,2.0539761597764197,0.06155311133073768,True,True
2,basic_constituent_order,mean,21,4425,-0.6464254856109619,-0.645958662033081,-0.31588849425315857,True,True,0.0004997501249375312,0.0004997501249375312,True,True,True,0.6464254856109619,0.8685261607170105,0.10128571792768362,2,0.7442786583161828,-0.22210067510604858,2.850705567270791,0.14063218850102852,True,True
2,basic_constituent_order,mean,22,8214,-0.6461657285690308,-0.5898423790931702,-0.45406296849250793,True,True,0.0004997501249375312,0.0004997501249375312,True,True,True,0.6461657285690308,0.6994349360466003,0.13547962758308038,2,0.9238396529366093,-0.05326920747756958,3.1461327002906443,0.10896791958979986,True,True
2,basic_constituent_order,mean,23,13203,0.6354380249977112,0.6943724751472473,-0.08500585705041885,True,False,0.0004997501249375312,0.0004997501249375312,True,False,False,0.6354380249977112,0.49969422817230225,0.11344228723110297,1,1.2716537217608253,0.13574379682540894,4.340825530425032,0.12558840032749005,True,False
2,basic_constituent_order,mean,24,7948,0.6275941133499146,0.6807500123977661,0.2468581199645996,True,True,0.0004997501249375312,0.0004997501249375312,True,True,True,0.6275941133499146,0.8383492827415466,0.30061062053442955,4,0.7486069664156849,-0.21075516939163208,1.5522946361861116,0.050811542893352754,True,True
2,basic_constituent_order,mean,25,6858,0.6253794431686401,0.5155600309371948,0.18301691114902496,True,True,0.0004997501249375312,0.0004997501249375312,True,True,True,0.6253794431686401,0.8042095899581909,0.20753901289441648,3,0.777632411970059,-0.17883014678955078,1.9596178083136688,0.0717227533219334,True,True
2,basic_constituent_order,final,1,12178,0.7508994340896606,0.7663952112197876,0.3681265711784363,True,True,0.0004997501249375312,0.0004997501249375312,True,True,True,0.7508994340896606,0.6493474841117859,0.2578491968795275,1,1.1563907652876846,0.10155194997787476,2.7587497981841698,0.0694825738497362,True,True
2,basic_constituent_order,final,2,8686,-0.7252227067947388,-0.7304650545120239,-0.1604074388742447,True,True,0.0004997501249375312,0.0004997501249375312,True,True,True,0.7252227067947388,0.6909562349319458,0.33432210179475635,1,1.0495928253200697,0.03426647186279297,1.8926732454230288,0.05269064605592647,True,True
2,basic_constituent_order,final,3,15059,0.697820782661438,0.6474506258964539,0.24302434921264648,True,True,0.0004997501249375312,0.0004997501249375312,True,True,True,0.697820782661438,0.8713855743408203,0.37970835086292565,7,0.8008174603869482,-0.17356479167938232,1.2486724633687964,0.04500197928502223,True,True
2,basic_constituent_order,final,4,7247,-0.6909978985786438,-0.7705820202827454,-0.29503291845321655,True,True,0.0004997501249375312,0.0004997501249375312,True,True,True,0.6909978985786438,0.736851692199707,0.26485681019198054,2,0.9377706611703952,-0.04585379362106323,2.0144675907897795,0.0627016308258596,True,True
2,basic_constituent_order,final,5,2734,0.6844773888587952,0.7320566177368164,0.10998521745204926,True,True,0.0004997501249375312,0.0004997501249375312,True,True,True,0.6844773888587952,0.834618091583252,0.3721927858124941,8,0.8201084972413631,-0.1501407027244568,1.2984714994886384,0.0450314189068277,True,True
2,basic_constituent_order,final,6,4549,0.6708351969718933,0.7338756918907166,-0.09099817276000977,True,False,0.0004997501249375312,0.0004997501249375312,True,False,False,0.6708351969718933,0.8782880902290344,0.34780453008118994,7,0.7637985809382399,-0.2074528932571411,1.3358056431612395,0.04712505883942111,True,False
2,basic_constituent_order,final,7,6051,0.6640949249267578,0.6831836700439453,0.2939285933971405,True,True,0.0004997501249375312,0.0004997501249375312,True,True,True,0.6640949249267578,0.7173817753791809,0.2611183911227645,2,0.9257203733336302,-0.053286850452423096,2.1713606258662352,0.06121981427842893,True,True
2,basic_constituent_order,final,8,13304,0.6494826078414917,0.5108440518379211,0.25432202219963074,True,True,0.0004997501249375312,0.0004997501249375312,True,True,True,0.6494826078414917,0.7635689973831177,0.34632393144644225,3,0.8505879757656222,-0.11408638954162598,1.5499056349101845,0.04588000062008365,True,True
2,basic_constituent_order,final,9,5159,0.644130527973175,0.7037869095802307,0.5089036822319031,True,True,0.0004997501249375312,0.0004997501249375312,True,True,True,0.644130527973175,0.8962443470954895,0.33868014564116794,7,0.7186996828048576,-0.25211381912231445,1.2358769093056066,0.0464987016426622,True,True
2,basic_constituent_order,final,10,6858,0.6357273459434509,0.5304687023162842,0.14409875869750977,True,True,0.0004997501249375312,0.0004997501249375312,True,True,True,0.6357273459434509,0.6242122054100037,0.17864582519261882,1,1.0184474773701095,0.011515140533447266,2.626749512133038,0.08361626894056234,True,True
2,basic_constituent_order,final,11,9390,0.6246321797370911,0.3547271490097046,-0.12648385763168335,True,False,0.0004997501249375312,0.0004997501249375312,True,False,False,0.6246321797370911,0.7182981371879578,0.22557431640915382,3,0.8696001665581975,-0.0936659574508667,2.168538068769275,0.06629485846298992,True,False
2,basic_constituent_order,final,12,2375,-0.6157814860343933,-0.6905884146690369,-0.39218974113464355,True,True,0.0004997501249375312,0.0004997501249375312,True,True,True,0.6157814860343933,0.7361955046653748,0.25482752016530585,4,0.8364374437660909,-0.12041401863098145,1.743426188490338,0.05834548894326226,True,True
2,basic_constituent_order,final,13,14465,-0.6124786138534546,-0.6100707650184631,-0.12296303361654282,True,True,0.0004997501249375312,0.0004997501249375312,True,True,True,0.6124786138534546,0.791212797164917,0.26925321742414665,5,0.7741009953935214,-0.1787341833114624,1.6912079721249293,0.055111949885359945,True,True
2,basic_constituent_order,final,14,14004,0.6122668981552124,0.5729315876960754,0.48278674483299255,True,True,0.0004997501249375312,0.0004997501249375312,True,True,True,0.6122668981552124,0.8895617127418518,0.39234753282597434,11,0.6882792833653469,-0.2772948145866394,0.8044063861686962,0.03847390959906139,True,True
2,basic_constituent_order,final,15,661,0.6080579161643982,0.646335244178772,0.15257002413272858,True,True,0.0004997501249375312,0.0004997501249375312,True,True,True,0.6080579161643982,0.6956459879875183,0.32833608749728554,6,0.8740910271379417,-0.08758807182312012,1.3518391770098042,0.045332917418810646,True,True
2,basic_constituent_order,final,16,5697,0.6077806353569031,0.7045000195503235,0.4231172204017639,True,True,0.0004997501249375312,0.0004997501249375312,True,True,True,0.6077806353569031,0.792143702507019,0.3259473811261929,8,0.7672605783942562,-0.18436306715011597,1.1953201656665635,0.045630106904193175,True,True
2,basic_constituent_order,final,17,8793,0.5992420315742493,0.49921584129333496,0.08497154712677002,True,True,0.0004997501249375312,0.0004997501249375312,True,True,True,0.5992420315742493,0.7092878222465515,0.2577322391458811,3,0.8448503030494018,-0.11004579067230225,1.9278202654024867,0.05626263451384207,True,True
2,basic_constituent_order,final,18,4441,-0.594197154045105,-0.6337952613830566,0.02995593659579754,True,False,0.0004997501249375312,0.0004997501249375312,True,False,False,0.594197154045105,0.8246793150901794,0.35472136050558245,8,0.7205190468250425,-0.23048216104507446,1.0279257503049446,0.04118266945944413,True,False
2,basic_constituent_order,final,19,8182,-0.5593714118003845,-0.3632209300994873,0.2424696385860443,True,False,0.0004997501249375312,0.0004997501249375312,True,False,False,0.5593714118003845,0.8864492177963257,0.407853690501398,13,0.6310247677706317,-0.32707780599594116,0.6036797133435379,0.03397198960405663,True,False
2,basic_constituent_order,final,20,11483,-0.5540786385536194,-0.5204766392707825,-0.3060753047466278,True,True,0.0004997501249375312,0.0004997501249375312,True,True,True,0.5540786385536194,0.7352381348609924,0.24247912363707422,2,0.753604325295744,-0.18115949630737305,1.7369473143298444,0.055348284413786614,True,True
2,basic_constituent_order,final,21,7799,0.551789402961731,0.2388647198677063,-0.1403760015964508,True,False,0.0004997501249375312,0.0004997501249375312,True,False,False,0.551789402961731,0.632134735584259,0.10656855002833673,5,0.872898405830732,-0.08034533262252808,2.251431961858692,0.11720343173164176,True,False
2,basic_constituent_order,final,22,6235,0.5477117896080017,0.5081190466880798,0.08903247117996216,True,True,0.0004997501249375312,0.0004997501249375312,True,True,True,0.5477117896080017,0.4513716995716095,0.1721022142073474,1,1.2134384812513217,0.09634009003639221,3.0220915542398927,0.07544553213740984,True,True
2,basic_constituent_order,final,23,13033,0.5440679788589478,0.708253800868988,0.15297141671180725,True,True,0.0004997501249375312,0.0004997501249375312,True,True,True,0.5440679788589478,0.8112314343452454,0.3106092534577235,7,0.6706692514918033,-0.2671634554862976,1.0967851787591087,0.04298272513533374,True,True
2,basic_constituent_order,final,24,105,-0.5323954820632935,-0.6617289185523987,-0.3304443359375,True,True,0.0004997501249375312,0.0004997501249375312,True,True,True,0.5323954820632935,0.8573086857795715,0.30440043949354917,8,0.621007918028001,-0.3249132037162781,0.9941100522616538,0.04292123027234327,True,True
2,basic_constituent_order,final,25,14043,-0.5232867002487183,-0.5885301828384399,0.03837583214044571,True,False,0.0004997501249375312,0.0004997501249375312,True,False,False,0.5232867002487183,0.5053550601005554,0.13906882268090087,1,1.0354832504192097,0.017931640148162842,3.2889391030993194,0.08799214241742365,True,False
3,nominal_modifier_order,mean,1,8006,0.6698550581932068,0.2563788890838623,0.17448927462100983,True,True,0.0004997501249375312,0.0004997501249375312,True,True,True,0.6698550581932068,0.9062565565109253,0.2748697285229961,3,0.7391450614957635,-0.2364014983177185,1.6722451708393289,0.058811968570831985,True,True
3,nominal_modifier_order,mean,2,2375,-0.6478573083877563,0.15694458782672882,-0.4332844913005829,False,True,0.0004997501249375312,0.0004997501249375312,True,False,False,0.6478573083877563,0.7626994848251343,0.31731712913666016,6,0.8494267024925184,-0.11484217643737793,1.5823077257384028,0.049746302566325555,False,True
3,nominal_modifier_order,mean,3,260,-0.6321280598640442,0.0,0.1833290308713913,False,False,0.0004997501249375312,0.0004997501249375312,True,False,False,0.6321280598640442,0.9172806739807129,0.3025926447067505,5,0.6891326480485029,-0.2851526141166687,1.3005513000228053,0.05084177564976327,False,False
3,nominal_modifier_order,mean,4,4253,-0.6311673521995544,-0.5690178275108337,0.12842944264411926,True,False,0.0004997501249375312,0.0004997501249375312,True,False,False,0.6311673521995544,0.7950333952903748,0.3434594156554876,6,0.7938878491626499,-0.1638660430908203,1.2576891534244181,0.044999539919727605,True,False
3,nominal_modifier_order,mean,5,9465,0.6270563006401062,0.0025963473599404097,-0.10957947373390198,True,False,0.0004997501249375312,0.0004997501249375312,True,False,False,0.6270563006401062,0.9370673298835754,0.4449904792201825,12,0.6691688853542828,-0.31001102924346924,0.6868654023547509,0.034871943367982584,True,False
3,nominal_modifier_order,mean,6,16084,-0.6152686476707458,-0.4635086953639984,-0.32765480875968933,True,True,0.0004997501249375312,0.0004997501249375312,True,True,True,0.6152686476707458,0.8151004314422607,0.2973052508746966,5,0.7548378383042601,-0.1998317837715149,1.4020316230421257,0.05038983689364801,True,True
3,nominal_modifier_order,mean,7,2084,-0.6052204370498657,0.0957581102848053,0.5608285069465637,False,False,0.0004997501249375312,0.0004997501249375312,True,False,False,0.6052204370498657,0.8128283023834229,0.35887364202584976,9,0.7445858310730604,-0.20760786533355713,0.9858978915338946,0.041449785218826085,False,False
3,nominal_modifier_order,mean,8,8793,0.6046460270881653,0.03580314666032791,-0.45146626234054565,True,False,0.0004997501249375312,0.0004997501249375312,True,False,False,0.6046460270881653,0.753474235534668,0.3423345842613624,7,0.8024773755656108,-0.14882820844650269,1.2243329193043397,0.043326114190512265,True,False
3,nominal_modifier_order,mean,9,1662,-0.5853026509284973,0.11191189289093018,-0.0731789842247963,False,True,0.0004997501249375312,0.0004997501249375312,True,False,False,0.5853026509284973,0.4237045645713806,0.12575965150235555,1,1.3813933100309865,0.1615980863571167,4.590118312255031,0.10661388236219453,False,True
3,nominal_modifier_order,mean,10,15379,0.5825828909873962,-0.030376436188817024,-0.3521919548511505,False,False,0.0004997501249375312,0.0004997501249375312,True,False,False,0.5825828909873962,0.3276383578777313,0.13343739683907002,1,1.7781278564605845,0.2549445331096649,4.615882105768792,0.1006772070303423,False,False
3,nominal_modifier_order,mean,11,4468,-0.577017068862915,0.0,0.1414213627576828,False,False,0.0004997501249375312,0.0004997501249375312,True,False,False,0.577017068862915,0.4200420081615448,0.09961921265587592,1,1.3737127659883934,0.15697506070137024,4.337960806566416,0.1293132129092386,False,False
3,nominal_modifier_order,mean,12,799,-0.5722380876541138,0.06646943837404251,0.1414213478565216,False,False,0.0004997501249375312,0.0004997501249375312,True,False,False,0.5722380876541138,0.47041183710098267,0.1469210721850873,1,1.2164619223458704,0.1018262505531311,4.469117742032095,0.09080031234899137,False,False
3,nominal_modifier_order,mean,13,4939,-0.5705357193946838,0.0,0.25305622816085815,False,False,0.0004997501249375312,0.0004997501249375312,True,False,False,0.5705357193946838,0.6893817186355591,0.11205380788455024,2,0.827604945086014,-0.11884599924087524,3.5865169504194836,0.11547823481633726,False,False
3,nominal_modifier_order,mean,14,10647,-0.5695620775222778,-0.1972762942314148,-0.1414213627576828,True,True,0.0004997501249375312,0.0004997501249375312,True,True,True,0.5695620775222778,0.4390025734901428,0.12087102132873276,1,1.2974003158891882,0.130559504032135,4.434640298749264,0.10779949611265198,True,True
3,nominal_modifier_order,mean,15,5376,-0.5693737864494324,0.0,0.0,False,False,0.0004997501249375312,0.0004997501249375312,True,False,False,0.5693737864494324,0.6861546635627747,0.09320723759726836,2,0.8298038571843674,-0.11678087711334229,3.2472261312469715,0.1354215097760351,False,False
3,nominal_modifier_order,mean,16,626,-0.5688390731811523,0.0,0.0,False,False,0.0004997501249375312,0.0004997501249375312,True,False,False,0.5688390731811523,0.6683169603347778,0.08829831871657799,2,0.8511516345420975,-0.09947788715362549,3.588251949804064,0.14176768338476164,False,False
3,nominal_modifier_order,mean,17,10264,-0.568804144859314,0.0,0.0,False,False,0.0004997501249375312,0.0004997501249375312,True,False,False,0.568804144859314,0.4283580482006073,0.0741141637524542,1,1.3278708016545389,0.14044609665870667,5.034054431959571,0.16442959339045365,False,False
3,nominal_modifier_order,mean,18,14220,0.5686526298522949,0.19824638962745667,0.6456515192985535,True,True,0.0004997501249375312,0.0004997501249375312,True,True,True,0.5686526298522949,0.8844211101531982,0.2343117898950974,4,0.6429659167156172,-0.3157684803009033,1.4781098231335663,0.058582838971659584,True,True
3,nominal_modifier_order,mean,19,7775,-0.5686416029930115,-0.1414213478565216,0.0,True,False,0.0004997501249375312,0.0004997501249375312,True,False,False,0.5686416029930115,0.6542805433273315,0.10265948398946187,2,0.8691097554287571,-0.08563894033432007,3.5171797284301585,0.12436497106728271,True,False
3,nominal_modifier_order,mean,20,11666,0.5682220458984375,0.4314427673816681,0.3019700348377228,True,True,0.0004997501249375312,0.0004997501249375312,True,True,True,0.5682220458984375,0.4545695185661316,0.1390486442280981,1,1.2500223237378632,0.11365252733230591,3.2046660197169166,0.09484405662775464,True,True
3,nominal_modifier_order,mean,21,11386,-0.5680921673774719,0.0,0.16889773309230804,False,False,0.0004997501249375312,0.0004997501249375312,True,False,False,0.5680921673774719,0.36562925577163696,0.1370633320005324,1,1.553738270146217,0.20246291160583496,4.316858060507522,0.09606598464540099,False,False
3,nominal_modifier_order,mean,22,14256,-0.5680352449417114,0.0,-0.1414213627576828,False,True,0.0004997501249375312,0.0004997501249375312,True,False,False,0.5680352449417114,0.6958020329475403,0.1276047919318677,2,0.816374799216113,-0.12776678800582886,2.759051396641707,0.10244796337682252,False,True
3,nominal_modifier_order,mean,23,8880,0.567001461982727,-0.2576947510242462,0.6012297868728638,False,True,0.0004997501249375312,0.0004997501249375312,True,False,False,0.567001461982727,0.8699036836624146,0.2635795745329979,5,0.6517979779043729,-0.3029022216796875,1.4416440878237946,0.05227455677078087,False,True
3,nominal_modifier_order,mean,24,5019,0.5664737820625305,-0.05923619121313095,0.6016471982002258,False,True,0.0004997501249375312,0.0004997501249375312,True,False,False,0.5664737820625305,0.5794693827629089,0.15423870964262348,3,0.9775732746423712,-0.012995600700378418,2.975031190971056,0.08606691266380849,False,True
3,nominal_modifier_order,mean,25,4426,-0.5660698413848877,-0.07632822543382645,0.19893653690814972,True,False,0.0004997501249375312,0.0004997501249375312,True,False,False,0.5660698413848877,0.33879104256629944,0.11582601274578617,1,1.6708524437274965,0.22727879881858826,5.27401448416063,0.11135907489983257,True,False
3,nominal_modifier_order,final,1,13304,0.4804600775241852,-0.605016827583313,0.10243310779333115,False,True,0.0004997501249375312,0.0004997501249375312,True,False,False,0.4804600775241852,0.7635689973831177,0.3506578424802193,11,0.6292294202237185,-0.2831089198589325,0.6475201148078104,0.03394010615310401,False,True
3,nominal_modifier_order,final,2,1633,-0.4697974622249603,0.35838809609413147,0.7016069293022156,False,False,0.0004997501249375312,0.0004997501249375312,True,False,False,0.4697974622249603,0.6665946841239929,0.19295678208940303,6,0.7047722902896321,-0.1967972218990326,1.39722367415121,0.05876058576256134,False,False
3,nominal_modifier_order,final,3,8006,-0.44666787981987,0.0,0.39018818736076355,False,False,0.0004997501249375312,0.0004997501249375312,True,False,False,0.44666787981987,0.8792972564697266,0.20856282064386716,7,0.5079827970954762,-0.43262937664985657,1.026586754674496,0.052055444702217735,False,False
3,nominal_modifier_order,final,4,5219,0.41817307472229004,0.23484110832214355,0.1263754665851593,True,True,0.0004997501249375312,0.0004997501249375312,True,True,True,0.41817307472229004,0.7958799600601196,0.29064994066571576,12,0.5254222944509143,-0.3777068853378296,0.6350138806693422,0.035578537124046516,True,True
3,nominal_modifier_order,final,5,15659,-0.40239906311035156,0.6574490070343018,-0.46960464119911194,False,True,0.0004997501249375312,0.0004997501249375312,True,False,False,0.40239906311035156,0.8661643862724304,0.38684305761200494,18,0.4645758582179653,-0.46376532316207886,0.06987249389019913,0.02597920026080989,False,True
3,nominal_modifier_order,final,6,164,0.40129852294921875,-0.13328434526920319,-0.10280611366033554,False,False,0.0004997501249375312,0.0004997501249375312,True,False,False,0.40129852294921875,0.9021463394165039,0.4241990082156964,20,0.4448264160876308,-0.5008478164672852,-0.09539187857918498,0.023682331408610327,False,False
3,nominal_modifier_order,final,7,8182,0.38512828946113586,0.24450379610061646,-0.3305380344390869,True,False,0.0004997501249375312,0.0004997501249375312,True,False,False,0.38512828946113586,0.8864492177963257,0.41232146286907106,20,0.4344617624217077,-0.5013209283351898,-0.1078566307648068,0.023389779974080593,True,False
3,nominal_modifier_order,final,8,4253,-0.367709219455719,-0.3293118476867676,-0.4087958037853241,True,True,0.0004997501249375312,0.0004997501249375312,True,True,True,0.367709219455719,0.8075404763221741,0.3068950181537403,13,0.45534463006782927,-0.4398312568664551,0.2951479713135127,0.02980633031168767,True,True
3,nominal_modifier_order,final,9,15870,0.3628254234790802,-0.46645060181617737,0.2390540987253189,False,True,0.0004997501249375312,0.0004997501249375312,True,False,False,0.3628254234790802,0.4131177067756653,0.11445923479130635,3,0.8782616129211445,-0.05029228329658508,2.155339362282646,0.07516993989828635,False,True
3,nominal_modifier_order,final,10,16378,-0.35955679416656494,-0.08575088530778885,0.3416680693626404,True,False,0.0004997501249375312,0.0004997501249375312,True,False,False,0.35955679416656494,0.8632649779319763,0.29756942584824103,14,0.4165080286564079,-0.5037081837654114,0.2882956790556581,0.03005130582420918,True,False
3,nominal_modifier_order,final,11,9622,0.332940936088562,0.3882623016834259,-0.4093376100063324,True,False,0.0004997501249375312,0.0004997501249375312,True,False,False,0.332940936088562,0.8516861796379089,0.3643331811882747,22,0.39091973551820525,-0.5187452435493469,-0.11555863695236991,0.022895229282272094,True,False
3,nominal_modifier_order,final,12,15282,-0.3292144238948822,0.42769160866737366,0.6049530506134033,False,False,0.0004997501249375312,0.0004997501249375312,True,False,False,0.3292144238948822,0.8384048938751221,0.26286900817201686,11,0.39266758376522276,-0.5091904699802399,0.3087202668253137,0.03111342348364786,False,False
3,nominal_modifier_order,final,13,13627,0.3285713493824005,0.02839064970612526,0.501104474067688,True,True,0.0004997501249375312,0.0004997501249375312,True,True,True,0.3285713493824005,0.8320904970169067,0.2822172799362586,17,0.39487453655623767,-0.5035191476345062,0.21703280133869934,0.028987211047315272,True,True
3,nominal_modifier_order,final,14,2734,0.3281540870666504,-0.7299746870994568,0.4787028133869171,False,True,0.0004997501249375312,0.0004997501249375312,True,False,False,0.3281540870666504,0.834618091583252,0.38132928073024136,19,0.3931787369288262,-0.5064640045166016,-0.21659872547542985,0.021589090306289766,False,True
3,nominal_modifier_order,final,15,4825,0.30124184489250183,-0.48554742336273193,0.46757766604423523,False,True,0.0004997501249375312,0.0004997501249375312,True,False,False,0.30124184489250183,0.8383018374443054,0.30244904396703276,18,0.35934770918656794,-0.5370599925518036,-0.005212807359716163,0.0249026995966672,False,True
3,nominal_modifier_order,final,16,1546,0.2930903732776642,0.13472037017345428,-0.3701206147670746,True,False,0.0004997501249375312,0.0004997501249375312,True,False,False,0.2930903732776642,0.7679563164710999,0.321264351455447,18,0.3816497982912208,-0.47486594319343567,-0.13143042270880734,0.022857684321822194,True,False
3,nominal_modifier_order,final,17,16084,-0.2636910378932953,0.3055674731731415,0.0033560951706022024,False,False,0.0004997501249375312,0.0004997501249375312,True,False,False,0.2636910378932953,0.686457633972168,0.30727027499905,21,0.3841330110460779,-0.4227665960788727,-0.24432603776268672,0.021530664479872504,False,False
3,nominal_modifier_order,final,18,6119,0.2521986663341522,0.14477957785129547,0.15108449757099152,True,True,0.0004997501249375312,0.0004997501249375312,True,True,True,0.2521986663341522,0.9419602155685425,0.23938934621998134,16,0.26773812966392824,-0.6897615492343903,0.06131987449601226,0.026302522739371493,True,True
3,nominal_modifier_order,final,19,11389,-0.2411385327577591,0.19743205606937408,-0.19979284703731537,False,True,0.0004997501249375312,0.0004997501249375312,True,False,False,0.2411385327577591,0.5712065100669861,0.09101602906146301,2,0.42215648545301154,-0.330067977309227,1.5172614973329954,0.0636121251532305,False,True
3,nominal_modifier_order,final,20,6047,0.23666386306285858,0.40784698724746704,-0.5223955512046814,True,False,0.0004997501249375312,0.0004997501249375312,True,False,False,0.23666386306285858,0.8227211833000183,0.29421865986660123,23,0.28765986322799636,-0.5860573202371597,-0.2909368457400566,0.02020835037026448,True,False
3,nominal_modifier_order,final,21,1838,-0.2354118824005127,0.2010742425918579,-0.4271230101585388,False,True,0.0004997501249375312,0.0004997501249375312,True,False,False,0.2354118824005127,0.7413030862808228,0.25959120738582736,17,0.3175649565707234,-0.5058912038803101,-0.10993791366434012,0.022724319467732065,False,True
3,nominal_modifier_order,final,22,9465,0.23255124688148499,-0.024702096357941628,0.048052724450826645,False,True,0.0004997501249375312,0.0004997501249375312,True,False,False,0.23255124688148499,0.887403666973114,0.4400472102734523,30,0.2620580188435605,-0.654852420091629,-0.7947006048154932,0.013369322762077364,False,True
3,nominal_modifier_order,final,23,8793,0.22631001472473145,-0.6464492678642273,0.5053462386131287,False,True,0.0004997501249375312,0.0009995002498750624,True,False,False,0.22631001472473145,0.7092878222465515,0.267294598552279,21,0.31906654481664726,-0.48297780752182007,-0.22119659247069065,0.021248171814366664,False,True
3,nominal_modifier_order,final,24,8003,0.22461825609207153,0.5918862223625183,-0.08273155242204666,True,False,0.0004997501249375312,0.0009995002498750624,True,False,False,0.22461825609207153,0.8795605897903442,0.35081537077442193,26,0.2553755348970473,-0.6549423336982727,-0.512384833694424,0.0161521292308716,True,False
3,nominal_modifier_order,final,25,8074,0.21610227227210999,0.17854945361614227,-0.1414213478565216,True,False,0.0004997501249375312,0.0014992503748125937,True,False,False,0.21610227227210999,0.5295006036758423,0.1410987486000149,8,0.40812469480092745,-0.3133983314037323,0.6055127546047968,0.037787031052737716,True,False
4,case_marking,mean,1,3290,-0.7586350440979004,-0.5690845847129822,-0.8547938466072083,True,True,0.0004997501249375312,0.0004997501249375312,True,True,True,0.7586350440979004,0.6958671808242798,0.19733421475841448,1,1.09020092483636,0.0627678632736206,3.2975078370623385,0.0897297110555704,True,True
4,case_marking,mean,2,5482,-0.7304100394248962,-0.7631160616874695,-0.6572451591491699,True,True,0.0004997501249375312,0.0004997501249375312,True,True,True,0.7304100394248962,0.9323533177375793,0.25746278584791493,3,0.7834047732004509,-0.2019432783126831,2.1174235492209625,0.06780976101899307,True,True
4,case_marking,mean,3,15396,0.7177765369415283,-0.04778818413615227,0.7014005780220032,False,True,0.0004997501249375312,0.0004997501249375312,True,False,False,0.7177765369415283,0.7805987596511841,0.1411712534325675,3,0.9195204681881274,-0.06282222270965576,2.787416787652964,0.11533408507133103,False,True
4,case_marking,mean,4,15120,0.6765802502632141,0.481760710477829,0.5479505062103271,True,True,0.0004997501249375312,0.0004997501249375312,True,True,True,0.6765802502632141,0.7706523537635803,0.21924236341594502,3,0.8779318546930365,-0.09407210350036621,2.0537924256238864,0.07332587761815497,True,True
4,case_marking,mean,5,13263,0.6730763912200928,-0.6838749647140503,0.6881116628646851,False,True,0.0004997501249375312,0.0004997501249375312,True,False,False,0.6730763912200928,0.7047426104545593,0.27532400592612344,3,0.9550669723034885,-0.03166621923446655,2.1003311415288253,0.05898635900289015,False,True
4,case_marking,mean,6,15864,-0.6449806690216064,-0.0957907885313034,-0.6113656163215637,True,True,0.0004997501249375312,0.0004997501249375312,True,True,True,0.6449806690216064,0.5911056995391846,0.1910865412075789,1,1.0911427000694154,0.053874969482421875,2.8405923857279283,0.07965324568347983,True,True
4,case_marking,mean,7,16200,-0.6196691393852234,-0.6995977759361267,-0.7307459712028503,True,True,0.0004997501249375312,0.0004997501249375312,True,True,True,0.6196691393852234,0.7769439816474915,0.32269878293244314,6,0.7975724814435521,-0.15727484226226807,1.3926740511655895,0.046927134798310614,True,True
4,case_marking,mean,8,9071,0.5862047672271729,0.7269218564033508,0.6571606397628784,True,True,0.0004997501249375312,0.0004997501249375312,True,True,True,0.5862047672271729,0.3394128680229187,0.1079723212378434,1,1.7271141505088417,0.24679189920425415,5.166119736174016,0.12219917786527165,True,True
4,case_marking,mean,9,5530,0.5727902054786682,0.6735164523124695,0.6078335642814636,True,True,0.0004997501249375312,0.0004997501249375312,True,True,True,0.5727902054786682,0.909826397895813,0.33500630430017525,9,0.6295598883516459,-0.3370361924171448,0.926012308512637,0.04199946402875871,True,True
4,case_marking,mean,10,11875,0.5665741562843323,0.4357597529888153,0.6634024381637573,True,True,0.0004997501249375312,0.0004997501249375312,True,True,True,0.5665741562843323,0.48223063349723816,0.13797476171300962,1,1.1749028720457204,0.08434352278709412,3.5686109180051333,0.09526113422854829,True,True
4,case_marking,mean,11,14481,0.5503432154655457,0.770342230796814,0.7164608240127563,True,True,0.0004997501249375312,0.0004997501249375312,True,True,True,0.5503432154655457,0.5778516530990601,0.06884457439315529,2,0.9523953293445044,-0.027508437633514404,4.676194048640989,0.17010674205546442,True,True
4,case_marking,mean,12,15113,0.5449656844139099,0.36316823959350586,0.6434924006462097,True,True,0.0004997501249375312,0.0004997501249375312,True,True,True,0.5449656844139099,0.7498518228530884,0.1611780324138892,2,0.7267644990718121,-0.20488613843917847,2.4454504481629944,0.07977938053604772,True,True
4,case_marking,mean,13,3534,0.5401284694671631,0.6634310483932495,0.7180495262145996,True,True,0.0004997501249375312,0.0004997501249375312,True,True,True,0.5401284694671631,0.4446738362312317,0.11091161362277582,1,1.2146621308888852,0.0954546332359314,4.376876119204188,0.11100777568036115,True,True
4,case_marking,mean,14,13034,0.5398247241973877,0.3372630178928375,0.4579031467437744,True,True,0.0004997501249375312,0.0004997501249375312,True,True,True,0.5398247241973877,0.8540453910827637,0.2834362672964254,10,0.6320796644227479,-0.314220666885376,1.0058057754512655,0.04656134325058476,True,True
4,case_marking,mean,15,13451,-0.5255715250968933,-0.5090630650520325,-0.5665988326072693,True,True,0.0004997501249375312,0.0004997501249375312,True,True,True,0.5255715250968933,0.48810312151908875,0.18954908224539116,1,1.0767632943243517,0.037468403577804565,2.546933826109495,0.06637692247013638,True,True
4,case_marking,mean,16,3366,0.5236561298370361,-0.5610112547874451,0.485525906085968,False,True,0.0004997501249375312,0.0004997501249375312,True,False,False,0.5236561298370361,0.36448949575424194,0.11091569669019335,1,1.4366837342004302,0.1591666340827942,4.694633743217519,0.10798440072195663,False,True
4,case_marking,mean,17,15081,-0.5202531814575195,-0.7959387898445129,-0.5664098262786865,True,True,0.0004997501249375312,0.0004997501249375312,True,True,True,0.5202531814575195,0.7372633814811707,0.16365308804103199,2,0.7056544438872373,-0.21701020002365112,2.5497180326383155,0.07536926153650811,True,True
4,case_marking,mean,18,1788,-0.5188801884651184,0.034150540828704834,-0.24625186622142792,False,True,0.0004997501249375312,0.0004997501249375312,True,False,False,0.5188801884651184,0.6968510746955872,0.1978856378611034,3,0.7446070004150978,-0.17797088623046875,1.977131792122679,0.06299826676726025,False,True
4,case_marking,mean,19,2817,-0.5123814344406128,-0.6602243781089783,-0.5799825191497803,True,True,0.0004997501249375312,0.0004997501249375312,True,True,True,0.5123814344406128,0.7088117599487305,0.26730061480059075,5,0.7228737774859635,-0.19643032550811768,1.3999445763495768,0.04684799269596452,True,True
4,case_marking,mean,20,13269,0.5107520818710327,0.39033475518226624,0.584809422492981,True,True,0.0004997501249375312,0.0004997501249375312,True,True,True,0.5107520818710327,0.2905901372432709,0.12132465993412413,1,1.7576373607045401,0.22016194462776184,5.218464194372727,0.09742689140458756,True,True
4,case_marking,mean,21,4071,0.4916360080242157,0.43720653653144836,0.5532103776931763,True,True,0.0004997501249375312,0.0004997501249375312,True,True,True,0.4916360080242157,0.4298368990421295,0.11405078533033912,1,1.1437733920000877,0.06179910898208618,3.992297188966124,0.09952918298363023,True,True
4,case_marking,mean,22,12022,0.4807252585887909,0.12612003087997437,0.4342772960662842,True,True,0.0004997501249375312,0.0004997501249375312,True,True,True,0.4807252585887909,0.42379137873649597,0.1210970490788802,1,1.1343441200291504,0.05693387985229492,3.448498556060791,0.09238480230405208,True,True
4,case_marking,mean,23,9920,-0.4803972542285919,-0.43135952949523926,-0.3480919897556305,True,True,0.0004997501249375312,0.0004997501249375312,True,True,True,0.4803972542285919,0.2825664281845093,0.1201130811480256,1,1.7001214805139686,0.19783082604408264,4.19899855606823,0.09301358506828074,True,True
4,case_marking,mean,24,6858,0.47474098205566406,-0.15944337844848633,0.26000091433525085,False,True,0.0004997501249375312,0.0004997501249375312,True,False,False,0.47474098205566406,0.8042095899581909,0.21140153753833893,8,0.5903199712905001,-0.32946860790252686,1.1999088728104426,0.05444651358424798,False,True
4,case_marking,mean,25,11261,-0.46473705768585205,0.14067740738391876,-0.36971837282180786,False,True,0.0004997501249375312,0.0004997501249375312,True,False,False,0.46473705768585205,0.47687023878097534,0.19975093253052387,2,0.9745566401330907,-0.012133181095123291,1.9658272336446632,0.05629748501996174,False,True
4,case_marking,final,1,6102,0.545896589756012,0.06415703892707825,0.43638578057289124,True,True,0.0004997501249375312,0.0004997501249375312,True,True,True,0.545896589756012,0.6964392066001892,0.32000324378410977,9,0.7838395434698717,-0.15054261684417725,1.1115021972587906,0.04190815459767172,True,True
4,case_marking,final,2,6858,0.4821786880493164,-0.1468958556652069,0.2500837445259094,False,True,0.0004997501249375312,0.0004997501249375312,True,False,False,0.4821786880493164,0.6357273459434509,0.1825829702668274,6,0.7584677474173135,-0.15354865789413452,1.640859690307865,0.06342024315078859,False,True
4,case_marking,final,3,9622,0.4041025638580322,0.08724824339151382,0.21197624504566193,True,True,0.0004997501249375312,0.0004997501249375312,True,True,True,0.4041025638580322,0.8516861796379089,0.36250852406598055,18,0.47447354849627227,-0.4475836157798767,0.15313249529551698,0.02778877527581234,True,True
4,case_marking,final,4,6235,0.40070950984954834,0.773486852645874,0.023788686841726303,True,True,0.0004997501249375312,0.0004997501249375312,True,True,True,0.40070950984954834,0.5477117896080017,0.17587150343192312,4,0.7316065081168635,-0.14700227975845337,1.6866390692371556,0.05519644232006902,True,True
4,case_marking,final,5,15659,-0.39100560545921326,-0.6810056567192078,-0.526304304599762,True,True,0.0004997501249375312,0.0004997501249375312,True,True,True,0.39100560545921326,0.8661643862724304,0.3871351975517777,19,0.45142193751687243,-0.47515878081321716,0.017383586336523073,0.025243629666549316,True,True
4,case_marking,final,6,398,0.37009263038635254,0.5048159956932068,0.35661959648132324,True,True,0.0004997501249375312,0.0004997501249375312,True,True,True,0.37009263038635254,0.4799724519252777,0.11632824633628704,2,0.7710705664498609,-0.10987982153892517,2.4402379113873196,0.07542298905851155,True,True
4,case_marking,final,7,4923,0.3698602616786957,-0.2432311326265335,0.4091426730155945,False,True,0.0004997501249375312,0.0004997501249375312,True,False,False,0.3698602616786957,0.7814890742301941,0.2930729574022385,15,0.4732763052932334,-0.4116288125514984,0.3290685891741898,0.03134487199979155,False,True
4,case_marking,final,8,13627,0.34131598472595215,0.32830700278282166,0.27181318402290344,True,True,0.0004997501249375312,0.0004997501249375312,True,True,True,0.34131598472595215,0.8320904970169067,0.2818904944146291,14,0.41019094191027294,-0.4907745122909546,0.27834230996724885,0.03011156785784975,True,True
4,case_marking,final,9,11611,0.28055015206336975,0.05512804165482521,0.1489240527153015,True,True,0.0004997501249375312,0.0004997501249375312,True,True,True,0.28055015206336975,0.80646812915802,0.23013351386030897,15,0.347875064023018,-0.5259179770946503,0.25982013454668695,0.030310880701062783,True,True
4,case_marking,final,10,16335,0.2582263946533203,0.37841761112213135,0.08316842466592789,True,True,0.0004997501249375312,0.0004997501249375312,True,True,True,0.2582263946533203,0.698752760887146,0.3393221642248906,25,0.36955330856292085,-0.4405263662338257,-0.3978966612427983,0.019139519615464513,True,True
4,case_marking,final,11,9551,0.24370077252388,0.3218545615673065,0.04206206649541855,True,True,0.0004997501249375312,0.0004997501249375312,True,True,True,0.24370077252388,0.5396653413772583,0.1466679201962856,7,0.4515775867724635,-0.2959645688533783,0.7816647546662606,0.04086368248337316,True,True
4,case_marking,final,12,4253,-0.23179137706756592,0.14819000661373138,0.054770577698946,False,False,0.0004997501249375312,0.0004997501249375312,True,False,False,0.23179137706756592,0.8075404763221741,0.31038009103548786,24,0.28703375727149444,-0.5757490992546082,-0.3816984477714228,0.018788896178625208,False,False
4,case_marking,final,13,10152,0.23071756958961487,-0.2763221859931946,-0.17882336676120758,False,False,0.0004997501249375312,0.0004997501249375312,True,False,False,0.23071756958961487,0.6982105374336243,0.23084148553868708,16,0.3304412597919981,-0.4674929678440094,-0.000624211142089852,0.024986915299099445,False,False
4,case_marking,final,14,661,-0.22891153395175934,0.08869234472513199,-0.4185154438018799,False,True,0.0004997501249375312,0.0004997501249375312,True,False,False,0.22891153395175934,0.6956459879875183,0.3380577896053019,28,0.32906325617429794,-0.46673445403575897,-0.5173006684716963,0.017066182988468365,False,True
4,case_marking,final,15,8666,0.22624368965625763,0.0,0.1414213627576828,False,True,0.0004997501249375312,0.0004997501249375312,True,False,False,0.22624368965625763,0.46572256088256836,0.15078944766383545,9,0.48579070171630534,-0.23947887122631073,0.7063963856118731,0.03704642192036422,False,True
4,case_marking,final,16,9136,0.22578983008861542,-0.07362084090709686,0.15877623856067657,False,True,0.0004997501249375312,0.0004997501249375312,True,False,False,0.22578983008861542,0.08629322797060013,0.012240385302366355,1,2.616541707832988,0.1394966021180153,8.357021489325888,0.3211051119508067,False,True
4,case_marking,final,17,7918,-0.22397442162036896,0.48000195622444153,-0.6638857126235962,False,True,0.0004997501249375312,0.0009995002498750624,True,False,False,0.22397442162036896,0.8988211750984192,0.35601871126355267,24,0.24918685476657154,-0.6748467534780502,-0.5594976357878443,0.015874910910747924,False,True
4,case_marking,final,18,3874,0.21088795363903046,0.1533477008342743,0.3062324523925781,True,True,0.0004997501249375312,0.0024987506246876563,True,True,True,0.21088795363903046,0.5491592884063721,0.10923436127203064,7,0.3840196425540118,-0.3382713347673416,0.746070909211018,0.04716766515421345,True,True
4,case_marking,final,19,443,0.20535807311534882,0.23023393750190735,0.4378608465194702,True,True,0.0004997501249375312,0.0029985007496251873,True,True,True,0.20535807311534882,0.7758102416992188,0.2901070462539792,23,0.2647014206277597,-0.5704521685838699,-0.37893260210410523,0.017826944487046206,True,True
4,case_marking,final,20,5205,0.18712350726127625,0.0,0.0,False,False,0.0004997501249375312,0.014492753623188406,True,False,False,0.18712350726127625,0.19285105168819427,0.018053170926391315,2,0.9703006834716232,-0.00572754442691803,3.655603410696223,0.20996869474952384,False,False
4,case_marking,final,21,4825,0.18348711729049683,0.7519435882568359,0.14789670705795288,True,True,0.0004997501249375312,0.019490254872563718,True,True,True,0.18348711729049683,0.8383018374443054,0.30546839595682773,26,0.21887953609869934,-0.6548147201538086,-0.528612121492203,0.015168292981920376,True,True
4,case_marking,final,22,7038,0.18011179566383362,0.3907279968261719,-0.014990309253334999,True,False,0.0004997501249375312,0.026486756621689155,True,False,False,0.18011179566383362,0.6886276006698608,0.2580442143162378,24,0.261551810425011,-0.5085158050060272,-0.4291802750257673,0.01758245572812629,True,False
4,case_marking,final,23,5219,0.17571689188480377,0.22172437608242035,0.5110170245170593,True,True,0.0004997501249375312,0.03498250874562719,True,True,True,0.17571689188480377,0.7958799600601196,0.296866765866677,25,0.22078315914818405,-0.6201630681753159,-0.6029736910690549,0.014950149445650858,True,True
4,case_marking,final,24,4731,0.17132608592510223,0.6020776033401489,0.11675422638654709,True,True,0.0009995002498750624,0.04997501249375312,True,True,True,0.17132608592510223,0.07068882882595062,0.004502751410771639,1,2.423665645203144,0.10063725709915161,10.42955004521037,0.4938299120137618,True,True
4,case_marking,final,25,8182,0.16937705874443054,-0.021753106266260147,0.0579865388572216,False,True,0.001999000499750125,0.05747126436781609,False,False,False,0.16937705874443054,0.8864492177963257,0.4178535457079609,33,0.1910736174662036,-0.7170721590518951,-0.9978974079898746,0.010286681724243829,False,True
5,morphosyntactic_alignment,mean,1,7247,-0.6954706907272339,-0.6925016641616821,-0.6649801731109619,True,True,0.0004997501249375312,0.0004997501249375312,True,True,True,0.6954706907272339,0.9016627073287964,0.441836486886948,10,0.7713202343563562,-0.2061920166015625,0.9460878107483067,0.03879439150416063,True,True
5,morphosyntactic_alignment,mean,2,9674,-0.6952507495880127,-0.6750200986862183,-0.6513240337371826,True,True,0.0004997501249375312,0.0004997501249375312,True,True,True,0.6952507495880127,0.9517326354980469,0.47783535680709743,11,0.7305105695195417,-0.2564818859100342,0.8014766892544818,0.03596590325579705,True,True
5,morphosyntactic_alignment,mean,3,2389,-0.6928341388702393,-0.6797109246253967,-0.6561022400856018,True,True,0.0004997501249375312,0.0004997501249375312,True,True,True,0.6928341388702393,0.956449031829834,0.4768769401483811,10,0.7243816615557037,-0.2636148929595947,0.7628748044104245,0.03591482498922143,True,True
5,morphosyntactic_alignment,mean,4,10551,-0.6923505663871765,-0.677083432674408,-0.6573476195335388,True,True,0.0004997501249375312,0.0004997501249375312,True,True,True,0.6923505663871765,0.9494929313659668,0.47593894065954745,10,0.7291792740269712,-0.2571423649787903,0.7831452255534181,0.035958848657209753,True,True
5,morphosyntactic_alignment,mean,5,7118,-0.692320704460144,-0.6745615005493164,-0.6444055438041687,True,True,0.0004997501249375312,0.0004997501249375312,True,True,True,0.692320704460144,0.9480860829353333,0.47552429741391766,11,0.7302297933924694,-0.2557653784751892,0.7901682916813451,0.03598757888826861,True,True
5,morphosyntactic_alignment,mean,6,14152,-0.6921901106834412,-0.6677959561347961,-0.643058180809021,True,True,0.0004997501249375312,0.0004997501249375312,True,True,True,0.6921901106834412,0.9493521451950073,0.4756913680869799,11,0.7291183931977715,-0.25716203451156616,0.7926369279605759,0.035968852145336544,True,True
5,morphosyntactic_alignment,mean,7,9810,-0.6921006441116333,-0.6740755438804626,-0.6666278839111328,True,True,0.0004997501249375312,0.0004997501249375312,True,True,True,0.6921006441116333,0.9460187554359436,0.4729071634624583,10,0.7315929416142496,-0.2539181113243103,0.8012552154314753,0.036168449572161115,True,True
5,morphosyntactic_alignment,mean,8,14169,-0.6918792724609375,-0.6761347651481628,-0.6551678776741028,True,True,0.0004997501249375312,0.0004997501249375312,True,True,True,0.6918792724609375,0.9522506594657898,0.472036850781968,10,0.726572636714245,-0.2603713870048523,0.7908857195596315,0.036221549135887196,True,True
5,morphosyntactic_alignment,mean,9,4605,-0.6916614174842834,-0.669039249420166,-0.6414999961853027,True,True,0.0004997501249375312,0.0004997501249375312,True,True,True,0.6916614174842834,0.9484656453132629,0.4526036811443285,10,0.7292424569113822,-0.2568042278289795,0.865985899082519,0.0377066831101075,True,True
5,morphosyntactic_alignment,mean,10,9375,-0.6911938190460205,-0.6834126710891724,-0.6528550982475281,True,True,0.0004997501249375312,0.0004997501249375312,True,True,True,0.6911938190460205,0.9529269933700562,0.4683604412592756,10,0.7253376427102688,-0.26173317432403564,0.7918274040290706,0.03646065655929595,True,True
5,morphosyntactic_alignment,mean,11,14174,-0.691173791885376,-0.6802931427955627,-0.6553229093551636,True,True,0.0004997501249375312,0.0004997501249375312,True,True,True,0.691173791885376,0.9456188082695007,0.4696620785279008,10,0.7309222128843189,-0.25444501638412476,0.7752394954563379,0.03636226741310954,True,True
5,morphosyntactic_alignment,mean,12,14050,-0.6911161541938782,-0.6729510426521301,-0.6433802843093872,True,True,0.0004997501249375312,0.0004997501249375312,True,True,True,0.6911161541938782,0.9486833214759827,0.4755343196268838,10,0.7285003736743514,-0.2575671672821045,0.7847446874948666,0.0359264846156157,True,True
5,morphosyntactic_alignment,mean,13,7889,-0.6910932660102844,-0.6947680711746216,-0.6558279991149902,True,True,0.0004997501249375312,0.0004997501249375312,True,True,True,0.6910932660102844,0.9531708359718323,0.47196471500091064,10,0.7250465917850505,-0.26207756996154785,0.7902695656383972,0.03618721863688508,True,True
5,morphosyntactic_alignment,mean,14,3484,-0.6910263895988464,-0.6871246695518494,-0.6565368175506592,True,True,0.0004997501249375312,0.0004997501249375312,True,True,True,0.6910263895988464,0.9533911347389221,0.47532523500148016,10,0.7248089104458455,-0.2623647451400757,0.7832761989179493,0.03593721938008486,True,True
5,morphosyntactic_alignment,mean,15,196,-0.6909283995628357,-0.6828290224075317,-0.6557786464691162,True,True,0.0004997501249375312,0.0004997501249375312,True,True,True,0.6909283995628357,0.9507599472999573,0.4766621946906432,10,0.7267117231063303,-0.2598315477371216,0.7859533137076061,0.03583513382472873,True,True
5,morphosyntactic_alignment,mean,16,10670,-0.6908150911331177,-0.6737287640571594,-0.6585984230041504,True,True,0.0004997501249375312,0.0004997501249375312,True,True,True,0.6908150911331177,0.9522292613983154,0.4739564547363,11,0.72547139553208,-0.26141417026519775,0.7942027489370745,0.03602664314419569,True,True
5,morphosyntactic_alignment,mean,17,11663,-0.6908087134361267,-0.68037348985672,-0.6561079025268555,True,True,0.0004997501249375312,0.0004997501249375312,True,True,True,0.6908087134361267,0.956190288066864,0.47343023238369286,10,0.7224594539992025,-0.2653815746307373,0.7866169456020243,0.03606492196544441,True,True
5,morphosyntactic_alignment,mean,18,6396,-0.6907795071601868,-0.6798744797706604,-0.6667776107788086,True,True,0.0004997501249375312,0.0004997501249375312,True,True,True,0.6907795071601868,0.9557846784591675,0.47400190719427204,10,0.722735489204327,-0.2650051712989807,0.8036877740114814,0.03602152423979858,True,True
5,morphosyntactic_alignment,mean,19,4491,-0.6907307505607605,-0.678684413433075,-0.6596017479896545,True,True,0.0004997501249375312,0.0004997501249375312,True,True,True,0.6907307505607605,0.9512457847595215,0.4793873887795668,11,0.7261327846360758,-0.260515034198761,0.7721125538263887,0.03562884870822715,True,True
5,morphosyntactic_alignment,mean,20,1199,-0.6907192468643188,-0.6839175224304199,-0.647868275642395,True,True,0.0004997501249375312,0.0004997501249375312,True,True,True,0.6907192468643188,0.9462456703186035,0.4716708590873541,10,0.7299576299585622,-0.25552642345428467,0.794532797647938,0.03619006025897946,True,True
5,morphosyntactic_alignment,mean,21,15633,-0.6906503438949585,-0.680725634098053,-0.6557004451751709,True,True,0.0004997501249375312,0.0004997501249375312,True,True,True,0.6906503438949585,0.9503943920135498,0.46912637924871003,10,0.726698673412534,-0.2597440481185913,0.7808609558092571,0.03637571249665262,True,True
5,morphosyntactic_alignment,mean,22,4713,-0.6906362175941467,-0.6783908009529114,-0.663793683052063,True,True,0.0004997501249375312,0.0004997501249375312,True,True,True,0.6906362175941467,0.9530263543128967,0.475534973331751,10,0.7246769351851499,-0.26239013671875,0.7893689696869125,0.035902384073002315,True,True
5,morphosyntactic_alignment,mean,23,5282,-0.6905907392501831,-0.6852015256881714,-0.6486865878105164,True,True,0.0004997501249375312,0.0004997501249375312,True,True,True,0.6905907392501831,0.9594854116439819,0.4705606616842441,11,0.7197511612677103,-0.26889467239379883,0.8092139559306725,0.03626584299250215,True,True
5,morphosyntactic_alignment,mean,24,15495,-0.6904428601264954,-0.6767975687980652,-0.6615702509880066,True,True,0.0004997501249375312,0.0004997501249375312,True,True,True,0.6904428601264954,0.9571444392204285,0.476462278706141,10,0.7213570197292738,-0.2667015790939331,0.7794420541960543,0.03582534040320843,True,True
5,morphosyntactic_alignment,mean,25,2243,-0.6904316544532776,-0.6783148050308228,-0.6570098996162415,True,True,0.0004997501249375312,0.0004997501249375312,True,True,True,0.6904316544532776,0.9564940333366394,0.4722235219982954,10,0.7218358195552687,-0.2660623788833618,0.7851325360781745,0.036134729153244366,True,True
5,morphosyntactic_alignment,final,1,164,0.7035923600196838,0.7398418188095093,0.5844929814338684,True,True,0.0004997501249375312,0.0004997501249375312,True,True,True,0.7035923600196838,0.9021463394165039,0.4164478841882486,7,0.7799093442808379,-0.19855397939682007,1.2185279043206683,0.04152197552110343,True,True
5,morphosyntactic_alignment,final,2,5159,0.6581054925918579,0.7016226649284363,0.5436592102050781,True,True,0.0004997501249375312,0.0004997501249375312,True,True,True,0.6581054925918579,0.8962443470954895,0.3383218132150479,6,0.7342924892353498,-0.2381388545036316,1.29631271149849,0.047507530881536524,True,True
5,morphosyntactic_alignment,final,3,14004,0.6438840627670288,0.7233217358589172,0.6500985026359558,True,True,0.0004997501249375312,0.0004997501249375312,True,True,True,0.6438840627670288,0.8895617127418518,0.3915368362974662,8,0.7238216905518753,-0.245677649974823,0.9254546878276294,0.040460683564335104,True,True
5,morphosyntactic_alignment,final,4,9465,0.6268479824066162,0.6795417070388794,0.5667123198509216,True,True,0.0004997501249375312,0.0004997501249375312,True,True,True,0.6268479824066162,0.887403666973114,0.4299370375676797,10,0.706384259763948,-0.2605556845664978,0.7535536636003602,0.03603735998810625,True,True
5,morphosyntactic_alignment,final,5,11776,0.6228696703910828,0.6316651105880737,0.5358168482780457,True,True,0.0004997501249375312,0.0004997501249375312,True,True,True,0.6228696703910828,0.8965377807617188,0.40085623637796974,9,0.6947500526546451,-0.273668110370636,0.8471699712868769,0.038315674065993434,True,True
5,morphosyntactic_alignment,final,6,4549,-0.6086113452911377,-0.5155141353607178,-0.5800399780273438,True,True,0.0004997501249375312,0.0004997501249375312,True,True,True,0.6086113452911377,0.8782880902290344,0.34940001345761956,9,0.6929518367172984,-0.26967674493789673,1.0632657698465473,0.04275393656541515,True,True
5,morphosyntactic_alignment,final,7,14795,0.5862019658088684,0.6207923293113708,0.5611975789070129,True,True,0.0004997501249375312,0.0004997501249375312,True,True,True,0.5862019658088684,0.8592251539230347,0.35742891975977004,9,0.6822448843965963,-0.27302318811416626,0.8748280698927228,0.04035555536956512,True,True
5,morphosyntactic_alignment,final,8,7918,0.5851941108703613,0.6048835515975952,0.6389511823654175,True,True,0.0004997501249375312,0.0004997501249375312,True,True,True,0.5851941108703613,0.8988211750984192,0.3467566679494503,8,0.6510684517487961,-0.31362706422805786,1.0196055677777278,0.04147752367592887,True,True
5,morphosyntactic_alignment,final,9,10074,0.575054407119751,0.5579180121421814,0.5178396105766296,True,True,0.0004997501249375312,0.0004997501249375312,True,True,True,0.575054407119751,0.7858825325965881,0.31777066986960095,7,0.7317307399869897,-0.21082812547683716,1.1008570147730317,0.044343731162626625,True,True
5,morphosyntactic_alignment,final,10,8182,0.5600065588951111,0.5290476083755493,0.5578798651695251,True,True,0.0004997501249375312,0.0004997501249375312,True,True,True,0.5600065588951111,0.8864492177963257,0.4078374046784563,12,0.631741274798869,-0.3264426589012146,0.606299591387864,0.03401056363562834,True,True
5,morphosyntactic_alignment,final,11,9083,-0.5202597379684448,-0.4476487934589386,-0.42676088213920593,True,True,0.0004997501249375312,0.0004997501249375312,True,True,True,0.5202597379684448,0.8635587692260742,0.33665798864781094,10,0.602460141114315,-0.3432990312576294,0.7655420970650348,0.03811448628279885,True,True
5,morphosyntactic_alignment,final,12,2734,-0.5171846747398376,-0.4145514965057373,-0.42024028301239014,True,True,0.0004997501249375312,0.0004997501249375312,True,True,True,0.5171846747398376,0.834618091583252,0.37648234258477503,12,0.6196662640738471,-0.3174334168434143,0.5752048026523507,0.03402531642313403,True,True
5,morphosyntactic_alignment,final,13,14168,0.5052688717842102,0.513942301273346,0.5127531886100769,True,True,0.0004997501249375312,0.0004997501249375312,True,True,True,0.5052688717842102,0.8737818002700806,0.3483123515362445,14,0.5782552024178516,-0.36851292848587036,0.6307696566529292,0.035861502821164404,True,True
5,morphosyntactic_alignment,final,14,3288,0.49747371673583984,0.4453269839286804,0.5645267367362976,True,True,0.0004997501249375312,0.0004997501249375312,True,True,True,0.49747371673583984,0.8191356062889099,0.34967917663594467,13,0.607315459023497,-0.32166188955307007,0.6381852662365038,0.035194557340781425,True,True
5,morphosyntactic_alignment,final,15,4825,-0.4925439655780792,-0.6004622578620911,-0.5450053215026855,True,True,0.0004997501249375312,0.0004997501249375312,True,True,True,0.4925439655780792,0.8383018374443054,0.29754386138535127,12,0.5875496671696161,-0.3457578718662262,0.8497949564543084,0.040717033907819486,True,True
5,morphosyntactic_alignment,final,16,4441,0.48375403881073,0.3339943289756775,0.4108927249908447,True,True,0.0004997501249375312,0.0004997501249375312,True,True,True,0.48375403881073,0.8246793150901794,0.3575532352551818,12,0.5865965472382814,-0.34092527627944946,0.5364771252198242,0.03352806815783085,True,True
5,morphosyntactic_alignment,final,17,12178,0.47368043661117554,0.5906078815460205,0.41370388865470886,True,True,0.0004997501249375312,0.0004997501249375312,True,True,True,0.47368043661117554,0.7508994340896606,0.2649573763020528,8,0.6308174105703428,-0.2772189974784851,1.0842020633544587,0.043830817315653206,True,True
5,morphosyntactic_alignment,final,18,12897,-0.4734288454055786,-0.5595196485519409,-0.4941765367984772,True,True,0.0004997501249375312,0.0004997501249375312,True,True,True,0.4734288454055786,0.8939337730407715,0.41528632301980484,17,0.5296016994583177,-0.42050492763519287,0.23763348639378784,0.028400739959128965,True,True
5,morphosyntactic_alignment,final,19,9622,-0.460129052400589,-0.47720175981521606,-0.4339486062526703,True,True,0.0004997501249375312,0.0004997501249375312,True,True,True,0.460129052400589,0.8516861796379089,0.3610719474366842,16,0.5402565679722677,-0.39155712723731995,0.3652019588879903,0.031641528608377066,True,True
5,morphosyntactic_alignment,final,20,8686,-0.44857698678970337,-0.5885828733444214,-0.34791240096092224,True,True,0.0004997501249375312,0.0004997501249375312,True,True,True,0.44857698678970337,0.7252227067947388,0.3414155817948855,15,0.6185368750687298,-0.2766457200050354,0.49811762846254665,0.03259110755678525,True,True
5,morphosyntactic_alignment,final,21,4257,0.445639967918396,0.48026445508003235,0.4281767010688782,True,True,0.0004997501249375312,0.0004997501249375312,True,True,True,0.445639967918396,0.6330991983413696,0.26808456510591966,9,0.7039022780093699,-0.18745923042297363,0.9686907439395716,0.04088088269378433,True,True
5,morphosyntactic_alignment,final,22,4080,-0.4429205656051636,-0.46261438727378845,-0.47700172662734985,True,True,0.0004997501249375312,0.0004997501249375312,True,True,True,0.4429205656051636,0.8348079323768616,0.31148333795583594,11,0.5305658324832659,-0.391887366771698,0.5609468840874208,0.035178193181700214,True,True
5,morphosyntactic_alignment,final,23,6047,0.43170076608657837,0.44492650032043457,0.38724184036254883,True,True,0.0004997501249375312,0.0004997501249375312,True,True,True,0.43170076608657837,0.8227211833000183,0.2892177136352238,7,0.5247230469440238,-0.39102041721343994,0.724290249016897,0.03686224091538663,True,True
5,morphosyntactic_alignment,final,24,16084,-0.36790740489959717,-0.5119616389274597,-0.49193981289863586,True,True,0.0004997501249375312,0.0004997501249375312,True,True,True,0.36790740489959717,0.686457633972168,0.30459806046042687,12,0.5359506351043272,-0.3185502290725708,0.3552446868924223,0.030040045948619774,True,True
5,morphosyntactic_alignment,final,25,15659,0.3616465628147125,0.477094829082489,0.29047897458076477,True,True,0.0004997501249375312,0.0004997501249375312,True,True,True,0.3616465628147125,0.8661643862724304,0.38788799351702136,22,0.4175264748197181,-0.5045178234577179,-0.11788156013591193,0.02334818676359709,True,True
6,transitivity_valency,mean,1,5382,0.9389743804931641,0.8023737668991089,0.07523857802152634,True,True,0.0004997501249375312,0.0004997501249375312,True,True,True,0.9389743804931641,0.754726767539978,0.19948698319972324,1,1.2441249215974395,0.18424761295318604,3.5853468863816165,0.10769330931960341,True,True
6,transitivity_valency,mean,2,164,0.9193711876869202,0.8745303153991699,0.9081817865371704,True,True,0.0004997501249375312,0.0004997501249375312,True,True,True,0.9193711876869202,0.9246817231178284,0.3832304196832224,2,0.9942569045130445,-0.005310535430908203,2.040776719676508,0.05794834339412068,True,True
6,transitivity_valency,mean,3,6102,-0.9179275035858154,-0.9451308846473694,-0.9431877732276917,True,True,0.0004997501249375312,0.0004997501249375312,True,True,True,0.9179275035858154,0.8660228848457336,0.3953790152684236,1,1.0599344655301202,0.05190461874008179,2.009991692480142,0.05618459099868213,True,True
6,transitivity_valency,mean,4,15327,-0.9120808839797974,-0.937717616558075,-0.9255803823471069,True,True,0.0004997501249375312,0.0004997501249375312,True,True,True,0.9120808839797974,0.9604768753051758,0.46110729347818935,2,0.9496125387610177,-0.04839599132537842,1.6706202425853631,0.04827034011264116,True,True
6,transitivity_valency,mean,5,11416,-0.9117407202720642,-0.9378063082695007,-0.9261860847473145,True,True,0.0004997501249375312,0.0004997501249375312,True,True,True,0.9117407202720642,0.9553197026252747,0.4664123307059829,2,0.9543828288755556,-0.04357898235321045,1.6626502275454575,0.04773056405375509,True,True
6,transitivity_valency,mean,6,5719,-0.9115983843803406,-0.937693178653717,-0.914797306060791,True,True,0.0004997501249375312,0.0004997501249375312,True,True,True,0.9115983843803406,0.9553016424179077,0.46364220895637304,2,0.954251875955167,-0.04370325803756714,1.6444047278221476,0.04799491655031898,True,True
6,transitivity_valency,mean,7,14054,-0.9115856289863586,-0.9395589232444763,-0.9255645275115967,True,True,0.0004997501249375312,0.0004997501249375312,True,True,True,0.9115856289863586,0.9491816759109497,0.46952265596542603,2,0.9603910948991832,-0.037596046924591064,1.6737490929686596,0.04742168699071038,True,True
6,transitivity_valency,mean,8,3570,-0.9115380048751831,-0.9376912117004395,-0.925592303276062,True,True,0.0004997501249375312,0.0004997501249375312,True,True,True,0.9115380048751831,0.924728274345398,0.45288967668341523,3,0.9857360590822726,-0.013190269470214844,1.738923657410097,0.04907539855420535,True,True
6,transitivity_valency,mean,9,12989,-0.9115298986434937,-0.9368141889572144,-0.9259490966796875,True,True,0.0004997501249375312,0.0004997501249375312,True,True,True,0.9115298986434937,0.9549714922904968,0.470651181271443,2,0.9545100623445747,-0.043441593647003174,1.6682336012821184,0.04731060368148829,True,True
6,transitivity_valency,mean,10,11774,-0.9115170240402222,-0.9377030730247498,-0.9255714416503906,True,True,0.0004997501249375312,0.0004997501249375312,True,True,True,0.9115170240402222,0.9554430246353149,0.46666886714788586,2,0.9540255154284485,-0.04392600059509277,1.6809898437813715,0.0476944310499447,True,True
6,transitivity_valency,mean,11,6410,-0.911375105381012,-0.9377128481864929,-0.9255704283714294,True,True,0.0004997501249375312,0.0004997501249375312,True,True,True,0.911375105381012,0.9588044285774231,0.46706456939379376,2,0.9505328492623026,-0.04742932319641113,1.6784495944121152,0.047648883199534725,True,True
6,transitivity_valency,mean,12,12235,-0.9113726019859314,-0.9375446438789368,-0.927451491355896,True,True,0.0004997501249375312,0.0004997501249375312,True,True,True,0.9113726019859314,0.9547118544578552,0.4726744142289345,2,0.9546048870456997,-0.04333925247192383,1.6629649839205212,0.047109889597425174,True,True
6,transitivity_valency,mean,13,1525,-0.9113550186157227,-0.9329890608787537,-0.9253329634666443,True,True,0.0004997501249375312,0.0004997501249375312,True,True,True,0.9113550186157227,0.9583964943885803,0.4730130249682145,2,0.9509164776287414,-0.047041475772857666,1.6759239831209656,0.04707688767540907,True,True
6,transitivity_valency,mean,14,5634,-0.9113544225692749,-0.9382474422454834,-0.9260259866714478,True,True,0.0004997501249375312,0.0004997501249375312,True,True,True,0.9113544225692749,0.9607411026954651,0.4612351653094475,2,0.9485952250948456,-0.049386680126190186,1.6656056175658074,0.04822102040312951,True,True
6,transitivity_valency,mean,15,6549,-0.9113107323646545,-0.9376866221427917,-0.9257280230522156,True,True,0.0004997501249375312,0.0004997501249375312,True,True,True,0.9113107323646545,0.9580584168434143,0.46107212578256923,2,0.9512058099413365,-0.046747684478759766,1.6908697795738952,0.04823504836104903,True,True
6,transitivity_valency,mean,16,13651,-0.9112589955329895,-0.9377359747886658,-0.9274381995201111,True,True,0.0004997501249375312,0.0004997501249375312,True,True,True,0.9112589955329895,0.9496700763702393,0.4630395020238864,2,0.9595532366523942,-0.038411080837249756,1.6562724939755715,0.04803735495232351,True,True
6,transitivity_valency,mean,17,4332,-0.9112589359283447,-0.9377313852310181,-0.9255906939506531,True,True,0.0004997501249375312,0.0004997501249375312,True,True,True,0.9112589359283447,0.9472955465316772,0.45890075952196735,2,0.9619584291984978,-0.03603661060333252,1.6830063900075578,0.048449601790866124,True,True
6,transitivity_valency,mean,18,15185,-0.9112468361854553,-0.9377239942550659,-0.9253511428833008,True,True,0.0004997501249375312,0.0004997501249375312,True,True,True,0.9112468361854553,0.9540756940841675,0.47116561148029107,2,0.9551095807551997,-0.04282885789871216,1.6529427459715338,0.04724740715804796,True,True
6,transitivity_valency,mean,19,12144,-0.9112142324447632,-0.9376890659332275,-0.9255581498146057,True,True,0.0004997501249375312,0.0004997501249375312,True,True,True,0.9112142324447632,0.9486093521118164,0.44284486656005567,2,0.960579010122762,-0.03739511966705322,1.8997312039331036,0.050115829503415546,True,True
6,transitivity_valency,mean,20,4355,-0.9111737012863159,-0.9376797080039978,-0.9246060848236084,True,True,0.0004997501249375312,0.0004997501249375312,True,True,True,0.9111737012863159,0.9538317918777466,0.4676340485517031,2,0.9552771348631057,-0.042658090591430664,1.6707980957154362,0.04758360142879529,True,True
6,transitivity_valency,mean,21,13198,-0.9111713171005249,-0.9377196431159973,-0.9255951642990112,True,True,0.0004997501249375312,0.0004997501249375312,True,True,True,0.9111713171005249,0.9540050625801086,0.46912205677766067,2,0.9551011339879688,-0.04283374547958374,1.661081304701882,0.0474397128770688,True,True
6,transitivity_valency,mean,22,4567,-0.9111703038215637,-0.9379771947860718,-0.9255930185317993,True,True,0.0004997501249375312,0.0004997501249375312,True,True,True,0.9111703038215637,0.9551113843917847,0.46708391692775947,2,0.9539937631481561,-0.04394108057022095,1.660406728499267,0.047636806486502606,True,True
6,transitivity_valency,mean,23,12059,-0.9111669659614563,-0.937703013420105,-0.9255857467651367,True,True,0.0004997501249375312,0.0004997501249375312,True,True,True,0.9111669659614563,0.9372363686561584,0.4646650208876683,2,0.9721848153074967,-0.02606940269470215,1.7096296514147706,0.047872749727969746,True,True
6,transitivity_valency,mean,24,14506,-0.911163330078125,-0.9377220273017883,-0.9255565404891968,True,True,0.0004997501249375312,0.0004997501249375312,True,True,True,0.911163330078125,0.9545143842697144,0.46807146015075535,2,0.954583131583966,-0.043351054191589355,1.6533309112583752,0.04754073327744772,True,True
6,transitivity_valency,mean,25,5045,-0.9111578464508057,-0.937703013420105,-0.9255877733230591,True,True,0.0004997501249375312,0.0004997501249375312,True,True,True,0.9111578464508057,0.9581118226051331,0.4733136679786138,2,0.9509932191143846,-0.04695397615432739,1.633996215742923,0.04703869174694409,True,True
6,transitivity_valency,final,1,164,0.9021463394165039,0.908086895942688,0.9524035453796387,True,True,0.0004997501249375312,0.0004997501249375312,True,True,True,0.9021463394165039,0.8741528391838074,0.411356756511407,1,1.0320235764020786,0.027993500232696533,2.163401905402608,0.053239489724784934,True,True
6,transitivity_valency,final,2,8182,0.8864492177963257,0.8342994451522827,0.8102293610572815,True,True,0.0004997501249375312,0.0004997501249375312,True,True,True,0.8864492177963257,0.8506132960319519,0.39946708009124565,1,1.0421295104738495,0.03583592176437378,2.0308499293483058,0.05383622218835784,True,True
6,transitivity_valency,final,3,4549,-0.8782880902290344,-0.8124581575393677,-0.9026859402656555,True,True,0.0004997501249375312,0.0004997501249375312,True,True,True,0.8782880902290344,0.7775448560714722,0.34248522512587865,1,1.1295658165196605,0.10074323415756226,2.3102137434926697,0.061698280169011736,True,True
6,transitivity_valency,final,4,9465,0.8668955564498901,0.87021803855896,0.9275674223899841,True,True,0.0004997501249375312,0.0004997501249375312,True,True,True,0.8668955564498901,0.887403666973114,0.4237819715665701,2,0.976889761349335,-0.020508110523223877,1.7482887868319676,0.04983764503785158,True,True
6,transitivity_valency,final,5,8003,0.8593583106994629,0.4737837016582489,0.8325753211975098,True,True,0.0004997501249375312,0.0004997501249375312,True,True,True,0.8593583106994629,0.8795605897903442,0.3345399847588478,2,0.9770313957612666,-0.020202279090881348,2.25841450788658,0.061795807391326195,True,True
6,transitivity_valency,final,6,15059,-0.8575511574745178,-0.6837788224220276,-0.9080808162689209,True,True,0.0004997501249375312,0.0004997501249375312,True,True,True,0.8575511574745178,0.8713855743408203,0.3756127002266928,2,0.9841236563082102,-0.01383441686630249,1.9427324082164337,0.05530288060113357,True,True
6,transitivity_valency,final,7,7912,0.8450190424919128,0.75495445728302,0.840498149394989,True,True,0.0004997501249375312,0.0004997501249375312,True,True,True,0.8450190424919128,0.773054838180542,0.28314796947420406,1,1.0930906848481092,0.07196420431137085,2.731578116132595,0.07108293913445578,True,True
6,transitivity_valency,final,8,15282,0.8384048938751221,0.8244937062263489,0.7667770385742188,True,True,0.0004997501249375312,0.0004997501249375312,True,True,True,0.8384048938751221,0.7936728000640869,0.24981284227508765,1,1.0563608754229994,0.044732093811035156,3.0432114374197115,0.07923603773274719,True,True
6,transitivity_valency,final,9,4825,-0.8383018374443054,-0.7244331240653992,-0.844035267829895,True,True,0.0004997501249375312,0.0004997501249375312,True,True,True,0.8383018374443054,0.6566018462181091,0.2886782749272429,1,1.2767278104268982,0.1816999912261963,2.5659831741603396,0.06929973104055072,True,True
6,transitivity_valency,final,10,2734,-0.834618091583252,-0.85011887550354,-0.7612109184265137,True,True,0.0004997501249375312,0.0004997501249375312,True,True,True,0.834618091583252,0.8101010918617249,0.3683430242041747,1,1.03026412378384,0.0245169997215271,1.9924661528290388,0.05490909929393729,True,True
6,transitivity_valency,final,11,4441,0.8246793150901794,0.7680221796035767,0.8787477612495422,True,True,0.0004997501249375312,0.0004997501249375312,True,True,True,0.8246793150901794,0.8040516376495361,0.34881156150442666,1,1.0256546675297418,0.02062767744064331,2.129504298978296,0.05715694767669918,True,True
6,transitivity_valency,final,12,6047,0.8227211833000183,0.3542541563510895,0.7330965399742126,True,True,0.0004997501249375312,0.0004997501249375312,True,True,True,0.8227211833000183,0.725066065788269,0.27919154909128946,1,1.1346844406593235,0.09765511751174927,3.0556574658154094,0.07025085162557955,True,True
6,transitivity_valency,final,13,11776,0.8123617768287659,0.8834471702575684,0.9705758094787598,True,True,0.0004997501249375312,0.0004997501249375312,True,True,True,0.8123617768287659,0.8965377807617188,0.3959974644180292,4,0.9061099200287632,-0.08417600393295288,1.6269369810359464,0.04997223423175993,True,True
6,transitivity_valency,final,14,10074,0.7840964794158936,0.7090729475021362,0.8731773495674133,True,True,0.0004997501249375312,0.0004997501249375312,True,True,True,0.7840964794158936,0.7858825325965881,0.31241061673380244,2,0.9977273280590759,-0.00178605318069458,2.096666113755767,0.06046343277835245,True,True
6,transitivity_valency,final,15,4080,-0.7822822332382202,-0.7999861836433411,-0.9331555366516113,True,True,0.0004997501249375312,0.0004997501249375312,True,True,True,0.7822822332382202,0.8348079323768616,0.3027817567344755,3,0.9370804982781005,-0.05252569913864136,2.1563572184518898,0.06213140156602644,True,True
6,transitivity_valency,final,16,4923,-0.7814890742301941,-0.32417812943458557,-0.6747450828552246,True,True,0.0004997501249375312,0.0004997501249375312,True,True,True,0.7814890742301941,0.7728185653686523,0.2825183724650206,1,1.0112193330363457,0.008670508861541748,2.2724143071807688,0.06622954001546906,True,True
6,transitivity_valency,final,17,7918,0.7617815136909485,0.7915316820144653,0.7150481343269348,True,True,0.0004997501249375312,0.0004997501249375312,True,True,True,0.7617815136909485,0.8988211750984192,0.34222878582584554,2,0.8475340087615703,-0.1370396614074707,1.8464528846340968,0.05399372649702028,True,True
6,transitivity_valency,final,18,9622,-0.750960648059845,0.1336236298084259,-0.7313496470451355,False,True,0.0004997501249375312,0.0004997501249375312,True,False,False,0.750960648059845,0.8516861796379089,0.35361472703516483,6,0.8817339837299144,-0.10072553157806396,1.5042833290090805,0.05164104006339538,False,True
6,transitivity_valency,final,19,15659,0.7384722828865051,0.39714252948760986,0.6120814085006714,True,True,0.0004997501249375312,0.0004997501249375312,True,True,True,0.7384722828865051,0.8661643862724304,0.3782257955664626,3,0.8525775182982842,-0.1276921033859253,1.675250340260157,0.04767635186790882,True,True
6,transitivity_valency,final,20,5159,0.7356705069541931,0.8405546545982361,0.9578049182891846,True,True,0.0004997501249375312,0.0004997501249375312,True,True,True,0.7356705069541931,0.8962443470954895,0.3363329666929367,5,0.8208369841754904,-0.1605738401412964,1.6386854137590485,0.05310681907564185,True,True
6,transitivity_valency,final,21,471,-0.7320502996444702,0.0,-0.2432701140642166,False,True,0.0004997501249375312,0.0004997501249375312,True,False,False,0.7320502996444702,0.5720118880271912,0.10676973049218456,1,1.2797816181220196,0.16003841161727905,5.693563310930255,0.14951794627460993,False,True
6,transitivity_valency,final,22,3288,0.718691349029541,0.021866491064429283,0.7895533442497253,True,True,0.0004997501249375312,0.0004997501249375312,True,True,True,0.718691349029541,0.8191356062889099,0.34400692965405494,2,0.8773777424785242,-0.1004442572593689,1.6658353169515976,0.05084494525602233,True,True
6,transitivity_valency,final,23,16378,-0.7158188223838806,0.1563551425933838,-0.10484368354082108,False,True,0.0004997501249375312,0.0004997501249375312,True,False,False,0.7158188223838806,0.8632649779319763,0.288434502047797,2,0.8291994239111665,-0.1474461555480957,2.094350709540917,0.0598272392433729,False,True
6,transitivity_valency,final,24,14004,0.7035115361213684,0.7684846520423889,0.8839876055717468,True,True,0.0004997501249375312,0.0004997501249375312,True,True,True,0.7035115361213684,0.8895617127418518,0.39000792672427803,7,0.790851861140662,-0.1860501766204834,1.1566659619157091,0.04420758222302062,True,True
6,transitivity_valency,final,25,10152,0.6982105374336243,-0.1365419179201126,0.15592846274375916,False,True,0.0004997501249375312,0.0004997501249375312,True,False,False,0.6982105374336243,0.6884614825248718,0.21885448636319965,1,1.0141606395654825,0.009749054908752441,2.6184975241613007,0.07561681405895827,False,True
7,voice_and_agent_prominence,mean,1,13189,0.9563233852386475,0.9921397566795349,0.7009090185165405,True,True,0.0004997501249375312,0.0004997501249375312,True,True,True,0.9563233852386475,0.6953719854354858,0.16590398964352715,1,1.3752687845768439,0.2609513998031616,4.843411298088998,0.1287703783453985,True,True
7,voice_and_agent_prominence,mean,2,2491,0.9547025561332703,0.9897872805595398,0.6963909268379211,True,True,0.0004997501249375312,0.0004997501249375312,True,True,True,0.9547025561332703,0.6685181856155396,0.13357881578401878,1,1.4280876372184637,0.2861843705177307,5.750016379818967,0.15487666330386007,True,True
7,voice_and_agent_prominence,mean,3,4804,0.9534234404563904,0.9882604479789734,0.6981097459793091,True,True,0.0004997501249375312,0.0004997501249375312,True,True,True,0.9534234404563904,0.699180543422699,0.1729327710942389,1,1.3636298226908545,0.2542428970336914,4.078408363580787,0.12385658929110367,True,True
7,voice_and_agent_prominence,mean,4,3449,-0.9526724815368652,-0.9222827553749084,-0.7074192762374878,True,True,0.0004997501249375312,0.0004997501249375312,True,True,True,0.9526724815368652,0.8857571482658386,0.2587393011870937,1,1.0755459139133514,0.06691533327102661,3.4642214291634916,0.08626540775620727,True,True
7,voice_and_agent_prominence,mean,5,1349,0.9490667581558228,0.9861501455307007,0.6996520161628723,True,True,0.0004997501249375312,0.0004997501249375312,True,True,True,0.9490667581558228,0.674236536026001,0.1489315431397886,1,1.4076169229120852,0.2748302221298218,5.125016500982878,0.1404485730966234,True,True
7,voice_and_agent_prominence,mean,6,11197,0.939240038394928,0.9837477207183838,0.6987980604171753,True,True,0.0004997501249375312,0.0004997501249375312,True,True,True,0.939240038394928,0.6804637312889099,0.15250614962468928,1,1.3802940483188624,0.25877630710601807,5.131383049109096,0.13637908860076883,True,True
7,voice_and_agent_prominence,mean,7,4871,0.9383845925331116,0.9710099101066589,0.7020074725151062,True,True,0.0004997501249375312,0.0004997501249375312,True,True,True,0.9383845925331116,0.6942877769470215,0.1520564272426642,1,1.351578731026279,0.2440968155860901,5.036080951262987,0.1366197779739897,True,True
7,voice_and_agent_prominence,mean,8,5482,-0.9323533177375793,-0.9103079438209534,-0.6473486423492432,True,True,0.0004997501249375312,0.0004997501249375312,True,True,True,0.9323533177375793,0.8427444100379944,0.2522847530706666,1,1.1063298749089834,0.08960890769958496,3.250899276656642,0.08655775831179738,True,True
7,voice_and_agent_prominence,mean,9,15885,0.9308505058288574,0.9779292941093445,0.7064136266708374,True,True,0.0004997501249375312,0.0004997501249375312,True,True,True,0.9308505058288574,0.7013970017433167,0.1485678758054303,1,1.3271378456355472,0.22945350408554077,5.0545235139449405,0.13841648021015313,True,True
7,voice_and_agent_prominence,mean,10,10398,0.929797351360321,0.9603086709976196,0.6913593411445618,True,True,0.0004997501249375312,0.0004997501249375312,True,True,True,0.929797351360321,0.6554080247879028,0.1667455015465235,1,1.4186542065322034,0.2743893265724182,4.876829824664566,0.1250926105560756,True,True
7,voice_and_agent_prominence,mean,11,3409,0.9236767292022705,0.9572762846946716,0.695814847946167,True,True,0.0004997501249375312,0.0004997501249375312,True,True,True,0.9236767292022705,0.7776059508323669,0.24114006043722233,1,1.1878467856547987,0.14607077836990356,3.860205554526479,0.0894330257840565,True,True
7,voice_and_agent_prominence,mean,12,12780,0.9178791642189026,0.9712722897529602,0.0641661211848259,True,True,0.0004997501249375312,0.0004997501249375312,True,True,True,0.9178791642189026,0.6493298411369324,0.12144697746500754,1,1.4135792105469211,0.2685493230819702,5.215155170500426,0.16233261981815436,True,True
7,voice_and_agent_prominence,mean,13,260,-0.9172806739807129,-0.9294523596763611,-0.7694326639175415,True,True,0.0004997501249375312,0.0004997501249375312,True,True,True,0.9172806739807129,0.8347193598747253,0.29528103921657955,1,1.0989090682147091,0.08256131410598755,2.6038594445519108,0.07377647219840452,True,True
7,voice_and_agent_prominence,mean,14,701,0.9145583510398865,0.9588680863380432,0.6551699638366699,True,True,0.0004997501249375312,0.0004997501249375312,True,True,True,0.9145583510398865,0.7055163979530334,0.1632479047163939,1,1.2962963776509828,0.20904195308685303,5.3474850926118,0.12560498345791335,True,True
7,voice_and_agent_prominence,mean,15,3638,0.9139800667762756,0.9703490734100342,0.774048924446106,True,True,0.0004997501249375312,0.0004997501249375312,True,True,True,0.9139800667762756,0.6778869032859802,0.20969080046201363,1,1.3482781011786191,0.2360931634902954,4.4677458926114575,0.1005266145786812,True,True
7,voice_and_agent_prominence,mean,16,12096,0.9071592092514038,0.9608224034309387,0.6851579546928406,True,True,0.0004997501249375312,0.0004997501249375312,True,True,True,0.9071592092514038,0.6238492727279663,0.20046285394197091,1,1.454132029816402,0.2833099365234375,4.913604032217903,0.10396989366629204,True,True
7,voice_and_agent_prominence,mean,17,8006,0.9062565565109253,0.9400318264961243,0.7348819971084595,True,True,0.0004997501249375312,0.0004997501249375312,True,True,True,0.9062565565109253,0.8794347047805786,0.2688081516430546,1,1.030498968922359,0.02682185173034668,2.8689493095669634,0.0795675593797755,True,True
7,voice_and_agent_prominence,mean,18,10996,0.8707354664802551,0.9094770550727844,0.22496700286865234,True,True,0.0004997501249375312,0.0004997501249375312,True,True,True,0.8707354664802551,0.5300090909004211,0.1224188488931992,1,1.6428689270234615,0.340726375579834,6.042995733385587,0.15424704707791145,True,True
7,voice_and_agent_prominence,mean,19,11000,-0.86976158618927,-0.9650688171386719,-0.3604445159435272,True,True,0.0004997501249375312,0.0004997501249375312,True,True,True,0.86976158618927,0.8972353935241699,0.22872008829831314,2,0.9693794877763482,-0.027473807334899902,3.056851862356422,0.08884324353854992,True,True
7,voice_and_agent_prominence,mean,20,10373,0.8638941049575806,0.930048406124115,0.47372353076934814,True,True,0.0004997501249375312,0.0004997501249375312,True,True,True,0.8638941049575806,0.7561904191970825,0.142354588298939,1,1.142429318100667,0.10770368576049805,4.850967339262945,0.13465264918876335,True,True
7,voice_and_agent_prominence,mean,21,8628,-0.856675386428833,-0.8670901656150818,-0.5954972505569458,True,True,0.0004997501249375312,0.0004997501249375312,True,True,True,0.856675386428833,0.8735456466674805,0.3221183915932973,2,0.9806876031000711,-0.01687026023864746,2.4267325371673847,0.06383908662144694,True,True
7,voice_and_agent_prominence,mean,22,8235,0.8548974990844727,0.9214052557945251,0.622924268245697,True,True,0.0004997501249375312,0.0004997501249375312,True,True,True,0.8548974990844727,0.5159035921096802,0.16483449857108867,1,1.6570877042909269,0.3389939069747925,5.155775273232984,0.11737546456160626,True,True
7,voice_and_agent_prominence,mean,23,16307,-0.8546121716499329,-0.7960842251777649,-0.5237216353416443,True,True,0.0004997501249375312,0.0004997501249375312,True,True,True,0.8546121716499329,0.7473863959312439,0.20926223666622087,1,1.1434676578305731,0.10722577571868896,3.953429388579841,0.0947900837159082,True,True
7,voice_and_agent_prominence,mean,24,14043,-0.8543338179588318,-0.8825355768203735,-0.8125735521316528,True,True,0.0004997501249375312,0.0004997501249375312,True,True,True,0.8543338179588318,0.8789437413215637,0.37221196073835766,4,0.9720005704509268,-0.024609923362731934,1.8762235287622653,0.055582332636353315,True,True
7,voice_and_agent_prominence,mean,25,2054,-0.8479841947555542,-0.8221443295478821,-0.224424347281456,True,True,0.0004997501249375312,0.0004997501249375312,True,True,True,0.8479841947555542,0.6698318719863892,0.19885378588850683,1,1.265965729938848,0.17815232276916504,3.931471820424178,0.0985651998959906,True,True
7,voice_and_agent_prominence,final,1,15282,-0.7936728000640869,-0.8576043844223022,-0.8378788232803345,True,True,0.0004997501249375312,0.0004997501249375312,True,True,True,0.7936728000640869,0.8384048938751221,0.2509598190394732,2,0.9466461919082049,-0.044732093811035156,2.757350081484406,0.07500849338159996,True,True
7,voice_and_agent_prominence,final,2,10074,-0.7858825325965881,-0.8119274973869324,-0.440500944852829,True,True,0.0004997501249375312,0.0004997501249375312,True,True,True,0.7858825325965881,0.7840964794158936,0.31236482049840003,1,1.00227784874385,0.00178605318069458,2.1057331667580086,0.06060115933275547,True,True
7,voice_and_agent_prominence,final,3,443,0.7753692865371704,0.9110001921653748,0.0642070546746254,True,True,0.0004997501249375312,0.0004997501249375312,True,True,True,0.7753692865371704,0.7758102416992188,0.27549137411495817,2,0.9994316198235763,-0.00044095516204833984,2.3886975334848732,0.06730909098613687,True,True
7,voice_and_agent_prominence,final,4,14004,-0.7350976467132568,-0.8758082985877991,-0.7998847961425781,True,True,0.0004997501249375312,0.0004997501249375312,True,True,True,0.7350976467132568,0.8895617127418518,0.38919802645269114,5,0.826359358978594,-0.15446406602859497,1.2809780717023111,0.0461924048014743,True,True
7,voice_and_agent_prominence,final,5,6047,-0.725066065788269,-0.7364169955253601,-0.6173073649406433,True,True,0.0004997501249375312,0.0004997501249375312,True,True,True,0.725066065788269,0.8227211833000183,0.2816955264633856,2,0.8813022935424555,-0.09765511751174927,2.398306068044347,0.061912236660934,True,True
7,voice_and_agent_prominence,final,6,7918,-0.7016059756278992,-0.7976640462875366,-0.5640093684196472,True,True,0.0004997501249375312,0.0004997501249375312,True,True,True,0.7016059756278992,0.8988211750984192,0.3437717483402827,5,0.7805846091143488,-0.19721519947052002,1.5563837584943445,0.049728590778190716,True,True
7,voice_and_agent_prominence,final,7,6102,0.6902041435241699,0.5814056396484375,0.3475582003593445,True,True,0.0004997501249375312,0.0004997501249375312,True,True,True,0.6902041435241699,0.6964392066001892,0.31630305009774673,4,0.9910472256344426,-0.006235063076019287,1.8926987401290443,0.05298655916442453,True,True
7,voice_and_agent_prominence,final,8,1828,0.6733402013778687,0.8787626028060913,0.05424901843070984,True,True,0.0004997501249375312,0.0004997501249375312,True,True,True,0.6733402013778687,0.7534714341163635,0.280022074516194,3,0.8936506029157308,-0.08013123273849487,1.751882632495421,0.05807560134020392,True,True
7,voice_and_agent_prominence,final,9,4923,0.6624754667282104,0.644560694694519,0.27385491132736206,True,True,0.0004997501249375312,0.0004997501249375312,True,True,True,0.6624754667282104,0.7814890742301941,0.2855700034266099,5,0.8477091856732379,-0.11901360750198364,1.6696629237524394,0.0561433894340264,True,True
7,voice_and_agent_prominence,final,10,16200,-0.6037888526916504,-0.5889122486114502,-0.24463045597076416,True,True,0.0004997501249375312,0.0004997501249375312,True,True,True,0.6037888526916504,0.5229074954986572,0.1688178784530371,1,1.1546762245506976,0.08088135719299316,3.583545730925417,0.084003230421173,True,True
7,voice_and_agent_prominence,final,11,10152,-0.592023491859436,-0.6949745416641235,-0.3287413418292999,True,True,0.0004997501249375312,0.0004997501249375312,True,True,True,0.592023491859436,0.6982105374336243,0.22157723112151217,4,0.8479154354150907,-0.10618704557418823,1.9554785896593396,0.06411666381750356,True,True
7,voice_and_agent_prominence,final,12,8006,-0.5444156527519226,-0.8043453097343445,-0.5012455582618713,True,True,0.0004997501249375312,0.0004997501249375312,True,True,True,0.5444156527519226,0.8792972564697266,0.20605646749176323,5,0.6191485856986366,-0.33488160371780396,1.4793624659672637,0.0634471386621268,True,True
7,voice_and_agent_prominence,final,13,12178,-0.5437372922897339,-0.741312563419342,-0.5116217732429504,True,True,0.0004997501249375312,0.0004997501249375312,True,True,True,0.5437372922897339,0.7508994340896606,0.2631610466692692,5,0.7241146651667463,-0.20716214179992676,1.475507609095679,0.05031335069812545,True,True
7,voice_and_agent_prominence,final,14,1633,-0.5419049859046936,-0.7521820664405823,-0.8126688003540039,True,True,0.0004997501249375312,0.0004997501249375312,True,True,True,0.5419049859046936,0.6665946841239929,0.19110787122582013,3,0.8129452556568755,-0.12468969821929932,1.7979669921822636,0.0677795368425482,True,True
7,voice_and_agent_prominence,final,15,15659,-0.5383752584457397,-0.4071871340274811,-0.2233598232269287,True,True,0.0004997501249375312,0.0004997501249375312,True,True,True,0.5383752584457397,0.8661643862724304,0.38335648850084114,11,0.6215624504750847,-0.3277891278266907,0.7006208607459066,0.03475793046464316,True,True
7,voice_and_agent_prominence,final,16,8074,-0.5295006036758423,-0.5827828645706177,-0.19916151463985443,True,True,0.0004997501249375312,0.0004997501249375312,True,True,True,0.5295006036758423,0.42229515314102173,0.13306289394863713,1,1.2538637958248606,0.10720545053482056,3.704038816163937,0.09258697533891998,True,True
7,voice_and_agent_prominence,final,17,6858,0.5257919430732727,0.3951299488544464,-0.057051125913858414,True,False,0.0004997501249375312,0.0004997501249375312,True,False,False,0.5257919430732727,0.6357273459434509,0.18146468167646956,4,0.8270714582726835,-0.10993540287017822,1.907108004497998,0.06915662948799178,True,False
7,voice_and_agent_prominence,final,18,164,-0.5059097409248352,0.33161455392837524,-0.9364444613456726,False,True,0.0004997501249375312,0.0004997501249375312,True,False,False,0.5059097409248352,0.9021463394165039,0.42151666929324466,13,0.560784563236216,-0.3962365984916687,0.35205642885333216,0.02985588399223253,False,True
7,voice_and_agent_prominence,final,19,13191,-0.5036250948905945,-0.7086768746376038,-0.4012543857097626,True,True,0.0004997501249375312,0.0004997501249375312,True,True,True,0.5036250948905945,0.6982070207595825,0.3061866944608016,9,0.7213119890182406,-0.19458192586898804,1.124065444900085,0.04046837217190281,True,True
7,voice_and_agent_prominence,final,20,12289,-0.4766992926597595,-0.5798432230949402,-0.015712663531303406,True,True,0.0004997501249375312,0.0004997501249375312,True,True,True,0.4766992926597595,0.5974169969558716,0.1819220612434527,3,0.7979339307197031,-0.12071770429611206,2.0961567098273517,0.06295836219980233,True,True
7,voice_and_agent_prominence,final,21,8003,-0.461467981338501,0.027018744498491287,-0.6832999587059021,False,True,0.0004997501249375312,0.0004997501249375312,True,False,False,0.461467981338501,0.8795605897903442,0.34474230089630836,13,0.5246574104104623,-0.41809260845184326,0.4736985244250421,0.033183814175075904,False,True
7,voice_and_agent_prominence,final,22,9531,-0.4451241195201874,-0.47155043482780457,-0.685985803604126,True,True,0.0004997501249375312,0.0004997501249375312,True,True,True,0.4451241195201874,0.7930421233177185,0.2516109525011136,8,0.5612868553034681,-0.34791800379753113,0.8676168557075524,0.04339308190607207,True,True
7,voice_and_agent_prominence,final,23,14465,-0.444758802652359,-0.730577826499939,0.34837642312049866,True,False,0.0004997501249375312,0.0004997501249375312,True,False,False,0.444758802652359,0.791212797164917,0.2735537254036619,9,0.5621228628328864,-0.346453994512558,0.8212623585196597,0.04002021342203841,True,False
7,voice_and_agent_prominence,final,24,5219,0.4342612624168396,0.7187307476997375,0.27286040782928467,True,True,0.0004997501249375312,0.0004997501249375312,True,True,True,0.4342612624168396,0.7958799600601196,0.2902374230325222,11,0.5456366339265989,-0.36161869764328003,0.718205189072736,0.03694733444206918,True,True
7,voice_and_agent_prominence,final,25,15059,0.4274462163448334,-0.5469574332237244,0.6497093439102173,False,True,0.0004997501249375312,0.0004997501249375312,True,False,False,0.4274462163448334,0.8713855743408203,0.38664103205053085,18,0.4905362550535507,-0.44393935799598694,0.15710967522335875,0.027565710639982508,False,True
8,causativity_and_valency_change,mean,1,164,0.9175019264221191,0.9380320906639099,0.8658102750778198,True,True,0.0004997501249375312,0.0004997501249375312,True,True,True,0.9175019264221191,0.9246817231178284,0.38327834945924294,3,0.9922353859536658,-0.0071797966957092285,2.0327038880846096,0.057830523089202765,True,True
8,causativity_and_valency_change,mean,2,8182,0.8939546346664429,0.9339605569839478,0.7827286124229431,True,True,0.0004997501249375312,0.0004997501249375312,True,True,True,0.8939546346664429,0.9005430340766907,0.42844346125060934,2,0.9926839704923122,-0.006588399410247803,1.793651285919563,0.05078350042119877,True,True
8,causativity_and_valency_change,mean,3,5159,0.8889318704605103,0.9293035268783569,0.8636453747749329,True,True,0.0004997501249375312,0.0004997501249375312,True,True,True,0.8889318704605103,0.9574276208877563,0.386538951120411,4,0.9284585602787031,-0.0684957504272461,1.854562833245007,0.055683700886854814,True,True
8,causativity_and_valency_change,mean,4,16378,-0.8733323812484741,-0.9259907603263855,-0.8388351798057556,True,True,0.0004997501249375312,0.0004997501249375312,True,True,True,0.8733323812484741,0.8998180031776428,0.41341813601171357,2,0.9705655789997126,-0.0264856219291687,2.0151028949559406,0.051382649594141454,True,True
8,causativity_and_valency_change,mean,5,7247,-0.8697184920310974,-0.9399282336235046,-0.8530088663101196,True,True,0.0004997501249375312,0.0004997501249375312,True,True,True,0.8697184920310974,0.9016627073287964,0.4373685945458233,2,0.9645718792204074,-0.031944215297698975,1.6492142684221245,0.04851419352119848,True,True
8,causativity_and_valency_change,mean,6,14004,0.868456244468689,0.9185668230056763,0.8266044855117798,True,True,0.0004997501249375312,0.0004997501249375312,True,True,True,0.868456244468689,0.9611682295799255,0.4667766393424991,3,0.9035423953289051,-0.09271198511123657,1.6221976418970396,0.045533888086168976,True,True
8,causativity_and_valency_change,mean,7,11776,0.8634610176086426,0.9125824570655823,0.7867603898048401,True,True,0.0004997501249375312,0.0004997501249375312,True,True,True,0.8634610176086426,0.903210461139679,0.43394805242617923,4,0.9559909398293724,-0.03974944353103638,1.6635890949053695,0.04854331243306357,True,True
8,causativity_and_valency_change,mean,8,12621,-0.8632649183273315,-0.9422118067741394,-0.8470726609230042,True,True,0.0004997501249375312,0.0004997501249375312,True,True,True,0.8632649183273315,0.9501057267189026,0.4645041990547608,4,0.9085987949031027,-0.08684080839157104,1.4782140101504029,0.04548543981676347,True,True
8,causativity_and_valency_change,mean,9,12072,-0.8632097244262695,-0.9405655264854431,-0.8314328193664551,True,True,0.0004997501249375312,0.0004997501249375312,True,True,True,0.8632097244262695,0.9277833700180054,0.46278639405201644,4,0.9304000829520337,-0.06457364559173584,1.5028827658578048,0.04564378400508366,True,True
8,causativity_and_valency_change,mean,10,9484,-0.8631224632263184,-0.9377128481864929,-0.8422435522079468,True,True,0.0004997501249375312,0.0004997501249375312,True,True,True,0.8631224632263184,0.9460266828536987,0.4568807766892207,4,0.912365876005422,-0.08290421962738037,1.4504267191288187,0.046202056689380454,True,True
8,causativity_and_valency_change,mean,11,8449,-0.8629149198532104,-0.9407529830932617,-0.8379689455032349,True,True,0.0004997501249375312,0.0004997501249375312,True,True,True,0.8629149198532104,0.9520353078842163,0.45138077351909417,4,0.906389618858711,-0.08912038803100586,1.5511469307598613,0.04672799571464201,True,True
8,causativity_and_valency_change,mean,12,4441,0.8628992438316345,0.8820226788520813,0.7974690794944763,True,True,0.0004997501249375312,0.0004997501249375312,True,True,True,0.8628992438316345,0.8899081945419312,0.36353410450884927,2,0.9696497336737088,-0.02700895071029663,1.8620869936563724,0.05737083790895449,True,True
8,causativity_and_valency_change,mean,13,3909,-0.8627479672431946,-0.9305338859558105,-0.8363472819328308,True,True,0.0004997501249375312,0.0004997501249375312,True,True,True,0.8627479672431946,0.9507134556770325,0.4414850861693804,3,0.9074742364183802,-0.08796548843383789,1.5200415280124349,0.04771660245255085,True,True
8,causativity_and_valency_change,mean,14,4362,-0.8625290989875793,-0.939434289932251,-0.8464876413345337,True,True,0.0004997501249375312,0.0004997501249375312,True,True,True,0.8625290989875793,0.9446308016777039,0.467669629442613,4,0.9130859352200792,-0.08210170269012451,1.4744186084390931,0.04515470342559105,True,True
8,causativity_and_valency_change,mean,15,7038,-0.8621888160705566,-0.927809476852417,-0.8602825403213501,True,True,0.0004997501249375312,0.0004997501249375312,True,True,True,0.8621888160705566,0.9209223389625549,0.4166893544487464,4,0.9362231532376951,-0.05873352289199829,1.6794747721708896,0.050381879621955325,True,True
8,causativity_and_valency_change,mean,16,3312,-0.8607531785964966,-0.9411924481391907,-0.8591997623443604,True,True,0.0004997501249375312,0.0004997501249375312,True,True,True,0.8607531785964966,0.9456843137741089,0.4809459356161264,5,0.9101908174423845,-0.0849311351776123,1.380082619294145,0.04387647921959657,True,True
8,causativity_and_valency_change,mean,17,6087,-0.8605223298072815,-0.9429705142974854,-0.8562763333320618,True,True,0.0004997501249375312,0.0004997501249375312,True,True,True,0.8605223298072815,0.9505133628845215,0.46059947992221284,5,0.9053237580962099,-0.08999103307723999,1.4824545222244927,0.045714343799126124,True,True
8,causativity_and_valency_change,mean,18,1371,-0.8604752421379089,-0.9364029169082642,-0.849455714225769,True,True,0.0004997501249375312,0.0004997501249375312,True,True,True,0.8604752421379089,0.9455706477165222,0.46152999643714,4,0.9100062953687152,-0.08509540557861328,1.457275888041736,0.04562399904296251,True,True
8,causativity_and_valency_change,mean,19,16183,-0.860204815864563,-0.9371496438980103,-0.8401011228561401,True,True,0.0004997501249375312,0.0004997501249375312,True,True,True,0.860204815864563,0.9575209617614746,0.4636967790623506,5,0.8983665634662589,-0.09731614589691162,1.471857773220715,0.04540686220515047,True,True
8,causativity_and_valency_change,mean,20,13108,-0.8600937724113464,-0.9363331198692322,-0.8516219854354858,True,True,0.0004997501249375312,0.0004997501249375312,True,True,True,0.8600937724113464,0.9504522681236267,0.4608294674887871,4,0.9049310536228556,-0.09035849571228027,1.4569601659233595,0.04567085492875316,True,True
8,causativity_and_valency_change,mean,21,11108,-0.8600934743881226,-0.9383615255355835,-0.8491564393043518,True,True,0.0004997501249375312,0.0004997501249375312,True,True,True,0.8600934743881226,0.95743328332901,0.4684681372764783,4,0.8983325411432999,-0.09733980894088745,1.4146832040365938,0.044959628922307836,True,True
8,causativity_and_valency_change,mean,22,4437,-0.8600314259529114,-0.9365723133087158,-0.8320655226707458,True,True,0.0004997501249375312,0.0004997501249375312,True,True,True,0.8600314259529114,0.9523841738700867,0.4526942781954765,4,0.9030299426943512,-0.09235274791717529,1.5532266660721532,0.046450250960043765,True,True
8,causativity_and_valency_change,mean,23,14479,-0.8597282767295837,-0.9394696354866028,-0.852994441986084,True,True,0.0004997501249375312,0.0004997501249375312,True,True,True,0.8597282767295837,0.952688992023468,0.4586561595400174,4,0.9024228094664556,-0.09296071529388428,1.4831124672686877,0.045858733172163296,True,True
8,causativity_and_valency_change,mean,24,11569,-0.8597226142883301,-0.9393271803855896,-0.8484124541282654,True,True,0.0004997501249375312,0.0004997501249375312,True,True,True,0.8597226142883301,0.948711097240448,0.4555555572733283,4,0.906200651377472,-0.08898848295211792,1.4838820783199458,0.04615616039310573,True,True
8,causativity_and_valency_change,mean,25,7982,-0.8595109581947327,-0.9407839775085449,-0.8526448011398315,True,True,0.0004997501249375312,0.0004997501249375312,True,True,True,0.8595109581947327,0.9581029415130615,0.4684638747324546,4,0.8970966698394331,-0.09859198331832886,1.4449520286959043,0.04493093766015293,True,True
8,causativity_and_valency_change,final,1,9465,0.887403666973114,0.937300980091095,0.8022347688674927,True,True,0.0004997501249375312,0.0004997501249375312,True,True,True,0.887403666973114,0.8668955564498901,0.42325612257879514,1,1.0236569565625744,0.020508110523223877,1.838296696756236,0.05101665204169304,True,True
8,causativity_and_valency_change,final,2,11776,0.8822896480560303,0.9457502961158752,0.8321105241775513,True,True,0.0004997501249375312,0.0004997501249375312,True,True,True,0.8822896480560303,0.8965377807617188,0.39420444207886857,2,0.9841076048199743,-0.014248132705688477,1.9318901769895511,0.0542738299739163,True,True
8,causativity_and_valency_change,final,3,164,0.8741528391838074,0.9340518116950989,0.8568785190582275,True,True,0.0004997501249375312,0.0004997501249375312,True,True,True,0.8741528391838074,0.9021463394165039,0.41207453856865567,2,0.9689701115998516,-0.027993500232696533,2.0230924979098233,0.05158747430014401,True,True
8,causativity_and_valency_change,final,4,4080,-0.8348079323768616,-0.878254771232605,-0.7248526215553284,True,True,0.0004997501249375312,0.0004997501249375312,True,True,True,0.8348079323768616,0.8314997553825378,0.3014349439360488,1,1.0039785664071563,0.0033081769943237305,2.4333231606320096,0.06630316358113718,True,True
8,causativity_and_valency_change,final,5,14795,0.8232950568199158,0.935870885848999,0.7829870581626892,True,True,0.0004997501249375312,0.0004997501249375312,True,True,True,0.8232950568199158,0.8592251539230347,0.35134960973384577,3,0.958183141009001,-0.035930097103118896,1.8653306642294887,0.056677614864598144,True,True
8,causativity_and_valency_change,final,6,9083,-0.8225361108779907,-0.9062383770942688,-0.7540976405143738,True,True,0.0004997501249375312,0.0004997501249375312,True,True,True,0.8225361108779907,0.8635587692260742,0.32890731241936105,2,0.9524958117386172,-0.041022658348083496,2.1619544157569184,0.060259403192694086,True,True
8,causativity_and_valency_change,final,7,12897,-0.8204128742218018,-0.9379943609237671,-0.8202455639839172,True,True,0.0004997501249375312,0.0004997501249375312,True,True,True,0.8204128742218018,0.8939337730407715,0.4063892966399017,3,0.9177557655430292,-0.07352089881896973,1.756585716812821,0.04921612387165375,True,True
8,causativity_and_valency_change,final,8,5159,0.819344699382782,0.9406526684761047,0.8160163164138794,True,True,0.0004997501249375312,0.0004997501249375312,True,True,True,0.819344699382782,0.8962443470954895,0.3341874745793832,3,0.9141978993095793,-0.07689964771270752,2.024318274341438,0.05914711858010765,True,True
8,causativity_and_valency_change,final,9,3288,0.8191356062889099,0.8827613592147827,0.7486385107040405,True,True,0.0004997501249375312,0.0004997501249375312,True,True,True,0.8191356062889099,0.718691349029541,0.34143143587817365,1,1.1397599364386397,0.1004442572593689,2.1727928240713146,0.05795103157323013,True,True
8,causativity_and_valency_change,final,10,13033,0.8112314343452454,0.9079527854919434,0.8117100596427917,True,True,0.0004997501249375312,0.0004997501249375312,True,True,True,0.8112314343452454,0.7772228121757507,0.3037589084452543,1,1.043756592880092,0.03400862216949463,2.5342277131026942,0.06408930339317792,True,True
8,causativity_and_valency_change,final,11,14004,0.786016583442688,0.9327418208122253,0.7112060785293579,True,True,0.0004997501249375312,0.0004997501249375312,True,True,True,0.786016583442688,0.8895617127418518,0.38789241269039804,4,0.883599835946163,-0.10354512929916382,1.484566676644166,0.04939207242112052,True,True
8,causativity_and_valency_change,final,12,4549,-0.7775448560714722,-0.9526317715644836,-0.8448212742805481,True,True,0.0004997501249375312,0.0004997501249375312,True,True,True,0.7775448560714722,0.8782880902290344,0.3450683849760725,2,0.885295912265768,-0.10074323415756226,1.8217399783159436,0.05462123522745419,True,True
8,causativity_and_valency_change,final,13,15059,-0.7732914090156555,-0.9014190435409546,-0.8055435419082642,True,True,0.0004997501249375312,0.0004997501249375312,True,True,True,0.7732914090156555,0.8713855743408203,0.37777320659743285,4,0.887427370599553,-0.0980941653251648,1.569744143460732,0.04986902774245969,True,True
8,causativity_and_valency_change,final,14,8182,0.7640476226806641,0.9548717141151428,0.7370514869689941,True,True,0.0004997501249375312,0.0004997501249375312,True,True,True,0.7640476226806641,0.8864492177963257,0.4026055825301088,5,0.8619192248598891,-0.12240159511566162,1.4727218247623055,0.04640247489797415,True,True
8,causativity_and_valency_change,final,15,10074,0.749448299407959,0.6594746112823486,0.706146776676178,True,True,0.0004997501249375312,0.0004997501249375312,True,True,True,0.749448299407959,0.7858825325965881,0.31329903160580075,4,0.9536390851336918,-0.03643423318862915,1.923042139538173,0.05779163414413001,True,True
8,causativity_and_valency_change,final,16,8003,0.7355905771255493,0.8742136359214783,0.7524502277374268,True,True,0.0004997501249375312,0.0004997501249375312,True,True,True,0.7355905771255493,0.8795605897903442,0.33771351638894814,5,0.8363159805749002,-0.14397001266479492,1.6664159778453627,0.0528957631025018,True,True
8,causativity_and_valency_change,final,17,1546,-0.725318968296051,-0.6903006434440613,-0.500867486000061,True,True,0.0004997501249375312,0.0004997501249375312,True,True,True,0.725318968296051,0.7679563164710999,0.31018156696779603,2,0.9444794615780032,-0.04263734817504883,2.0365900686460146,0.056566552577400384,True,True
8,causativity_and_valency_change,final,18,2734,-0.7238963842391968,-0.8787245750427246,-0.6617007255554199,True,True,0.0004997501249375312,0.0004997501249375312,True,True,True,0.7238963842391968,0.834618091583252,0.3711820423412017,6,0.8673384767708323,-0.11072170734405518,1.4754017831730655,0.04762477454246195,True,True
8,causativity_and_valency_change,final,19,14168,0.7190892100334167,0.7548890113830566,0.5885570645332336,True,True,0.0004997501249375312,0.0004997501249375312,True,True,True,0.7190892100334167,0.8737818002700806,0.34282977876062387,4,0.822961990981216,-0.15469259023666382,1.5501170270544096,0.05103742022187271,True,True
8,causativity_and_valency_change,final,20,5697,0.7105713486671448,0.7855771780014038,0.7268067002296448,True,True,0.0004997501249375312,0.0004997501249375312,True,True,True,0.7105713486671448,0.792143702507019,0.3233117218105457,4,0.8970232880956956,-0.08157235383987427,1.6698654483927209,0.05334728472172978,True,True
8,causativity_and_valency_change,final,21,4441,0.7078718543052673,0.9039987325668335,0.7615566849708557,True,True,0.0004997501249375312,0.0004997501249375312,True,True,True,0.7078718543052673,0.8246793150901794,0.3518066246014757,5,0.8583601423637756,-0.11680746078491211,1.5540927922623577,0.04906124574485038,True,True
8,causativity_and_valency_change,final,22,105,-0.7070078253746033,-0.8524680137634277,-0.5755312442779541,True,True,0.0004997501249375312,0.0004997501249375312,True,True,True,0.7070078253746033,0.8573086857795715,0.2999231999214643,5,0.8246829142197527,-0.15030086040496826,1.8263677027749738,0.056998315537253916,True,True
8,causativity_and_valency_change,final,23,7918,0.698116660118103,0.8602771759033203,0.41461434960365295,True,True,0.0004997501249375312,0.0004997501249375312,True,True,True,0.698116660118103,0.8988211750984192,0.343861217968739,6,0.7767025070828584,-0.20070451498031616,1.5398659011485198,0.049481274265632,True,True
8,causativity_and_valency_change,final,24,2993,-0.6783823370933533,-0.8911391496658325,-0.7385988831520081,True,True,0.0004997501249375312,0.0004997501249375312,True,True,True,0.6783823370933533,0.8524878621101379,0.33154809221816367,3,0.795767737283876,-0.17410552501678467,1.4847455851077624,0.049848953181711154,True,True
8,causativity_and_valency_change,final,25,7912,0.6617711782455444,0.842409074306488,0.5184566974639893,True,True,0.0004997501249375312,0.0004997501249375312,True,True,True,0.6617711782455444,0.8450190424919128,0.2878466326600084,5,0.7831435091616623,-0.1832478642463684,1.7280422868024794,0.055668142395282554,True,True
9,analytic_vs_synthetic_encoding,mean,1,4222,-0.6539031863212585,-0.027936961501836777,-0.6511951684951782,True,True,0.0004997501249375312,0.0004997501249375312,True,True,True,0.6539031863212585,0.5769143104553223,0.20422730089810032,1,1.1334494126262422,0.07698887586593628,2.5379686896342877,0.07586968256816098,True,True
9,analytic_vs_synthetic_encoding,mean,2,164,-0.644308865070343,-0.8930781483650208,-0.8181222677230835,True,True,0.0004997501249375312,0.0004997501249375312,True,True,True,0.644308865070343,0.9246817231178284,0.3902832997503141,10,0.6967898780327049,-0.28037285804748535,0.9291928253817794,0.04061105227683827,True,True
9,analytic_vs_synthetic_encoding,mean,3,16084,0.6437085866928101,0.8591546416282654,0.8267250657081604,True,True,0.0004997501249375312,0.0004997501249375312,True,True,True,0.6437085866928101,0.8151004314422607,0.29657602166900265,3,0.7897291693905923,-0.17139184474945068,1.5381116100575147,0.05271903714464798,True,True
9,analytic_vs_synthetic_encoding,mean,4,4253,0.6290285587310791,0.556351900100708,0.5592216849327087,True,True,0.0004997501249375312,0.0004997501249375312,True,True,True,0.6290285587310791,0.7950333952903748,0.34351425651365364,7,0.7911976559190137,-0.16600483655929565,1.2477153148437787,0.04484705306861069,True,True
9,analytic_vs_synthetic_encoding,mean,5,8003,-0.6215905547142029,-0.8268382549285889,-0.4703209102153778,True,True,0.0004997501249375312,0.0004997501249375312,True,True,True,0.6215905547142029,0.9397011995315552,0.43000820386581695,12,0.6614768130806561,-0.3181106448173523,0.6830621990053486,0.03574021120441647,True,True
9,analytic_vs_synthetic_encoding,mean,6,5340,-0.6104789972305298,0.11685194075107574,-0.5445464253425598,False,True,0.0004997501249375312,0.0004997501249375312,True,False,False,0.6104789972305298,0.7292442321777344,0.24352736837970904,2,0.8371392879001083,-0.11876523494720459,2.2689944701174616,0.06039534992660856,False,True
9,analytic_vs_synthetic_encoding,mean,7,5530,0.6020076274871826,0.6641157269477844,0.6730853319168091,True,True,0.0004997501249375312,0.0004997501249375312,True,True,True,0.6020076274871826,0.909826397895813,0.3342571396332903,7,0.6616730717854159,-0.30781877040863037,1.045799511779527,0.04414181222696889,True,True
9,analytic_vs_synthetic_encoding,mean,8,8182,-0.5877102017402649,-0.8171646595001221,-0.6956945061683655,True,True,0.0004997501249375312,0.0004997501249375312,True,True,True,0.5877102017402649,0.9005430340766907,0.4362958826076908,14,0.6526175646262511,-0.3128328323364258,0.5630027465980602,0.03338646069971532,True,True
9,analytic_vs_synthetic_encoding,mean,9,8628,0.5831553339958191,0.39328479766845703,0.6100484728813171,True,True,0.0004997501249375312,0.0004997501249375312,True,True,True,0.5831553339958191,0.8735456466674805,0.3291317262710669,5,0.6675728237219413,-0.2903903126716614,1.0911375342018246,0.04345648826903769,True,True
9,analytic_vs_synthetic_encoding,mean,10,5019,-0.5794693827629089,0.0,-0.5913963317871094,False,True,0.0004997501249375312,0.0004997501249375312,True,False,False,0.5794693827629089,0.5728435516357422,0.15390548911184454,1,1.0115665631711255,0.006625831127166748,3.0943981351073866,0.08804139280024265,False,True
9,analytic_vs_synthetic_encoding,mean,11,260,0.574168860912323,0.010440004989504814,0.5945307612419128,True,True,0.0004997501249375312,0.0004997501249375312,True,True,True,0.574168860912323,0.9172806739807129,0.30407877801320493,8,0.6259467545747025,-0.3431118130683899,1.0584309783603345,0.04618014333656208,True,True
9,analytic_vs_synthetic_encoding,mean,12,8415,-0.5694247484207153,0.14419803023338318,-0.4888516962528229,False,True,0.0004997501249375312,0.0004997501249375312,True,False,False,0.5694247484207153,0.48576420545578003,0.13111473268900925,1,1.1722245937953348,0.0836605429649353,4.068990988862262,0.100199689634982,False,True
9,analytic_vs_synthetic_encoding,mean,13,11159,-0.5681347250938416,0.0,-0.5652773976325989,False,True,0.0004997501249375312,0.0004997501249375312,True,False,False,0.5681347250938416,0.5802106857299805,0.1633145034265442,2,0.9791869385843079,-0.012075960636138916,2.7086749210361987,0.0818944699333922,False,True
9,analytic_vs_synthetic_encoding,mean,14,8006,-0.5553929805755615,-0.20719434320926666,-0.545711100101471,True,True,0.0004997501249375312,0.0004997501249375312,True,True,True,0.5553929805755615,0.9062565565109253,0.2778046535901152,7,0.6128429930634836,-0.35086357593536377,1.1544491842479936,0.048762421241058077,True,True
9,analytic_vs_synthetic_encoding,mean,15,6379,-0.5538341403007507,-0.15632931888103485,-0.5090969800949097,True,True,0.0004997501249375312,0.0004997501249375312,True,True,True,0.5538341403007507,0.5073863863945007,0.16980348891602495,1,1.091543161487459,0.04644775390625,3.3212308010232774,0.07717684004782255,True,True
9,analytic_vs_synthetic_encoding,mean,16,722,-0.5537453293800354,0.34114694595336914,-0.5955209732055664,False,True,0.0004997501249375312,0.0004997501249375312,True,False,False,0.5537453293800354,0.551634669303894,0.14490342970030048,1,1.0038261918504956,0.0021106600761413574,3.113184671464812,0.08924209438166343,False,True
9,analytic_vs_synthetic_encoding,mean,17,14168,-0.5292803049087524,-0.9212923645973206,-0.777061939239502,True,True,0.0004997501249375312,0.0004997501249375312,True,True,True,0.5292803049087524,0.8774648904800415,0.33271822531540424,8,0.6031925728893779,-0.34818458557128906,0.8793663381906534,0.039190588436414084,True,True
9,analytic_vs_synthetic_encoding,mean,18,14404,-0.5103601813316345,-0.8987991213798523,-0.6208497881889343,True,True,0.0004997501249375312,0.0004997501249375312,True,True,True,0.5103601813316345,0.6801667213439941,0.07503685756371571,2,0.7503457098329867,-0.16980654001235962,2.8500059312519155,0.14849875867687404,True,True
9,analytic_vs_synthetic_encoding,mean,19,2375,0.5074554085731506,0.7676149010658264,0.4499402344226837,True,True,0.0004997501249375312,0.0004997501249375312,True,True,True,0.5074554085731506,0.7626994848251343,0.3209171778498552,9,0.6653412237317768,-0.25524407625198364,0.8740373394824061,0.03896541717900822,True,True
9,analytic_vs_synthetic_encoding,mean,20,8961,-0.5071936845779419,0.3045460283756256,-0.4030214846134186,False,True,0.0004997501249375312,0.0004997501249375312,True,False,False,0.5071936845779419,0.6362000107765198,0.16422549999342897,4,0.7972236340563433,-0.12900632619857788,2.0896227802166933,0.07337884137713074,False,True
9,analytic_vs_synthetic_encoding,mean,21,144,-0.5066977739334106,-0.7284011840820312,-0.5703283548355103,True,True,0.0004997501249375312,0.0004997501249375312,True,True,True,0.5066977739334106,0.33154743909835815,0.08586553198237641,1,1.52828136845627,0.1751503348350525,4.425133400651956,0.13142364993928,True,True
9,analytic_vs_synthetic_encoding,mean,22,10578,-0.5058714747428894,-0.1414213627576828,-0.3853284418582916,True,True,0.0004997501249375312,0.0004997501249375312,True,True,True,0.5058714747428894,0.5353600382804871,0.1737756787870939,2,0.9449182579403733,-0.029488563537597656,2.496482923720836,0.06945804408268752,True,True
9,analytic_vs_synthetic_encoding,mean,23,10739,-0.5034800171852112,0.3036915063858032,-0.008493438363075256,False,True,0.0004997501249375312,0.0004997501249375312,True,False,False,0.5034800171852112,0.6734239459037781,0.19482729378610086,3,0.7476419872618411,-0.1699439287185669,2.0757974519351245,0.062144642891240894,False,True
9,analytic_vs_synthetic_encoding,mean,24,6579,-0.5021765828132629,-0.5613006949424744,-0.4795279800891876,True,True,0.0004997501249375312,0.0004997501249375312,True,True,True,0.5021765828132629,0.3239688277244568,0.09417231213928272,1,1.5500768587537568,0.17820775508880615,4.21903993426339,0.12028479077046628,True,True
9,analytic_vs_synthetic_encoding,mean,25,16228,-0.4976961016654968,-0.8114581108093262,-0.6193391680717468,True,True,0.0004997501249375312,0.0004997501249375312,True,True,True,0.4976961016654968,0.7600034475326538,0.15530243157767332,2,0.6548603210699424,-0.262307345867157,2.177295289500227,0.07593207569255303,True,True
9,analytic_vs_synthetic_encoding,final,1,8182,-0.6535886526107788,-0.9328746795654297,-0.7918843030929565,True,True,0.0004997501249375312,0.0004997501249375312,True,True,True,0.6535886526107788,0.8864492177963257,0.40543786381395197,10,0.7373108797315788,-0.23286056518554688,0.9965560305749767,0.03969403234312286,True,True
9,analytic_vs_synthetic_encoding,final,2,164,-0.5822573900222778,-0.6859514713287354,-0.537061870098114,True,True,0.0004997501249375312,0.0004997501249375312,True,True,True,0.5822573900222778,0.9021463394165039,0.41955903726510513,11,0.6454134596376837,-0.3198889493942261,0.6816678340915528,0.034361483252618355,True,True
9,analytic_vs_synthetic_encoding,final,3,5219,-0.5131401419639587,-0.8075577020645142,-0.7577904462814331,True,True,0.0004997501249375312,0.0004997501249375312,True,True,True,0.5131401419639587,0.7958799600601196,0.28821488765951914,6,0.6447456497399393,-0.2827398180961609,1.1324727062370101,0.04365841966948155,True,True
9,analytic_vs_synthetic_encoding,final,4,8006,0.5046581029891968,0.0,0.6038606762886047,False,True,0.0004997501249375312,0.0004997501249375312,True,False,False,0.5046581029891968,0.8792972564697266,0.20707589184465364,6,0.5739334443227296,-0.3746391534805298,1.2928827887577619,0.05881372527676347,False,True
9,analytic_vs_synthetic_encoding,final,5,1838,0.4817878007888794,0.5967601537704468,0.45280078053474426,True,True,0.0004997501249375312,0.0004997501249375312,True,True,True,0.4817878007888794,0.7413030862808228,0.2532738761451,7,0.6499201334855458,-0.25951528549194336,1.053528325210388,0.04650699781651593,True,True
9,analytic_vs_synthetic_encoding,final,6,9465,-0.4543952941894531,-0.883650541305542,-0.5326082110404968,True,True,0.0004997501249375312,0.0004997501249375312,True,True,True,0.4543952941894531,0.887403666973114,0.4343589013681198,20,0.5120502777945136,-0.4330083727836609,0.07612989325103028,0.026123090850094965,True,True
9,analytic_vs_synthetic_encoding,final,7,4253,0.4455001950263977,0.20508557558059692,0.13777890801429749,True,True,0.0004997501249375312,0.0004997501249375312,True,True,True,0.4455001950263977,0.8075404763221741,0.30490037775449214,10,0.5516753749054953,-0.36204028129577637,0.6857073027162155,0.036112028919299814,True,True
9,analytic_vs_synthetic_encoding,final,8,7912,-0.4269840121269226,-0.722283124923706,-0.5185655355453491,True,True,0.0004997501249375312,0.0004997501249375312,True,True,True,0.4269840121269226,0.8450190424919128,0.2938668164066397,11,0.5052951361519277,-0.41803503036499023,0.5955814369655328,0.03591786340802402,True,True
9,analytic_vs_synthetic_encoding,final,9,13033,0.38940495252609253,-0.7186707258224487,-0.24118539690971375,False,False,0.0004997501249375312,0.0004997501249375312,True,False,False,0.38940495252609253,0.8112314343452454,0.31457497208164287,14,0.48001709011730537,-0.42182648181915283,0.34678093590751635,0.030763960922438414,False,False
9,analytic_vs_synthetic_encoding,final,10,1633,0.3874381482601166,0.0,0.554225742816925,False,True,0.0004997501249375312,0.0004997501249375312,True,False,False,0.3874381482601166,0.6665946841239929,0.19506855937055287,9,0.5812199789280789,-0.27915653586387634,0.9585594651154297,0.04845937743193917,False,True
9,analytic_vs_synthetic_encoding,final,11,2734,0.36526671051979065,0.6097004413604736,0.30560287833213806,True,True,0.0004997501249375312,0.0004997501249375312,True,True,True,0.36526671051979065,0.834618091583252,0.3803776750006737,17,0.43764533048509385,-0.4693513810634613,-0.06151752487227819,0.024030710907134017,True,True
9,analytic_vs_synthetic_encoding,final,12,4441,-0.362621933221817,-0.10637592524290085,-0.05383527651429176,True,True,0.0004997501249375312,0.0004997501249375312,True,True,True,0.362621933221817,0.8246793150901794,0.36065918668053853,19,0.439712657497859,-0.4620573818683624,0.008312966946044074,0.025132633357387475,True,True
9,analytic_vs_synthetic_encoding,final,13,9531,0.3535534143447876,0.6943829655647278,0.5240466594696045,True,True,0.0004997501249375312,0.0004997501249375312,True,True,True,0.3535534143447876,0.7930421233177185,0.2539589193004828,11,0.4458192118038887,-0.4394887089729309,0.44339558463947853,0.03446627939050385,True,True
9,analytic_vs_synthetic_encoding,final,14,6047,-0.35094568133354187,-0.75993812084198,-0.5286041498184204,True,True,0.0004997501249375312,0.0004997501249375312,True,True,True,0.35094568133354187,0.8227211833000183,0.2912883568340196,15,0.42656696880693296,-0.47177550196647644,0.3015893917437577,0.029966692834029068,True,True
9,analytic_vs_synthetic_encoding,final,15,8003,-0.33214157819747925,0.1875378042459488,0.0030283075757324696,False,False,0.0004997501249375312,0.0004997501249375312,True,False,False,0.33214157819747925,0.8795605897903442,0.3480583625153089,18,0.37762216958430334,-0.547419011592865,-0.06441209860071498,0.023884050153930005,False,False
9,analytic_vs_synthetic_encoding,final,16,9565,0.3245815634727478,0.43757954239845276,0.27153193950653076,True,True,0.0004997501249375312,0.0004997501249375312,True,True,True,0.3245815634727478,0.4739854037761688,0.15320921627183756,5,0.684792318258867,-0.14940384030342102,1.369291428073317,0.05152300127449047,True,True
9,analytic_vs_synthetic_encoding,final,17,6102,0.31571778655052185,0.7723817825317383,0.6020298004150391,True,True,0.0004997501249375312,0.0004997501249375312,True,True,True,0.31571778655052185,0.6964392066001892,0.3259052643791223,17,0.4533314373436311,-0.38072142004966736,-0.04935267406483053,0.024237465586490738,True,True
9,analytic_vs_synthetic_encoding,final,18,2084,-0.3155164420604706,0.5860998034477234,0.282355397939682,False,False,0.0004997501249375312,0.0004997501249375312,True,False,False,0.3155164420604706,0.8011894226074219,0.2706444592973313,14,0.39381004436334377,-0.4856729805469513,0.21773677609390568,0.02902461506595331,False,False
9,analytic_vs_synthetic_encoding,final,19,13627,-0.2902340888977051,-0.1664489507675171,-0.05804342404007912,True,True,0.0004997501249375312,0.0004997501249375312,True,True,True,0.2902340888977051,0.8320904970169067,0.28320028661535335,19,0.3488011099011602,-0.5418564081192017,0.03291329949161594,0.025605022482382254,True,True
9,analytic_vs_synthetic_encoding,final,20,7700,-0.28910955786705017,0.03269673511385918,-0.04197101294994354,False,True,0.0004997501249375312,0.0004997501249375312,True,False,False,0.28910955786705017,0.8583455681800842,0.16816745672780925,8,0.33682186823663296,-0.5692360103130341,0.5579310138527571,0.04222031856740559,False,True
9,analytic_vs_synthetic_encoding,final,21,471,0.28899407386779785,-0.3030412793159485,-0.036801811307668686,False,False,0.0004997501249375312,0.0004997501249375312,True,False,False,0.28899407386779785,0.7320502996444702,0.11813014653774026,4,0.39477352035529745,-0.44305622577667236,1.169546751697069,0.059025726007121984,False,False
9,analytic_vs_synthetic_encoding,final,22,2993,-0.28638553619384766,0.32542529702186584,0.18400411307811737,False,False,0.0004997501249375312,0.0004997501249375312,True,False,False,0.28638553619384766,0.8524878621101379,0.3415992922412279,19,0.33594089596181,-0.5661023259162903,-0.23010426173089613,0.021044208265820184,False,False
9,analytic_vs_synthetic_encoding,final,23,10074,-0.28206875920295715,0.06235158443450928,-0.3859364688396454,False,True,0.0004997501249375312,0.0004997501249375312,True,False,False,0.28206875920295715,0.7858825325965881,0.325283122380288,19,0.3589197462768264,-0.503813773393631,-0.1821722802767816,0.021750952731794122,False,True
9,analytic_vs_synthetic_encoding,final,24,4923,-0.2737053632736206,0.05803084373474121,-0.2650207579135895,False,True,0.0004997501249375312,0.0004997501249375312,True,False,False,0.2737053632736206,0.7814890742301941,0.2955384676177532,18,0.35023568761115964,-0.5077837109565735,-0.09344555759054303,0.023195948487488616,False,True
9,analytic_vs_synthetic_encoding,final,25,10739,-0.2641199827194214,0.0,0.0,False,False,0.0004997501249375312,0.0004997501249375312,True,False,False,0.2641199827194214,0.24866990745067596,0.04363752774691257,1,1.0621308602522,0.015450075268745422,3.8682094546087393,0.13434495966384435,False,False
10,morphological_segmentation_type,mean,1,8511,0.8612515330314636,0.00969118531793356,0.593647301197052,True,True,0.0004997501249375312,0.0004997501249375312,True,True,True,0.8612515330314636,0.4495946764945984,0.1002509624351007,1,1.915617728720618,0.41165685653686523,7.204297368773706,0.1805165543095052,True,True
10,morphological_segmentation_type,mean,2,5322,0.8269336819648743,0.4413929283618927,0.8364428281784058,True,True,0.0004997501249375312,0.0004997501249375312,True,True,True,0.8269336819648743,0.4332341253757477,0.1185185668619875,1,1.9087454877836956,0.3936995565891266,7.824578099716265,0.15175440203728235,True,True
10,morphological_segmentation_type,mean,3,2734,-0.8092123866081238,-0.3590652048587799,-0.6757271885871887,True,True,0.0004997501249375312,0.0004997501249375312,True,True,True,0.8092123866081238,0.7728654146194458,0.3168318401544522,1,1.0470288504326137,0.03634697198867798,1.9410763192887568,0.06146389516440135,True,True
10,morphological_segmentation_type,mean,4,8003,0.8029488921165466,0.8538604378700256,0.6111909747123718,True,True,0.0004997501249375312,0.0004997501249375312,True,True,True,0.8029488921165466,0.9397011995315552,0.4253579900862697,5,0.8544725626793068,-0.13675230741500854,1.3701152065239939,0.046167952155888634,True,True
10,morphological_segmentation_type,mean,5,16361,-0.7973324060440063,-0.5562032461166382,-0.4429619610309601,True,True,0.0004997501249375312,0.0004997501249375312,True,True,True,0.7973324060440063,0.3915153443813324,0.09341371950666563,1,2.036529136051975,0.40581706166267395,8.434125891526397,0.1795604656502275,True,True
10,morphological_segmentation_type,mean,6,13191,0.7870544791221619,0.28440597653388977,0.55202317237854,True,True,0.0004997501249375312,0.0004997501249375312,True,True,True,0.7870544791221619,0.8876463770866394,0.36082977894693613,2,0.8866757071722277,-0.10059189796447754,1.7469963895893685,0.05296671730844913,True,True
10,morphological_segmentation_type,mean,7,13847,0.7808481454849243,0.7537801265716553,0.5581081509590149,True,True,0.0004997501249375312,0.0004997501249375312,True,True,True,0.7808481454849243,0.4204097092151642,0.13201247232381064,1,1.8573504093010589,0.36043843626976013,5.348733984319894,0.1316923740393252,True,True
10,morphological_segmentation_type,mean,8,15396,0.7805987596511841,-0.06209151819348335,0.5027804374694824,False,True,0.0004997501249375312,0.0004997501249375312,True,False,False,0.7805987596511841,0.721956193447113,0.139560427209243,1,1.0812273192422817,0.058642566204071045,3.1744659850267323,0.12542851307985728,False,True
10,morphological_segmentation_type,mean,9,6166,-0.7755138278007507,-0.5117199420928955,-0.10691113024950027,True,True,0.0004997501249375312,0.0004997501249375312,True,True,True,0.7755138278007507,0.6182467937469482,0.2105900239891922,1,1.2543758182726181,0.1572670340538025,3.764586033005372,0.08627821007517539,True,True
10,morphological_segmentation_type,mean,10,11021,0.7754908204078674,0.420704185962677,0.7882735133171082,True,True,0.0004997501249375312,0.0004997501249375312,True,True,True,0.7754908204078674,0.40125468373298645,0.10514310736638996,1,1.9326648431695694,0.374236136674881,7.0419738972832375,0.15904006732954803,True,True
10,morphological_segmentation_type,mean,11,1452,0.7715755105018616,0.5982030630111694,0.5691982507705688,True,True,0.0004997501249375312,0.0004997501249375312,True,True,True,0.7715755105018616,0.4194682538509369,0.12491500354819716,1,1.839413360649815,0.3521072566509247,6.1129041501851225,0.13672512373760048,True,True
10,morphological_segmentation_type,mean,12,14048,0.7550238966941833,0.05164111405611038,0.6887035965919495,True,True,0.0004997501249375312,0.0004997501249375312,True,True,True,0.7550238966941833,0.7650949358940125,0.2883218205892123,2,0.986836876409251,-0.010071039199829102,2.17485743294886,0.0629208870319839,True,True
10,morphological_segmentation_type,mean,13,12284,-0.7442242503166199,-0.5257745981216431,0.0821286290884018,True,False,0.0004997501249375312,0.0004997501249375312,True,False,False,0.7442242503166199,0.5391530990600586,0.15833481881791392,1,1.3803579198822662,0.20507115125656128,4.21052614357197,0.10755801404001052,True,False
10,morphological_segmentation_type,mean,14,4708,0.733640193939209,0.41943445801734924,0.7213701009750366,True,True,0.0004997501249375312,0.0004997501249375312,True,True,True,0.733640193939209,0.4731617271900177,0.08152899580697219,1,1.5505062049208924,0.2604784667491913,7.783118621845153,0.18747492525763887,True,True
10,morphological_segmentation_type,mean,15,8119,-0.7315304279327393,-0.6426119208335876,-0.02884129248559475,True,True,0.0004997501249375312,0.0004997501249375312,True,True,True,0.7315304279327393,0.35440826416015625,0.1285990878659038,1,2.0640896443717307,0.377122163772583,7.270425039143945,0.12729142370407026,True,True
10,morphological_segmentation_type,mean,16,15843,0.7314246892929077,0.3352487087249756,0.703966498374939,True,True,0.0004997501249375312,0.0004997501249375312,True,True,True,0.7314246892929077,0.33838531374931335,0.061443915304083094,1,2.1615142843781054,0.39303937554359436,8.19638266253921,0.23385105556855332,True,True
10,morphological_segmentation_type,mean,17,16216,0.7298997640609741,0.056061577051877975,0.6087402701377869,True,True,0.0004997501249375312,0.0004997501249375312,True,True,True,0.7298997640609741,0.587153434753418,0.17957557834541568,1,1.2431158890648475,0.14274632930755615,3.972109381022748,0.0943834194822027,True,True
10,morphological_segmentation_type,mean,18,14319,-0.7168538570404053,-0.45459768176078796,-0.4042252004146576,True,True,0.0004997501249375312,0.0004997501249375312,True,True,True,0.7168538570404053,0.35943520069122314,0.08494819931160563,1,1.994389685990234,0.35741865634918213,7.479353178587803,0.177886712659666,True,True
10,morphological_segmentation_type,mean,19,2400,-0.7108690142631531,-0.6042383313179016,-0.4137054979801178,True,True,0.0004997501249375312,0.0004997501249375312,True,True,True,0.7108690142631531,0.5036623477935791,0.14759417086278495,1,1.411399953515079,0.20720666646957397,5.471011953811676,0.10992182355823252,True,True
10,morphological_segmentation_type,mean,20,6125,-0.7077662348747253,-0.5309546589851379,-0.45586657524108887,True,True,0.0004997501249375312,0.0004997501249375312,True,True,True,0.7077662348747253,0.1383809894323349,0.04033528841458834,1,5.114620424222409,0.5693852454423904,13.055177132884701,0.3103091248678631,True,True
10,morphological_segmentation_type,mean,21,156,-0.7074733972549438,-0.37857910990715027,-0.2630229890346527,True,True,0.0004997501249375312,0.0004997501249375312,True,True,True,0.7074733972549438,0.44310978055000305,0.12030233744493064,1,1.5966097529528769,0.2643636167049408,6.124426444259834,0.13103143765351458,True,True
10,morphological_segmentation_type,mean,22,14791,0.7065049409866333,0.4152073562145233,0.6784707307815552,True,True,0.0004997501249375312,0.0004997501249375312,True,True,True,0.7065049409866333,0.46094411611557007,0.18281988317194658,1,1.5327344818726247,0.24556082487106323,4.128501871161997,0.09015589988162163,True,True
10,morphological_segmentation_type,mean,23,15482,-0.7027497291564941,-0.44444093108177185,-0.409238338470459,True,True,0.0004997501249375312,0.0004997501249375312,True,True,True,0.7027497291564941,0.620792031288147,0.12103916310932106,1,1.1320211821957258,0.08195769786834717,3.678479076427918,0.1295802735947,True,True
10,morphological_segmentation_type,mean,24,13263,-0.7002062797546387,0.2932475209236145,-0.3435075879096985,False,True,0.0004997501249375312,0.0004997501249375312,True,False,False,0.7002062797546387,0.7047426104545593,0.27462836775857097,2,0.9935631383250763,-0.004536330699920654,2.265910072500983,0.061363939565337526,False,True
10,morphological_segmentation_type,mean,25,10494,0.6997026205062866,0.04980307072401047,0.44870010018348694,True,True,0.0004997501249375312,0.0004997501249375312,True,True,True,0.6997026205062866,0.47000935673713684,0.11426976868787254,1,1.4886993428465103,0.22969326376914978,5.451207256032402,0.135700596963397,True,True
10,morphological_segmentation_type,final,1,14795,0.8072977662086487,0.6297861933708191,0.6836231350898743,True,True,0.0004997501249375312,0.0004997501249375312,True,True,True,0.8072977662086487,0.8592251539230347,0.3517597966725962,4,0.9395648655334439,-0.051927387714385986,1.7950152206615926,0.05557632284464524,True,True
10,morphological_segmentation_type,final,2,11611,-0.80646812915802,-0.8419868350028992,-0.5651749968528748,True,True,0.0004997501249375312,0.0004997501249375312,True,True,True,0.80646812915802,0.6302168965339661,0.2166484375245487,1,1.2796675772950412,0.17625123262405396,3.476005341954233,0.08713151310856011,True,True
10,morphological_segmentation_type,final,3,15659,0.7597099542617798,0.030550641939044,0.8568451404571533,True,True,0.0004997501249375312,0.0004997501249375312,True,True,True,0.7597099542617798,0.8661643862724304,0.37768123989017344,2,0.8770967339481814,-0.10645443201065063,1.7845668383717688,0.04904747264902312,True,True
10,morphological_segmentation_type,final,4,12897,-0.7181017994880676,-0.5772026181221008,-0.5412886142730713,True,True,0.0004997501249375312,0.0004997501249375312,True,True,True,0.7181017994880676,0.8939337730407715,0.40901265753051025,5,0.8033053690827673,-0.17583197355270386,1.2889862327690034,0.043078537924683157,True,True
10,morphological_segmentation_type,final,5,14004,0.7046868801116943,0.6344268321990967,0.15652889013290405,True,True,0.0004997501249375312,0.0004997501249375312,True,True,True,0.7046868801116943,0.8895617127418518,0.389977789698885,6,0.7921731230311981,-0.18487483263015747,1.1612671479208638,0.044281439030513965,True,True
10,morphological_segmentation_type,final,6,2084,-0.6610608100891113,-0.5384494066238403,-0.3158963620662689,True,True,0.0004997501249375312,0.0004997501249375312,True,True,True,0.6610608100891113,0.8011894226074219,0.2617843472965969,3,0.8250992729506207,-0.14012861251831055,2.0367088017751036,0.060811523553965574,True,True
10,morphological_segmentation_type,final,7,8686,-0.655301034450531,-0.06616269797086716,-0.05684683099389076,True,True,0.0004997501249375312,0.0004997501249375312,True,True,True,0.655301034450531,0.7252227067947388,0.3361149651881976,5,0.9035859306539917,-0.06992167234420776,1.5223049967379574,0.047610526453204405,True,True
10,morphological_segmentation_type,final,8,11776,0.6418452858924866,0.6382569074630737,0.3362715244293213,True,True,0.0004997501249375312,0.0004997501249375312,True,True,True,0.6418452858924866,0.8965377807617188,0.40036968213434404,8,0.7159154914220797,-0.2546924948692322,0.9229912612085707,0.039482954370871494,True,True
10,morphological_segmentation_type,final,9,9465,0.6208080053329468,0.5695231556892395,0.5846961736679077,True,True,0.0004997501249375312,0.0004997501249375312,True,True,True,0.6208080053329468,0.887403666973114,0.4300919087746969,12,0.6995779130037736,-0.26659566164016724,0.7295177003808776,0.03569012296376732,True,True
10,morphological_segmentation_type,final,10,9083,-0.6157402992248535,-0.4151837229728699,-0.16187292337417603,True,True,0.0004997501249375312,0.0004997501249375312,True,True,True,0.6157402992248535,0.8635587692260742,0.3342097691284158,8,0.7130265144278288,-0.2478184700012207,1.1859744006028015,0.045109439527676036,True,True
10,morphological_segmentation_type,final,11,2734,-0.6107304096221924,-0.3854750990867615,-0.5925999879837036,True,True,0.0004997501249375312,0.0004997501249375312,True,True,True,0.6107304096221924,0.834618091583252,0.374083733998048,10,0.7317483478744756,-0.22388768196105957,0.9750327996860345,0.04017964269161414,True,True
10,morphological_segmentation_type,final,12,2195,0.6047611236572266,-0.24681004881858826,0.14245744049549103,False,True,0.0004997501249375312,0.0004997501249375312,True,False,False,0.6047611236572266,0.855082631111145,0.16911320672489893,3,0.7072545993261073,-0.25032150745391846,2.33757029245467,0.08399254518787272,False,True
10,morphological_segmentation_type,final,13,13033,0.6000182628631592,0.6271498799324036,0.40326523780822754,True,True,0.0004997501249375312,0.0004997501249375312,True,True,True,0.6000182628631592,0.8112314343452454,0.30917463079094887,5,0.7396388224865093,-0.21121317148208618,1.3781697074502757,0.04740293689571076,True,True
10,morphological_segmentation_type,final,14,6119,0.5953238010406494,-0.012920048087835312,0.4151138365268707,False,True,0.0004997501249375312,0.0004997501249375312,True,False,False,0.5953238010406494,0.9419602155685425,0.23059126584289166,3,0.6320052494800192,-0.34663641452789307,1.8185005052628862,0.062088027830464014,False,True
10,morphological_segmentation_type,final,15,11367,-0.5903974771499634,-0.007160423789173365,-0.1331377774477005,True,True,0.0004997501249375312,0.0004997501249375312,True,True,True,0.5903974771499634,0.8213162422180176,0.15983449877836767,4,0.7188430555757145,-0.2309187650680542,1.9211546685220657,0.08651852503002651,True,True
10,morphological_segmentation_type,final,16,2993,-0.5858083963394165,-0.42361506819725037,-0.29164937138557434,True,True,0.0004997501249375312,0.0004997501249375312,True,True,True,0.5858083963394165,0.8524878621101379,0.33392178300672615,9,0.6871750582927743,-0.26667946577072144,1.0641605461780141,0.04304642636731614,True,True
10,morphological_segmentation_type,final,17,105,-0.5813518762588501,-0.5172512531280518,0.059390418231487274,True,False,0.0004997501249375312,0.0004997501249375312,True,False,False,0.5813518762588501,0.8573086857795715,0.3031451473346887,6,0.6781126633870656,-0.27595680952072144,1.2206349793152242,0.04686804939339901,True,False
10,morphological_segmentation_type,final,18,7912,0.5780835151672363,0.2628917992115021,0.4046204686164856,True,True,0.0004997501249375312,0.0004997501249375312,True,True,True,0.5780835151672363,0.8450190424919128,0.2899924701748368,6,0.684107086465769,-0.2669355273246765,1.311118099372204,0.048628342388696136,True,True
10,morphological_segmentation_type,final,19,7799,-0.5689817667007446,-0.19392675161361694,-0.301697313785553,True,True,0.0004997501249375312,0.0004997501249375312,True,True,True,0.5689817667007446,0.632134735584259,0.10612772018887484,3,0.9000957148397415,-0.0631529688835144,2.352994043249486,0.12085519455813952,True,True
10,morphological_segmentation_type,final,20,6102,-0.5618863105773926,-0.5678191781044006,-0.5900377035140991,True,True,0.0004997501249375312,0.0004997501249375312,True,True,True,0.5618863105773926,0.6964392066001892,0.3195932509425359,8,0.8067987919869644,-0.13455289602279663,1.1950499654352231,0.04313567589883158,True,True
10,morphological_segmentation_type,final,21,9531,0.560580849647522,-0.4862450659275055,-0.33773303031921387,False,False,0.0004997501249375312,0.0004997501249375312,True,False,False,0.560580849647522,0.7930421233177185,0.24865052352348962,7,0.7068739896215261,-0.23246127367019653,1.4206403479474279,0.05464842199508622,False,False
10,morphological_segmentation_type,final,22,661,0.5581508874893188,0.5460509657859802,0.2679145336151123,True,True,0.0004997501249375312,0.0004997501249375312,True,True,True,0.5581508874893188,0.6956459879875183,0.32961575489921063,7,0.8023490354685026,-0.13749510049819946,1.0959540294591017,0.041612167882620246,True,True
10,morphological_segmentation_type,final,23,4806,-0.5438703894615173,-0.43926993012428284,-0.46122080087661743,True,True,0.0004997501249375312,0.0004997501249375312,True,True,True,0.5438703894615173,0.7675336003303528,0.09468655703732601,3,0.708594893080161,-0.22366321086883545,2.549217572074819,0.12837286259877181,True,True
10,morphological_segmentation_type,final,24,6858,-0.5376608967781067,-0.30130118131637573,0.24839313328266144,True,False,0.0004997501249375312,0.0004997501249375312,True,False,False,0.5376608967781067,0.6357273459434509,0.18116034953019175,3,0.8457413389700756,-0.09806644916534424,1.9811946626365573,0.07071773525347315,True,False
10,morphological_segmentation_type,final,25,7918,0.5207850933074951,0.3738500773906708,0.5670523643493652,True,True,0.0004997501249375312,0.0004997501249375312,True,True,True,0.5207850933074951,0.8988211750984192,0.34840818122029305,11,0.5794090167607256,-0.3780360817909241,0.7324692542803404,0.036912326416965124,True,True
11,agreement_indexing_density,mean,1,13837,0.9742085933685303,0.9890480041503906,0.7049903869628906,True,True,0.0004997501249375312,0.0004997501249375312,True,True,True,0.9742085933685303,0.8355420827865601,0.21389641136360857,1,1.1659599359968955,0.13866651058197021,4.391898352541515,0.1045718075074884,True,True
11,agreement_indexing_density,mean,2,2258,0.9070153832435608,0.8764421939849854,0.6881479024887085,True,True,0.0004997501249375312,0.0004997501249375312,True,True,True,0.9070153832435608,0.54676753282547,0.1817928574836025,1,1.6588684016340143,0.3602478504180908,5.142395883936269,0.11342035120200647,True,True
11,agreement_indexing_density,mean,3,8113,0.8845422267913818,0.8835543990135193,0.7019929885864258,True,True,0.0004997501249375312,0.0004997501249375312,True,True,True,0.8845422267913818,0.7615175843238831,0.24334240756116998,1,1.1615519391804021,0.12302464246749878,3.5329223553836795,0.08525793573424265,True,True
11,agreement_indexing_density,mean,4,13304,0.8797192573547363,0.9469624161720276,0.5467231869697571,True,True,0.0004997501249375312,0.0004997501249375312,True,True,True,0.8797192573547363,0.8645439147949219,0.3148705253425317,1,1.0175530037284621,0.015175342559814453,2.7321827187343435,0.06684964549671082,True,True
11,agreement_indexing_density,mean,5,8003,0.8794295191764832,0.9315000176429749,0.13496439158916473,True,True,0.0004997501249375312,0.0004997501249375312,True,True,True,0.8794295191764832,0.9397011995315552,0.42339694836678415,2,0.9358608030029996,-0.06027168035507202,1.6733320615494893,0.05056543494168342,True,True
11,agreement_indexing_density,mean,6,14043,-0.8789437413215637,-0.8627191781997681,-0.6704609990119934,True,True,0.0004997501249375312,0.0004997501249375312,True,True,True,0.8789437413215637,0.8699198365211487,0.37158093706239015,1,1.0103732601805036,0.009023904800415039,1.984102333802478,0.057183436230462056,True,True
11,agreement_indexing_density,mean,7,661,0.8662567734718323,0.8396133780479431,0.6206859350204468,True,True,0.0004997501249375312,0.0004997501249375312,True,True,True,0.8662567734718323,0.8909521698951721,0.3404946596099016,2,0.9722820177583209,-0.024695396423339844,2.1947152393669263,0.06123882531515202,True,True
11,agreement_indexing_density,mean,8,9331,-0.8517549633979797,-0.9042547345161438,-0.4828293025493622,True,True,0.0004997501249375312,0.0004997501249375312,True,True,True,0.8517549633979797,0.7537071704864502,0.26572535874751896,1,1.1300873824090707,0.09804779291152954,2.9603291944151384,0.07594753679519248,True,True
11,agreement_indexing_density,mean,9,8911,0.834149181842804,0.790851354598999,0.6555906534194946,True,True,0.0004997501249375312,0.0004997501249375312,True,True,True,0.834149181842804,0.5245615243911743,0.19371736779188117,1,1.5901836925820068,0.30958765745162964,4.318480288833653,0.09943218513689056,True,True
11,agreement_indexing_density,mean,10,9622,-0.8325275182723999,-0.8342122435569763,-0.26801207661628723,True,True,0.0004997501249375312,0.0004997501249375312,True,True,True,0.8325275182723999,0.8634231090545654,0.3817632712232761,4,0.9642173223554374,-0.030895590782165527,1.7832019551076372,0.05295540304979529,True,True
11,agreement_indexing_density,mean,11,758,0.8260605335235596,0.8179236054420471,0.6730161905288696,True,True,0.0004997501249375312,0.0004997501249375312,True,True,True,0.8260605335235596,0.4925585389137268,0.1609196267568339,1,1.6770809320356674,0.33350199460983276,5.9901955074744135,0.11631500190147609,True,True
11,agreement_indexing_density,mean,12,7038,-0.821173906326294,-0.7502883672714233,-0.3710203766822815,True,True,0.0004997501249375312,0.0004997501249375312,True,True,True,0.821173906326294,0.9209223389625549,0.4177410188011634,5,0.8916863796043536,-0.09974843263626099,1.5110823105846762,0.047985179262446484,True,True
11,agreement_indexing_density,mean,13,6102,-0.8168147206306458,-0.836800217628479,-0.359516441822052,True,True,0.0004997501249375312,0.0004997501249375312,True,True,True,0.8168147206306458,0.9179275035858154,0.3979716507288126,5,0.8898466572140173,-0.10111278295516968,1.5820370630186424,0.04999567048711406,True,True
11,agreement_indexing_density,mean,14,11003,-0.8147552609443665,-0.7437863945960999,-0.422166645526886,True,True,0.0004997501249375312,0.0004997501249375312,True,True,True,0.8147552609443665,0.9458068013191223,0.4728234248737303,6,0.86143941850283,-0.13105154037475586,1.269730721909234,0.04231424623530984,True,True
11,agreement_indexing_density,mean,15,12064,-0.8147293925285339,-0.7437407374382019,-0.41954320669174194,True,True,0.0004997501249375312,0.0004997501249375312,True,True,True,0.8147293925285339,0.9586923122406006,0.48299259300797415,6,0.8498340730660447,-0.14396291971206665,1.2470213282835156,0.04145901628463352,True,True
11,agreement_indexing_density,mean,16,4617,-0.8147180080413818,-0.7439464330673218,-0.40121030807495117,True,True,0.0004997501249375312,0.0004997501249375312,True,True,True,0.8147180080413818,0.9539804458618164,0.4716070377482818,6,0.8540196097052846,-0.13926243782043457,1.2514749581533327,0.042416898018833256,True,True
11,agreement_indexing_density,mean,17,7097,-0.8145487904548645,-0.7441303133964539,-0.4972573220729828,True,True,0.0004997501249375312,0.0004997501249375312,True,True,True,0.8145487904548645,0.9442382454872131,0.4567692563361608,5,0.8626517664877779,-0.12968945503234863,1.352047005414592,0.04372582942546549,True,True
11,agreement_indexing_density,mean,18,14174,-0.8144800662994385,-0.7439789772033691,-0.38133785128593445,True,True,0.0004997501249375312,0.0004997501249375312,True,True,True,0.8144800662994385,0.9456188082695007,0.46650037918395054,7,0.8613196556337025,-0.13113874197006226,1.2318690421171918,0.04284934168675617,True,True
11,agreement_indexing_density,mean,19,7896,-0.8143921494483948,-0.7440460920333862,-0.42504921555519104,True,True,0.0004997501249375312,0.0004997501249375312,True,True,True,0.8143921494483948,0.9546486139297485,0.47489502118566096,6,0.8530805340993507,-0.14025646448135376,1.263778769004934,0.0421194517132528,True,True
11,agreement_indexing_density,mean,20,1426,-0.8143451809883118,-0.7439182996749878,-0.3569904565811157,True,True,0.0004997501249375312,0.0004997501249375312,True,True,True,0.8143451809883118,0.9406847953796387,0.46753672562324655,5,0.8656939975942323,-0.1263396143913269,1.2603891940127316,0.04275164417521406,True,True
11,agreement_indexing_density,mean,21,2178,-0.8142792582511902,-0.744016706943512,-0.3742358982563019,True,True,0.0004997501249375312,0.0004997501249375312,True,True,True,0.8142792582511902,0.9385115504264832,0.4710414963177381,7,0.8676283822837996,-0.12423229217529297,1.264596735814123,0.042443763558565314,True,True
11,agreement_indexing_density,mean,22,9256,-0.8142683506011963,-0.7439286708831787,-0.4124593734741211,True,True,0.0004997501249375312,0.0004997501249375312,True,True,True,0.8142683506011963,0.9518581628799438,0.4779529557205163,6,0.8554513501649704,-0.13758981227874756,1.2420539361455971,0.04185515581441411,True,True
11,agreement_indexing_density,mean,23,12851,-0.814268171787262,-0.7439531683921814,-0.37491026520729065,True,True,0.0004997501249375312,0.0004997501249375312,True,True,True,0.814268171787262,0.9529070258140564,0.46427108695467884,5,0.8545095688549919,-0.13863885402679443,1.2750470520436368,0.043035517850022305,True,True
11,agreement_indexing_density,mean,24,8745,-0.814176082611084,-0.7437427043914795,-0.3347051739692688,True,True,0.0004997501249375312,0.0004997501249375312,True,True,True,0.814176082611084,0.9349116086959839,0.4575468662600869,5,0.8708588865921753,-0.1207355260848999,1.312164519801501,0.04363565741526439,True,True
11,agreement_indexing_density,mean,25,10935,-0.8141450881958008,-0.7436655759811401,-0.44164949655532837,True,True,0.0004997501249375312,0.0004997501249375312,True,True,True,0.8141450881958008,0.9350451231002808,0.4740592679964044,6,0.8707013897857485,-0.12090003490447998,1.2676280000030056,0.042178314791504606,True,True
11,agreement_indexing_density,final,1,8003,0.8795605897903442,0.8985247015953064,0.3101375102996826,True,True,0.0004997501249375312,0.0004997501249375312,True,True,True,0.8795605897903442,0.8593583106994629,0.3340219776026713,1,1.0235085631212875,0.020202279090881348,2.360046027687659,0.06324853803001611,True,True
11,agreement_indexing_density,final,2,15659,0.8661643862724304,0.938971757888794,0.3740214705467224,True,True,0.0004997501249375312,0.0004997501249375312,True,True,True,0.8661643862724304,0.7597099542617798,0.37495163906938755,1,1.14012509828714,0.10645443201065063,2.358407630415778,0.05592025457470331,True,True
11,agreement_indexing_density,final,3,8113,0.8603767156600952,0.6696402430534363,0.7119486331939697,True,True,0.0004997501249375312,0.0004997501249375312,True,True,True,0.8603767156600952,0.5856466889381409,0.19290208275644824,1,1.4691054041816205,0.27473002672195435,4.465311032181012,0.102626679685789,True,True
11,agreement_indexing_density,final,4,9622,-0.8023116588592529,-0.7998523116111755,-0.2089555710554123,True,True,0.0004997501249375312,0.0004997501249375312,True,True,True,0.8023116588592529,0.8516861796379089,0.3522980344505646,2,0.9420273312411299,-0.049374520778656006,1.7178288013692604,0.05517227650413195,True,True
11,agreement_indexing_density,final,5,2734,-0.7406318783760071,-0.7509425282478333,0.056645967066287994,True,False,0.0004997501249375312,0.0004997501249375312,True,False,False,0.7406318783760071,0.834618091583252,0.37075292710692453,5,0.8873901558628389,-0.09398621320724487,1.5515269518187302,0.0487257941807351,True,False
11,agreement_indexing_density,final,6,15059,-0.7328200340270996,-0.12990599870681763,0.0275892186909914,True,False,0.0004997501249375312,0.0004997501249375312,True,False,False,0.7328200340270996,0.8713855743408203,0.378810934161242,6,0.8409825175054776,-0.1385655403137207,1.3962507405833153,0.04725905678125517,True,False
11,agreement_indexing_density,final,7,6051,-0.7173817753791809,-0.2934132218360901,-0.133468359708786,True,True,0.0004997501249375312,0.0004997501249375312,True,True,True,0.7173817753791809,0.6640949249267578,0.2597520616239844,1,1.0802398097806576,0.053286850452423096,2.510217892082923,0.06613208053093725,True,True
11,agreement_indexing_density,final,8,4549,-0.6962843537330627,-0.32542574405670166,0.12171702086925507,True,False,0.0004997501249375312,0.0004997501249375312,True,False,False,0.6962843537330627,0.8782880902290344,0.3471519876001343,5,0.7927744455142163,-0.18200373649597168,1.4493312024927885,0.04891281985016905,True,False
11,agreement_indexing_density,final,9,4441,0.6898773908615112,0.5957528352737427,-0.024537794291973114,True,False,0.0004997501249375312,0.0004997501249375312,True,False,False,0.6898773908615112,0.8246793150901794,0.3522680211000336,7,0.8365401899113627,-0.1348019242286682,1.4689509366479079,0.04781408386421976,True,False
11,agreement_indexing_density,final,10,12897,-0.6835450530052185,-0.4464765191078186,-0.12865500152111053,True,True,0.0004997501249375312,0.0004997501249375312,True,True,True,0.6835450530052185,0.8939337730407715,0.4098987279531474,7,0.7646484265608372,-0.21038872003555298,1.1359574212261836,0.04100549742405172,True,True
11,agreement_indexing_density,final,11,1828,0.6734252572059631,0.6690458655357361,0.5248116254806519,True,True,0.0004997501249375312,0.0004997501249375312,True,True,True,0.6734252572059631,0.7534714341163635,0.2800198935975249,2,0.8937634881881423,-0.08004617691040039,1.7523018035338516,0.05808293740651033,True,True
11,agreement_indexing_density,final,12,5697,0.6702550053596497,0.36416536569595337,0.251240074634552,True,True,0.0004997501249375312,0.0004997501249375312,True,True,True,0.6702550053596497,0.792143702507019,0.32434547420304555,5,0.8461280487850759,-0.12188869714736938,1.4808929500134727,0.05032047052580386,True,True
11,agreement_indexing_density,final,13,14004,0.6423138380050659,0.5444221496582031,-0.08339831233024597,True,False,0.0004997501249375312,0.0004997501249375312,True,False,False,0.6423138380050659,0.8895617127418518,0.39157709847084987,9,0.7220565237967514,-0.2472478747367859,0.9194198862002793,0.04036201305687505,True,False
11,agreement_indexing_density,final,14,661,0.6398228406906128,0.657178521156311,0.4281260669231415,True,True,0.0004997501249375312,0.0004997501249375312,True,True,True,0.6398228406906128,0.6956459879875183,0.3275216022530236,3,0.9197535121874273,-0.05582314729690552,1.5180877752843631,0.04770110745808367,True,True
11,agreement_indexing_density,final,15,4080,-0.61964350938797,-0.2940884530544281,-0.25963297486305237,True,True,0.0004997501249375312,0.0004997501249375312,True,True,True,0.61964350938797,0.8348079323768616,0.30695198042294347,6,0.7422587703781439,-0.2151644229888916,1.360336313434972,0.049214104671915816,True,True
11,agreement_indexing_density,final,16,2993,-0.5983775854110718,-0.11989456415176392,-0.09105753898620605,True,True,0.0004997501249375312,0.0004997501249375312,True,True,True,0.5983775854110718,0.8524878621101379,0.33359949610745293,8,0.7019191850191573,-0.25411027669906616,1.1203338998698842,0.0439700366727519,True,True
11,agreement_indexing_density,final,17,7418,-0.5799260139465332,-0.668530285358429,-0.16147606074810028,True,True,0.0004997501249375312,0.0004997501249375312,True,True,True,0.5799260139465332,0.678272008895874,0.18486580655922014,3,0.8550050810596865,-0.09834599494934082,2.4408461550513367,0.07444787020772974,True,True
11,agreement_indexing_density,final,18,7918,-0.5710812211036682,-0.6360936164855957,-0.7085787653923035,True,True,0.0004997501249375312,0.0004997501249375312,True,True,True,0.5710812211036682,0.8988211750984192,0.34711853691782707,9,0.6353668971373932,-0.327739953994751,0.9562084471073591,0.040477227007592334,True,True
11,agreement_indexing_density,final,19,1546,-0.5696910619735718,-0.12803912162780762,-0.05783122405409813,True,True,0.0004997501249375312,0.0004997501249375312,True,True,True,0.5696910619735718,0.7679563164710999,0.31417202610426986,7,0.7418274317885771,-0.19826525449752808,1.2140462743108813,0.044429362554392414,True,True
11,agreement_indexing_density,final,20,14168,-0.5596163272857666,-0.7272855639457703,-0.5772910118103027,True,True,0.0004997501249375312,0.0004997501249375312,True,True,True,0.5596163272857666,0.8737818002700806,0.34691882703620464,11,0.6404531739077108,-0.31416547298431396,0.8584516843846177,0.03971881827760626,True,True
11,agreement_indexing_density,final,21,9465,0.5471179485321045,0.380868524312973,0.08721669018268585,True,True,0.0004997501249375312,0.0004997501249375312,True,True,True,0.5471179485321045,0.887403666973114,0.4319813974106159,15,0.6165378495654568,-0.3402857184410095,0.43851591752646296,0.0314536969418146,True,True
11,agreement_indexing_density,final,22,11483,0.5403357744216919,0.5943446159362793,0.3800547122955322,True,True,0.0004997501249375312,0.0004997501249375312,True,True,True,0.5403357744216919,0.7352381348609924,0.2428315047686621,3,0.7349126069526444,-0.19490236043930054,1.6527295661873893,0.05397547575503819,True,True
11,agreement_indexing_density,final,23,7912,0.5067600607872009,0.2642979323863983,-0.33920276165008545,True,False,0.0004997501249375312,0.0004997501249375312,True,False,False,0.5067600607872009,0.8450190424919128,0.2918212766974018,8,0.5997025336763944,-0.3382589817047119,0.9687716645707555,0.04262861870009806,True,False
11,agreement_indexing_density,final,24,12998,0.49573320150375366,0.7700986862182617,0.15074799954891205,True,True,0.0004997501249375312,0.0004997501249375312,True,True,True,0.49573320150375366,0.8506332635879517,0.3466138298360583,10,0.5827813497590753,-0.354900062084198,0.7285274134133198,0.03537496678336736,True,True
11,agreement_indexing_density,final,25,13191,-0.4921150505542755,-0.7110211849212646,-0.4573805332183838,True,True,0.0004997501249375312,0.0004997501249375312,True,True,True,0.4921150505542755,0.6982070207595825,0.3064818238027585,10,0.704826843503953,-0.206091970205307,1.0548739002925467,0.03954349221130743,True,True
12,optionality_vs_obligatoriness_of_marking,mean,1,13154,-0.5067944526672363,-0.9049288034439087,-0.24896688759326935,True,True,0.0004997501249375312,0.0004997501249375312,True,True,True,0.5067944526672363,0.5890405774116516,0.12138719753084633,2,0.8603727350909859,-0.08224612474441528,3.062257814680095,0.09669997921084797,True,True
12,optionality_vs_obligatoriness_of_marking,mean,2,261,-0.49865788221359253,-0.9429270029067993,-0.06371632218360901,True,True,0.0004997501249375312,0.0004997501249375312,True,True,True,0.49865788221359253,0.7552562952041626,0.18047382009144014,2,0.6602498852112105,-0.25659841299057007,2.0352470094419433,0.06616012036050557,True,True
12,optionality_vs_obligatoriness_of_marking,mean,3,4690,0.48836588859558105,0.6427955031394958,-0.1437700092792511,True,False,0.0004997501249375312,0.0004997501249375312,True,False,False,0.48836588859558105,0.5176808834075928,0.19012670469685242,2,0.9433724602325507,-0.02931499481201172,2.3459177102163378,0.06179259715240375,True,False
12,optionality_vs_obligatoriness_of_marking,mean,4,7803,0.4527392089366913,0.44146132469177246,-0.3744266629219055,True,False,0.0004997501249375312,0.0004997501249375312,True,False,False,0.4527392089366913,0.6930578947067261,0.1567687707571074,3,0.6532487579962885,-0.2403186857700348,2.088394995690246,0.0689444839254763,True,False
12,optionality_vs_obligatoriness_of_marking,mean,5,1360,0.45245444774627686,0.1424652636051178,0.4757956266403198,True,True,0.0004997501249375312,0.0004997501249375312,True,True,True,0.45245444774627686,0.48776575922966003,0.1868614285515669,2,0.9276060059255673,-0.03531131148338318,2.4866217972485773,0.05845626815327703,True,True
12,optionality_vs_obligatoriness_of_marking,mean,6,10649,-0.4484250545501709,-0.251796692609787,-0.30159687995910645,True,True,0.0004997501249375312,0.0004997501249375312,True,True,True,0.4484250545501709,0.4911257326602936,0.10953209262627822,2,0.9130555064202708,-0.04270067811012268,3.6930296204504742,0.09500175230465456,True,True
12,optionality_vs_obligatoriness_of_marking,mean,7,8418,-0.44188907742500305,-0.9295567870140076,-0.06773513555526733,True,True,0.0004997501249375312,0.0004997501249375312,True,True,True,0.44188907742500305,0.6860594749450684,0.13147883902554616,2,0.644097332028516,-0.2441703975200653,2.422829748268226,0.07933997945600639,True,True
12,optionality_vs_obligatoriness_of_marking,mean,8,10200,-0.43825283646583557,0.5097687244415283,-0.23427510261535645,False,True,0.0004997501249375312,0.0004997501249375312,True,False,False,0.43825283646583557,0.501562774181366,0.15667850514635062,3,0.8737746480111831,-0.0633099377155304,2.4212568815750592,0.06692196368892113,False,True
12,optionality_vs_obligatoriness_of_marking,mean,9,5712,-0.4319194257259369,-0.6412009596824646,-0.1793566644191742,True,True,0.0004997501249375312,0.0004997501249375312,True,True,True,0.4319194257259369,0.4487469792366028,0.13240136018691537,2,0.9625010210892283,-0.016827553510665894,2.663318322635257,0.07718949719780172,True,True
12,optionality_vs_obligatoriness_of_marking,mean,10,10848,-0.4311297833919525,-0.9547104239463806,0.12089671194553375,True,False,0.0004997501249375312,0.0004997501249375312,True,False,False,0.4311297833919525,0.47487878799438477,0.13011900662707213,2,0.9078733232385406,-0.04374900460243225,2.55602318463004,0.07830506937449094,True,False
12,optionality_vs_obligatoriness_of_marking,mean,11,5705,-0.42698755860328674,0.6122655868530273,-0.3244839608669281,False,True,0.0004997501249375312,0.0004997501249375312,True,False,False,0.42698755860328674,0.41141581535339355,0.1389782373339702,1,1.0378491605543105,0.015571743249893188,2.743173156747854,0.0730250421856015,False,True
12,optionality_vs_obligatoriness_of_marking,mean,12,10454,-0.4239047169685364,-0.96464604139328,-0.18146100640296936,True,True,0.0004997501249375312,0.0004997501249375312,True,True,True,0.4239047169685364,0.43884119391441345,0.1112320863646276,2,0.9659638221000963,-0.014936476945877075,3.1927681193928157,0.0890190311260946,True,True
12,optionality_vs_obligatoriness_of_marking,mean,13,1482,0.4238366186618805,0.8534089922904968,0.09111601114273071,True,True,0.0004997501249375312,0.0004997501249375312,True,True,True,0.4238366186618805,0.9017719030380249,0.17805979613704273,4,0.47000424079969216,-0.4779352843761444,1.2313039846154266,0.05752265423866162,True,True
12,optionality_vs_obligatoriness_of_marking,mean,14,1546,0.4209277629852295,-0.5917472839355469,-0.24510373175144196,False,False,0.0004997501249375312,0.0004997501249375312,True,False,False,0.4209277629852295,0.8725707530975342,0.43144257643666023,20,0.4823995779035457,-0.4516429901123047,-0.04310187438514694,0.02440558756766034,False,False
12,optionality_vs_obligatoriness_of_marking,mean,15,6960,-0.42078492045402527,-0.7886185646057129,0.09284774959087372,True,False,0.0004997501249375312,0.0004997501249375312,True,False,False,0.42078492045402527,0.6075441837310791,0.13038326543158826,3,0.6925997017531811,-0.18675926327705383,2.4673551541100895,0.07642669487801235,True,False
12,optionality_vs_obligatoriness_of_marking,mean,16,13817,-0.4175151586532593,-0.9398850202560425,-0.19939488172531128,True,True,0.0004997501249375312,0.0004997501249375312,True,True,True,0.4175151586532593,0.3354162871837616,0.1277273889796701,1,1.2447670986964294,0.08209887146949768,2.9284258788845587,0.07733361386444133,True,True
12,optionality_vs_obligatoriness_of_marking,mean,17,47,0.4119848310947418,0.8077634572982788,0.1801048070192337,True,True,0.0004997501249375312,0.0004997501249375312,True,True,True,0.4119848310947418,0.4150935411453247,0.1333422092243265,2,0.9925108204719222,-0.0031087100505828857,2.727996117613006,0.07340708018947842,True,True
12,optionality_vs_obligatoriness_of_marking,mean,18,11694,-0.4119398891925812,0.2820327579975128,0.0785401314496994,False,False,0.0004997501249375312,0.0004997501249375312,True,False,False,0.4119398891925812,0.42221617698669434,0.1746096901404552,2,0.9756610751689957,-0.01027628779411316,2.0911344792324447,0.05704181475024915,False,False
12,optionality_vs_obligatoriness_of_marking,mean,19,788,-0.4101230800151825,0.4856845438480377,0.15655437111854553,False,False,0.0004997501249375312,0.0004997501249375312,True,False,False,0.4101230800151825,0.610225260257721,0.15076630250909007,2,0.6720847312056079,-0.20010218024253845,2.129246826102444,0.0652023054304628,False,False
12,optionality_vs_obligatoriness_of_marking,mean,20,2421,-0.4083241820335388,-0.9586012959480286,0.1695650815963745,True,False,0.0004997501249375312,0.0004997501249375312,True,False,False,0.4083241820335388,0.41246896982192993,0.12044887746779774,3,0.9899512736917386,-0.004144787788391113,2.5578860864523287,0.07997213964870789,True,False
12,optionality_vs_obligatoriness_of_marking,mean,21,2500,-0.4055078625679016,-0.8286328315734863,0.03512062877416611,True,False,0.0004997501249375312,0.0004997501249375312,True,False,False,0.4055078625679016,0.4765130281448364,0.10676580524215332,2,0.8509900855106258,-0.07100516557693481,2.643910800398844,0.08874472496057571,True,False
12,optionality_vs_obligatoriness_of_marking,mean,22,9607,0.4039496183395386,0.5193761587142944,0.5383659601211548,True,True,0.0004997501249375312,0.0004997501249375312,True,True,True,0.4039496183395386,0.26462677121162415,0.07906410870596002,1,1.5264881043214513,0.13932284712791443,5.650054789982076,0.11582951291119814,True,True
12,optionality_vs_obligatoriness_of_marking,mean,23,3546,-0.40377774834632874,0.24603185057640076,-0.1782911866903305,False,True,0.0004997501249375312,0.0004997501249375312,True,False,False,0.40377774834632874,0.47438719868659973,0.14183350197541025,2,0.8511565014069475,-0.070609450340271,2.482048842969761,0.06803005992808588,False,True
12,optionality_vs_obligatoriness_of_marking,mean,24,7165,-0.402793288230896,-0.27708306908607483,-0.03812570124864578,True,True,0.0004997501249375312,0.0004997501249375312,True,True,True,0.402793288230896,0.2815991938114166,0.10040164328156373,1,1.4303779878739338,0.12119409441947937,3.82118549135033,0.09327249365703437,True,True
12,optionality_vs_obligatoriness_of_marking,mean,25,5584,-0.4009626507759094,-0.9863726496696472,0.0,True,False,0.0004997501249375312,0.0004997501249375312,True,False,False,0.4009626507759094,0.6160634756088257,0.1797784278534938,5,0.6508463277743539,-0.21510082483291626,1.394445945443752,0.05409407290143586,True,False
12,optionality_vs_obligatoriness_of_marking,final,1,1838,0.4003828167915344,0.3713047206401825,-0.09483137726783752,True,False,0.0004997501249375312,0.0004997501249375312,True,False,False,0.4003828167915344,0.7413030862808228,0.2553611834270832,10,0.5401067717123468,-0.34092026948928833,0.6629855220974499,0.03864897109433865,True,False
12,optionality_vs_obligatoriness_of_marking,final,2,4840,-0.325592041015625,-0.8950961232185364,-0.1659773886203766,True,True,0.0004997501249375312,0.0004997501249375312,True,True,True,0.325592041015625,0.35787200927734375,0.010203641576644702,2,0.9098002430340887,-0.03227996826171875,5.485451763870597,0.45000236739162397,True,True
12,optionality_vs_obligatoriness_of_marking,final,3,15870,-0.3186415433883667,-0.24122434854507446,-0.18479317426681519,True,True,0.0004997501249375312,0.0004997501249375312,True,True,True,0.3186415433883667,0.4131177067756653,0.11559215479363234,6,0.7713093342701918,-0.09447616338729858,1.728250970803341,0.06601595179280971,True,True
12,optionality_vs_obligatoriness_of_marking,final,4,1828,-0.3180354833602905,-0.4620230793952942,-0.21914157271385193,True,True,0.0004997501249375312,0.0004997501249375312,True,True,True,0.3180354833602905,0.7534714341163635,0.2891324519012601,18,0.42209361756795444,-0.435435950756073,0.12397392871588697,0.027430564677224937,True,True
12,optionality_vs_obligatoriness_of_marking,final,5,15282,-0.2654728591442108,-0.4746040105819702,-0.020570149645209312,True,True,0.0004997501249375312,0.0004997501249375312,True,True,True,0.2654728591442108,0.8384048938751221,0.26450340726818794,15,0.3166403978359318,-0.5729320347309113,0.0045055750099939895,0.02508933051063997,True,True
12,optionality_vs_obligatoriness_of_marking,final,6,9390,0.25647446513175964,0.8468562364578247,0.1300961673259735,True,True,0.0004997501249375312,0.0004997501249375312,True,True,True,0.25647446513175964,0.7182981371879578,0.23501425780929053,16,0.357058513524514,-0.4618236720561981,0.11017833902428069,0.027220721116926156,True,True
12,optionality_vs_obligatoriness_of_marking,final,7,3874,0.2517814040184021,0.0,0.5177783966064453,False,True,0.0004997501249375312,0.0004997501249375312,True,False,False,0.2517814040184021,0.5491592884063721,0.10818581126230316,6,0.4584851960695355,-0.29737788438796997,1.061469970555941,0.056313984520544765,False,True
12,optionality_vs_obligatoriness_of_marking,final,8,15793,-0.2434106469154358,0.0,0.0,False,False,0.0004997501249375312,0.0009995002498750624,True,False,False,0.2434106469154358,0.2830549478530884,0.05608797409476187,2,0.8599413250383143,-0.03964430093765259,2.512014548353118,0.10013430873052515,False,False
12,optionality_vs_obligatoriness_of_marking,final,9,4730,-0.24180416762828827,-0.6762147545814514,0.1414213478565216,True,False,0.0004997501249375312,0.0009995002498750624,True,False,False,0.24180416762828827,0.6318434476852417,0.17237258048202747,10,0.38269632851956886,-0.39003928005695343,0.38840442107558726,0.034720353680458914,True,False
12,optionality_vs_obligatoriness_of_marking,final,10,9958,-0.24030084908008575,-0.16957537829875946,-0.1414213627576828,True,True,0.0004997501249375312,0.0009995002498750624,True,True,True,0.24030084908008575,0.2828952968120575,0.08929509810434702,4,0.8494338781451375,-0.04259444773197174,1.952168411196775,0.06454824985658932,True,True
12,optionality_vs_obligatoriness_of_marking,final,11,7175,-0.23400157690048218,0.1414213627576828,-0.1414213478565216,False,True,0.0004997501249375312,0.0009995002498750624,True,False,False,0.23400157690048218,0.06353820115327835,0.001629184644955855,1,3.6828486273317877,0.17046337574720383,22.83925415228622,0.7864547672620834,False,True
12,optionality_vs_obligatoriness_of_marking,final,12,164,0.23058924078941345,-0.8353198766708374,0.38143429160118103,False,True,0.0004997501249375312,0.0009995002498750624,True,False,False,0.23058924078941345,0.9021463394165039,0.42857616929671705,31,0.25560070546709246,-0.6715570986270905,-0.8319066501836924,0.01360805113236305,False,True
12,optionality_vs_obligatoriness_of_marking,final,13,15899,-0.22438062727451324,-0.1414213478565216,0.0,True,False,0.0004997501249375312,0.001999000499750125,True,False,False,0.22438062727451324,0.04999999701976776,0.0028221667863619635,1,4.4876128129728325,0.17438063025474548,21.44551333453225,0.6709041509176553,True,False
12,optionality_vs_obligatoriness_of_marking,final,14,7912,0.22227303683757782,0.4123150110244751,0.10880938172340393,True,True,0.0004997501249375312,0.001999000499750125,True,True,True,0.22227303683757782,0.8450190424919128,0.2991158157730332,20,0.2630390862933779,-0.622746005654335,-0.34276484752005,0.018697591360975045,True,True
12,optionality_vs_obligatoriness_of_marking,final,15,3428,-0.21770641207695007,0.0,0.1414213627576828,False,False,0.0004997501249375312,0.0024987506246876563,True,False,False,0.21770641207695007,0.27626273036003113,0.08900646261202219,4,0.7880411946744706,-0.058556318283081055,1.7020825017596017,0.05901568553695287,False,False
12,optionality_vs_obligatoriness_of_marking,final,16,9531,0.2097460925579071,-0.6982147097587585,-0.10113593190908432,False,False,0.0004997501249375312,0.0024987506246876563,True,False,False,0.2097460925579071,0.7930421233177185,0.25764628652578747,19,0.2644829150820227,-0.5832960307598114,-0.21283984856174598,0.020447171866702366,False,False
12,optionality_vs_obligatoriness_of_marking,final,17,4359,0.20176807045936584,0.0,0.1414213627576828,False,True,0.0004997501249375312,0.0029985007496251873,True,False,False,0.20176807045936584,0.46537771821022034,0.12960097217598024,10,0.43355765126731577,-0.2636096477508545,0.6690717584331909,0.0383866368675014,False,True
12,optionality_vs_obligatoriness_of_marking,final,18,11328,-0.20099040865898132,0.0,0.1414213627576828,False,False,0.0004997501249375312,0.0034982508745627187,True,False,False,0.20099040865898132,0.08923215419054031,0.0035543939433036707,1,2.2524437573231726,0.11175825446844101,12.226558073964503,0.5918240325130663,False,False
12,optionality_vs_obligatoriness_of_marking,final,19,2993,-0.19479046761989594,0.9574986696243286,0.16515186429023743,False,False,0.0009995002498750624,0.0079960019990005,True,False,False,0.19479046761989594,0.8524878621101379,0.3439478837431241,26,0.22849647048080762,-0.657697394490242,-0.624292464835586,0.014313611026832488,False,False
12,optionality_vs_obligatoriness_of_marking,final,20,8793,-0.1932690143585205,-0.42350196838378906,0.038775473833084106,True,False,0.0004997501249375312,0.0079960019990005,True,False,False,0.1932690143585205,0.7092878222465515,0.2681418036898741,24,0.2724831983529239,-0.516018807888031,-0.40468772746646386,0.018145963308244025,True,False
12,optionality_vs_obligatoriness_of_marking,final,21,12455,0.1915772259235382,0.1414213627576828,0.19097042083740234,True,True,0.0004997501249375312,0.00849575212393803,True,True,True,0.1915772259235382,0.10640070587396622,0.027031656727045536,1,1.800525892661514,0.08517652004957199,4.643147358056331,0.15377701514563702,True,True
12,optionality_vs_obligatoriness_of_marking,final,22,7700,-0.19106726348400116,-0.9255083799362183,-0.1936735212802887,True,True,0.0004997501249375312,0.008995502248875561,True,True,True,0.19106726348400116,0.8583455681800842,0.17068136171199,10,0.22259946409359746,-0.6672783046960831,0.09368161174629847,0.027902642830669063,True,True
12,optionality_vs_obligatoriness_of_marking,final,23,9465,0.18833930790424347,-0.4445542097091675,0.5503806471824646,False,True,0.0004997501249375312,0.009995002498750625,True,False,False,0.18833930790424347,0.887403666973114,0.4411808497344072,31,0.2122363417165704,-0.6990643590688705,-0.9721987083470955,0.010827587595956133,False,True
12,optionality_vs_obligatoriness_of_marking,final,24,14795,0.18600071966648102,-0.8673157691955566,0.33013716340065,False,True,0.0014992503748125937,0.014992503748125937,True,False,False,0.18600071966648102,0.8592251539230347,0.3676904901736774,28,0.2164749470115514,-0.6732244342565536,-0.6922763256416714,0.012804737580370082,False,True
12,optionality_vs_obligatoriness_of_marking,final,25,661,-0.1838528960943222,-0.7588459253311157,0.5117822885513306,True,False,0.001999000499750125,0.017991004497751123,True,False,False,0.1838528960943222,0.6956459879875183,0.33921313929395414,29,0.2642908882809815,-0.5117930918931961,-0.7389403324005182,0.013706898527737765,True,False
13,redundancy_cumulative_exponence,mean,1,14465,0.8983970880508423,0.7192783355712891,0.5336946845054626,True,True,0.0004997501249375312,0.0004997501249375312,True,True,True,0.8983970880508423,0.814154863357544,0.3709627110988666,1,1.1034719909992143,0.08424222469329834,1.881946479684048,0.05846677281842404,True,True
13,redundancy_cumulative_exponence,mean,2,4441,0.8568889498710632,0.6745253801345825,0.628472626209259,True,True,0.0004997501249375312,0.0004997501249375312,True,True,True,0.8568889498710632,0.8899081945419312,0.3636882146104024,3,0.9628958977191303,-0.03301924467086792,1.837096482929024,0.056971236677336785,True,True
13,redundancy_cumulative_exponence,mean,3,10612,0.7677280902862549,0.7307533025741577,0.17411084473133087,True,True,0.0004997501249375312,0.0004997501249375312,True,True,True,0.7677280902862549,0.34067755937576294,0.13653057227388787,1,2.253532905698261,0.42705053091049194,6.452959667390534,0.12601364297778586,True,True
13,redundancy_cumulative_exponence,mean,4,2084,0.7664673924446106,0.7610178589820862,0.06763815134763718,True,True,0.0004997501249375312,0.0004997501249375312,True,True,True,0.7664673924446106,0.8128283023834229,0.35473910470803577,3,0.9429634649742509,-0.046360909938812256,1.6858991559108463,0.05249311961262337,True,True
13,redundancy_cumulative_exponence,mean,5,2734,-0.7426938414573669,-0.2611806094646454,-0.6940221786499023,True,True,0.0004997501249375312,0.0004997501249375312,True,True,True,0.7426938414573669,0.8092123866081238,0.3185374438762665,4,0.917798409599766,-0.06651854515075684,1.651656723648343,0.056411465229694306,True,True
13,redundancy_cumulative_exponence,mean,6,3017,0.7401263117790222,0.3834615647792816,-0.1471710503101349,True,False,0.0004997501249375312,0.0004997501249375312,True,False,False,0.7401263117790222,0.3957898020744324,0.08723463549111517,1,1.8699984383120458,0.34433650970458984,8.55648968684837,0.17867619539643673,True,False
13,redundancy_cumulative_exponence,mean,7,2993,0.7382706999778748,0.7540760636329651,0.15309780836105347,True,True,0.0004997501249375312,0.0004997501249375312,True,True,True,0.7382706999778748,0.8404539823532104,0.318355427768368,2,0.8784189443790487,-0.1021832823753357,1.7213635412921953,0.05612462141061646,True,True
13,redundancy_cumulative_exponence,mean,8,223,0.7206318974494934,0.5097212791442871,0.396383136510849,True,True,0.0004997501249375312,0.0004997501249375312,True,True,True,0.7206318974494934,0.6025052070617676,0.28459508549899626,1,1.1960592024819061,0.11812669038772583,2.306546263634883,0.06096798969447858,True,True
13,redundancy_cumulative_exponence,mean,9,16054,-0.7147306799888611,-0.8798406720161438,-0.4938172399997711,True,True,0.0004997501249375312,0.0004997501249375312,True,True,True,0.7147306799888611,0.48162564635276794,0.12087725688560078,1,1.4839963058473733,0.23310503363609314,5.052199087607415,0.1316518865691582,True,True
13,redundancy_cumulative_exponence,mean,10,105,0.7070627212524414,0.6412005424499512,-0.5453463792800903,True,False,0.0004997501249375312,0.0004997501249375312,True,False,False,0.7070627212524414,0.871849000453949,0.2817512474109371,2,0.810992179705766,-0.16478627920150757,1.9685701966209237,0.06045668012014362,True,False
13,redundancy_cumulative_exponence,mean,11,4814,0.7049897313117981,0.9284691214561462,0.45542576909065247,True,True,0.0004997501249375312,0.0004997501249375312,True,True,True,0.7049897313117981,0.2650524079799652,0.10006777816064034,1,2.6598125883281427,0.4399373233318329,7.721555703993019,0.15300474650133253,True,True
13,redundancy_cumulative_exponence,mean,12,308,0.693824052810669,0.9321281313896179,0.5818033814430237,True,True,0.0004997501249375312,0.0004997501249375312,True,True,True,0.693824052810669,0.4271150231361389,0.14576915061722198,1,1.624443101336473,0.26670902967453003,5.4761605435807885,0.10876995306243503,True,True
13,redundancy_cumulative_exponence,mean,13,9749,-0.6812930107116699,-0.8364554643630981,-0.774949848651886,True,True,0.0004997501249375312,0.0004997501249375312,True,True,True,0.6812930107116699,0.2357785999774933,0.0732329115510369,1,2.8895455769807104,0.44551441073417664,8.995451402065378,0.19259838440274668,True,True
13,redundancy_cumulative_exponence,mean,14,790,-0.667447030544281,-0.5764360427856445,-0.6347160935401917,True,True,0.0004997501249375312,0.0004997501249375312,True,True,True,0.667447030544281,0.29607975482940674,0.05007609792441004,1,2.2542812186832775,0.37136727571487427,8.98462105143722,0.25471044428217715,True,True
13,redundancy_cumulative_exponence,mean,15,11451,0.6670545935630798,0.49920231103897095,0.3094058632850647,True,True,0.0004997501249375312,0.0004997501249375312,True,True,True,0.6670545935630798,0.40570157766342163,0.09492557333447994,1,1.6442001468293082,0.2613530158996582,6.372962037883203,0.15267369975820227,True,True
13,redundancy_cumulative_exponence,mean,16,1943,0.6598095893859863,0.952210009098053,0.35457444190979004,True,True,0.0004997501249375312,0.0004997501249375312,True,True,True,0.6598095893859863,0.3511243164539337,0.0989411191489452,1,1.8791338522194063,0.3086852729320526,7.7185649980598825,0.14602360442383658,True,True
13,redundancy_cumulative_exponence,mean,17,5997,0.6543901562690735,0.8372747302055359,-0.4434605538845062,True,False,0.0004997501249375312,0.0004997501249375312,True,False,False,0.6543901562690735,0.3087072968482971,0.08036010207918783,1,2.11977547323946,0.34568285942077637,7.663920794754678,0.17273367637995674,True,False
13,redundancy_cumulative_exponence,mean,18,3241,0.6487137079238892,0.8099122643470764,0.340020090341568,True,True,0.0004997501249375312,0.0004997501249375312,True,True,True,0.6487137079238892,0.47691595554351807,0.13735228507087016,1,1.360226472575407,0.1717977523803711,5.038744958303672,0.10802078157188583,True,True
13,redundancy_cumulative_exponence,mean,19,10358,-0.6477004885673523,-0.666897177696228,-0.09678453207015991,True,True,0.0004997501249375312,0.0004997501249375312,True,True,True,0.6477004885673523,0.4207233488559723,0.12430453472114049,1,1.539492615108181,0.22697713971138,4.39187231411705,0.11785849751140016,True,True
13,redundancy_cumulative_exponence,mean,20,11858,-0.6468531489372253,-0.6946097612380981,0.0,True,False,0.0004997501249375312,0.0004997501249375312,True,False,False,0.6468531489372253,0.3339402675628662,0.12467264934466818,1,1.9370324928408085,0.31291288137435913,5.126336585420944,0.11741568262958203,True,False
13,redundancy_cumulative_exponence,mean,21,1551,-0.646514356136322,-0.7128958106040955,0.27693456411361694,True,False,0.0004997501249375312,0.0004997501249375312,True,False,False,0.646514356136322,0.5226640701293945,0.15182497378629753,1,1.236959632553786,0.12385028600692749,3.191925385012029,0.09843864740184248,True,False
13,redundancy_cumulative_exponence,mean,22,12565,-0.6423293352127075,-0.2642000913619995,-0.6537319421768188,True,True,0.0004997501249375312,0.0004997501249375312,True,True,True,0.6423293352127075,0.6846875548362732,0.25272974965329736,2,0.938134964883808,-0.042358219623565674,2.2754389419802794,0.06118127531050528,True,True
13,redundancy_cumulative_exponence,mean,23,13634,0.6420921087265015,0.7072622179985046,0.1669372022151947,True,True,0.0004997501249375312,0.0004997501249375312,True,True,True,0.6420921087265015,0.7012379765510559,0.21811142969781008,2,0.9156550703151369,-0.05914586782455444,2.9046797015944077,0.07018598345043947,True,True
13,redundancy_cumulative_exponence,mean,24,11765,0.6389086842536926,0.7067969441413879,0.14108258485794067,True,True,0.0004997501249375312,0.0004997501249375312,True,True,True,0.6389086842536926,0.3849157691001892,0.1195755256101107,1,1.659866224102115,0.2539929151535034,5.9863139173116195,0.12049528609317113,True,True
13,redundancy_cumulative_exponence,mean,25,11745,0.6320487260818481,0.6974450945854187,0.4713018536567688,True,True,0.0004997501249375312,0.0004997501249375312,True,True,True,0.6320487260818481,0.2305428385734558,0.08567593378934245,1,2.741567380677774,0.40150588750839233,7.725812788070378,0.15906959090481726,True,True
13,redundancy_cumulative_exponence,final,1,16084,0.6644747853279114,0.6714550256729126,0.6889638304710388,True,True,0.0004997501249375312,0.0004997501249375312,True,True,True,0.6644747853279114,0.686457633972168,0.29699376865457267,2,0.9679763942356451,-0.021982848644256592,2.180677952462134,0.05425510010704211,True,True
13,redundancy_cumulative_exponence,final,2,14168,-0.6415088176727295,-0.5650780200958252,0.11647333949804306,True,False,0.0004997501249375312,0.0004997501249375312,True,False,False,0.6415088176727295,0.8737818002700806,0.3448190195903851,7,0.7341750737706405,-0.23227298259735107,1.208298520868234,0.04553114501895851,True,False
13,redundancy_cumulative_exponence,final,3,14004,-0.5990613698959351,-0.5235280394554138,-0.21941958367824554,True,True,0.0004997501249375312,0.0004997501249375312,True,True,True,0.5990613698959351,0.8895617127418518,0.39268613611467373,13,0.6734343006394441,-0.29050034284591675,0.754118599386209,0.037644094526605054,True,True
13,redundancy_cumulative_exponence,final,4,4253,0.5764994025230408,0.7733826041221619,0.7252679467201233,True,True,0.0004997501249375312,0.0004997501249375312,True,True,True,0.5764994025230408,0.8075404763221741,0.3015414237161167,7,0.7138953642901266,-0.2310410737991333,1.3644211477730543,0.046730760902669255,True,True
13,redundancy_cumulative_exponence,final,5,5159,-0.5690451860427856,-0.41679102182388306,0.03171391785144806,True,False,0.0004997501249375312,0.0004997501249375312,True,False,False,0.5690451860427856,0.8962443470954895,0.34060541081887025,9,0.6349219249046569,-0.32719916105270386,0.9164064741505777,0.04107841683929413,True,False
13,redundancy_cumulative_exponence,final,6,13627,-0.5184792280197144,-0.5886126756668091,-0.5069045424461365,True,True,0.0004997501249375312,0.0004997501249375312,True,True,True,0.5184792280197144,0.8320904970169067,0.27734784715068644,6,0.6231043737171531,-0.3136112689971924,1.1472034633802959,0.04574125782575485,True,True
13,redundancy_cumulative_exponence,final,7,11483,0.5176386833190918,0.5264227390289307,0.5974559783935547,True,True,0.0004997501249375312,0.0004997501249375312,True,True,True,0.5176386833190918,0.7352381348609924,0.24341348146360056,5,0.7040422126865862,-0.21759945154190063,1.5154424383891842,0.05170820723699593,True,True
13,redundancy_cumulative_exponence,final,8,6051,-0.5016834139823914,-0.5769721269607544,-0.8273449540138245,True,True,0.0004997501249375312,0.0004997501249375312,True,True,True,0.5016834139823914,0.7173817753791809,0.26528278883928674,8,0.6993255630409909,-0.21569836139678955,1.226087861346943,0.04624785445236984,True,True
13,redundancy_cumulative_exponence,final,9,8686,0.49695295095443726,0.4257107973098755,0.7160683274269104,True,True,0.0004997501249375312,0.0004997501249375312,True,True,True,0.49695295095443726,0.7252227067947388,0.3401751724573282,11,0.6852418523281164,-0.2282697558403015,0.7314089319994623,0.03610583590372822,True,True
13,redundancy_cumulative_exponence,final,10,105,0.4812796413898468,0.3156137764453888,0.32204538583755493,True,True,0.0004997501249375312,0.0004997501249375312,True,True,True,0.4812796413898468,0.8573086857795715,0.3057111020749196,9,0.5613843057617077,-0.37602904438972473,0.7615986547078821,0.03880031857788868,True,True
13,redundancy_cumulative_exponence,final,11,12897,0.4774664044380188,0.03363091126084328,-0.347910612821579,True,False,0.0004997501249375312,0.0004997501249375312,True,False,False,0.4774664044380188,0.8939337730407715,0.4151827958651269,16,0.5341183193178697,-0.4164673686027527,0.2545856704548803,0.028642950938165806,True,False
13,redundancy_cumulative_exponence,final,12,5219,-0.45771893858909607,-0.5052073001861572,-0.046106111258268356,True,True,0.0004997501249375312,0.0004997501249375312,True,True,True,0.45771893858909607,0.7958799600601196,0.2896359441563105,10,0.5751105211325093,-0.33816102147102356,0.8401963681771155,0.0389431343942606,True,True
13,redundancy_cumulative_exponence,final,13,164,-0.44631239771842957,-0.6562548875808716,0.14084148406982422,True,False,0.0004997501249375312,0.0004997501249375312,True,False,False,0.44631239771842957,0.9021463394165039,0.42304480629853713,18,0.49472283843339476,-0.45583394169807434,0.09692142343451589,0.026338791473391156,True,False
13,redundancy_cumulative_exponence,final,14,9465,-0.4337080419063568,-0.5412130951881409,0.3781353235244751,True,False,0.0004997501249375312,0.0004997501249375312,True,False,False,0.4337080419063568,0.887403666973114,0.434889343734353,21,0.48873816736154757,-0.4536956250667572,-0.004488119196918443,0.024933785023778812,True,False
13,redundancy_cumulative_exponence,final,15,16335,-0.4331683814525604,0.44621121883392334,0.6442054510116577,False,False,0.0004997501249375312,0.0004997501249375312,True,False,False,0.4331683814525604,0.698752760887146,0.33483647225567925,13,0.6199165222654777,-0.26558437943458557,0.4829273184099048,0.03210607012013941,False,False
13,redundancy_cumulative_exponence,final,16,7918,-0.421512633562088,-0.1932108849287033,0.2689151167869568,True,False,0.0004997501249375312,0.0004997501249375312,True,False,False,0.421512633562088,0.8988211750984192,0.35095362890607273,15,0.46896161910730816,-0.4773085415363312,0.2981182382849737,0.02987607003131262,True,False
13,redundancy_cumulative_exponence,final,17,4923,-0.4200901389122009,-0.12237938493490219,0.1559247225522995,True,False,0.0004997501249375312,0.0004997501249375312,True,False,False,0.4200901389122009,0.7814890742301941,0.2917850118321486,12,0.5375508791674545,-0.36139893531799316,0.5512198464509996,0.0356017474621715,True,False
13,redundancy_cumulative_exponence,final,18,7247,0.3973385691642761,-0.17498019337654114,0.5006794929504395,False,True,0.0004997501249375312,0.0004997501249375312,True,False,False,0.3973385691642761,0.736851692199707,0.27238653658722073,12,0.5392381850655864,-0.3395131230354309,0.5644292069837822,0.036054778643843065,False,True
13,redundancy_cumulative_exponence,final,19,15659,0.38972264528274536,0.649700403213501,0.3527395725250244,True,True,0.0004997501249375312,0.0004997501249375312,True,True,True,0.38972264528274536,0.8661643862724304,0.38716809396655893,20,0.4499407404175676,-0.47644174098968506,0.011473510611277504,0.025160800747680876,True,True
13,redundancy_cumulative_exponence,final,20,12998,0.3829176723957062,0.5444965958595276,0.16069135069847107,True,True,0.0004997501249375312,0.0004997501249375312,True,True,True,0.3829176723957062,0.8506332635879517,0.3495065357106236,16,0.4501560058685786,-0.4677155911922455,0.16218565387063666,0.027324576810011953,True,True
13,redundancy_cumulative_exponence,final,21,14465,0.37752464413642883,-0.1385459452867508,-0.0704447478055954,False,False,0.0004997501249375312,0.0004997501249375312,True,False,False,0.37752464413642883,0.791212797164917,0.27527767818612164,10,0.47714678717176917,-0.41368815302848816,0.48776600979664186,0.033970360429782145,False,False
13,redundancy_cumulative_exponence,final,22,661,-0.3580223619937897,-0.30489858984947205,-0.5622761249542236,True,True,0.0004997501249375312,0.0004997501249375312,True,True,True,0.3580223619937897,0.6956459879875183,0.33474725555294216,21,0.5146617218760033,-0.33762362599372864,0.10995307319784016,0.026691862302741412,True,True
13,redundancy_cumulative_exponence,final,23,2375,0.3480018079280853,-0.008838015608489513,0.5641598701477051,False,True,0.0004997501249375312,0.0004997501249375312,True,False,False,0.3480018079280853,0.7361955046653748,0.2616936657577753,15,0.4727029786554642,-0.38819369673728943,0.4023431321560659,0.0329732804528802,False,True
13,redundancy_cumulative_exponence,final,24,5697,-0.34190475940704346,0.1680254340171814,0.11623024940490723,False,False,0.0004997501249375312,0.0004997501249375312,True,False,False,0.34190475940704346,0.792143702507019,0.3327647112787534,18,0.43161961437674107,-0.4502389430999756,0.03807417060888559,0.025669048691613013,False,False
13,redundancy_cumulative_exponence,final,25,15059,-0.33879125118255615,-0.3874629735946655,-0.7632682919502258,True,True,0.0004997501249375312,0.0004997501249375312,True,True,True,0.33879125118255615,0.8713855743408203,0.38891423628546107,23,0.3887960291732424,-0.5325943231582642,-0.1930165302778454,0.021848413298205246,True,True
14,definiteness_and_specificity,mean,1,14043,0.6710959076881409,0.5501485466957092,0.39015406370162964,True,True,0.0004997501249375312,0.0004997501249375312,True,True,True,0.6710959076881409,0.8789437413215637,0.3769103686940164,6,0.7635254409788428,-0.20784783363342285,1.1137171046062602,0.04366100836454908,True,True
14,definiteness_and_specificity,mean,2,4549,-0.5726279616355896,-0.5412835478782654,-0.8689028024673462,True,True,0.0004997501249375312,0.0004997501249375312,True,True,True,0.5726279616355896,0.9344288110733032,0.45411523966453016,13,0.6128106869670017,-0.3618008494377136,0.4859600942445385,0.03132003122725555,True,True
14,definiteness_and_specificity,mean,3,6944,0.5670731663703918,0.6397079229354858,0.44885313510894775,True,True,0.0004997501249375312,0.0004997501249375312,True,True,True,0.5670731663703918,0.8313592672348022,0.21165789699611756,4,0.6821036208046892,-0.2642861008644104,1.9017104387804993,0.06428139293505869,True,True
14,definiteness_and_specificity,mean,4,3973,-0.5475464463233948,-0.6267436742782593,-0.5054528117179871,True,True,0.0004997501249375312,0.0004997501249375312,True,True,True,0.5475464463233948,0.430826872587204,0.11824427047979323,1,1.2709199011548786,0.1167195737361908,4.68916509444777,0.10613271935681248,True,True
14,definiteness_and_specificity,mean,5,11483,0.5473949313163757,0.3854867219924927,0.30380260944366455,True,True,0.0004997501249375312,0.0004997501249375312,True,True,True,0.5473949313163757,0.6900145411491394,0.2601115283293602,6,0.7933092691130144,-0.14261960983276367,1.4348186908288152,0.05119790596052745,True,True
14,definiteness_and_specificity,mean,6,2352,0.5144590139389038,0.5430028438568115,0.080478735268116,True,True,0.0004997501249375312,0.0004997501249375312,True,True,True,0.5144590139389038,0.7376364469528198,0.1882587993183197,2,0.6974425085204734,-0.22317743301391602,2.087898401181796,0.06548152442327364,True,True
14,definiteness_and_specificity,mean,7,9331,0.5139158964157104,-0.07235424220561981,0.36866524815559387,False,True,0.0004997501249375312,0.0004997501249375312,True,False,False,0.5139158964157104,0.8517549633979797,0.2743878989265515,5,0.6033611995232776,-0.3378390669822693,1.1104482740289454,0.0458237969015856,False,True
14,definiteness_and_specificity,mean,8,11776,0.5134446620941162,0.46187499165534973,0.8438020348548889,True,True,0.0004997501249375312,0.0004997501249375312,True,True,True,0.5134446620941162,0.903210461139679,0.44292283077270556,17,0.5684662481059477,-0.38976579904556274,0.2641710889976142,0.028865581816480097,True,True
14,definiteness_and_specificity,mean,9,7918,0.5114176869392395,0.49956071376800537,0.6727837920188904,True,True,0.0004997501249375312,0.0004997501249375312,True,True,True,0.5114176869392395,0.9098673462867737,0.38327279701255834,14,0.5620793943494813,-0.3984496593475342,0.49619445193551404,0.03308207573941439,True,True
14,definiteness_and_specificity,mean,10,14259,-0.5091310739517212,-0.43616983294487,-0.4582653343677521,True,True,0.0004997501249375312,0.0004997501249375312,True,True,True,0.5091310739517212,0.49127575755119324,0.1896594146039719,1,1.0363447943972024,0.017855316400527954,2.4206010380257172,0.06439929761741758,True,True
14,definiteness_and_specificity,mean,11,13819,-0.5076863169670105,-0.48264071345329285,-0.5278450846672058,True,True,0.0004997501249375312,0.0004997501249375312,True,True,True,0.5076863169670105,0.37354034185409546,0.08552421212721711,1,1.3591204485359505,0.13414597511291504,5.477411029908889,0.13210228096268223,True,True
14,definiteness_and_specificity,mean,12,5942,-0.4844042658805847,-0.517991304397583,-0.7817711234092712,True,True,0.0004997501249375312,0.0004997501249375312,True,True,True,0.4844042658805847,0.9497239589691162,0.468140354535232,21,0.5100474314730191,-0.4653196930885315,0.05930935711803111,0.025846089889350478,True,True
14,definiteness_and_specificity,mean,13,10074,0.48002463579177856,0.4086216986179352,0.15505065023899078,True,True,0.0004997501249375312,0.0004997501249375312,True,True,True,0.48002463579177856,0.787714958190918,0.2718467471094277,9,0.6093887526196187,-0.3076903223991394,0.9646525198481511,0.04331551763914266,True,True
14,definiteness_and_specificity,mean,14,13797,-0.4794757664203644,-0.5612707734107971,-0.7934139370918274,True,True,0.0004997501249375312,0.0004997501249375312,True,True,True,0.4794757664203644,0.9300375580787659,0.48234052163286084,21,0.5155445199555662,-0.4505617916584015,-0.01043897958390722,0.024855208561227863,True,True
14,definiteness_and_specificity,mean,15,9938,-0.47918716073036194,-0.4706738293170929,-0.8245355486869812,True,True,0.0004997501249375312,0.0004997501249375312,True,True,True,0.47918716073036194,0.9234161972999573,0.45992694795131683,21,0.5189286934011896,-0.44422903656959534,0.07169417199617746,0.026019676513656675,True,True
14,definiteness_and_specificity,mean,16,4723,-0.4784596562385559,-0.5610104203224182,-0.7765770554542542,True,True,0.0004997501249375312,0.0004997501249375312,True,True,True,0.4784596562385559,0.9480920433998108,0.48275187611579895,22,0.5046552806442963,-0.4696323871612549,-0.0156291146166463,0.02478323000842287,True,True
14,definiteness_and_specificity,mean,17,12995,-0.47435131669044495,-0.43731576204299927,-0.4210645258426666,True,True,0.0004997501249375312,0.0004997501249375312,True,True,True,0.47435131669044495,0.4424326717853546,0.12477220950695948,1,1.0721435077936008,0.03191864490509033,3.6784872991558966,0.08882205870630389,True,True
14,definiteness_and_specificity,mean,18,4230,-0.47361692786216736,-0.4035395681858063,-0.5053220987319946,True,True,0.0004997501249375312,0.0004997501249375312,True,True,True,0.47361692786216736,0.8461209535598755,0.21831949405037823,6,0.5597508557961176,-0.37250402569770813,1.1599642356515425,0.05269390966980828,True,True
14,definiteness_and_specificity,mean,19,15695,-0.4726139307022095,-0.38736703991889954,-0.47639989852905273,True,True,0.0004997501249375312,0.0004997501249375312,True,True,True,0.4726139307022095,0.424120157957077,0.1300229913292405,1,1.114339702641628,0.048493772745132446,2.966295623990829,0.08525534908113888,True,True
14,definiteness_and_specificity,mean,20,15238,0.4723600149154663,0.18441557884216309,0.13343699276447296,True,True,0.0004997501249375312,0.0004997501249375312,True,True,True,0.4723600149154663,0.537738561630249,0.13080392410763755,3,0.8784194562566312,-0.06537854671478271,2.5744023640332756,0.08474781716330422,True,True
14,definiteness_and_specificity,mean,21,12413,-0.4699302017688751,-0.5315975546836853,-0.7356869578361511,True,True,0.0004997501249375312,0.0004997501249375312,True,True,True,0.4699302017688751,0.9305619597434998,0.44375609969481444,20,0.5049961443710924,-0.46063175797462463,0.09568413413886609,0.026435595708494086,True,True
14,definiteness_and_specificity,mean,22,2039,-0.46885576844215393,-0.5175104737281799,-0.4956308901309967,True,True,0.0004997501249375312,0.0004997501249375312,True,True,True,0.46885576844215393,0.5630921125411987,0.10568424739325658,2,0.8326448870438582,-0.0942363440990448,2.688526968604407,0.10213517881102464,True,True
14,definiteness_and_specificity,mean,23,12270,0.46708494424819946,-0.17441639304161072,0.1508563607931137,False,True,0.0004997501249375312,0.0004997501249375312,True,False,False,0.46708494424819946,0.7132019996643066,0.1945008737130616,3,0.6549125555846019,-0.24611705541610718,1.6248196885277653,0.058004103154859356,False,True
14,definiteness_and_specificity,mean,24,8113,-0.4669291377067566,-0.20870853960514069,-0.0525948628783226,True,True,0.0004997501249375312,0.0004997501249375312,True,True,True,0.4669291377067566,0.8845422267913818,0.25405043548641676,5,0.5278765937500927,-0.41761308908462524,1.0347363000379914,0.045005668705556306,True,True
14,definiteness_and_specificity,mean,25,7486,0.46574538946151733,0.23043547570705414,0.3107600510120392,True,True,0.0004997501249375312,0.0004997501249375312,True,True,True,0.46574538946151733,0.8187344074249268,0.28582551134511447,8,0.5688601642214768,-0.3529890179634094,0.7997151309393312,0.04010572483364125,True,True
14,definiteness_and_specificity,final,1,7918,0.6377742290496826,0.5444838404655457,0.7903770804405212,True,True,0.0004997501249375312,0.0004997501249375312,True,True,True,0.6377742290496826,0.8988211750984192,0.3454084597910062,7,0.709567427558488,-0.2610469460487366,1.2586946552557556,0.04520430946572824,True,True
14,definiteness_and_specificity,final,2,8686,-0.5643243789672852,-0.24824309349060059,-0.3423709273338318,True,True,0.0004997501249375312,0.0004997501249375312,True,True,True,0.5643243789672852,0.7252227067947388,0.3384476999441783,8,0.7781394234902341,-0.1608983278274536,1.0616402087801258,0.04100066894528661,True,True
14,definiteness_and_specificity,final,3,15659,0.5342804789543152,0.44652488827705383,0.48048409819602966,True,True,0.0004997501249375312,0.0004997501249375312,True,True,True,0.5342804789543152,0.8661643862724304,0.3834614828467751,12,0.6168349650735588,-0.33188390731811523,0.6814102967123334,0.034493568277491636,True,True
14,definiteness_and_specificity,final,4,8182,0.5126150846481323,0.3093663156032562,0.8403551578521729,True,True,0.0004997501249375312,0.0004997501249375312,True,True,True,0.5126150846481323,0.8864492177963257,0.40905257068478906,14,0.5782791324724401,-0.37383413314819336,0.41159164841006,0.031132363862677103,True,True
14,definiteness_and_specificity,final,5,10074,0.5010294318199158,0.6548195481300354,0.4763781428337097,True,True,0.0004997501249375312,0.0004997501249375312,True,True,True,0.5010294318199158,0.7858825325965881,0.3196687461593403,12,0.6375373049258316,-0.28485310077667236,0.7700004870411465,0.03863549979638583,True,True
14,definiteness_and_specificity,final,6,1546,-0.49734535813331604,-0.46043795347213745,-0.8351084589958191,True,True,0.0004997501249375312,0.0004997501249375312,True,True,True,0.49734535813331604,0.7679563164710999,0.31602704415145594,11,0.6476219382095966,-0.2706109583377838,0.8535217214657767,0.038787228212252195,True,True
14,definiteness_and_specificity,final,7,14795,0.491220086812973,0.33464011549949646,0.7340704798698425,True,True,0.0004997501249375312,0.0004997501249375312,True,True,True,0.491220086812973,0.8592251539230347,0.3598643525545366,14,0.5717012410195037,-0.36800506711006165,0.4990306927887945,0.033816774027139604,True,True
14,definiteness_and_specificity,final,8,2352,0.4898410141468048,0.5015391111373901,-0.03082364983856678,True,False,0.0004997501249375312,0.0004997501249375312,True,False,False,0.4898410141468048,0.5092359781265259,0.11022425682928699,2,0.9619136023124781,-0.01939496397972107,2.9560437737190597,0.10229343458268181,True,False
14,definiteness_and_specificity,final,9,9465,0.4574606716632843,0.23827190697193146,0.6978544592857361,True,True,0.0004997501249375312,0.0004997501249375312,True,True,True,0.4574606716632843,0.887403666973114,0.4342803019457139,19,0.5155045991906456,-0.4299429953098297,0.0880779039611999,0.026299318762801605,True,True
14,definiteness_and_specificity,final,10,164,0.4468536078929901,0.2914034128189087,0.821551501750946,True,True,0.0004997501249375312,0.0004997501249375312,True,True,True,0.4468536078929901,0.9021463394165039,0.423030929114574,17,0.4953227523840633,-0.4552927315235138,0.0992342237088104,0.026370730586003532,True,True
14,definiteness_and_specificity,final,11,9083,-0.4433009624481201,-0.3232676386833191,-0.697883129119873,True,True,0.0004997501249375312,0.0004997501249375312,True,True,True,0.4433009624481201,0.8635587692260742,0.3386312905842295,12,0.513341973060396,-0.4202578067779541,0.43423039365479565,0.03247644824171499,True,True
14,definiteness_and_specificity,final,12,1633,-0.4410113990306854,-0.3529849052429199,-0.39734554290771484,True,True,0.0004997501249375312,0.0004997501249375312,True,True,True,0.4410113990306854,0.6665946841239929,0.19369488627387163,7,0.6615885327832184,-0.2255832850933075,1.2419493951353093,0.055160127967232214,True,True
14,definiteness_and_specificity,final,13,14004,0.43157824873924255,0.518440306186676,0.7061265707015991,True,True,0.0004997501249375312,0.0004997501249375312,True,True,True,0.43157824873924255,0.8895617127418518,0.3969805751186915,20,0.4851583004949824,-0.45798346400260925,0.1255368265169618,0.027119712950259046,True,True
14,definiteness_and_specificity,final,14,11483,-0.43115878105163574,0.13262660801410675,-0.5487058758735657,False,True,0.0004997501249375312,0.0004997501249375312,True,False,False,0.43115878105163574,0.7352381348609924,0.2456309148550738,7,0.5864205902937184,-0.3040793538093567,1.0092787639678455,0.04306951609512036,False,True
14,definiteness_and_specificity,final,15,14168,0.4194713532924652,0.43518730998039246,0.7442777752876282,True,True,0.0004997501249375312,0.0004997501249375312,True,True,True,0.4194713532924652,0.8737818002700806,0.35051228790782774,17,0.48006419126927247,-0.45431044697761536,0.2759950379033048,0.029772016365021373,True,True
14,definiteness_and_specificity,final,16,6047,0.4192911982536316,0.5131393074989319,0.7442554235458374,True,True,0.0004997501249375312,0.0004997501249375312,True,True,True,0.4192911982536316,0.8227211833000183,0.2895359076822224,9,0.5096394826881836,-0.4034299850463867,0.6588343258177487,0.035802607680864705,True,True
14,definiteness_and_specificity,final,17,2817,-0.4173290729522705,-0.2265818864107132,-0.4451712667942047,True,True,0.0004997501249375312,0.0004997501249375312,True,True,True,0.4173290729522705,0.40631332993507385,0.0805005084645624,1,1.027111448740697,0.011015743017196655,3.4220878198685463,0.1173311221041861,True,True
14,definiteness_and_specificity,final,18,3288,0.4105541706085205,0.3070363998413086,0.7388522624969482,True,True,0.0004997501249375312,0.0004997501249375312,True,True,True,0.4105541706085205,0.8191356062889099,0.3519078829469016,17,0.5012041564992326,-0.4085814356803894,0.2521305070713658,0.029045297897921197,True,True
14,definiteness_and_specificity,final,19,12998,0.405816912651062,0.20302888751029968,-0.5677802562713623,True,False,0.0004997501249375312,0.0004997501249375312,True,False,False,0.405816912651062,0.8506332635879517,0.34891937570407605,13,0.47707623252273906,-0.44481635093688965,0.2763715222948723,0.028958640981909922,True,False
14,definiteness_and_specificity,final,20,12178,0.39284247159957886,-0.3744998276233673,0.46224862337112427,False,True,0.0004997501249375312,0.0004997501249375312,True,False,False,0.39284247159957886,0.7508994340896606,0.2670301446356835,9,0.5231625618094043,-0.3580569624900818,0.6473405185384241,0.03635068133633912,False,True
14,definiteness_and_specificity,final,21,13191,0.38544321060180664,0.2630409300327301,0.60240238904953,True,True,0.0004997501249375312,0.0004997501249375312,True,True,True,0.38544321060180664,0.6982070207595825,0.30921699918615514,14,0.5520471710274143,-0.3127638101577759,0.42810962169004235,0.030971965964395658,True,True
14,definiteness_and_specificity,final,22,15772,-0.38305559754371643,-0.25731420516967773,-0.5520692467689514,True,True,0.0004997501249375312,0.0004997501249375312,True,True,True,0.38305559754371643,0.21528981626033783,0.04205561754031059,1,1.779255536548505,0.1677657812833786,5.962385276422615,0.1893292430763511,True,True
14,definiteness_and_specificity,final,23,2084,-0.3775693476200104,-0.22070680558681488,-0.7217638492584229,True,True,0.0004997501249375312,0.0004997501249375312,True,True,True,0.3775693476200104,0.8011894226074219,0.26905335915477896,12,0.47126102388026303,-0.4236200749874115,0.52812256041947,0.0347329125030942,True,True
14,definiteness_and_specificity,final,24,12897,-0.37150874733924866,-0.48073631525039673,-0.7536692023277283,True,True,0.0004997501249375312,0.0004997501249375312,True,True,True,0.37150874733924866,0.8939337730407715,0.41789965886765945,25,0.41558866947776063,-0.5224250257015228,-0.18955374897781052,0.022286608490627084,True,True
14,definiteness_and_specificity,final,25,16335,0.36229318380355835,0.11664007604122162,0.1275174468755722,True,True,0.0004997501249375312,0.0004997501249375312,True,True,True,0.36229318380355835,0.698752760887146,0.3366537850159101,16,0.5184855131643216,-0.33645957708358765,0.12557045196520855,0.02685286106118872,True,True
15,number_marking,mean,1,661,0.8499434590339661,-0.18010152876377106,-0.6363391876220703,False,False,0.0004997501249375312,0.0004997501249375312,True,False,False,0.8499434590339661,0.8909521698951721,0.340912949723693,3,0.9539720399737832,-0.041008710861206055,2.1166949250348233,0.06008557809820068,False,False
15,number_marking,mean,2,995,0.8418066501617432,-0.21127045154571533,-0.09229296445846558,False,False,0.0004997501249375312,0.0004997501249375312,True,False,False,0.8418066501617432,0.7981442809104919,0.18336399114475802,1,1.054704857624793,0.04366236925125122,3.9974298799806243,0.10531795413788979,False,False
15,number_marking,mean,3,13837,0.8355420827865601,0.09882768988609314,0.6463809013366699,True,True,0.0004997501249375312,0.0004997501249375312,True,True,True,0.8355420827865601,0.9742085933685303,0.21745196291699243,2,0.8576624025636012,-0.13866651058197021,3.303856969435681,0.08968730766729092,True,True
15,number_marking,mean,4,8685,0.7831133604049683,-0.5596941709518433,-0.3925763964653015,False,False,0.0004997501249375312,0.0004997501249375312,True,False,False,0.7831133604049683,0.5380987524986267,0.15543689141766384,1,1.4553339080765977,0.24501460790634155,4.911587871615454,0.11440408423729342,False,False
15,number_marking,mean,5,9622,-0.7677480578422546,0.2182019203901291,0.09584764391183853,False,False,0.0004997501249375312,0.0004997501249375312,True,False,False,0.7677480578422546,0.8634231090545654,0.38342428302917725,6,0.8891910000913996,-0.09567505121231079,1.5037086003612694,0.04883491170129888,False,False
15,number_marking,mean,6,8113,0.7615175843238831,0.2035120129585266,-0.04489539936184883,True,False,0.0004997501249375312,0.0004997501249375312,True,False,False,0.7615175843238831,0.8845422267913818,0.24649688557315713,2,0.8609171628654039,-0.12302464246749878,2.6890136507977043,0.0734000201440851,True,False
15,number_marking,mean,7,5697,0.7540218234062195,-0.5599338412284851,0.19646166265010834,False,True,0.0004997501249375312,0.0004997501249375312,True,False,False,0.7540218234062195,0.9022186398506165,0.3634042975086814,3,0.835741792622535,-0.14819681644439697,1.6249441868802852,0.050514668752576646,False,True
15,number_marking,mean,8,8793,0.753474235534668,-0.4725283086299896,0.23018743097782135,False,True,0.0004997501249375312,0.0004997501249375312,True,False,False,0.753474235534668,0.7126107811927795,0.33851847635247767,1,1.0573433007475561,0.04086345434188843,1.9953056048041593,0.053990449462795985,False,True
15,number_marking,mean,9,4923,-0.709260106086731,0.1169172152876854,-0.2478458285331726,False,True,0.0004997501249375312,0.0004997501249375312,True,False,False,0.709260106086731,0.8346865177154541,0.2845842734707567,2,0.8497323139086796,-0.12542641162872314,1.919799851912248,0.060065827974346786,False,True
15,number_marking,mean,10,6102,-0.6992181539535522,0.3588556945323944,-0.022010065615177155,False,True,0.0004997501249375312,0.0004997501249375312,True,False,False,0.6992181539535522,0.9179275035858154,0.4009869473102765,7,0.7617357048591622,-0.21870934963226318,1.10904760205275,0.04279780902660487,False,True
15,number_marking,mean,11,14249,-0.684675395488739,0.5010531544685364,-0.10983414947986603,False,True,0.0004997501249375312,0.0004997501249375312,True,False,False,0.684675395488739,0.9551037549972534,0.4727517687357389,11,0.7168597044105516,-0.2704283595085144,0.7664641659067956,0.035805647780209476,False,True
15,number_marking,mean,12,9764,-0.6813960075378418,0.509815514087677,-0.11783772706985474,False,True,0.0004997501249375312,0.0004997501249375312,True,False,False,0.6813960075378418,0.95327228307724,0.4767292389311852,11,0.7147968315392957,-0.2718762755393982,0.7407243608130292,0.03535341880141486,False,True
15,number_marking,mean,13,2620,-0.6801587343215942,0.4957592189311981,-0.15275508165359497,False,True,0.0004997501249375312,0.0004997501249375312,True,False,False,0.6801587343215942,0.9539768695831299,0.47086372138120425,10,0.7129719346537311,-0.27381813526153564,0.7693232073346232,0.03571541223658911,False,True
15,number_marking,mean,14,4241,-0.6784737706184387,0.5013794898986816,-0.12747783958911896,False,True,0.0004997501249375312,0.0004997501249375312,True,False,False,0.6784737706184387,0.9558189511299133,0.46814726488903546,11,0.709835026619201,-0.2773451805114746,0.7553059781710503,0.03582942501077416,False,True
15,number_marking,mean,15,16378,-0.6769310832023621,0.14795352518558502,-0.02058643475174904,False,True,0.0004997501249375312,0.0004997501249375312,True,False,False,0.6769310832023621,0.8998180031776428,0.4184540667308447,7,0.752297776674648,-0.22288691997528076,1.0941855390513529,0.03982734797700524,False,True
15,number_marking,mean,16,3423,-0.676178514957428,0.5003539323806763,-0.12708717584609985,False,True,0.0004997501249375312,0.0004997501249375312,True,False,False,0.676178514957428,0.9553040862083435,0.47706127462860864,12,0.7078149509871973,-0.2791255712509155,0.7310964856340048,0.03506864727237894,False,True
15,number_marking,mean,17,4643,-0.6732912063598633,0.49101972579956055,-0.11482345312833786,False,True,0.0004997501249375312,0.0004997501249375312,True,False,False,0.6732912063598633,0.9420209527015686,0.4496813624476393,9,0.714730605968975,-0.2687297463417053,0.8898538461966163,0.0369719522216075,False,True
15,number_marking,mean,18,3205,-0.6729373931884766,0.5148023962974548,-0.0911274179816246,False,True,0.0004997501249375312,0.0004997501249375312,True,False,False,0.6729373931884766,0.9356450438499451,0.4512626063735344,10,0.7192229549140855,-0.2627076506614685,0.8429275937124259,0.03682852448252904,False,True
15,number_marking,mean,19,1664,-0.6728231906890869,0.4982450008392334,-0.11028257757425308,False,True,0.0004997501249375312,0.0004997501249375312,True,False,False,0.6728231906890869,0.9542257189750671,0.47778485366740286,12,0.705098570820084,-0.2814025282859802,0.7095903530248946,0.034849690187791896,False,True
15,number_marking,mean,20,805,-0.6726326942443848,0.5043607950210571,-0.10516027361154556,False,True,0.0004997501249375312,0.0004997501249375312,True,False,False,0.6726326942443848,0.9521661996841431,0.4717678446800281,12,0.7064236206531103,-0.2795335054397583,0.7343525604558779,0.03526885251898909,False,True
15,number_marking,mean,21,15739,-0.6721738576889038,0.5043326020240784,-0.10681260377168655,False,True,0.0004997501249375312,0.0004997501249375312,True,False,False,0.6721738576889038,0.9517374634742737,0.47860092039291674,12,0.7062597443996417,-0.2795636057853699,0.7122629277906939,0.034759924637748164,False,True
15,number_marking,mean,22,9069,-0.6721453070640564,0.503137469291687,-0.10685846209526062,False,True,0.0004997501249375312,0.0004997501249375312,True,False,False,0.6721453070640564,0.9541327357292175,0.4718498892079179,13,0.7044568139152612,-0.28198742866516113,0.7278224115642055,0.03523828526844333,False,True
15,number_marking,mean,23,9414,-0.6720300316810608,0.505638837814331,-0.0985005795955658,False,True,0.0004997501249375312,0.0004997501249375312,True,False,False,0.6720300316810608,0.955716073513031,0.4513540740769643,11,0.7031691213592399,-0.2836860418319702,0.7833589889452157,0.03677351327679755,False,True
15,number_marking,mean,24,1129,-0.6720002293586731,0.5102192759513855,-0.09410854429006577,False,True,0.0004997501249375312,0.0004997501249375312,True,False,False,0.6720002293586731,0.9500619173049927,0.42426134741459137,9,0.7073225619493438,-0.2780616879463196,0.9348450692019736,0.039028499564524755,False,True
15,number_marking,mean,25,5640,-0.6717965006828308,0.5038567185401917,-0.10744346678256989,False,True,0.0004997501249375312,0.0004997501249375312,True,False,False,0.6717965006828308,0.9415699243545532,0.439461686863349,10,0.713485513190481,-0.2697734236717224,0.8441942956016211,0.037718486220136266,False,True
15,number_marking,final,1,15659,0.6625156998634338,0.5242376923561096,-0.3725317418575287,True,False,0.0004997501249375312,0.0004997501249375312,True,False,False,0.6625156998634338,0.8661643862724304,0.3801734002593618,5,0.764884484242759,-0.20364868640899658,1.2951098354585775,0.04277253507909572,True,False
15,number_marking,final,2,4080,-0.6547194719314575,0.21423189342021942,-0.03639699146151543,False,True,0.0004997501249375312,0.0004997501249375312,True,False,False,0.6547194719314575,0.8348079323768616,0.30605259676798224,5,0.7842755759008458,-0.18008846044540405,1.525683106418034,0.05199995180164436,False,True
15,number_marking,final,3,9622,-0.6374762058258057,-0.05758531391620636,0.19896069169044495,True,False,0.0004997501249375312,0.0004997501249375312,True,False,False,0.6374762058258057,0.8516861796379089,0.35652458452834535,9,0.7484872022894937,-0.21420997381210327,1.0485224533578457,0.04383709635060435,True,False
15,number_marking,final,4,6102,-0.6087787747383118,-0.49087807536125183,0.22738637030124664,True,False,0.0004997501249375312,0.0004997501249375312,True,False,False,0.6087787747383118,0.6964392066001892,0.31839088006661487,5,0.8741305328144723,-0.08766043186187744,1.4438566315126835,0.04673558231773761,True,False
15,number_marking,final,5,12897,-0.5706952810287476,0.7504737973213196,-0.14174669981002808,False,True,0.0004997501249375312,0.0004997501249375312,True,False,False,0.5706952810287476,0.8939337730407715,0.41279231184998,10,0.6384089048201993,-0.3232384920120239,0.6483645727572106,0.03423570073875456,False,True
15,number_marking,final,6,1828,0.5467406511306763,0.2836569547653198,-0.5317457318305969,True,False,0.0004997501249375312,0.0004997501249375312,True,False,False,0.5467406511306763,0.7534714341163635,0.2832682168302246,7,0.725628904262135,-0.20673078298568726,1.1488638653651109,0.04715638844461292,True,False
15,number_marking,final,7,14795,0.5450032353401184,-0.6082684993743896,0.3712216019630432,False,True,0.0004997501249375312,0.0004997501249375312,True,False,False,0.5450032353401184,0.8592251539230347,0.35848529746409696,11,0.6342961828477117,-0.31422191858291626,0.7109080844704155,0.037519335524595306,False,True
15,number_marking,final,8,8003,0.537014365196228,0.2348899096250534,0.2777767777442932,True,True,0.0004997501249375312,0.0004997501249375312,True,True,True,0.537014365196228,0.8795605897903442,0.3428052141307256,9,0.6105484618452869,-0.3425462245941162,0.7921862734332316,0.03861629760818947,True,True
15,number_marking,final,9,9465,0.5339098572731018,-0.6850059628486633,0.5809987783432007,False,True,0.0004997501249375312,0.0004997501249375312,True,False,False,0.5339098572731018,0.887403666973114,0.432320066417257,16,0.6016538776476319,-0.3534938097000122,0.3867096937912784,0.030694366525484594,False,True
15,number_marking,final,10,2993,-0.5262674689292908,0.34696343541145325,0.028783980756998062,False,False,0.0004997501249375312,0.0004997501249375312,True,False,False,0.5262674689292908,0.8524878621101379,0.33544847345313966,12,0.617331333758391,-0.32622039318084717,0.801219861277261,0.03867123447246204,False,False
15,number_marking,final,11,4923,-0.5095694661140442,0.09013408422470093,-0.3513965308666229,False,True,0.0004997501249375312,0.0004997501249375312,True,False,False,0.5095694661140442,0.7814890742301941,0.2894906701090244,8,0.6520493797254884,-0.2719196081161499,0.9527348255302696,0.04318493048659101,False,True
15,number_marking,final,12,13033,0.49371829628944397,-0.5832618474960327,0.2670338451862335,False,True,0.0004997501249375312,0.0004997501249375312,True,False,False,0.49371829628944397,0.8112314343452454,0.3119002709595057,10,0.6086035074416587,-0.3175131380558014,0.8490380927499346,0.03900497483458068,False,True
15,number_marking,final,13,14004,0.4889809489250183,-0.47448262572288513,0.5283780694007874,False,True,0.0004997501249375312,0.0004997501249375312,True,False,False,0.4889809489250183,0.8895617127418518,0.3955087110113639,17,0.5496874943255557,-0.4005807638168335,0.33959453158765684,0.030726810286966107,False,True
15,number_marking,final,14,8113,0.4787600636482239,0.23209506273269653,0.23468278348445892,True,True,0.0004997501249375312,0.0004997501249375312,True,True,True,0.4787600636482239,0.8603767156600952,0.202687125115727,3,0.5564539985033314,-0.38161665201187134,1.5476563812692803,0.05710702626427791,True,True
15,number_marking,final,15,5697,0.4722156226634979,-0.7434381246566772,0.44386839866638184,False,True,0.0004997501249375312,0.0004997501249375312,True,False,False,0.4722156226634979,0.792143702507019,0.32942340709269047,12,0.5961236845903142,-0.3199280798435211,0.5975285117771778,0.035452345946021306,False,True
15,number_marking,final,16,2375,-0.4425307512283325,0.10929671674966812,0.005523605737835169,False,False,0.0004997501249375312,0.0004997501249375312,True,False,False,0.4425307512283325,0.7361955046653748,0.2592698466987946,9,0.601104935338443,-0.29366475343704224,0.8606020206952257,0.041929927479833505,False,False
15,number_marking,final,17,5159,0.43609973788261414,-0.45497646927833557,0.5771627426147461,False,True,0.0004997501249375312,0.0004997501249375312,True,False,False,0.43609973788261414,0.8962443470954895,0.34401426846400285,12,0.48658576123342656,-0.46014460921287537,0.36612028719019923,0.031481308085263345,False,True
15,number_marking,final,18,3288,0.43396592140197754,-0.564690351486206,0.2794646620750427,False,True,0.0004997501249375312,0.0004997501249375312,True,False,False,0.43396592140197754,0.8191356062889099,0.35130758164450526,14,0.5297852004847624,-0.3851696848869324,0.35564870908874235,0.03070159888032252,False,True
15,number_marking,final,19,3947,-0.43385469913482666,0.6131019592285156,-0.1138104647397995,False,True,0.0004997501249375312,0.0004997501249375312,True,False,False,0.43385469913482666,0.7434964179992676,0.13733260402193245,3,0.5835330051788549,-0.3096417188644409,1.845902353964408,0.07493397555513134,False,True
15,number_marking,final,20,4549,-0.40683311223983765,0.22959600389003754,-0.3563182055950165,False,True,0.0004997501249375312,0.0004997501249375312,True,False,False,0.40683311223983765,0.8782880902290344,0.3545738143050888,15,0.4632114641720193,-0.4714549779891968,0.2114419606868744,0.02857935069398339,False,True
15,number_marking,final,21,661,0.39052924513816833,-0.5204578638076782,-0.25395268201828003,False,False,0.0004997501249375312,0.0004997501249375312,True,False,False,0.39052924513816833,0.6956459879875183,0.33391374572872734,17,0.5613907819233702,-0.30511674284935,0.2676593870087618,0.02911536804117937,False,False
15,number_marking,final,22,12998,0.3875732123851776,-0.009493349120020866,-0.2893544137477875,False,False,0.0004997501249375312,0.0004997501249375312,True,False,False,0.3875732123851776,0.8506332635879517,0.3493871628903808,15,0.4556290342449138,-0.46306005120277405,0.185383383115838,0.02765679093645461,False,False
15,number_marking,final,23,15059,-0.38574525713920593,0.11877486854791641,-0.13148629665374756,False,True,0.0004997501249375312,0.0004997501249375312,True,False,False,0.38574525713920593,0.8713855743408203,0.38771028741477775,19,0.44268033405420076,-0.4856403172016144,-0.00756344530420207,0.02487644464366195,False,True
15,number_marking,final,24,4257,0.3607635200023651,-0.5078089833259583,0.2024109661579132,False,True,0.0004997501249375312,0.0004997501249375312,True,False,False,0.3607635200023651,0.6330991983413696,0.2702608842832538,13,0.5698372718643689,-0.2723356783390045,0.4894144149215892,0.03309472265313973,False,True
15,number_marking,final,25,10152,-0.35996270179748535,-0.5742573142051697,-0.015993403270840645,True,True,0.0004997501249375312,0.0004997501249375312,True,True,True,0.35996270179748535,0.6982105374336243,0.22752750778976732,8,0.5155503712685021,-0.3382478356361389,0.6709677366309111,0.03898427656223722,True,True
16,gender_noun_class,mean,1,1671,-0.9497388005256653,-0.9565516114234924,-0.924990177154541,True,True,0.0004997501249375312,0.0004997501249375312,True,True,True,0.9497388005256653,0.9289316534996033,0.47663888095233303,1,1.0223990074486906,0.02080714702606201,1.8825579749484083,0.04860819707711578,True,True
16,gender_noun_class,mean,2,12965,-0.9485368132591248,-0.9440931081771851,-0.9089778661727905,True,True,0.0004997501249375312,0.0004997501249375312,True,True,True,0.9485368132591248,0.9110738039016724,0.4077936725643201,1,1.0411196208221738,0.03746300935745239,2.1193289682748944,0.056284668367927934,True,True
16,gender_noun_class,mean,3,11913,-0.9319550395011902,-0.9186081886291504,-0.8643889427185059,True,True,0.0004997501249375312,0.0004997501249375312,True,True,True,0.9319550395011902,0.9351131319999695,0.4602589675535758,2,0.996622769597915,-0.003158092498779297,1.873671890390825,0.04935665374617963,True,True
16,gender_noun_class,mean,4,3570,-0.924728274345398,-0.9154249429702759,-0.8057222366333008,True,True,0.0004997501249375312,0.0004997501249375312,True,True,True,0.924728274345398,0.9187864661216736,0.4525514646457174,1,1.0064670175746118,0.005941808223724365,1.7943875436011691,0.04978553650547684,True,True
16,gender_noun_class,mean,5,5680,-0.9184355139732361,-0.9326638579368591,-0.8693029880523682,True,True,0.0004997501249375312,0.0004997501249375312,True,True,True,0.9184355139732361,0.9129319787025452,0.4598017999759087,1,1.0060284176686554,0.005503535270690918,1.757839842384361,0.04872154538693028,True,True
16,gender_noun_class,mean,6,7268,-0.9121434688568115,-0.8934885263442993,-0.7726378440856934,True,True,0.0004997501249375312,0.0004997501249375312,True,True,True,0.9121434688568115,0.9353570938110352,0.43993978718152416,2,0.9751820720580183,-0.023213624954223633,1.7849638817659255,0.05047890473185194,True,True
16,gender_noun_class,mean,7,968,-0.903134286403656,-0.9217289090156555,-0.8625136613845825,True,True,0.0004997501249375312,0.0004997501249375312,True,True,True,0.903134286403656,0.9116947650909424,0.45405905314076406,3,0.9906103676196578,-0.008560478687286377,1.652433670089534,0.04852576773024434,True,True
16,gender_noun_class,mean,8,5205,0.8970929384231567,0.9079066514968872,0.9085553884506226,True,True,0.0004997501249375312,0.0004997501249375312,True,True,True,0.8970929384231567,0.5683262944221497,0.18723774092415205,1,1.5784821980395667,0.3287666440010071,5.153545120196147,0.10941005267290094,True,True
16,gender_noun_class,mean,9,10626,-0.8947925567626953,-0.888693630695343,-0.5180653929710388,True,True,0.0004997501249375312,0.0004997501249375312,True,True,True,0.8947925567626953,0.9110323190689087,0.4321428943882123,2,0.982174329092067,-0.01623976230621338,1.7938370990491748,0.050415490930325234,True,True
16,gender_noun_class,mean,10,1019,-0.8888878226280212,-0.8804298639297485,-0.4437541663646698,True,True,0.0004997501249375312,0.0004997501249375312,True,True,True,0.8888878226280212,0.9310413599014282,0.44046279912193614,3,0.9547243129157336,-0.04215353727340698,1.6458801444144422,0.04919969683845955,True,True
16,gender_noun_class,mean,11,12564,-0.8850056529045105,-0.897102952003479,-0.6480554938316345,True,True,0.0004997501249375312,0.0004997501249375312,True,True,True,0.8850056529045105,0.9222537875175476,0.4319651366318934,3,0.9596118388266002,-0.03724813461303711,1.639933127840812,0.04991108292064099,True,True
16,gender_noun_class,mean,12,6943,-0.8801357746124268,-0.8911681771278381,-0.6348261833190918,True,True,0.0004997501249375312,0.0004997501249375312,True,True,True,0.8801357746124268,0.9141414165496826,0.47304058903589463,3,0.9628004580892898,-0.03400564193725586,1.487429233594015,0.04553513277999719,True,True
16,gender_noun_class,mean,13,12722,-0.878371000289917,-0.9007099866867065,-0.8161312341690063,True,True,0.0004997501249375312,0.0004997501249375312,True,True,True,0.878371000289917,0.911064624786377,0.4712716490866091,4,0.9641149226882496,-0.03269362449645996,1.5457519939656414,0.045610789402601784,True,True
16,gender_noun_class,mean,14,11834,-0.8724281787872314,-0.8943093419075012,-0.7335655689239502,True,True,0.0004997501249375312,0.0004997501249375312,True,True,True,0.8724281787872314,0.9298784136772156,0.473737149953078,4,0.9382174765593316,-0.05745023488998413,1.4451472944751877,0.04509097562895469,True,True
16,gender_noun_class,mean,15,2706,-0.8615245819091797,-0.8834026455879211,-0.6611151099205017,True,True,0.0004997501249375312,0.0004997501249375312,True,True,True,0.8615245819091797,0.9440832734107971,0.472984950332783,4,0.9125514731308095,-0.08255869150161743,1.3951026998352614,0.04462022810278191,True,True
16,gender_noun_class,mean,16,1445,0.860988438129425,0.8819811344146729,0.8817253708839417,True,True,0.0004997501249375312,0.0004997501249375312,True,True,True,0.860988438129425,0.9310322999954224,0.4212996470622527,3,0.9247675275429846,-0.07004386186599731,1.5484771538451596,0.0497920793898617,True,True
16,gender_noun_class,mean,17,9319,-0.8560686707496643,-0.8846651911735535,-0.809744656085968,True,True,0.0004997501249375312,0.0004997501249375312,True,True,True,0.8560686707496643,0.911065399646759,0.4498834588015691,3,0.9396347079820854,-0.05499672889709473,1.5211265428471088,0.04652161913505561,True,True
16,gender_noun_class,mean,18,91,-0.8489944338798523,-0.8802223801612854,-0.8228213787078857,True,True,0.0004997501249375312,0.0004997501249375312,True,True,True,0.8489944338798523,0.9222593903541565,0.44320134388712734,4,0.9205592729761529,-0.0732649564743042,1.465004315178398,0.046818220155618706,True,True
16,gender_noun_class,mean,19,8487,-0.8488113284111023,-0.856206476688385,-0.366851806640625,True,True,0.0004997501249375312,0.0004997501249375312,True,True,True,0.8488113284111023,0.9488465189933777,0.44499575836846655,5,0.8945717894518896,-0.10003519058227539,1.4894203792967065,0.04662864422056007,True,True
16,gender_noun_class,mean,20,10966,-0.8453166484832764,-0.8688054084777832,-0.7368926405906677,True,True,0.0004997501249375312,0.0004997501249375312,True,True,True,0.8453166484832764,0.9110752940177917,0.459748294401484,4,0.9278230394718274,-0.06575864553451538,1.4292642832253535,0.04502232391275967,True,True
16,gender_noun_class,mean,21,10606,-0.8441436290740967,-0.8108984231948853,-0.5886808037757874,True,True,0.0004997501249375312,0.0004997501249375312,True,True,True,0.8441436290740967,0.9110500812530518,0.43006603606045246,3,0.9265611698459734,-0.06690645217895508,1.5336844611460998,0.047917187495373416,True,True
16,gender_noun_class,mean,22,14843,-0.8433099985122681,-0.8694658279418945,-0.646108865737915,True,True,0.0004997501249375312,0.0004997501249375312,True,True,True,0.8433099985122681,0.9110288023948669,0.4409070256381081,4,0.9256677684562957,-0.06771880388259888,1.5036530834913564,0.04675008435133844,True,True
16,gender_noun_class,mean,23,8026,-0.8422297239303589,-0.873985230922699,-0.807584285736084,True,True,0.0004997501249375312,0.0004997501249375312,True,True,True,0.8422297239303589,0.9485248327255249,0.46060797963769007,5,0.8879363985761618,-0.10629510879516602,1.378304022575702,0.04478530093624535,True,True
16,gender_noun_class,mean,24,9339,-0.8408659100532532,-0.8666083812713623,-0.6131364107131958,True,True,0.0004997501249375312,0.0004997501249375312,True,True,True,0.8408659100532532,0.9397202134132385,0.46884152355293435,5,0.8948045365535683,-0.09885430335998535,1.3795996306719243,0.04396526951089531,True,True
16,gender_noun_class,mean,25,11716,-0.8371556401252747,-0.8689573407173157,-0.7358306050300598,True,True,0.0004997501249375312,0.0004997501249375312,True,True,True,0.8371556401252747,0.9298619031906128,0.4778131749480963,6,0.9003010417490626,-0.09270626306533813,1.3238192000393134,0.042993079925462474,True,True
16,gender_noun_class,final,1,2993,-0.649357795715332,-0.7424691319465637,-0.10198726505041122,True,True,0.0004997501249375312,0.0004997501249375312,True,True,True,0.649357795715332,0.8524878621101379,0.3322923112278565,6,0.7617208696766613,-0.2031300663948059,1.3510470125036442,0.047716169167208555,True,True
16,gender_noun_class,final,2,4253,-0.6381334066390991,-0.7599198818206787,-0.47003671526908875,True,True,0.0004997501249375312,0.0004997501249375312,True,True,True,0.6381334066390991,0.8075404763221741,0.29996106463621774,5,0.7902184786394673,-0.16940706968307495,1.6990411553664646,0.05172678327011055,True,True
16,gender_noun_class,final,3,4825,0.5750674605369568,0.5590337514877319,-0.04451320320367813,True,False,0.0004997501249375312,0.0004997501249375312,True,False,False,0.5750674605369568,0.8383018374443054,0.29542787433512363,7,0.6859909341128729,-0.26323437690734863,1.2307530395698076,0.047538987230278246,True,False
16,gender_noun_class,final,4,7247,0.5518771409988403,0.6826504468917847,-0.23901666700839996,True,False,0.0004997501249375312,0.0004997501249375312,True,False,False,0.5518771409988403,0.736851692199707,0.2684240091042832,8,0.7489663752434818,-0.1849745512008667,1.302669416344885,0.050077716339396144,True,False
16,gender_noun_class,final,5,661,0.5189393162727356,0.6218501925468445,0.322488397359848,True,True,0.0004997501249375312,0.0004997501249375312,True,True,True,0.5189393162727356,0.6956459879875183,0.33062117980219996,8,0.7459819006129979,-0.17670667171478271,0.8986570894006177,0.03868880339287551,True,True
16,gender_noun_class,final,6,7038,-0.50449138879776,-0.5787749886512756,-0.2313244342803955,True,True,0.0004997501249375312,0.0004997501249375312,True,True,True,0.50449138879776,0.6886276006698608,0.24972678885126534,4,0.7326040784700137,-0.18413621187210083,1.4362709964019553,0.04924828757641826,True,True
16,gender_noun_class,final,7,8003,0.4967659115791321,0.5757552981376648,0.050997525453567505,True,True,0.0004997501249375312,0.0004997501249375312,True,True,True,0.4967659115791321,0.8795605897903442,0.3438372257619332,12,0.5647887335397136,-0.38279467821121216,0.6219023547263075,0.03572206169221121,True,True
16,gender_noun_class,final,8,14004,0.4936414659023285,0.735233724117279,0.05307238921523094,True,True,0.0004997501249375312,0.0004997501249375312,True,True,True,0.4936414659023285,0.8895617127418518,0.39538921057604826,16,0.554926610297561,-0.3959202468395233,0.35701624910457935,0.031019670001267482,True,True
16,gender_noun_class,final,9,12897,-0.4899836480617523,-0.5773422122001648,-0.02937832847237587,True,True,0.0004997501249375312,0.0004997501249375312,True,True,True,0.4899836480617523,0.8939337730407715,0.4148618409004158,15,0.5481207476869817,-0.40395012497901917,0.30717826942450044,0.029393853602024764,True,True
16,gender_noun_class,final,10,8793,0.46914976835250854,0.44181933999061584,-0.04344039782881737,True,False,0.0004997501249375312,0.0004997501249375312,True,False,False,0.46914976835250854,0.7092878222465515,0.2610679382028488,8,0.661437788212061,-0.24013805389404297,1.1409157128979004,0.04404831530212898,True,False
16,gender_noun_class,final,11,5697,0.4474526345729828,0.3894791603088379,0.02036893740296364,True,True,0.0004997501249375312,0.0004997501249375312,True,True,True,0.4474526345729828,0.792143702507019,0.3300583555052678,14,0.5648629575124572,-0.34469106793403625,0.490520628079953,0.03359322486169465,True,True
16,gender_noun_class,final,12,3288,0.4200981557369232,0.3054075539112091,-0.2134084850549698,True,False,0.0004997501249375312,0.0004997501249375312,True,False,False,0.4200981557369232,0.8191356062889099,0.35166316537950665,16,0.5128554448269877,-0.3990374505519867,0.2943006490958506,0.029720502075671753,True,False
16,gender_noun_class,final,13,15870,0.4131177067756653,0.46451660990715027,0.09269686043262482,True,True,0.0004997501249375312,0.0004997501249375312,True,True,True,0.4131177067756653,0.3892590403556824,0.11316968906575288,1,1.061292517183884,0.02385866641998291,2.6771516285707078,0.08558946308522715,True,True
16,gender_noun_class,final,14,15659,0.40994882583618164,0.5005531907081604,0.43378010392189026,True,True,0.0004997501249375312,0.0004997501249375312,True,True,True,0.40994882583618164,0.8661643862724304,0.38664947395236826,17,0.4732921744801944,-0.4562155604362488,0.10466122637476073,0.026466618885147366,True,True
16,gender_noun_class,final,15,2375,-0.391486257314682,-0.4986306130886078,0.04808095097541809,True,False,0.0004997501249375312,0.0004997501249375312,True,False,False,0.391486257314682,0.7361955046653748,0.2605786798760677,12,0.5317694210760299,-0.34470924735069275,0.6119074715175924,0.03709344567127362,True,False
16,gender_noun_class,final,16,9531,0.37668102979660034,0.4090346693992615,0.1396985948085785,True,True,0.0004997501249375312,0.0004997501249375312,True,True,True,0.37668102979660034,0.7930421233177185,0.2533659035196671,9,0.4749823732196501,-0.41636109352111816,0.549739665484945,0.03672088314613595,True,True
16,gender_noun_class,final,17,14465,-0.36000141501426697,-0.2836184799671173,0.06273959577083588,True,False,0.0004997501249375312,0.0004997501249375312,True,False,False,0.36000141501426697,0.791212797164917,0.2757269917533566,12,0.4549994847204548,-0.43121138215065,0.4016356567709323,0.03239358810930185,True,False
16,gender_noun_class,final,18,16200,-0.3412550687789917,-0.2816205620765686,-0.16831275820732117,True,True,0.0004997501249375312,0.0004997501249375312,True,True,True,0.3412550687789917,0.6037888526916504,0.17554951393797708,4,0.5651894155675439,-0.2625337839126587,1.2058710261725447,0.04747773670752849,True,True
16,gender_noun_class,final,19,16335,0.3324553966522217,0.08790887147188187,-0.37668928503990173,True,False,0.0004997501249375312,0.0004997501249375312,True,False,False,0.3324553966522217,0.698752760887146,0.33741885648132897,20,0.47578401869944925,-0.3662973642349243,-0.024304102523478772,0.024641309785681957,True,False
16,gender_noun_class,final,20,15059,-0.3292718529701233,-0.6484048366546631,-0.14470459520816803,True,True,0.0004997501249375312,0.0004997501249375312,True,True,True,0.3292718529701233,0.8713855743408203,0.3891583234191132,24,0.3778715905633491,-0.542113721370697,-0.23066146902954737,0.021234513896229962,True,True
16,gender_noun_class,final,21,14795,0.3233667314052582,0.24861788749694824,-0.12488774955272675,True,False,0.0004997501249375312,0.0004997501249375312,True,False,False,0.3233667314052582,0.8592251539230347,0.364168284744478,21,0.37634690968814893,-0.5358584225177765,-0.15456277410731217,0.02226134471571362,True,False
16,gender_noun_class,final,22,8113,0.3131412863731384,0.3747185468673706,0.2896359860897064,True,True,0.0004997501249375312,0.0004997501249375312,True,True,True,0.3131412863731384,0.8603767156600952,0.2069337604304728,11,0.3639583460053208,-0.5472354292869568,0.5803948975800154,0.037351836594457614,True,True
16,gender_noun_class,final,23,9622,-0.30864250659942627,-0.31837591528892517,0.11078819632530212,True,False,0.0004997501249375312,0.0004997501249375312,True,False,False,0.30864250659942627,0.8516861796379089,0.36495621784184223,23,0.36238994359476917,-0.5430436730384827,-0.20737636942475543,0.02122430794442584,True,False
16,gender_noun_class,final,24,1825,0.2924792170524597,0.3127022385597229,0.1995481550693512,True,True,0.0004997501249375312,0.0004997501249375312,True,True,True,0.2924792170524597,0.18518660962581635,0.007703791444118206,1,1.5793756235585081,0.10729260742664337,8.919135714770679,0.4932802451670634,True,True
16,gender_noun_class,final,25,12998,0.2891372740268707,-0.05823005363345146,-0.16457262635231018,False,False,0.0004997501249375312,0.0004997501249375312,True,False,False,0.2891372740268707,0.8506332635879517,0.3519111613098245,24,0.3399082617664119,-0.5614959895610809,-0.3049799647708154,0.020632512475476164,False,False
17,animacy_and_humanness,mean,1,14004,-0.618086576461792,-0.5310755968093872,-0.6968330144882202,True,True,0.0004997501249375312,0.0004997501249375312,True,True,True,0.618086576461792,0.9611682295799255,0.473196374419599,13,0.6430576432305967,-0.34308165311813354,0.5686820401720302,0.03240679674932,True,True
17,animacy_and_humanness,mean,2,5382,-0.6023863554000854,-0.3234574794769287,-0.4240369200706482,True,True,0.0004997501249375312,0.0004997501249375312,True,True,True,0.6023863554000854,0.9389743804931641,0.20811744538159707,3,0.641536518902361,-0.3365880250930786,1.7193801182967443,0.06908919076997357,True,True
17,animacy_and_humanness,mean,3,5179,-0.5808741450309753,-0.5348278284072876,-0.47087281942367554,True,True,0.0004997501249375312,0.0004997501249375312,True,True,True,0.5808741450309753,0.904426634311676,0.24117802721090043,3,0.6422567878853502,-0.3235524892807007,1.5318913630127857,0.05816409102462549,True,True
17,animacy_and_humanness,mean,4,8003,0.536477267742157,0.2761271595954895,0.23946045339107513,True,True,0.0004997501249375312,0.0004997501249375312,True,True,True,0.536477267742157,0.9397011995315552,0.4321905958394592,18,0.5709019718284845,-0.4032239317893982,0.3702643993313664,0.03084636777386165,True,True
17,animacy_and_humanness,mean,5,10074,-0.5352877974510193,-0.5146437287330627,-0.35490062832832336,True,True,0.0004997501249375312,0.0004997501249375312,True,True,True,0.5352877974510193,0.787714958190918,0.27042974296431893,6,0.6795450459394247,-0.2524271607398987,1.23646253590723,0.048302245975902394,True,True
17,animacy_and_humanness,mean,6,3428,0.5337948203086853,0.13763414323329926,0.5826448202133179,True,True,0.0004997501249375312,0.0004997501249375312,True,True,True,0.5337948203086853,0.5793272256851196,0.18412320430462176,3,0.9214046857152499,-0.045532405376434326,2.506552410200978,0.06919280778841258,True,True
17,animacy_and_humanness,mean,7,16378,-0.5329185724258423,-0.3829956650733948,-0.2296551764011383,True,True,0.0004997501249375312,0.0004997501249375312,True,True,True,0.5329185724258423,0.8998180031776428,0.4221466952122939,12,0.5922515114655169,-0.36689943075180054,0.4631485728570362,0.03135434899370392,True,True
17,animacy_and_humanness,mean,8,8666,0.518623411655426,-0.27446794509887695,0.45677661895751953,False,True,0.0004997501249375312,0.0004997501249375312,True,False,False,0.518623411655426,0.7160583138465881,0.2530948662987122,5,0.7242753859939659,-0.1974349021911621,1.6014080941471702,0.04991888324255302,False,True
17,animacy_and_humanness,mean,9,8182,0.5117450952529907,0.48698461055755615,0.4733189046382904,True,True,0.0004997501249375312,0.0004997501249375312,True,True,True,0.5117450952529907,0.9005430340766907,0.43824370585095423,20,0.5682627879939941,-0.38879793882369995,0.2724541472529535,0.029071058253446518,True,True
17,animacy_and_humanness,mean,10,8628,0.503311276435852,0.7574144601821899,0.6369427442550659,True,True,0.0004997501249375312,0.0004997501249375312,True,True,True,0.503311276435852,0.8735456466674805,0.33117900979824555,10,0.5761705508532401,-0.3702343702316284,0.733346983001651,0.03750654294841073,True,True
17,animacy_and_humanness,mean,11,11486,-0.5026674866676331,-0.2653667628765106,-0.6248343586921692,True,True,0.0004997501249375312,0.0004997501249375312,True,True,True,0.5026674866676331,0.6569560170173645,0.23303384127883384,4,0.7651463319413462,-0.15428853034973145,1.5301811747650436,0.05241040063194122,True,True
17,animacy_and_humanness,mean,12,6618,0.4999631643295288,0.15873683989048004,0.7291128635406494,True,True,0.0004997501249375312,0.0004997501249375312,True,True,True,0.4999631643295288,0.6037331819534302,0.18609750435615963,2,0.8281194065097687,-0.10377001762390137,2.3138226276643774,0.06444679757207614,True,True
17,animacy_and_humanness,mean,13,3104,0.4994560480117798,0.5734819173812866,0.03527933359146118,True,True,0.0004997501249375312,0.0004997501249375312,True,True,True,0.4994560480117798,0.5775051116943359,0.13642088929788235,2,0.8648513024351094,-0.07804906368255615,3.232717309459442,0.08581909652790229,True,True
17,animacy_and_humanness,mean,14,5483,-0.4842621088027954,-0.5234981775283813,-0.5402519702911377,True,True,0.0004997501249375312,0.0004997501249375312,True,True,True,0.4842621088027954,0.6526935696601868,0.25450008333875584,9,0.741944047426295,-0.16843146085739136,1.1685213916933728,0.04651998312175707,True,True
17,animacy_and_humanness,mean,15,4399,-0.48207637667655945,-0.48378369212150574,-0.2876671552658081,True,True,0.0004997501249375312,0.0004997501249375312,True,True,True,0.48207637667655945,0.6090859770774841,0.2047774560856991,4,0.7914750869649929,-0.12700960040092468,1.7872141809268354,0.05692651954549823,True,True
17,animacy_and_humanness,mean,16,2360,-0.4797607660293579,-0.8345274925231934,-0.15094757080078125,True,True,0.0004997501249375312,0.0004997501249375312,True,True,True,0.4797607660293579,0.5433869361877441,0.2356156306938292,3,0.882908171100376,-0.06362617015838623,1.8016889089645323,0.04961962566210931,True,True
17,animacy_and_humanness,mean,17,4549,-0.4759999215602875,-0.39901992678642273,-0.44867169857025146,True,True,0.0004997501249375312,0.0004997501249375312,True,True,True,0.4759999215602875,0.9344288110733032,0.45659288171774304,16,0.5094020174886781,-0.45842888951301575,0.07934475364089577,0.026034936130008263,True,True
17,animacy_and_humanness,mean,18,10896,0.46269866824150085,0.3552525043487549,0.37642672657966614,True,True,0.0004997501249375312,0.0004997501249375312,True,True,True,0.46269866824150085,0.6802915930747986,0.12931669676879373,2,0.6801475616510033,-0.21759292483329773,2.7281443492174735,0.08403459494557891,True,True
17,animacy_and_humanness,mean,19,10739,0.4574265480041504,0.5103381276130676,0.3258132338523865,True,True,0.0004997501249375312,0.0004997501249375312,True,True,True,0.4574265480041504,0.6734239459037781,0.1960081519702306,5,0.679254948961244,-0.21599739789962769,1.7312875882552858,0.05646025364346072,True,True
17,animacy_and_humanness,mean,20,3387,0.4547591209411621,0.5798115134239197,0.13254112005233765,True,True,0.0004997501249375312,0.0004997501249375312,True,True,True,0.4547591209411621,0.5538269281387329,0.17231539839233917,6,0.8211213609087017,-0.0990678071975708,1.5785207285527878,0.06338053515955858,True,True
17,animacy_and_humanness,mean,21,5313,0.4537912905216217,0.6490867733955383,0.3053548336029053,True,True,0.0004997501249375312,0.0004997501249375312,True,True,True,0.4537912905216217,0.7789299488067627,0.2748510853047125,7,0.5825829283066871,-0.325138658285141,0.9297408969384907,0.04061505020151468,True,True
17,animacy_and_humanness,mean,22,1893,0.4535786211490631,0.04383814334869385,0.520653486251831,True,True,0.0004997501249375312,0.0004997501249375312,True,True,True,0.4535786211490631,0.7438100576400757,0.19421989471317294,5,0.6098043667064079,-0.2902314364910126,1.5162657406753723,0.056498491689925386,True,True
17,animacy_and_humanness,mean,23,10578,-0.4527137279510498,-0.7232193350791931,0.0,True,False,0.0004997501249375312,0.0004997501249375312,True,False,False,0.4527137279510498,0.5353600382804871,0.1751386979356026,3,0.8456248049539009,-0.08264631032943726,2.0380949751392277,0.06215928678098253,True,False
17,animacy_and_humanness,mean,24,661,-0.4494912922382355,-0.2461576610803604,-0.46954771876335144,True,True,0.0004997501249375312,0.0004997501249375312,True,True,True,0.4494912922382355,0.8909521698951721,0.35118095400050664,13,0.5045066474119726,-0.44146087765693665,0.38790126657080176,0.03177616564628722,True,True
17,animacy_and_humanness,mean,25,1852,0.4494483172893524,0.11356368660926819,0.37820708751678467,True,True,0.0004997501249375312,0.0004997501249375312,True,True,True,0.4494483172893524,0.4985002279281616,0.18212171777700767,4,0.9016010266581502,-0.049051910638809204,1.8624264441665794,0.05951227408790125,True,True
17,animacy_and_humanness,final,1,8182,0.6224128603935242,0.2900159955024719,0.709356427192688,True,True,0.0004997501249375312,0.0004997501249375312,True,True,True,0.6224128603935242,0.8864492177963257,0.4062372431015739,11,0.7021415867914189,-0.2640363574028015,0.8654914163707151,0.037800650474188964,True,True
17,animacy_and_humanness,final,2,3288,0.5816158056259155,0.5994114279747009,0.24761740863323212,True,True,0.0004997501249375312,0.0004997501249375312,True,True,True,0.5816158056259155,0.8191356062889099,0.3475216871772248,11,0.710036044289325,-0.23751980066299438,1.018896047048841,0.0411473212207421,True,True
17,animacy_and_humanness,final,3,4825,-0.4947979748249054,-0.4405996799468994,-0.5307963490486145,True,True,0.0004997501249375312,0.0004997501249375312,True,True,True,0.4947979748249054,0.8383018374443054,0.2974860662764583,11,0.5902384472081972,-0.3435038626194,0.860059684060357,0.04090336564132036,True,True
17,animacy_and_humanness,final,4,13304,-0.47695809602737427,-0.5315814018249512,-0.6173713803291321,True,True,0.0004997501249375312,0.0004997501249375312,True,True,True,0.47695809602737427,0.7635689973831177,0.35074763687757343,12,0.6246430874773488,-0.2866109013557434,0.6294177469143315,0.033692723218895534,True,True
17,animacy_and_humanness,final,5,14004,-0.4695315361022949,-0.3510066866874695,-0.5877624750137329,True,True,0.0004997501249375312,0.0004997501249375312,True,True,True,0.4695315361022949,0.8895617127418518,0.39600741390425426,19,0.5278234543785403,-0.4200301766395569,0.26697036078532566,0.029504639117904165,True,True
17,animacy_and_humanness,final,6,10074,-0.4674549698829651,-0.5477718114852905,-0.30387380719184875,True,True,0.0004997501249375312,0.0004997501249375312,True,True,True,0.4674549698829651,0.7858825325965881,0.3205296297987493,13,0.5948153197125716,-0.31842756271362305,0.6221744436951173,0.036046497963465436,True,True
17,animacy_and_humanness,final,7,7912,0.45994552969932556,0.0007269809138961136,0.607993483543396,True,True,0.0004997501249375312,0.0004997501249375312,True,True,True,0.45994552969932556,0.8450190424919128,0.2930216492893986,10,0.5443019702171119,-0.3850735127925873,0.7487894362536742,0.03869058381970733,True,True
17,animacy_and_humanness,final,8,13774,0.44958582520484924,0.19050592184066772,0.43963515758514404,True,True,0.0004997501249375312,0.0004997501249375312,True,True,True,0.44958582520484924,0.66399085521698,0.15521804085717752,3,0.6770964113021298,-0.21440503001213074,2.1151863500427104,0.0691341908841895,True,True
17,animacy_and_humanness,final,9,8003,0.44711217284202576,0.3615354299545288,0.5243337750434875,True,True,0.0004997501249375312,0.0004997501249375312,True,True,True,0.44711217284202576,0.8795605897903442,0.34511039855006415,15,0.5083358418191535,-0.4324484169483185,0.41366429254529086,0.03215149882331898,True,True
17,animacy_and_humanness,final,10,16378,-0.44175347685813904,-0.30417993664741516,-0.5053519606590271,True,True,0.0004997501249375312,0.0004997501249375312,True,True,True,0.44175347685813904,0.8632649779319763,0.29546181859973913,10,0.5117240802660575,-0.4215115010738373,0.6837242701993625,0.03692120145509438,True,True
17,animacy_and_humanness,final,11,1828,0.409751296043396,0.451086163520813,0.4990180730819702,True,True,0.0004997501249375312,0.0004997501249375312,True,True,True,0.409751296043396,0.7534714341163635,0.2867807643965651,16,0.5438179571119818,-0.34372013807296753,0.5292457970904062,0.03534105474313402,True,True
17,animacy_and_humanness,final,12,2734,-0.40915244817733765,-0.29315969347953796,-0.5088456869125366,True,True,0.0004997501249375312,0.0004997501249375312,True,True,True,0.40915244817733765,0.834618091583252,0.3792523996761212,16,0.49022714976281495,-0.4254656434059143,0.12174188957505598,0.02691793124291027,True,True
17,animacy_and_humanness,final,13,4441,0.37788307666778564,0.3358379900455475,0.5193853378295898,True,True,0.0004997501249375312,0.0004997501249375312,True,True,True,0.37788307666778564,0.8246793150901794,0.3602678753101291,18,0.4582182064630344,-0.4467962384223938,0.07461223927769382,0.0261903540513186,True,True
17,animacy_and_humanness,final,14,16335,0.35790592432022095,0.268953412771225,0.5371204018592834,True,True,0.0004997501249375312,0.0004997501249375312,True,True,True,0.35790592432022095,0.698752760887146,0.3367662788488162,17,0.5122068124150504,-0.34084683656692505,0.10352594206637866,0.02652768113892631,True,True
17,animacy_and_humanness,final,15,9622,0.355292946100235,0.41112861037254333,-0.006472283508628607,True,False,0.0004997501249375312,0.0004997501249375312,True,False,False,0.355292946100235,0.8516861796379089,0.3637600527264369,20,0.417164155758975,-0.49639323353767395,-0.031163489774175414,0.024432301893856173,True,False
17,animacy_and_humanness,final,16,6618,0.33679601550102234,0.028152771294116974,0.7185975313186646,True,True,0.0004997501249375312,0.0004997501249375312,True,True,True,0.33679601550102234,0.4129703938961029,0.15128403004163352,2,0.8155451830906676,-0.07617437839508057,1.9009938654830463,0.05400077978117256,True,True
17,animacy_and_humanness,final,17,7918,0.33573591709136963,-0.18226340413093567,0.42534545063972473,False,True,0.0004997501249375312,0.0004997501249375312,True,False,False,0.33573591709136963,0.8988211750984192,0.3531530318925014,19,0.37352915840529366,-0.5630852580070496,-0.07351023579155296,0.023796368062053014,False,True
17,animacy_and_humanness,final,18,16084,0.32617658376693726,0.2393397092819214,0.4679814875125885,True,True,0.0004997501249375312,0.0004997501249375312,True,True,True,0.32617658376693726,0.686457633972168,0.30566808151511043,14,0.47515908866731593,-0.3602810502052307,0.11491197583326401,0.026632678313165833,True,True
17,animacy_and_humanness,final,19,16200,-0.3227813243865967,-0.06260640174150467,-0.20647041499614716,True,True,0.0004997501249375312,0.0004997501249375312,True,True,True,0.3227813243865967,0.6037888526916504,0.17602319969162822,5,0.5345930501162105,-0.2810075283050537,1.063716992268658,0.04490754317046971,True,True
17,animacy_and_humanness,final,20,4253,0.3136138617992401,0.5012991428375244,-0.18071188032627106,True,False,0.0004997501249375312,0.0004997501249375312,True,False,False,0.3136138617992401,0.8075404763221741,0.30828207860647056,18,0.3883568328705317,-0.49392661452293396,0.025847955096068173,0.025421386956107593,True,False
17,animacy_and_humanness,final,21,13627,-0.30813005566596985,-0.5736720561981201,0.09824106097221375,True,False,0.0004997501249375312,0.0004997501249375312,True,False,False,0.30813005566596985,0.8320904970169067,0.2827414156725773,18,0.37030834599197343,-0.5239604413509369,0.11882103047336258,0.02718383988865492,True,False
17,animacy_and_humanness,final,22,164,-0.3035067617893219,-0.02978900633752346,-0.6070873141288757,True,True,0.0004997501249375312,0.0004997501249375312,True,True,True,0.3035067617893219,0.9021463394165039,0.42670648927107835,27,0.33642741596183384,-0.598639577627182,-0.5148701776768836,0.017911223955236002,True,True
17,animacy_and_humanness,final,23,15282,0.2973892390727997,0.3122815191745758,-0.05144006013870239,True,False,0.0004997501249375312,0.0004997501249375312,True,False,False,0.2973892390727997,0.8384048938751221,0.26368503855207026,13,0.35470837687774154,-0.5410156548023224,0.15669121059473307,0.028105686334406237,True,False
17,animacy_and_humanness,final,24,8686,0.2950250208377838,0.19907842576503754,0.5493413209915161,True,True,0.0004997501249375312,0.0004997501249375312,True,True,True,0.2950250208377838,0.7252227067947388,0.34535281169108856,23,0.40680609980029947,-0.43019768595695496,-0.23336006757004113,0.02143487621796948,True,True
17,animacy_and_humanness,final,25,9531,-0.2931765913963318,-0.1247837170958519,-0.32611000537872314,True,True,0.0004997501249375312,0.0004997501249375312,True,True,True,0.2931765913963318,0.7930421233177185,0.2555070429658278,14,0.36968602647463117,-0.4998655319213867,0.16734386827200506,0.02858042349427683,True,True
18,person_marking_and_person_hierarchy,mean,1,2993,-0.5128213167190552,-0.4450680911540985,-0.36842820048332214,True,True,0.0004997501249375312,0.0004997501249375312,True,True,True,0.5128213167190552,0.8404539823532104,0.3241361811852608,11,0.6101717970128389,-0.3276326656341553,0.7510298050454176,0.038985567560805776,True,True
18,person_marking_and_person_hierarchy,mean,2,12178,0.5032705068588257,0.4312293529510498,0.463890939950943,True,True,0.0004997501249375312,0.0004997501249375312,True,True,True,0.5032705068588257,0.908375084400177,0.3767307286556715,14,0.5540338077316904,-0.4051045775413513,0.4815637128002771,0.0331191208132762,True,True
18,person_marking_and_person_hierarchy,mean,3,5159,0.4766324758529663,0.4059212803840637,0.5052921175956726,True,True,0.0004997501249375312,0.0004997501249375312,True,True,True,0.4766324758529663,0.9574276208877563,0.3971107304693224,15,0.4978261180840156,-0.48079514503479004,0.28168366684652446,0.02985679904198762,True,True
18,person_marking_and_person_hierarchy,mean,4,5697,0.4433022439479828,0.4925534129142761,0.4572640061378479,True,True,0.0004997501249375312,0.0004997501249375312,True,True,True,0.4433022439479828,0.9022186398506165,0.3713714662127388,18,0.491346802612482,-0.45891639590263367,0.2898910192068642,0.029698432213999985,True,True
18,person_marking_and_person_hierarchy,mean,5,13304,0.4418891668319702,0.2830950915813446,0.5493120551109314,True,True,0.0004997501249375312,0.0004997501249375312,True,True,True,0.4418891668319702,0.8797192573547363,0.3260969379200385,10,0.5023070293592353,-0.4378300905227661,0.5148444418751866,0.0335790468431708,True,True
18,person_marking_and_person_hierarchy,mean,6,13263,0.43733468651771545,0.5916182994842529,0.2762913405895233,True,True,0.0004997501249375312,0.0004997501249375312,True,True,True,0.43733468651771545,0.7047426104545593,0.2813686650210562,11,0.6205594496913339,-0.26740792393684387,0.7867605026993645,0.03832667607994433,True,True
18,person_marking_and_person_hierarchy,mean,7,14043,-0.43614280223846436,-0.38554683327674866,-0.4234604835510254,True,True,0.0004997501249375312,0.0004997501249375312,True,True,True,0.43614280223846436,0.8789437413215637,0.3829348072952901,17,0.4962124214943359,-0.44280093908309937,0.1984022564232174,0.028375131361284518,True,True
18,person_marking_and_person_hierarchy,mean,8,4217,-0.43175625801086426,-0.4015565514564514,-0.32945048809051514,True,True,0.0004997501249375312,0.0004997501249375312,True,True,True,0.43175625801086426,0.5181132555007935,0.15169331025427732,3,0.8333240916477634,-0.0863569974899292,2.0119307847894157,0.06801672607035912,True,True
18,person_marking_and_person_hierarchy,mean,9,3044,-0.42494437098503113,-0.2933494448661804,-0.42045384645462036,True,True,0.0004997501249375312,0.0004997501249375312,True,True,True,0.42494437098503113,0.7293359637260437,0.23580145745132214,7,0.5826455736723419,-0.3043915927410126,1.1285942344689237,0.044167496515225176,True,True
18,person_marking_and_person_hierarchy,mean,10,4828,0.42485862970352173,0.400773286819458,0.30184003710746765,True,True,0.0004997501249375312,0.0004997501249375312,True,True,True,0.42485862970352173,0.3733997642993927,0.1558533129401696,1,1.1378117243878847,0.05145886540412903,2.5545604838002407,0.06533132781809961,True,True
18,person_marking_and_person_hierarchy,mean,11,15741,-0.4189157783985138,-0.3630552589893341,-0.45966166257858276,True,True,0.0004997501249375312,0.0004997501249375312,True,True,True,0.4189157783985138,0.9276972413063049,0.4574663411252774,25,0.4515651871602334,-0.5087814629077911,-0.1440630965000838,0.022941588911671553,True,True
18,person_marking_and_person_hierarchy,mean,12,1121,-0.4137560725212097,-0.523372232913971,-0.03286714851856232,True,True,0.0004997501249375312,0.0004997501249375312,True,True,True,0.4137560725212097,0.6263047456741333,0.1394557835152134,2,0.6606305881905088,-0.21254867315292358,1.9860051908746401,0.07069693915493817,True,True
18,person_marking_and_person_hierarchy,mean,13,8113,0.40520229935646057,0.2336350530385971,0.4683700203895569,True,True,0.0004997501249375312,0.0004997501249375312,True,True,True,0.40520229935646057,0.8845422267913818,0.25563317493129617,8,0.4580926575165382,-0.47933992743492126,0.7220041493476508,0.03905603435487344,True,True
18,person_marking_and_person_hierarchy,mean,14,14768,0.4037604331970215,0.41554415225982666,0.3742089867591858,True,True,0.0004997501249375312,0.0004997501249375312,True,True,True,0.4037604331970215,0.37154561281204224,0.09425464456226343,1,1.0867048870289746,0.03221482038497925,3.2545942322895915,0.09896837203447045,True,True
18,person_marking_and_person_hierarchy,mean,15,4255,0.40278127789497375,0.42415621876716614,0.06333635747432709,True,True,0.0004997501249375312,0.0004997501249375312,True,True,True,0.40278127789497375,0.9110545516014099,0.4275968804573401,22,0.4421044570678927,-0.5082732737064362,-0.09689172232388883,0.023583340474084332,True,True
18,person_marking_and_person_hierarchy,mean,16,7912,-0.39575785398483276,-0.25286537408828735,-0.12518800795078278,True,True,0.0004997501249375312,0.0004997501249375312,True,True,True,0.39575785398483276,0.7674216628074646,0.25044059037314487,10,0.5156980486282192,-0.37166380882263184,0.6597514119872098,0.03894127287708723,True,True
18,person_marking_and_person_hierarchy,mean,17,4252,-0.3898487091064453,-0.4653686285018921,-0.3544374406337738,True,True,0.0004997501249375312,0.0004997501249375312,True,True,True,0.3898487091064453,0.37565720081329346,0.14690719752644116,1,1.0377778151528239,0.014191508293151855,2.5806469175179183,0.06370879122480942,True,True
18,person_marking_and_person_hierarchy,mean,18,8975,0.3877711594104767,0.18488922715187073,0.30455589294433594,True,True,0.0004997501249375312,0.0004997501249375312,True,True,True,0.3877711594104767,0.5450594425201416,0.11880217526012506,2,0.7114291197627447,-0.15728828310966492,2.341339945621488,0.07722900517958001,True,True
18,person_marking_and_person_hierarchy,mean,19,6166,0.3855115473270416,0.403683602809906,0.17160218954086304,True,True,0.0004997501249375312,0.0004997501249375312,True,True,True,0.3855115473270416,0.7755138278007507,0.22059008246287704,6,0.49710467242124967,-0.3900022804737091,0.9520259574411492,0.042889301356511825,True,True
18,person_marking_and_person_hierarchy,mean,20,1794,0.38443461060523987,0.3553283214569092,0.009549024514853954,True,True,0.0004997501249375312,0.0004997501249375312,True,True,True,0.38443461060523987,0.9293088912963867,0.45741644855111074,23,0.413677964566715,-0.5448742806911469,-0.2807315932617695,0.021095338196818556,True,True
18,person_marking_and_person_hierarchy,mean,21,4549,0.38287997245788574,0.4099693298339844,0.04659515246748924,True,True,0.0004997501249375312,0.0004997501249375312,True,True,True,0.38287997245788574,0.9344288110733032,0.4589805727203687,24,0.4097476104339102,-0.5515488386154175,-0.31149555920506317,0.02094171695601394,True,True
18,person_marking_and_person_hierarchy,mean,22,2258,0.37927719950675964,0.30005818605422974,0.0331990085542202,True,True,0.0004997501249375312,0.0004997501249375312,True,True,True,0.37927719950675964,0.9070153832435608,0.1953246057845461,6,0.41815961064566903,-0.5277381837368011,1.0201433999949108,0.04742780989792606,True,True
18,person_marking_and_person_hierarchy,mean,23,13235,0.37755656242370605,0.20801372826099396,0.26984357833862305,True,True,0.0004997501249375312,0.0004997501249375312,True,True,True,0.37755656242370605,0.32727617025375366,0.10221443615423945,1,1.1536329153783713,0.05028039216995239,3.4956582847195405,0.08651776371137046,True,True
18,person_marking_and_person_hierarchy,mean,24,5322,-0.3753088414669037,-0.3362620174884796,-0.22849996387958527,True,True,0.0004997501249375312,0.0004997501249375312,True,True,True,0.3753088414669037,0.8269336819648743,0.13009869097732008,3,0.4538560342289283,-0.4516248404979706,1.7546063890090073,0.06887465108542336,True,True
18,person_marking_and_person_hierarchy,mean,25,443,-0.3750956654548645,-0.4249991178512573,0.06421887129545212,True,False,0.0004997501249375312,0.0004997501249375312,True,False,False,0.3750956654548645,0.7551411390304565,0.2886228278541985,11,0.496722594052363,-0.38004547357559204,0.4153425772776258,0.032248578717124374,True,False
18,person_marking_and_person_hierarchy,final,1,14465,-0.5475411415100098,-0.5141435861587524,-0.16007570922374725,True,True,0.0004997501249375312,0.0004997501249375312,True,True,True,0.5475411415100098,0.791212797164917,0.2709182808175683,7,0.692027661170251,-0.24367165565490723,1.345834763470111,0.04926875693049512,True,True
18,person_marking_and_person_hierarchy,final,2,5697,0.5381831526756287,0.49156463146209717,0.537992000579834,True,True,0.0004997501249375312,0.0004997501249375312,True,True,True,0.5381831526756287,0.792143702507019,0.3277319319641743,9,0.6794009104312231,-0.2539605498313904,0.88542120044168,0.04040496416310466,True,True
18,person_marking_and_person_hierarchy,final,3,661,0.515921950340271,0.4698305130004883,0.22769005596637726,True,True,0.0004997501249375312,0.0004997501249375312,True,True,True,0.515921950340271,0.6956459879875183,0.33069854815944266,10,0.7416443985148492,-0.17972403764724731,0.8835906130142029,0.0384638478466973,True,True
18,person_marking_and_person_hierarchy,final,4,2084,-0.45962417125701904,-0.4548656940460205,-0.38900551199913025,True,True,0.0004997501249375312,0.0004997501249375312,True,True,True,0.45962417125701904,0.8011894226074219,0.2669493893179326,8,0.5736772831588319,-0.34156525135040283,0.9450111121776238,0.042281202712047605,True,True
18,person_marking_and_person_hierarchy,final,5,105,-0.4510522484779358,-0.42921775579452515,-0.26869818568229675,True,True,0.0004997501249375312,0.0004997501249375312,True,True,True,0.4510522484779358,0.8573086857795715,0.30648616343163526,12,0.5261258353725684,-0.40625643730163574,0.6256159716922766,0.03636341417990867,True,True
18,person_marking_and_person_hierarchy,final,6,8113,0.43242520093917847,0.18576955795288086,0.5385504961013794,True,True,0.0004997501249375312,0.0004997501249375312,True,True,True,0.43242520093917847,0.8603767156600952,0.20387519851852304,5,0.5025998415210653,-0.42795151472091675,1.26903326610362,0.05158015294591067,True,True
18,person_marking_and_person_hierarchy,final,7,3044,-0.4282659888267517,-0.30254462361335754,-0.4028686285018921,True,True,0.0004997501249375312,0.0004997501249375312,True,True,True,0.4282659888267517,0.7265186905860901,0.2569544596167711,10,0.5894769045532264,-0.2982527017593384,0.9209475811643203,0.04098439180824076,True,True
18,person_marking_and_person_hierarchy,final,8,13190,-0.4279502034187317,-0.37059634923934937,-0.20125581324100494,True,True,0.0004997501249375312,0.0004997501249375312,True,True,True,0.4279502034187317,0.6298058032989502,0.2163263717934919,4,0.6794954907959087,-0.2018555998802185,1.4461951995903857,0.048275884297564825,True,True
18,person_marking_and_person_hierarchy,final,9,7918,-0.40808701515197754,-0.3740156888961792,-0.30587536096572876,True,True,0.0004997501249375312,0.0004997501249375312,True,True,True,0.40808701515197754,0.8988211750984192,0.351297875531973,16,0.45402470086142865,-0.49073415994644165,0.23984300120825885,0.02892448594130679,True,True
18,person_marking_and_person_hierarchy,final,10,2993,-0.4068005681037903,-0.2900523841381073,-0.38107699155807495,True,True,0.0004997501249375312,0.0004997501249375312,True,True,True,0.4068005681037903,0.8524878621101379,0.3385117273204602,16,0.47719221139037554,-0.44568729400634766,0.28469735217606223,0.029892556696842147,True,True
18,person_marking_and_person_hierarchy,final,11,12897,-0.39263269305229187,-0.3128245770931244,-0.23826949298381805,True,True,0.0004997501249375312,0.0004997501249375312,True,True,True,0.39263269305229187,0.8939337730407715,0.4173580192339917,23,0.43921899462051567,-0.5013010799884796,-0.10099461709708234,0.02355382255020333,True,True
18,person_marking_and_person_hierarchy,final,12,4441,-0.3924904763698578,-0.4322534501552582,0.08253461122512817,True,False,0.0004997501249375312,0.0004997501249375312,True,False,False,0.3924904763698578,0.8246793150901794,0.35989332659981954,14,0.4759310306296922,-0.43218883872032166,0.1380947919416698,0.027202765015418833,True,False
18,person_marking_and_person_hierarchy,final,13,15870,0.3892590403556824,0.4016130864620209,0.2787648141384125,True,True,0.0004997501249375312,0.0004997501249375312,True,True,True,0.3892590403556824,0.4131177067756653,0.11378144974318835,2,0.9422472916830484,-0.02385866641998291,2.424106992295677,0.08064643978866154,True,True
18,person_marking_and_person_hierarchy,final,14,443,-0.38494157791137695,-0.4361494481563568,0.06250197440385818,True,False,0.0004997501249375312,0.0004997501249375312,True,False,False,0.38494157791137695,0.7758102416992188,0.285502341002799,12,0.4961800672652355,-0.3908686637878418,0.4449250979517889,0.03341642252519356,True,False
18,person_marking_and_person_hierarchy,final,15,5159,0.374178022146225,0.2931302785873413,0.4440203309059143,True,True,0.0004997501249375312,0.0004997501249375312,True,True,True,0.374178022146225,0.8962443470954895,0.3456020047649359,15,0.4174955450027051,-0.5220663249492645,0.11343851252743004,0.027011283361721584,True,True
18,person_marking_and_person_hierarchy,final,16,13191,0.37415361404418945,0.2839413285255432,0.14513200521469116,True,True,0.0004997501249375312,0.0004997501249375312,True,True,True,0.37415361404418945,0.6982070207595825,0.3095064760209658,15,0.5358777596323023,-0.32405340671539307,0.3628385959238809,0.03006479990019559,True,True
18,person_marking_and_person_hierarchy,final,17,12178,0.3736383020877838,0.2733880281448364,0.030255906283855438,True,True,0.0004997501249375312,0.0004997501249375312,True,True,True,0.3736383020877838,0.7508994340896606,0.26752255923855,11,0.49758767302942164,-0.37726113200187683,0.545150790681096,0.03457367223798518,True,True
18,person_marking_and_person_hierarchy,final,18,10152,-0.3694359064102173,-0.44243669509887695,-0.15061940252780914,True,True,0.0004997501249375312,0.0004997501249375312,True,True,True,0.3694359064102173,0.6982105374336243,0.22728460510738957,7,0.5291182051879845,-0.328774631023407,0.7208268308640372,0.04001023293690955,True,True
18,person_marking_and_person_hierarchy,final,19,2375,-0.3637259900569916,-0.26352182030677795,0.0005714591825380921,True,False,0.0004997501249375312,0.0004997501249375312,True,False,False,0.3637259900569916,0.7361955046653748,0.26129048160062385,13,0.49406168300676745,-0.3724695146083832,0.47792991873613133,0.03446315164152568,True,False
18,person_marking_and_person_hierarchy,final,20,7912,-0.3587922155857086,-0.19389717280864716,-0.01906614750623703,True,True,0.0004997501249375312,0.0004997501249375312,True,True,True,0.3587922155857086,0.8450190424919128,0.2956153240102606,14,0.424596603796822,-0.4862268269062042,0.28166925687588984,0.030181574544386136,True,True
18,person_marking_and_person_hierarchy,final,21,4549,0.3576437830924988,0.2687841057777405,0.17134149372577667,True,True,0.0004997501249375312,0.0004997501249375312,True,True,True,0.3576437830924988,0.8782880902290344,0.35583507915502055,21,0.4072055480101463,-0.5206443071365356,0.007313856588264666,0.025123881987505967,True,True
18,person_marking_and_person_hierarchy,final,22,6047,-0.3518657684326172,-0.21708068251609802,0.10664045065641403,True,False,0.0004997501249375312,0.0004997501249375312,True,False,False,0.3518657684326172,0.8227211833000183,0.2912647648571202,13,0.42768531499486595,-0.4708554148674011,0.3063714310558783,0.030045257606143582,True,False
18,person_marking_and_person_hierarchy,final,23,4257,0.33632734417915344,0.3350115120410919,0.30777665972709656,True,True,0.0004997501249375312,0.0004997501249375312,True,True,True,0.33632734417915344,0.6330991983413696,0.2708874528941054,15,0.5312395672910083,-0.2967718541622162,0.3533639454987989,0.03085306456762364,True,True
18,person_marking_and_person_hierarchy,final,24,4025,-0.3343408405780792,-0.37720635533332825,-0.40320464968681335,True,True,0.0004997501249375312,0.0004997501249375312,True,True,True,0.3343408405780792,0.32346442341804504,0.03924355049354908,1,1.033624770987496,0.01087641716003418,3.6876138389178053,0.17928667570246934,True,True
18,person_marking_and_person_hierarchy,final,25,13627,-0.329271525144577,-0.24623309075832367,-0.30721861124038696,True,True,0.0004997501249375312,0.0004997501249375312,True,True,True,0.329271525144577,0.8320904970169067,0.28219932671158743,16,0.3957160024360749,-0.5028189718723297,0.22039928712283882,0.029048981930950058,True,True
19,inclusive_exclusive_distinction,mean,1,6062,-0.8535889983177185,-0.4935387074947357,-0.023348644375801086,True,True,0.0004997501249375312,0.0004997501249375312,True,True,True,0.8535889983177185,0.24207067489624023,0.08385511922041097,1,3.526197457348338,0.6115183234214783,11.71828572258805,0.2069839226996113,True,True
19,inclusive_exclusive_distinction,mean,2,9899,0.8472542762756348,0.6314653754234314,0.567686140537262,True,True,0.0004997501249375312,0.0004997501249375312,True,True,True,0.8472542762756348,0.48458772897720337,0.19615044065703374,1,1.7484022512577748,0.3626665472984314,5.067548721164285,0.09971074087555637,True,True
19,inclusive_exclusive_distinction,mean,3,7247,0.8461350798606873,-0.2659323811531067,0.48011401295661926,False,True,0.0004997501249375312,0.0004997501249375312,True,False,False,0.8461350798606873,0.9016627073287964,0.4379732974219876,4,0.938416408911253,-0.05552762746810913,1.5510725242280896,0.04719867564684178,False,True
19,inclusive_exclusive_distinction,mean,4,8003,0.8388033509254456,0.5554609298706055,0.5840644836425781,True,True,0.0004997501249375312,0.0004997501249375312,True,True,True,0.8388033509254456,0.9397011995315552,0.4244386449886056,4,0.8926277324575007,-0.10089784860610962,1.5110029662595774,0.048229511683670206,True,True
19,inclusive_exclusive_distinction,mean,5,5487,0.8319265246391296,0.6296933889389038,0.578078031539917,True,True,0.0004997501249375312,0.0004997501249375312,True,True,True,0.8319265246391296,0.470077782869339,0.12904253248602915,1,1.7697635475581894,0.36184874176979065,7.577384820958769,0.14185598525296123,True,True
19,inclusive_exclusive_distinction,mean,6,10086,0.8245407342910767,0.6530308723449707,0.5338097214698792,True,True,0.0004997501249375312,0.0004997501249375312,True,True,True,0.8245407342910767,0.6624242067337036,0.18638483446855575,1,1.2447321911086868,0.16211652755737305,4.376991121305597,0.10187628516389222,True,True
19,inclusive_exclusive_distinction,mean,7,12178,-0.8232278227806091,-0.49718040227890015,0.13327404856681824,True,False,0.0004997501249375312,0.0004997501249375312,True,False,False,0.8232278227806091,0.908375084400177,0.3685266949140873,3,0.9062642039815604,-0.08514726161956787,1.7952155202824946,0.05417480529446048,True,False
19,inclusive_exclusive_distinction,mean,8,6157,0.8225065469741821,0.4884949028491974,0.5496635437011719,True,True,0.0004997501249375312,0.0004997501249375312,True,True,True,0.8225065469741821,0.49611231684684753,0.1754334163493835,1,1.6579039041034214,0.3263942301273346,5.135108369213373,0.1073150536166293,True,True
19,inclusive_exclusive_distinction,mean,9,1713,0.8207360506057739,0.3268304169178009,0.5199775695800781,True,True,0.0004997501249375312,0.0004997501249375312,True,True,True,0.8207360506057739,0.5137149691581726,0.10776024828784359,1,1.597648696028302,0.3070210814476013,5.300274973813472,0.1633830436468878,True,True
19,inclusive_exclusive_distinction,mean,10,4080,0.8102184534072876,0.22462907433509827,-0.23640207946300507,True,False,0.0004997501249375312,0.0004997501249375312,True,False,False,0.8102184534072876,0.5807769894599915,0.2869504369222201,1,1.3950594946274157,0.22944146394729614,2.8702297210250682,0.06751097237496967,True,False
19,inclusive_exclusive_distinction,mean,11,2958,0.8024998903274536,0.5578518509864807,0.5502874851226807,True,True,0.0004997501249375312,0.0004997501249375312,True,True,True,0.8024998903274536,0.4601707458496094,0.1785137726364132,1,1.743917660054215,0.34232914447784424,4.6481089758156875,0.10335450625517634,True,True
19,inclusive_exclusive_distinction,mean,12,4218,-0.7959398627281189,-0.7286739349365234,-0.463934063911438,True,True,0.0004997501249375312,0.0004997501249375312,True,True,True,0.7959398627281189,0.6544592976570129,0.11744702425904763,1,1.2161793186797274,0.14148056507110596,4.418820481211861,0.14804399601470156,True,True
19,inclusive_exclusive_distinction,mean,13,10819,0.7876148819923401,0.7157050371170044,0.5165567398071289,True,True,0.0004997501249375312,0.0004997501249375312,True,True,True,0.7876148819923401,0.30812758207321167,0.13862517098776805,1,2.556132354958088,0.4794872999191284,8.245906218125032,0.12715778505346703,True,True
19,inclusive_exclusive_distinction,mean,14,9465,-0.7848354578018188,0.3343288004398346,0.574237585067749,False,False,0.0004997501249375312,0.0004997501249375312,True,False,False,0.7848354578018188,0.9370673298835754,0.4409448598057796,7,0.8375443607657622,-0.1522318720817566,1.318013622221722,0.0436463800933208,False,False
19,inclusive_exclusive_distinction,mean,15,5475,0.7746464610099792,0.48868104815483093,0.44025564193725586,True,True,0.0004997501249375312,0.0004997501249375312,True,True,True,0.7746464610099792,0.5738567113876343,0.14054389840039688,1,1.3498952711327856,0.20078974962234497,4.553036730425903,0.12382736297187433,True,True
19,inclusive_exclusive_distinction,mean,16,3288,-0.7744781970977783,-0.8595623970031738,0.09073245525360107,True,False,0.0004997501249375312,0.0004997501249375312,True,False,False,0.7744781970977783,0.8588690757751465,0.37698118770733857,3,0.9017418590823011,-0.08439087867736816,1.7956429778536962,0.050041415118847944,True,False
19,inclusive_exclusive_distinction,mean,17,4591,0.7737128734588623,0.30829423666000366,0.05550164356827736,True,True,0.0004997501249375312,0.0004997501249375312,True,True,True,0.7737128734588623,0.8098894357681274,0.14250159233760756,2,0.9553314801853737,-0.03617656230926514,4.318989475891931,0.12220490763072898,True,True
19,inclusive_exclusive_distinction,mean,18,4396,-0.7677212357521057,-0.18898719549179077,-0.022525165230035782,True,True,0.0004997501249375312,0.0004997501249375312,True,True,True,0.7677212357521057,0.3190513253211975,0.08809600443316576,1,2.4062624876396304,0.4486699104309082,8.64581852729474,0.1826400745853833,True,True
19,inclusive_exclusive_distinction,mean,19,16335,0.7624948620796204,-0.04830596596002579,-0.19729268550872803,False,False,0.0004997501249375312,0.0004997501249375312,True,False,False,0.7624948620796204,0.8872751593589783,0.3540158968609877,3,0.8593668537170512,-0.12478029727935791,1.728038731693159,0.0523363890305852,False,False
19,inclusive_exclusive_distinction,mean,20,16378,0.7622444033622742,-0.25316837430000305,-0.4463440179824829,False,False,0.0004997501249375312,0.0004997501249375312,True,False,False,0.7622444033622742,0.8998180031776428,0.41626654570110333,5,0.8471095273382647,-0.13757359981536865,1.4827341457418504,0.04484677074159224,False,False
19,inclusive_exclusive_distinction,mean,21,6385,-0.7621657848358154,-0.4970814287662506,-0.16939981281757355,True,True,0.0004997501249375312,0.0004997501249375312,True,True,True,0.7621657848358154,0.40661191940307617,0.10869859349287044,1,1.8744305035492015,0.35555386543273926,7.113437057451197,0.152390154566768,True,True
19,inclusive_exclusive_distinction,mean,22,3423,0.7609239220619202,-0.7417643666267395,-0.5595539212226868,False,False,0.0004997501249375312,0.0004997501249375312,True,False,False,0.7609239220619202,0.9553040862083435,0.4748883154720832,8,0.7965253504589002,-0.19438016414642334,1.0579779476756432,0.039463798440245765,False,False
19,inclusive_exclusive_distinction,mean,23,3113,0.7577568292617798,0.6263027191162109,0.5838543176651001,True,True,0.0004997501249375312,0.0004997501249375312,True,True,True,0.7577568292617798,0.7017344236373901,0.18260244657404912,1,1.079834199003665,0.05602240562438965,3.5633641222683394,0.09617116010978753,True,True
19,inclusive_exclusive_distinction,mean,24,6549,0.7546381950378418,-0.8173902034759521,-0.5846360325813293,False,False,0.0004997501249375312,0.0004997501249375312,True,False,False,0.7546381950378418,0.9580584168434143,0.4650893703294106,9,0.7876745110430781,-0.2034202218055725,1.0647393805749636,0.03994247904696007,False,False
19,inclusive_exclusive_distinction,mean,25,8957,0.7469581961631775,-0.7421130537986755,-0.6055343151092529,False,False,0.0004997501249375312,0.0004997501249375312,True,False,False,0.7469581961631775,0.957336962223053,0.47164191662644345,9,0.7802458545303105,-0.2103787660598755,0.9905561874315975,0.03902400457099185,False,False
19,inclusive_exclusive_distinction,final,1,8182,-0.7900815606117249,-0.2269776463508606,0.6592288017272949,True,False,0.0004997501249375312,0.0004997501249375312,True,False,False,0.7900815606117249,0.8864492177963257,0.40193804566008157,3,0.8912880114845534,-0.09636765718460083,1.5883042985935139,0.04798357942010205,True,False
19,inclusive_exclusive_distinction,final,2,9465,-0.737347424030304,-0.36678698658943176,0.6202316880226135,True,False,0.0004997501249375312,0.0004997501249375312,True,False,False,0.737347424030304,0.887403666973114,0.4271037185516877,7,0.8309041887840696,-0.15005624294281006,1.2002965407664654,0.042389949879182105,True,False
19,inclusive_exclusive_distinction,final,3,16335,0.698752760887146,0.26444435119628906,0.4978483021259308,True,True,0.0004997501249375312,0.0004997501249375312,True,True,True,0.698752760887146,0.6975926160812378,0.32802661637274116,1,1.001663069217139,0.0011601448059082031,1.8972631281291632,0.051790957277293014,True,True
19,inclusive_exclusive_distinction,final,4,3288,-0.6159942150115967,-0.31097713112831116,0.3542959988117218,True,False,0.0004997501249375312,0.0004997501249375312,True,False,False,0.6159942150115967,0.8191356062889099,0.3466401895006689,8,0.7520051750678446,-0.20314139127731323,1.1774558515511666,0.04357947564358911,True,False
19,inclusive_exclusive_distinction,final,5,16378,0.5774152278900146,0.6273568868637085,0.5635995268821716,True,True,0.0004997501249375312,0.0004997501249375312,True,True,True,0.5774152278900146,0.8632649779319763,0.29198331216302437,5,0.6688736861227259,-0.28584975004196167,1.357064614053884,0.04825964043065726,True,True
19,inclusive_exclusive_distinction,final,6,13304,0.5645027756690979,-0.004403355065733194,0.034110479056835175,False,True,0.0004997501249375312,0.0004997501249375312,True,False,False,0.5645027756690979,0.7635689973831177,0.34850290150214464,9,0.7392950441986854,-0.19906622171401978,1.0879205708863433,0.03987695341652318,False,True
19,inclusive_exclusive_distinction,final,7,5219,-0.5559722185134888,-0.4309735596179962,-0.26588010787963867,True,True,0.0004997501249375312,0.0004997501249375312,True,True,True,0.5559722185134888,0.7958799600601196,0.28711662928645426,4,0.6985629069885004,-0.23990774154663086,1.3633085569030048,0.04730261083752719,True,True
19,inclusive_exclusive_distinction,final,8,9622,-0.5529869794845581,-0.25953519344329834,-0.45224061608314514,True,True,0.0004997501249375312,0.0004997501249375312,True,True,True,0.5529869794845581,0.8516861796379089,0.3586909749473517,10,0.6492849041176861,-0.29869920015335083,0.7198425526881764,0.03802705619246022,True,True
19,inclusive_exclusive_distinction,final,9,4080,0.551654577255249,-0.5325927138328552,-0.4876673221588135,False,False,0.0004997501249375312,0.0004997501249375312,True,False,False,0.551654577255249,0.8348079323768616,0.3086952863750645,9,0.6608161660426255,-0.28315335512161255,1.047166895313161,0.04381420235418411,False,False
19,inclusive_exclusive_distinction,final,10,12897,0.5364692211151123,0.31851810216903687,-0.6722049713134766,True,False,0.0004997501249375312,0.0004997501249375312,True,False,False,0.5364692211151123,0.8939337730407715,0.41366990312981683,12,0.6001218851932161,-0.3574645519256592,0.5031544112812241,0.032182497946263135,True,False
19,inclusive_exclusive_distinction,final,11,14168,-0.5139237642288208,-0.5088527202606201,0.6122918128967285,True,False,0.0004997501249375312,0.0004997501249375312,True,False,False,0.5139237642288208,0.8737818002700806,0.34809043121715194,13,0.5881602982231606,-0.35985803604125977,0.6668393895307613,0.036475784577179315,True,False
19,inclusive_exclusive_distinction,final,12,14795,-0.5110724568367004,-0.4466361999511719,0.6322606205940247,True,False,0.0004997501249375312,0.0004997501249375312,True,False,False,0.5110724568367004,0.8592251539230347,0.3593553174257231,12,0.5948062094123467,-0.34815269708633423,0.5770013767600334,0.03518345899996148,True,False
19,inclusive_exclusive_distinction,final,13,11776,-0.5090156197547913,0.38917070627212524,0.7160938382148743,False,False,0.0004997501249375312,0.0004997501249375312,True,False,False,0.5090156197547913,0.8965377807617188,0.40377557100966954,15,0.5677570211512114,-0.3875221610069275,0.39874393231512056,0.03131197023733498,False,False
19,inclusive_exclusive_distinction,final,14,12178,-0.4951702058315277,-0.5203127861022949,0.2583308219909668,True,False,0.0004997501249375312,0.0004997501249375312,True,False,False,0.4951702058315277,0.7508994340896606,0.264406356578454,6,0.6594361153459096,-0.25572922825813293,1.2027315359187651,0.045819318583705325,True,False
19,inclusive_exclusive_distinction,final,15,14791,0.49405771493911743,0.09393902122974396,-0.374483197927475,True,False,0.0004997501249375312,0.0004997501249375312,True,False,False,0.49405771493911743,0.3114047348499298,0.03217675836267284,1,1.5865452886489044,0.18265298008918762,6.57323410552406,0.2824879786292286,True,False
19,inclusive_exclusive_distinction,final,16,11524,-0.48919036984443665,-0.2763277292251587,-0.340545117855072,True,True,0.0004997501249375312,0.0004997501249375312,True,True,True,0.48919036984443665,0.03956272453069687,0.0018103369631064243,1,12.364931274257211,0.4496276453137398,61.3157984881664,0.8738764560098724,True,True
19,inclusive_exclusive_distinction,final,17,13627,-0.48576483130455017,-0.2347385138273239,-0.116109699010849,True,True,0.0004997501249375312,0.0004997501249375312,True,True,True,0.48576483130455017,0.8320904970169067,0.2781866778356907,7,0.5837884617671342,-0.34632566571235657,0.9832816808851479,0.04285512936796164,True,True
19,inclusive_exclusive_distinction,final,18,13774,-0.48509520292282104,-0.3076740801334381,0.01003243587911129,True,False,0.0004997501249375312,0.0004997501249375312,True,False,False,0.48509520292282104,0.66399085521698,0.15430754399261412,2,0.7305751263160106,-0.17889565229415894,2.4135601101039392,0.07459457677650382,True,False
19,inclusive_exclusive_distinction,final,19,4549,0.4601496160030365,-0.2170104682445526,0.07656215131282806,False,True,0.0004997501249375312,0.0004997501249375312,True,False,False,0.4601496160030365,0.8782880902290344,0.3532067244650068,12,0.5239164929163979,-0.4181384742259979,0.4334859377292602,0.03232474656512197,False,True
19,inclusive_exclusive_distinction,final,20,9880,-0.450713574886322,-0.33671697974205017,0.05187205970287323,True,False,0.0004997501249375312,0.0004997501249375312,True,False,False,0.450713574886322,0.6966063976287842,0.08256354285642886,4,0.6470132580184881,-0.24589282274246216,2.1311547771650226,0.12278709465108985,True,False
19,inclusive_exclusive_distinction,final,21,661,-0.4481024146080017,-0.5722143054008484,0.41383010149002075,True,False,0.0004997501249375312,0.0004997501249375312,True,False,False,0.4481024146080017,0.6956459879875183,0.33243751061411625,14,0.6441529489796207,-0.2475435733795166,0.5484275783487301,0.03340765610738638,True,False
19,inclusive_exclusive_distinction,final,22,4929,-0.44162651896476746,-0.13954319059848785,-0.10491599887609482,True,True,0.0004997501249375312,0.0004997501249375312,True,True,True,0.44162651896476746,0.3506699204444885,0.01889334997544304,1,1.259379528204152,0.09095659852027893,6.358050478343666,0.37474656142658613,True,True
19,inclusive_exclusive_distinction,final,23,13357,-0.4409339725971222,0.10691702365875244,0.010296674445271492,False,False,0.0004997501249375312,0.0004997501249375312,True,False,False,0.4409339725971222,0.42288801074028015,0.06674600908389458,1,1.0426731460777334,0.01804596185684204,3.5318574254275155,0.14485212529235975,False,False
19,inclusive_exclusive_distinction,final,24,2084,0.4366116225719452,0.4472251236438751,-0.47030362486839294,True,False,0.0004997501249375312,0.0004997501249375312,True,False,False,0.4366116225719452,0.8011894226074219,0.26753945466883194,10,0.5449543020064087,-0.3645778000354767,0.8270710145227321,0.04016425957301853,True,False
19,inclusive_exclusive_distinction,final,25,12460,-0.431546688079834,0.259967178106308,-0.216565802693367,False,True,0.0004997501249375312,0.0004997501249375312,True,False,False,0.431546688079834,0.40143030881881714,0.06723796289700729,1,1.0750226841357156,0.030116379261016846,3.9539126246087437,0.14131339267561224,False,True
20,pronoun_richness_and_reduction,mean,1,14004,-0.9611682295799255,-0.9492269158363342,-0.8919729590415955,True,True,0.0004997501249375312,0.0004997501249375312,True,True,True,0.9611682295799255,0.9560292363166809,0.46439940895503146,1,1.0053753515771586,0.005138993263244629,2.043072659812567,0.05039485509652687,True,True
20,pronoun_richness_and_reduction,mean,2,5159,-0.9574276208877563,-0.9070405960083008,-0.9278348684310913,True,True,0.0004997501249375312,0.0004997501249375312,True,True,True,0.9574276208877563,0.9385391473770142,0.3847826498274047,1,1.020125397607048,0.018888473510742188,2.142370165526052,0.05997435240420399,True,True
20,pronoun_richness_and_reduction,mean,3,9465,-0.9370673298835754,-0.906671404838562,-0.8805661797523499,True,True,0.0004997501249375312,0.0004997501249375312,True,True,True,0.9370673298835754,0.9151452779769897,0.4370414784703499,1,1.0239547232927282,0.021922051906585693,1.9658614833060466,0.052112320418962826,True,True
20,pronoun_richness_and_reduction,mean,4,12178,-0.908375084400177,-0.861309289932251,-0.8749140501022339,True,True,0.0004997501249375312,0.0004997501249375312,True,True,True,0.908375084400177,0.8682268857955933,0.36634343179563683,1,1.0462415979756192,0.04014819860458374,2.178259308430848,0.05977815857279824,True,True
20,pronoun_richness_and_reduction,mean,5,11776,-0.903210461139679,-0.8284785747528076,-0.9009976983070374,True,True,0.0004997501249375312,0.0004997501249375312,True,True,True,0.903210461139679,0.8899562358856201,0.43292883592538345,1,1.0148931202677278,0.013254225254058838,1.8344916461147758,0.050778004697123694,True,True
20,pronoun_richness_and_reduction,mean,6,5697,-0.9022186398506165,-0.8350110054016113,-0.8827555775642395,True,True,0.0004997501249375312,0.0004997501249375312,True,True,True,0.9022186398506165,0.850729763507843,0.3596043791383123,1,1.0605231867408371,0.05148887634277344,2.331868311625379,0.06044291334774942,True,True
20,pronoun_richness_and_reduction,mean,7,14795,-0.8761990070343018,-0.8940984010696411,-0.8149624466896057,True,True,0.0004997501249375312,0.0004997501249375312,True,True,True,0.8761990070343018,0.8258551359176636,0.34497995922962826,1,1.0609596876341971,0.050343871116638184,2.478300280526692,0.06114260188928628,True,True
20,pronoun_richness_and_reduction,mean,8,105,0.871849000453949,0.8883345127105713,0.8906251192092896,True,True,0.0004997501249375312,0.0004997501249375312,True,True,True,0.871849000453949,0.7070627212524414,0.277525958200642,1,1.2330575127898367,0.16478627920150757,2.8911882625936234,0.07454656362047506,True,True
20,pronoun_richness_and_reduction,mean,9,13304,-0.8645439147949219,-0.7832476496696472,-0.8110687732696533,True,True,0.0004997501249375312,0.0004997501249375312,True,True,True,0.8645439147949219,0.8797192573547363,0.3152596366902192,2,0.9827497892845432,-0.015175342559814453,2.643175202497665,0.06569647502563897,True,True
20,pronoun_richness_and_reduction,mean,10,9083,0.8550766110420227,0.7895238399505615,0.7576960325241089,True,True,0.0004997501249375312,0.0004997501249375312,True,True,True,0.8550766110420227,0.7758311629295349,0.32934350940661555,1,1.1021426463629758,0.07924544811248779,2.405692670008416,0.06241674998834307,True,True
20,pronoun_richness_and_reduction,mean,11,12897,0.8517664670944214,0.8470470309257507,0.8677104115486145,True,True,0.0004997501249375312,0.0004997501249375312,True,True,True,0.8517664670944214,0.7656317949295044,0.29624809009524494,1,1.1125014304987788,0.08613467216491699,2.825714852919275,0.06866071103408415,True,True
20,pronoun_richness_and_reduction,mean,12,4230,-0.8461209535598755,-0.8941882252693176,-0.7547347545623779,True,True,0.0004997501249375312,0.0004997501249375312,True,True,True,0.8461209535598755,0.8235599994659424,0.20876810877607802,1,1.027394426767404,0.022560954093933105,3.1992039106251897,0.09413814936444045,True,True
20,pronoun_richness_and_reduction,mean,13,8628,0.8457704186439514,0.8270071148872375,0.783833920955658,True,True,0.0004997501249375312,0.0004997501249375312,True,True,True,0.8457704186439514,0.8735456466674805,0.322398006151884,3,0.9682040336077574,-0.027775228023529053,2.3685595375560102,0.06302645304512207,True,True
20,pronoun_richness_and_reduction,mean,14,9622,0.8436944484710693,0.23644711077213287,0.05912930518388748,True,True,0.0004997501249375312,0.0004997501249375312,True,True,True,0.8436944484710693,0.8634231090545654,0.38147693967972046,3,0.9771506456375731,-0.019728660583496094,1.8323613251932598,0.05366570904751966,True,True
20,pronoun_richness_and_reduction,mean,15,14168,-0.8425558805465698,-0.4983068108558655,-0.7210891246795654,True,True,0.0004997501249375312,0.0004997501249375312,True,True,True,0.8425558805465698,0.8774648904800415,0.3246855182477679,2,0.9602160607082824,-0.03490900993347168,2.466763993341126,0.06238709516099178,True,True
20,pronoun_richness_and_reduction,mean,16,7948,0.8383492827415466,0.9061489701271057,0.5242301821708679,True,True,0.0004997501249375312,0.0004997501249375312,True,True,True,0.8383492827415466,0.8165410757064819,0.29520664183208,1,1.026708034272735,0.021808207035064697,2.731273278315792,0.06787479301273056,True,True
20,pronoun_richness_and_reduction,mean,17,7918,-0.8353522419929504,-0.8158745169639587,-0.8110989332199097,True,True,0.0004997501249375312,0.0004997501249375312,True,True,True,0.8353522419929504,0.9098673462867737,0.3749667827804119,2,0.9181033316582642,-0.07451510429382324,1.853759630430414,0.05403643019093254,True,True
20,pronoun_richness_and_reduction,mean,18,1482,0.8314896821975708,0.779494047164917,0.8001492023468018,True,True,0.0004997501249375312,0.0004997501249375312,True,True,True,0.8314896821975708,0.9017719030380249,0.16760715348228145,2,0.9220620862064156,-0.0702822208404541,3.8275493382378665,0.11284889362101558,True,True
20,pronoun_richness_and_reduction,mean,19,6944,-0.8313592672348022,-0.8597320914268494,-0.7884952425956726,True,True,0.0004997501249375312,0.0004997501249375312,True,True,True,0.8313592672348022,0.6593186259269714,0.20488133030728653,1,1.2609370258059214,0.1720406413078308,3.73726662782658,0.09423992334071593,True,True
20,pronoun_richness_and_reduction,mean,20,4549,0.8295195698738098,0.8035743832588196,0.8241986632347107,True,True,0.0004997501249375312,0.0004997501249375312,True,True,True,0.8295195698738098,0.9344288110733032,0.44752827535072964,3,0.8877290169606472,-0.10490924119949341,1.6129028283109645,0.045370782729259915,True,True
20,pronoun_richness_and_reduction,mean,21,11338,-0.8284989595413208,-0.7997105717658997,-0.6908930540084839,True,True,0.0004997501249375312,0.0004997501249375312,True,True,True,0.8284989595413208,0.7027924656867981,0.11623115594594334,1,1.1788671620599647,0.1257064938545227,4.745583368432841,0.1545270520861802,True,True
20,pronoun_richness_and_reduction,mean,22,14161,-0.8281378149986267,-0.8113958835601807,-0.8295556902885437,True,True,0.0004997501249375312,0.0004997501249375312,True,True,True,0.8281378149986267,0.591001570224762,0.24327176796176878,1,1.4012446949737887,0.23713624477386475,3.1907818950814275,0.0802790759228797,True,True
20,pronoun_richness_and_reduction,mean,23,9919,-0.8277168869972229,-0.7983793616294861,-0.7008865475654602,True,True,0.0004997501249375312,0.0004997501249375312,True,True,True,0.8277168869972229,0.7682909369468689,0.10445760945096993,1,1.0773482377476797,0.059425950050354004,3.73531302242398,0.16886792565757808,True,True
20,pronoun_richness_and_reduction,mean,24,7551,-0.8233422636985779,-0.8004065752029419,-0.80997234582901,True,True,0.0004997501249375312,0.0004997501249375312,True,True,True,0.8233422636985779,0.5424973964691162,0.12385512837956925,1,1.5176888756653228,0.28084486722946167,6.110168127317843,0.1456291259420641,True,True
20,pronoun_richness_and_reduction,mean,25,12770,-0.821427047252655,-0.7909319400787354,-0.6757647395133972,True,True,0.0004997501249375312,0.0004997501249375312,True,True,True,0.821427047252655,0.7026211023330688,0.12325256271287799,1,1.1690896338369121,0.11880594491958618,5.657166423289169,0.1459464500887693,True,True
20,pronoun_richness_and_reduction,final,1,14795,-0.8592251539230347,-0.8670993447303772,-0.7250207662582397,True,True,0.0004997501249375312,0.0004997501249375312,True,True,True,0.8592251539230347,0.8459184765815735,0.35042832519274014,1,1.015730448866934,0.013306677341461182,2.025709168240514,0.05915112929759398,True,True
20,pronoun_richness_and_reduction,final,2,2993,0.849557101726532,0.7800687551498413,0.6281101107597351,True,True,0.0004997501249375312,0.0004997501249375312,True,True,True,0.849557101726532,0.8524878621101379,0.32715899568910783,2,0.9965621089591217,-0.002930760383605957,2.321134761806422,0.06242723295333724,True,True
20,pronoun_richness_and_reduction,final,3,14004,-0.8372207283973694,-0.8341838121414185,-0.7614203095436096,True,True,0.0004997501249375312,0.0004997501249375312,True,True,True,0.8372207283973694,0.8895617127418518,0.3865794858966882,3,0.9411609294838529,-0.05234098434448242,1.6939207329504817,0.05260966208670496,True,True
20,pronoun_richness_and_reduction,final,4,12897,0.8130197525024414,0.811373770236969,0.5991485714912415,True,True,0.0004997501249375312,0.0004997501249375312,True,True,True,0.8130197525024414,0.8939337730407715,0.406578863863475,4,0.9094854417871516,-0.08091402053833008,1.7219423779446337,0.04877261450488109,True,True
20,pronoun_richness_and_reduction,final,5,9083,0.8032078742980957,0.7840684056282043,0.6887794137001038,True,True,0.0004997501249375312,0.0004997501249375312,True,True,True,0.8032078742980957,0.8635587692260742,0.32940290822910195,3,0.9301137373869004,-0.060350894927978516,2.0654069369947545,0.058843407000346445,True,True
20,pronoun_richness_and_reduction,final,6,11776,-0.8018603920936584,-0.8245470523834229,-0.6515963673591614,True,True,0.0004997501249375312,0.0004997501249375312,True,True,True,0.8018603920936584,0.8965377807617188,0.3962667306932883,6,0.8943966548876275,-0.0946773886680603,1.5821096520767086,0.04932624414124976,True,True
20,pronoun_richness_and_reduction,final,7,5159,-0.79666668176651,-0.6763015985488892,-0.7353094816207886,True,True,0.0004997501249375312,0.0004997501249375312,True,True,True,0.79666668176651,0.8962443470954895,0.3347689622105696,4,0.8888945122480421,-0.09957766532897949,1.9178553771140086,0.05751003055339331,True,True
20,pronoun_richness_and_reduction,final,8,2895,0.784396767616272,0.7870758771896362,0.6682480573654175,True,True,0.0004997501249375312,0.0004997501249375312,True,True,True,0.784396767616272,0.6399319767951965,0.06975318184003043,1,1.2257502298049874,0.14446479082107544,4.554752201590418,0.22380828849838186,True,True
20,pronoun_richness_and_reduction,final,9,164,-0.7811246514320374,-0.5959553718566895,-0.5232549905776978,True,True,0.0004997501249375312,0.0004997501249375312,True,True,True,0.7811246514320374,0.9021463394165039,0.41445987671613693,4,0.8658513783221226,-0.12102168798446655,1.5750136557286063,0.04609748555937152,True,True
20,pronoun_richness_and_reduction,final,10,9622,0.7769089341163635,0.8245987892150879,0.8017712235450745,True,True,0.0004997501249375312,0.0004997501249375312,True,True,True,0.7769089341163635,0.8516861796379089,0.352949386367049,4,0.9122009405467438,-0.07477724552154541,1.6115277943560462,0.05342541649281693,True,True
20,pronoun_richness_and_reduction,final,11,5697,-0.7688749432563782,-0.7916001081466675,-0.6032384037971497,True,True,0.0004997501249375312,0.0004997501249375312,True,True,True,0.7688749432563782,0.792143702507019,0.3218167578467192,2,0.9706255832407698,-0.02326875925064087,1.951076094524458,0.057724520683588305,True,True
20,pronoun_richness_and_reduction,final,12,1546,0.7679563164710999,0.6424990296363831,0.3390083312988281,True,True,0.0004997501249375312,0.0004997501249375312,True,True,True,0.7679563164710999,0.725318968296051,0.3090883016299743,1,1.0587842729043944,0.04263734817504883,2.278169586910281,0.059891776241371056,True,True
20,pronoun_richness_and_reduction,final,13,13304,-0.7635689973831177,-0.5842238068580627,-0.5378873944282532,True,True,0.0004997501249375312,0.0004997501249375312,True,True,True,0.7635689973831177,0.6872002482414246,0.34339863940691334,1,1.1111302700153618,0.07636874914169312,2.2118210652860597,0.053939159648696694,True,True
20,pronoun_richness_and_reduction,final,14,11483,0.7352381348609924,0.5910751819610596,0.6092780828475952,True,True,0.0004997501249375312,0.0004997501249375312,True,True,True,0.7352381348609924,0.5540786385536194,0.23783400834714158,1,1.3269562905010672,0.18115949630737305,2.9554175389154493,0.07344475417131632,True,True
20,pronoun_richness_and_reduction,final,15,443,-0.7199807167053223,-0.7407252192497253,-0.6198850274085999,True,True,0.0004997501249375312,0.0004997501249375312,True,True,True,0.7199807167053223,0.7758102416992188,0.2769115938542363,4,0.9280371384739445,-0.055829524993896484,2.084770976070813,0.06250086044214158,True,True
20,pronoun_richness_and_reduction,final,16,105,0.7184292674064636,0.677749514579773,0.6850736141204834,True,True,0.0004997501249375312,0.0004997501249375312,True,True,True,0.7184292674064636,0.8573086857795715,0.29963034243346787,4,0.838005352474854,-0.1388794183731079,1.8836350597245068,0.05791910160702266,True,True
20,pronoun_richness_and_reduction,final,17,8793,-0.7008826732635498,-0.6416962742805481,-0.5415539145469666,True,True,0.0004997501249375312,0.0004997501249375312,True,True,True,0.7008826732635498,0.7092878222465515,0.25512606884615546,2,0.9881498755239025,-0.008405148983001709,2.6052174052521093,0.0658056404677042,True,True
20,pronoun_richness_and_reduction,final,18,13191,-0.6982070207595825,-0.7616811990737915,-0.4951231777667999,True,True,0.0004997501249375312,0.0004997501249375312,True,True,True,0.6982070207595825,0.6482129096984863,0.3011974143103147,1,1.077126065083077,0.04999411106109619,2.380769236354739,0.056103839653328484,True,True
20,pronoun_richness_and_reduction,final,19,10152,-0.6884614825248718,-0.8497841954231262,-0.7015296220779419,True,True,0.0004997501249375312,0.0004997501249375312,True,True,True,0.6884614825248718,0.6982105374336243,0.21910446213009074,2,0.9860370842517122,-0.009749054908752441,2.5546174998113487,0.07456098285509909,True,True
20,pronoun_richness_and_reduction,final,20,2084,0.6678310036659241,0.5291946530342102,0.4358307421207428,True,True,0.0004997501249375312,0.0004997501249375312,True,True,True,0.6678310036659241,0.8011894226074219,0.2616107525894992,2,0.8335494513800606,-0.1333584189414978,2.0760087471882605,0.06143431918770728,True,True
20,pronoun_richness_and_reduction,final,21,16084,0.6643953919410706,0.5558410286903381,0.6993813514709473,True,True,0.0004997501249375312,0.0004997501249375312,True,True,True,0.6643953919410706,0.686457633972168,0.2969958043824404,3,0.9678607375907019,-0.022062242031097412,2.1801358062911476,0.05424861754931983,True,True
20,pronoun_richness_and_reduction,final,22,8686,0.6623888611793518,0.6008380651473999,0.5541063547134399,True,True,0.0004997501249375312,0.0004997501249375312,True,True,True,0.6623888611793518,0.7252227067947388,0.33593322604130477,4,0.9133592412004125,-0.06283384561538696,1.5591128733846902,0.04812548850000051,True,True
20,pronoun_richness_and_reduction,final,23,14168,-0.6523502469062805,-0.45423611998558044,-0.44603291153907776,True,True,0.0004997501249375312,0.0004997501249375312,True,True,True,0.6523502469062805,0.8737818002700806,0.3445410342254222,6,0.7465825526517526,-0.22143155336380005,1.2553802284041338,0.046300616416773986,True,True
20,pronoun_richness_and_reduction,final,24,12178,-0.6470192670822144,-0.16592596471309662,-0.437509685754776,True,True,0.0004997501249375312,0.0004997501249375312,True,True,True,0.6470192670822144,0.7508994340896606,0.26051279090535945,3,0.8616590154534028,-0.10388016700744629,2.0855374305344525,0.05987028617453205,True,True
20,pronoun_richness_and_reduction,final,25,2375,0.6400631070137024,0.30441051721572876,0.4324374198913574,True,True,0.0004997501249375312,0.0004997501249375312,True,True,True,0.6400631070137024,0.7361955046653748,0.25420491449916977,3,0.8694200154137484,-0.09613239765167236,1.874176606665869,0.0606461801470469,True,True
21,possession_and_alienability,mean,1,8666,-0.6268336772918701,-0.5676026344299316,-0.591072678565979,True,True,0.0004997501249375312,0.0004997501249375312,True,True,True,0.6268336772918701,0.7160583138465881,0.25032024410290593,2,0.8753947341587127,-0.08922463655471802,2.3502518936070897,0.060334409218731316,True,True
21,possession_and_alienability,mean,2,7918,0.6047208905220032,0.5456935167312622,0.36554619669914246,True,True,0.0004997501249375312,0.0004997501249375312,True,True,True,0.6047208905220032,0.9098673462867737,0.38088040717710286,10,0.6646253357590065,-0.3051464557647705,0.8724116080479829,0.03911758003753169,True,True
21,possession_and_alienability,mean,3,14043,-0.5402531623840332,-0.3326641917228699,-0.4249286353588104,True,True,0.0004997501249375312,0.0004997501249375312,True,True,True,0.5402531623840332,0.8789437413215637,0.38026531088130117,12,0.6146618230328581,-0.3386905789375305,0.5990008653886537,0.035148475160698994,True,True
21,possession_and_alienability,mean,4,15325,0.5251805782318115,0.48315662145614624,0.523063600063324,True,True,0.0004997501249375312,0.0004997501249375312,True,True,True,0.5251805782318115,0.6209551692008972,0.16804901875842077,3,0.8457624709166407,-0.0957745909690857,2.4892759499270043,0.074187558976172,True,True
21,possession_and_alienability,mean,5,2084,-0.5214688777923584,-0.5443084836006165,-0.5119234323501587,True,True,0.0004997501249375312,0.0004997501249375312,True,True,True,0.5214688777923584,0.8128283023834229,0.3610211179042474,13,0.6415486225852086,-0.29135942459106445,0.6375622895920244,0.03571388482543035,True,True
21,possession_and_alienability,mean,6,16378,0.5149558782577515,0.6249815225601196,0.32991939783096313,True,True,0.0004997501249375312,0.0004997501249375312,True,True,True,0.5149558782577515,0.8998180031776428,0.42260727711403984,14,0.572288925581864,-0.38486212491989136,0.3857953228366798,0.0302975110245377,True,True
21,possession_and_alienability,mean,7,2693,0.5127515196800232,0.6778787970542908,0.30854371190071106,True,True,0.0004997501249375312,0.0004997501249375312,True,True,True,0.5127515196800232,0.938961386680603,0.4778152701373284,20,0.5460837122309063,-0.42620986700057983,0.12808389958874736,0.026778966423543472,True,True
21,possession_and_alienability,mean,8,14151,0.5124971866607666,0.6838013529777527,0.30636051297187805,True,True,0.0004997501249375312,0.0004997501249375312,True,True,True,0.5124971866607666,0.9491733908653259,0.4664378797110075,18,0.539940533092212,-0.4366762042045593,0.16666842000488688,0.027401028973744232,True,True
21,possession_and_alienability,mean,9,13981,0.501148521900177,0.6522305607795715,0.2691847085952759,True,True,0.0004997501249375312,0.0004997501249375312,True,True,True,0.501148521900177,0.9557857513427734,0.47773912596778995,20,0.5243314426858934,-0.45463722944259644,0.08601647916252372,0.026192922779050488,True,True
21,possession_and_alienability,mean,10,15444,0.4988884925842285,0.6795263886451721,0.3061535656452179,True,True,0.0004997501249375312,0.0004997501249375312,True,True,True,0.4988884925842285,0.954984188079834,0.47924856927532417,20,0.5224049767644141,-0.45609569549560547,0.07455757663798951,0.02599788127398142,True,True
21,possession_and_alienability,mean,11,12503,0.4987751543521881,0.6832980513572693,0.3196165859699249,True,True,0.0004997501249375312,0.0004997501249375312,True,True,True,0.4987751543521881,0.9447627663612366,0.43839348601893735,20,0.527936929895349,-0.44598761200904846,0.21035323281213117,0.028345744568358543,True,True
21,possession_and_alienability,mean,12,5530,0.4971770942211151,0.5875904560089111,0.14797092974185944,True,True,0.0004997501249375312,0.0004997501249375312,True,True,True,0.4971770942211151,0.909826397895813,0.3369451020247279,14,0.546452702813365,-0.4126493036746979,0.6202844689003758,0.03645518251697856,True,True
21,possession_and_alienability,mean,13,8508,0.4967510402202606,0.6719807982444763,0.297808438539505,True,True,0.0004997501249375312,0.0004997501249375312,True,True,True,0.4967510402202606,0.9533596038818359,0.47576522196714693,20,0.5210531662948773,-0.4566085636615753,0.07484205713546739,0.026073987407472684,True,True
21,possession_and_alienability,mean,14,260,-0.49584871530532837,-0.5346781611442566,-0.30080726742744446,True,True,0.0004997501249375312,0.0004997501249375312,True,True,True,0.49584871530532837,0.9172806739807129,0.30608698687492275,11,0.5405637874757561,-0.4214319586753845,0.7382861301069671,0.03988088923816937,True,True
21,possession_and_alienability,mean,15,4732,0.4956841766834259,0.6607337594032288,0.30848386883735657,True,True,0.0004997501249375312,0.0004997501249375312,True,True,True,0.4956841766834259,0.9553839564323425,0.4758583936744776,21,0.5188324268438025,-0.4596997797489166,0.07212865823689775,0.026014483812541542,True,True
21,possession_and_alienability,mean,16,4567,0.4956572949886322,0.6738563179969788,0.3057059347629547,True,True,0.0004997501249375312,0.0004997501249375312,True,True,True,0.4956572949886322,0.9551113843917847,0.47773809664142436,21,0.5189523474314642,-0.45945408940315247,0.06475114368157785,0.025913411078002716,True,True
21,possession_and_alienability,mean,17,9188,0.49326092004776,0.6754973530769348,0.29774609208106995,True,True,0.0004997501249375312,0.0004997501249375312,True,True,True,0.49326092004776,0.9521849155426025,0.482879594541513,21,0.5180305967845282,-0.45892399549484253,0.03837171418223754,0.025523751430421935,True,True
21,possession_and_alienability,mean,18,2296,0.4919915199279785,0.671976625919342,0.2977907061576843,True,True,0.0004997501249375312,0.0004997501249375312,True,True,True,0.4919915199279785,0.9560580253601074,0.4809361465084247,22,0.5146042466854098,-0.4640665054321289,0.040614066182106306,0.025559991084664897,True,True
21,possession_and_alienability,mean,19,1261,0.4917374849319458,0.6742037534713745,0.30151158571243286,True,True,0.0004997501249375312,0.0004997501249375312,True,True,True,0.4917374849319458,0.9549240469932556,0.47800944860164934,21,0.5149493161055759,-0.4631865620613098,0.04920106898137248,0.02569952760979543,True,True
21,possession_and_alienability,mean,20,11416,0.4916352331638336,0.6731778979301453,0.3521396219730377,True,True,0.0004997501249375312,0.0004997501249375312,True,True,True,0.4916352331638336,0.9553197026252747,0.47718426627286065,21,0.5146290103855192,-0.46368446946144104,0.052137746866645344,0.025737609899234175,True,True
21,possession_and_alienability,mean,21,9576,0.4911506474018097,0.5159186720848083,0.5078165531158447,True,True,0.0004997501249375312,0.0004997501249375312,True,True,True,0.4911506474018097,0.4023946225643158,0.13680855429265648,1,1.2205696096828624,0.0887560248374939,2.9969190786840447,0.08429333478177904,True,True
21,possession_and_alienability,mean,22,10106,0.49077150225639343,0.6719993948936462,0.29777640104293823,True,True,0.0004997501249375312,0.0004997501249375312,True,True,True,0.49077150225639343,0.9564906358718872,0.48143819752985084,21,0.5130959821776316,-0.4657191336154938,0.034212154170905305,0.025472312122411647,True,True
21,possession_and_alienability,mean,23,4728,0.48982885479927063,0.6716156601905823,0.2977834939956665,True,True,0.0004997501249375312,0.0004997501249375312,True,True,True,0.48982885479927063,0.9537692070007324,0.4824784598671473,22,0.5135716808677536,-0.4639403522014618,0.026547183360277542,0.025371203440300034,True,True
21,possession_and_alienability,mean,24,4355,0.4897748529911041,0.6725622415542603,0.2967942953109741,True,True,0.0004997501249375312,0.0004997501249375312,True,True,True,0.4897748529911041,0.9538317918777466,0.47843914722593933,20,0.5134813676391686,-0.46405693888664246,0.04125038454046171,0.02557717739403055,True,True
21,possession_and_alienability,mean,25,188,0.4894580841064453,0.6732519268989563,0.30075952410697937,True,True,0.0004997501249375312,0.0004997501249375312,True,True,True,0.4894580841064453,0.9557103514671326,0.476254577223116,21,0.5121406118025897,-0.46625226736068726,0.04690003720322822,0.025675295501486443,True,True
21,possession_and_alienability,final,1,6119,-0.4949685335159302,-0.5110031366348267,-0.36095982789993286,True,True,0.0004997501249375312,0.0004997501249375312,True,True,True,0.4949685335159302,0.9419602155685425,0.23316447783070496,6,0.5254664956493732,-0.4469916820526123,1.2792704637633074,0.05162168895384487,True,True
21,possession_and_alienability,final,2,16084,-0.4045121967792511,-0.25108471512794495,-0.3784595727920532,True,True,0.0004997501249375312,0.0004997501249375312,True,True,True,0.4045121967792511,0.686457633972168,0.30365947605325627,11,0.5892748172069302,-0.28194543719291687,0.5673241637735214,0.03302886763407771,True,True
21,possession_and_alienability,final,3,4549,0.3908514380455017,0.5166358351707458,0.3388496935367584,True,True,0.0004997501249375312,0.0004997501249375312,True,True,True,0.3908514380455017,0.8782880902290344,0.35498360082289226,17,0.4450150723819766,-0.4874366521835327,0.14507784110112013,0.027456664615256227,True,True
21,possession_and_alienability,final,4,9465,-0.37080472707748413,-0.5965046286582947,-0.31661108136177063,True,True,0.0004997501249375312,0.0004997501249375312,True,True,True,0.37080472707748413,0.887403666973114,0.43650224924278563,23,0.41785349878289213,-0.5165989398956299,-0.24980422677408337,0.021317486551810816,True,True
21,possession_and_alienability,final,5,15659,-0.3525644540786743,-0.09628652781248093,-0.15493325889110565,True,True,0.0004997501249375312,0.0004997501249375312,True,True,True,0.3525644540786743,0.8661643862724304,0.3881208680999967,24,0.4070410417079697,-0.5135999321937561,-0.15975006777909526,0.022761838674662093,True,True
21,possession_and_alienability,final,6,8666,-0.32190951704978943,-0.10226335376501083,-0.22809575498104095,True,True,0.0004997501249375312,0.0004997501249375312,True,True,True,0.32190951704978943,0.46572256088256836,0.148336477730668,4,0.6912044725506838,-0.14381304383277893,1.671549191708852,0.052711285812772415,True,True
21,possession_and_alienability,final,7,9390,0.30887871980667114,0.32566553354263306,0.3267102837562561,True,True,0.0004997501249375312,0.0004997501249375312,True,True,True,0.30887871980667114,0.7182981371879578,0.23367055897147226,13,0.4300146468650058,-0.4094194173812866,0.3868046248101813,0.03278260659006013,True,True
21,possession_and_alienability,final,8,13304,0.30487868189811707,0.3602128028869629,0.3382446765899658,True,True,0.0004997501249375312,0.0004997501249375312,True,True,True,0.30487868189811707,0.7635689973831177,0.35515992954755443,23,0.39928111662860694,-0.4586903154850006,-0.24968971085404595,0.021536887894540314,True,True
21,possession_and_alienability,final,9,164,-0.30387842655181885,-0.5215277671813965,-0.30622369050979614,True,True,0.0004997501249375312,0.0004997501249375312,True,True,True,0.30387842655181885,0.9021463394165039,0.4266969594053733,26,0.33683939431419,-0.5982679128646851,-0.5132663230537277,0.0179331574724931,True,True
21,possession_and_alienability,final,10,3288,-0.29797011613845825,-0.5103160738945007,-0.49202945828437805,True,True,0.0004997501249375312,0.0004997501249375312,True,True,True,0.29797011613845825,0.8191356062889099,0.3547946535743391,20,0.363761645630826,-0.5211654901504517,-0.24428630403267687,0.02108036261108215,True,True
21,possession_and_alienability,final,11,4080,0.2969842851161957,0.5641540288925171,0.17918583750724792,True,True,0.0004997501249375312,0.0004997501249375312,True,True,True,0.2969842851161957,0.8348079323768616,0.31522529386580944,18,0.35575163291827294,-0.5378236472606659,-0.07754246272094789,0.023587458711636918,True,True
21,possession_and_alienability,final,12,2734,0.28459447622299194,0.10136875510215759,0.24886463582515717,True,True,0.0004997501249375312,0.0004997501249375312,True,True,True,0.28459447622299194,0.834618091583252,0.38244619382879674,24,0.3409876674050074,-0.55002361536026,-0.3991534671749617,0.018723325687549617,True,True
21,possession_and_alienability,final,13,8003,-0.2768201529979706,-0.37434348464012146,-0.3030393421649933,True,True,0.0004997501249375312,0.0004997501249375312,True,True,True,0.2768201529979706,0.8795605897903442,0.3494768605973476,21,0.31472550749909634,-0.6027404367923737,-0.29433836450980344,0.019905928230072718,True,True
21,possession_and_alienability,final,14,7912,-0.26591697335243225,-0.24509820342063904,-0.44931623339653015,True,True,0.0004997501249375312,0.0004997501249375312,True,True,True,0.26591697335243225,0.8450190424919128,0.2979967404777805,18,0.3146875513813964,-0.5791020691394806,-0.14291722946035876,0.02236891606121473,True,True
21,possession_and_alienability,final,15,14168,-0.26017290353775024,-0.5335975289344788,-0.33523452281951904,True,True,0.0004997501249375312,0.0004997501249375312,True,True,True,0.26017290353775024,0.8737818002700806,0.35459686354256403,23,0.29775500411811323,-0.6136088967323303,-0.37823677460492844,0.018465794817841646,True,True
21,possession_and_alienability,final,16,1633,0.2590958774089813,0.17801430821418762,0.5586156249046326,True,True,0.0004997501249375312,0.0004997501249375312,True,True,True,0.2590958774089813,0.6665946841239929,0.1983593868282743,15,0.3886857840000222,-0.4074988067150116,0.2994825711591849,0.03240678536898159,True,True
21,possession_and_alienability,final,17,13033,-0.2585354745388031,-0.5626452565193176,-0.24587656557559967,True,True,0.0004997501249375312,0.0004997501249375312,True,True,True,0.2585354745388031,0.8112314343452454,0.3179305997223426,23,0.3186950894567716,-0.5526959598064423,-0.2750949571573573,0.020424946278111013,True,True
21,possession_and_alienability,final,18,11776,-0.2556561231613159,-0.6062082648277283,-0.2910679280757904,True,True,0.0004997501249375312,0.0004997501249375312,True,True,True,0.2556561231613159,0.8965377807617188,0.4102719683582202,27,0.2851593414659053,-0.6408816576004028,-0.5872130740991617,0.015726623326953845,True,True
21,possession_and_alienability,final,19,9083,0.25244131684303284,0.551505982875824,0.21457724273204803,True,True,0.0004997501249375312,0.0004997501249375312,True,True,True,0.25244131684303284,0.8635587692260742,0.3435251276510266,24,0.2923267365685743,-0.6111174523830414,-0.3776466876997273,0.018493976000520405,True,True
21,possession_and_alienability,final,20,4253,-0.2495201975107193,-0.6176683306694031,-0.3480413258075714,True,True,0.0004997501249375312,0.0004997501249375312,True,True,True,0.2495201975107193,0.8075404763221741,0.30992550589591983,23,0.30898785240725374,-0.5580202788114548,-0.29315911123160726,0.02022598573255973,True,True
21,possession_and_alienability,final,21,7313,0.24891170859336853,0.1349177211523056,0.041199807077646255,True,True,0.0004997501249375312,0.0004997501249375312,True,True,True,0.24891170859336853,0.32652685046195984,0.06296888659917152,4,0.7623008896242871,-0.07761514186859131,2.0216214611133507,0.09202938083163052,True,True
21,possession_and_alienability,final,22,8182,-0.24538227915763855,-0.4110562801361084,-0.4320650100708008,True,True,0.0004997501249375312,0.0004997501249375312,True,True,True,0.24538227915763855,0.8864492177963257,0.41590469390249407,29,0.2768148183013216,-0.6410669386386871,-0.6802469359502631,0.014902664063099853,True,True
21,possession_and_alienability,final,23,16335,0.24492575228214264,0.4549773633480072,0.3888057768344879,True,True,0.0004997501249375312,0.0004997501249375312,True,True,True,0.24492575228214264,0.698752760887146,0.33966320633697206,27,0.3505184751916852,-0.45382700860500336,-0.4651743626427259,0.01815368737355446,True,True
21,possession_and_alienability,final,24,4825,0.2435210943222046,0.328921914100647,-0.01964426599442959,True,False,0.0004997501249375312,0.0004997501249375312,True,False,False,0.2435210943222046,0.8383018374443054,0.303929063212425,20,0.29049333240711583,-0.5947807431221008,-0.2610756039534465,0.020131109804886423,True,False
21,possession_and_alienability,final,25,1546,0.23673483729362488,0.4337022006511688,0.2627517879009247,True,True,0.0004997501249375312,0.0004997501249375312,True,True,True,0.23673483729362488,0.7679563164710999,0.3227093651986275,24,0.30826602010575926,-0.531221479177475,-0.40180836741091863,0.018462599498992125,True,True
22,tense_prominence,mean,1,13627,-0.49976080656051636,-0.18829482793807983,-0.11131473630666733,True,True,0.0004997501249375312,0.0004997501249375312,True,True,True,0.49976080656051636,0.736463725566864,0.29176286693948966,8,0.6785952779627334,-0.23670291900634766,1.1034533958182335,0.04207267548268969,True,True
22,tense_prominence,mean,2,12291,0.4835582375526428,0.21019907295703888,0.11689125001430511,True,True,0.0004997501249375312,0.0004997501249375312,True,True,True,0.4835582375526428,0.753119707107544,0.2741301178168028,7,0.6420735415486767,-0.2695614695549011,1.1643196526327768,0.04327285243325922,True,True
22,tense_prominence,mean,3,14496,0.46062418818473816,0.3742358386516571,0.3487756550312042,True,True,0.0004997501249375312,0.0004997501249375312,True,True,True,0.46062418818473816,0.6463438272476196,0.17111795000397625,4,0.7126612319425296,-0.18571963906288147,1.8530228941368845,0.06456542054135503,True,True
22,tense_prominence,mean,4,2993,0.4566633403301239,0.3157222867012024,0.27671173214912415,True,True,0.0004997501249375312,0.0004997501249375312,True,True,True,0.4566633403301239,0.8404539823532104,0.3255761292977975,13,0.5433531756866682,-0.38379064202308655,0.5198284959931303,0.03471634061720695,True,True
22,tense_prominence,mean,5,4095,0.450107604265213,0.44420579075813293,0.4794686734676361,True,True,0.0004997501249375312,0.0004997501249375312,True,True,True,0.450107604265213,0.8202664256095886,0.18350637694581962,5,0.5487334239368769,-0.3701588213443756,1.4601581916830197,0.059171303651464,True,True
22,tense_prominence,mean,6,1760,0.4481317400932312,0.3517717123031616,0.37197884917259216,True,True,0.0004997501249375312,0.0004997501249375312,True,True,True,0.4481317400932312,0.48347869515419006,0.14881810997851574,2,0.9268903564619614,-0.03534695506095886,2.4440281338010963,0.07167770541322288,True,True
22,tense_prominence,mean,7,12565,-0.4330184757709503,-0.46253502368927,-0.4300037920475006,True,True,0.0004997501249375312,0.0004997501249375312,True,True,True,0.4330184757709503,0.6846875548362732,0.25809669476718855,7,0.6324322279736725,-0.2516690790653229,0.9714037895299459,0.04124460946798395,True,True
22,tense_prominence,mean,8,8926,0.4231538772583008,0.43196427822113037,0.427474707365036,True,True,0.0004997501249375312,0.0004997501249375312,True,True,True,0.4231538772583008,0.4651283621788025,0.17706497772357976,6,0.9097572018100971,-0.04197448492050171,1.751983659306072,0.05773937664815196,True,True
22,tense_prominence,mean,9,9465,0.42292138934135437,0.1037888154387474,0.2179521918296814,True,True,0.0004997501249375312,0.0004997501249375312,True,True,True,0.42292138934135437,0.9370673298835754,0.45022470771502227,18,0.4513244415360203,-0.5141459405422211,-0.10240102001737647,0.023519563910234544,True,True
22,tense_prominence,mean,10,2602,0.4210786521434784,0.22576218843460083,0.17966321110725403,True,True,0.0004997501249375312,0.0004997501249375312,True,True,True,0.4210786521434784,0.6309500336647034,0.20930602353734848,7,0.6673724220248574,-0.20987138152122498,1.077658644650707,0.049053819487213324,True,True
22,tense_prominence,mean,11,11483,0.41334807872772217,0.2715655267238617,0.40059715509414673,True,True,0.0004997501249375312,0.0004997501249375312,True,True,True,0.41334807872772217,0.6900145411491394,0.26354862711368465,10,0.5990425622615703,-0.27666646242141724,0.7341787613040819,0.038660489626337766,True,True
22,tense_prominence,mean,12,8134,0.4066634476184845,0.487965852022171,0.3948753774166107,True,True,0.0004997501249375312,0.0004997501249375312,True,True,True,0.4066634476184845,0.5730659365653992,0.15156941865690243,3,0.7096276740086356,-0.16640248894691467,1.8939473838877425,0.06436716768762744,True,True
22,tense_prominence,mean,13,1385,-0.39607158303260803,-0.13822416961193085,0.0,True,False,0.0004997501249375312,0.0004997501249375312,True,False,False,0.39607158303260803,0.4208179712295532,0.13641426558695877,2,0.9411945546796855,-0.02474638819694519,2.400114759209979,0.06928897642395013,True,False
22,tense_prominence,mean,14,10569,-0.39500191807746887,0.05370455980300903,-0.05569498986005783,False,True,0.0004997501249375312,0.0004997501249375312,True,False,False,0.39500191807746887,0.4994344115257263,0.1108440654591108,2,0.7908984822867416,-0.10443249344825745,2.478751128341167,0.08372373390075098,False,True
22,tense_prominence,mean,15,16335,-0.39450299739837646,-0.25157642364501953,-0.24737440049648285,True,True,0.0004997501249375312,0.0004997501249375312,True,True,True,0.39450299739837646,0.8872751593589783,0.36345158569896835,17,0.4446230611069846,-0.4927721619606018,0.12662624384275795,0.027078034715225935,True,True
22,tense_prominence,mean,16,7070,-0.3933371603488922,0.24130277335643768,0.3366350531578064,False,False,0.0004997501249375312,0.0004997501249375312,True,False,False,0.3933371603488922,0.4984462559223175,0.10810094969108319,2,0.7891265220180399,-0.10510909557342529,3.0035402167081893,0.0853360298013658,False,False
22,tense_prominence,mean,17,164,0.3917953372001648,0.16883210837841034,0.1936269998550415,True,True,0.0004997501249375312,0.0004997501249375312,True,True,True,0.3917953372001648,0.9246817231178284,0.3967580055931392,17,0.42370831758101046,-0.5328863859176636,-0.017955087185564596,0.02469502094949485,True,True
22,tense_prominence,mean,18,8006,0.3886345326900482,0.3100045919418335,0.45532864332199097,True,True,0.0004997501249375312,0.0004997501249375312,True,True,True,0.3886345326900482,0.9062565565109253,0.2820805112282053,13,0.4288350025143935,-0.5176220238208771,0.4368201249936965,0.03412135452669018,True,True
22,tense_prominence,mean,19,1570,-0.38624832034111023,-0.31142106652259827,-0.37074241042137146,True,True,0.0004997501249375312,0.0004997501249375312,True,True,True,0.38624832034111023,0.6608462929725647,0.2334316284992756,8,0.5844752773049837,-0.27459797263145447,0.8307077691164249,0.040700209670091594,True,True
22,tense_prominence,mean,20,4150,-0.38599035143852234,-0.28115347027778625,-0.36122241616249084,True,True,0.0004997501249375312,0.0004997501249375312,True,True,True,0.38599035143852234,0.5477903485298157,0.19036709467689386,8,0.7046315300633912,-0.16179999709129333,1.306922789902863,0.04942063727738883,True,True
22,tense_prominence,mean,21,15282,-0.38528183102607727,-0.04660816118121147,-0.02105819433927536,True,True,0.0004997501249375312,0.0004997501249375312,True,True,True,0.38528183102607727,0.7510895729064941,0.21904137959847084,6,0.5129638926222218,-0.36580774188041687,1.0084156383254523,0.04315483141400584,True,True
22,tense_prominence,mean,22,8695,-0.38282132148742676,-0.24942342936992645,-0.48562610149383545,True,True,0.0004997501249375312,0.0004997501249375312,True,True,True,0.38282132148742676,0.8240253329277039,0.20427851144893047,8,0.464574699575424,-0.4412040114402771,0.9382630420818342,0.04584860397696504,True,True
22,tense_prominence,mean,23,11776,0.37865883111953735,0.09086628258228302,0.07743946462869644,True,True,0.0004997501249375312,0.0004997501249375312,True,True,True,0.37865883111953735,0.903210461139679,0.44637887772077167,21,0.4192365427673881,-0.5245516300201416,-0.25365806437792116,0.02128799513784833,True,True
22,tense_prominence,mean,24,11740,0.37828928232192993,0.051994774490594864,-0.06018310785293579,True,False,0.0004997501249375312,0.0004997501249375312,True,False,False,0.37828928232192993,0.41385793685913086,0.12394893707898565,2,0.9140558839897087,-0.03556865453720093,2.5954232137835125,0.07257629835743289,True,False
22,tense_prominence,mean,25,13219,-0.3761977255344391,-0.22260846197605133,-0.22236330807209015,True,True,0.0004997501249375312,0.0004997501249375312,True,True,True,0.3761977255344391,0.9557322859764099,0.4512418153194281,23,0.3936224935104104,-0.5795345604419708,-0.279518112957206,0.020929374148301764,True,True
22,tense_prominence,final,1,7247,-0.5176082849502563,-0.4271300137042999,-0.2687240242958069,True,True,0.0004997501249375312,0.0004997501249375312,True,True,True,0.5176082849502563,0.736851692199707,0.26930269772091353,9,0.7024592471316063,-0.21924340724945068,1.1354059866907569,0.046968136461942596,True,True
22,tense_prominence,final,2,5219,0.48587852716445923,0.3371292054653168,0.40939587354660034,True,True,0.0004997501249375312,0.0004997501249375312,True,True,True,0.48587852716445923,0.7958799600601196,0.2889139034236089,7,0.6104922243899151,-0.3100014328956604,0.9879114432415159,0.04133897723562906,True,True
22,tense_prominence,final,3,13627,-0.4609920084476471,-0.10496871918439865,-0.08561103790998459,True,True,0.0004997501249375312,0.0004997501249375312,True,True,True,0.4609920084476471,0.8320904970169067,0.2788218784217651,10,0.5540166725858912,-0.37109848856925964,0.8604764344692045,0.04066962218439078,True,True
22,tense_prominence,final,4,164,0.4224143326282501,0.3032252788543701,0.2209516018629074,True,True,0.0004997501249375312,0.0004997501249375312,True,True,True,0.4224143326282501,0.9021463394165039,0.42365757719828534,19,0.4682326072524575,-0.4797320067882538,-0.0051781275487748305,0.024928465082626472,True,True
22,tense_prominence,final,5,12897,-0.41112020611763,-0.20946283638477325,-0.05053577572107315,True,True,0.0004997501249375312,0.0004997501249375312,True,True,True,0.41112020611763,0.8939337730407715,0.41688398043744457,21,0.45990007147753126,-0.4828135669231415,-0.023540161099742586,0.024662878443512615,True,True
22,tense_prominence,final,6,8686,-0.40280428528785706,-0.36170345544815063,-0.0883258581161499,True,True,0.0004997501249375312,0.0004997501249375312,True,True,True,0.40280428528785706,0.7252227067947388,0.3425892408077533,17,0.5554215022694589,-0.3224184215068817,0.2792895262590081,0.029265517787931017,True,True
22,tense_prominence,final,7,4825,-0.4012148082256317,-0.22966089844703674,-0.2761392891407013,True,True,0.0004997501249375312,0.0004997501249375312,True,True,True,0.4012148082256317,0.8383018374443054,0.29988563465079865,15,0.4786042333496464,-0.4370870292186737,0.4386280776278278,0.03316714464599947,True,True
22,tense_prominence,final,8,12998,-0.3621107339859009,-0.3029758930206299,-0.3403887152671814,True,True,0.0004997501249375312,0.0004997501249375312,True,True,True,0.3621107339859009,0.8506332635879517,0.35004004695190066,17,0.425695478282293,-0.4885225296020508,0.05857681928107684,0.0258398169575798,True,True
22,tense_prominence,final,9,2375,-0.35576048493385315,-0.0041047255508601665,0.05647376552224159,True,False,0.0004997501249375312,0.0004997501249375312,True,False,False,0.35576048493385315,0.7361955046653748,0.26149472532172996,14,0.4832418599126846,-0.3804350197315216,0.43961534867950447,0.03370841753270641,True,False
22,tense_prominence,final,10,13190,-0.3546382486820221,0.14507251977920532,-0.20207855105400085,False,True,0.0004997501249375312,0.0004997501249375312,True,False,False,0.3546382486820221,0.6298058032989502,0.2182061655046896,9,0.563091427269186,-0.2751675546169281,0.918065950035171,0.040005764512074875,False,True
22,tense_prominence,final,11,5159,0.34409621357917786,0.2731132507324219,0.1295565366744995,True,True,0.0004997501249375312,0.0004997501249375312,True,True,True,0.34409621357917786,0.8962443470954895,0.346373333189732,19,0.38393125121994937,-0.5521481335163116,-0.00903802287011103,0.024839728093518157,True,True
22,tense_prominence,final,12,3874,0.3405236601829529,0.19694921374320984,0.11577864736318588,True,True,0.0004997501249375312,0.0004997501249375312,True,True,True,0.3405236601829529,0.5491592884063721,0.10591036879654545,4,0.6200817638378339,-0.2086356282234192,1.777709009194461,0.07616227339418803,True,True
22,tense_prominence,final,13,13304,0.3392271101474762,0.2998183071613312,0.44405731558799744,True,True,0.0004997501249375312,0.0004997501249375312,True,True,True,0.3392271101474762,0.7635689973831177,0.35427920061808366,19,0.44426516963112156,-0.4243418872356415,-0.07469222933822897,0.023963289911088384,True,True
22,tense_prominence,final,14,9465,0.3358690142631531,0.22328056395053864,0.20012728869915009,True,True,0.0004997501249375312,0.0004997501249375312,True,True,True,0.3358690142631531,0.887403666973114,0.43739803675084543,26,0.3784850421102993,-0.5515346527099609,-0.3864774873469099,0.019309039696326677,True,True
22,tense_prominence,final,15,2352,0.3291257321834564,0.3902898132801056,0.3899703323841095,True,True,0.0004997501249375312,0.0004997501249375312,True,True,True,0.3291257321834564,0.5092359781265259,0.11434516149501388,5,0.646312802552378,-0.18011024594306946,1.5579462710361562,0.0687312833802348,True,True
22,tense_prominence,final,16,14795,0.32807445526123047,0.24898669123649597,0.10261009633541107,True,True,0.0004997501249375312,0.0004997501249375312,True,True,True,0.32807445526123047,0.8592251539230347,0.36404757387637615,20,0.38182594371604933,-0.5311506986618042,-0.13626259639880345,0.022585435765923874,True,True
22,tense_prominence,final,17,12178,0.32402053475379944,0.31036821007728577,0.240403950214386,True,True,0.0004997501249375312,0.0004997501249375312,True,True,True,0.32402053475379944,0.7508994340896606,0.2687948096830111,14,0.4315098933942065,-0.4268788993358612,0.28292691476190907,0.029982418034654748,True,True
22,tense_prominence,final,18,9390,0.32223254442214966,0.49384811520576477,0.40016552805900574,True,True,0.0004997501249375312,0.0004997501249375312,True,True,True,0.32223254442214966,0.7182981371879578,0.23332815321210104,11,0.4486055688291877,-0.3960655927658081,0.45759515436320836,0.03419990454802854,True,True
22,tense_prominence,final,19,14004,0.3116788864135742,0.25693368911743164,0.1504654884338379,True,True,0.0004997501249375312,0.0004997501249375312,True,True,True,0.3116788864135742,0.8895617127418518,0.4000549177424266,22,0.350373540080656,-0.5778828263282776,-0.3210290989480031,0.019585421547274436,True,True
22,tense_prominence,final,20,8006,0.3042900860309601,0.15487685799598694,0.26974961161613464,True,True,0.0004997501249375312,0.0004997501249375312,True,True,True,0.3042900860309601,0.8792972564697266,0.21221353330512124,16,0.346060542998449,-0.5750071704387665,0.3924993728749861,0.03546249117623049,True,True
22,tense_prominence,final,21,14043,-0.2982831597328186,-0.23554937541484833,-0.2646321952342987,True,True,0.0004997501249375312,0.0004997501249375312,True,True,True,0.2982831597328186,0.5232867002487183,0.14483814423259062,5,0.5700186142530368,-0.22500354051589966,1.1827710682755852,0.05015715908593568,True,True
22,tense_prominence,final,22,8182,0.2971201539039612,0.0984785407781601,0.1788250356912613,True,True,0.0004997501249375312,0.0004997501249375312,True,True,True,0.2971201539039612,0.8864492177963257,0.41457808172951144,23,0.335180118543721,-0.5893290638923645,-0.46710740116177435,0.018044831335039882,True,True
22,tense_prominence,final,23,3044,0.2956087291240692,0.29682424664497375,0.0548522025346756,True,True,0.0004997501249375312,0.0004997501249375312,True,True,True,0.2956087291240692,0.7265186905860901,0.2603559278142758,14,0.40688385991225995,-0.4309099614620209,0.18756987820464652,0.02828929752172787,True,True
22,tense_prominence,final,24,6051,0.2955228090286255,0.4577253460884094,0.1897994428873062,True,True,0.0004997501249375312,0.0004997501249375312,True,True,True,0.2955228090286255,0.7173817753791809,0.2705689581970756,17,0.41194635711567007,-0.4218589663505554,0.12702297112360209,0.02724286966319973,True,True
22,tense_prominence,final,25,5697,0.29067814350128174,0.23273995518684387,0.07032908499240875,True,True,0.0004997501249375312,0.0004997501249375312,True,True,True,0.29067814350128174,0.792143702507019,0.334078214250696,21,0.3669512773772333,-0.5014655590057373,-0.1808616563513822,0.021823128265491952,True,True
23,aspect_and_event_structure,mean,1,701,-0.7055163979530334,-0.27856433391571045,0.3576398491859436,True,False,0.0004997501249375312,0.0004997501249375312,True,False,False,0.7055163979530334,0.9145583510398865,0.16860795479554397,2,0.7714285230142345,-0.20904195308685303,3.278083028772805,0.09689526687216544,True,False
23,aspect_and_event_structure,mean,2,6216,-0.7045249938964844,-0.259358674287796,0.29094454646110535,True,False,0.0004997501249375312,0.0004997501249375312,True,False,False,0.7045249938964844,0.3753676414489746,0.13936453389126258,1,1.876893253709653,0.32915735244750977,7.030289460880958,0.1147483094647427,True,False
23,aspect_and_event_structure,mean,3,15885,-0.7013970017433167,0.0,0.4700901210308075,False,False,0.0004997501249375312,0.0004997501249375312,True,False,False,0.7013970017433167,0.9308505058288574,0.15445129898711082,2,0.7535012307038191,-0.22945350408554077,3.0584944712158646,0.1042969881880412,False,False
23,aspect_and_event_structure,mean,4,4804,-0.699180543422699,0.0,0.4833337068557739,False,False,0.0004997501249375312,0.0004997501249375312,True,False,False,0.699180543422699,0.9534234404563904,0.17945181973612842,2,0.7333368509253465,-0.2542428970336914,2.4412988342754405,0.09082860115709197,False,False
23,aspect_and_event_structure,mean,5,13189,-0.6953719854354858,-0.025534365326166153,0.5016527771949768,True,False,0.0004997501249375312,0.0004997501249375312,True,False,False,0.6953719854354858,0.9563233852386475,0.17259505117694154,2,0.7271305880091575,-0.2609513998031616,2.768751487189547,0.0936328809244513,True,False
23,aspect_and_event_structure,mean,6,4871,-0.6942877769470215,0.24232803285121918,0.3419230580329895,False,False,0.0004997501249375312,0.0004997501249375312,True,False,False,0.6942877769470215,0.9383845925331116,0.15831531994999984,2,0.7398755078371804,-0.2440968155860901,2.9561120852114895,0.10108162760910845,False,False
23,aspect_and_event_structure,mean,7,4874,-0.6932970881462097,-0.23901747167110443,0.29593154788017273,True,False,0.0004997501249375312,0.0004997501249375312,True,False,False,0.6932970881462097,0.47012847661972046,0.1367886773047921,1,1.474697072449425,0.22316861152648926,4.839501468309833,0.11501172937066811,True,False
23,aspect_and_event_structure,mean,8,14790,-0.6853486895561218,0.0,0.4875187277793884,False,False,0.0004997501249375312,0.0004997501249375312,True,False,False,0.6853486895561218,0.8063040971755981,0.15794848007126114,2,0.8499878544048444,-0.12095540761947632,3.217669562862469,0.1001190223411162,False,False
23,aspect_and_event_structure,mean,9,11197,-0.6804637312889099,0.0,0.4526672959327698,False,False,0.0004997501249375312,0.0004997501249375312,True,False,False,0.6804637312889099,0.939240038394928,0.1591414395504846,2,0.7244833093484364,-0.25877630710601807,2.8956016275217262,0.09880437343540861,False,False
23,aspect_and_event_structure,mean,10,3638,-0.6778869032859802,0.29113855957984924,0.3332359790802002,False,False,0.0004997501249375312,0.0004997501249375312,True,False,False,0.6778869032859802,0.9139800667762756,0.21574447132073915,2,0.7416867478050959,-0.2360931634902954,2.5795502009091518,0.0745592578347184,False,False
23,aspect_and_event_structure,mean,11,1349,-0.674236536026001,0.0,0.5174074172973633,False,False,0.0004997501249375312,0.0004997501249375312,True,False,False,0.674236536026001,0.9490667581558228,0.15597847191234812,2,0.7104205581240064,-0.2748302221298218,2.814391184147323,0.09977755368702351,False,False
23,aspect_and_event_structure,mean,12,2491,-0.6685181856155396,0.0,0.3014877140522003,False,False,0.0004997501249375312,0.0004997501249375312,True,False,False,0.6685181856155396,0.9547025561332703,0.14091687656652468,2,0.7002371380706964,-0.2861843705177307,3.018544440914882,0.10845039146583382,False,False
23,aspect_and_event_structure,mean,13,5159,-0.6609816551208496,-0.2588813602924347,-0.14589953422546387,True,True,0.0004997501249375312,0.0004997501249375312,True,True,True,0.6609816551208496,0.9574276208877563,0.3923838284368125,7,0.6903724529149964,-0.29644596576690674,0.961676778052674,0.04140464078127872,True,True
23,aspect_and_event_structure,mean,14,10398,-0.6554080247879028,-0.24314075708389282,0.4960138201713562,True,False,0.0004997501249375312,0.0004997501249375312,True,False,False,0.6554080247879028,0.929797351360321,0.17378112530479065,2,0.7048934091165365,-0.2743893265724182,2.6326369642041283,0.08817695671015936,True,False
23,aspect_and_event_structure,mean,15,12780,-0.6493298411369324,0.0,0.4385424852371216,False,False,0.0004997501249375312,0.0004997501249375312,True,False,False,0.6493298411369324,0.9178791642189026,0.12833285754403242,2,0.7074240994341554,-0.2685493230819702,2.884109433023082,0.11483800738364497,False,False
23,aspect_and_event_structure,mean,16,8006,-0.6367119550704956,-0.2988750636577606,0.47794926166534424,True,False,0.0004997501249375312,0.0004997501249375312,True,False,False,0.6367119550704956,0.9062565565109253,0.2757195516799887,6,0.7025736260842377,-0.2695446014404297,1.5193777904133974,0.05590206871212177,True,False
23,aspect_and_event_structure,mean,17,15932,0.6299753785133362,0.47091320157051086,-0.258759468793869,True,False,0.0004997501249375312,0.0004997501249375312,True,False,False,0.6299753785133362,0.9220364689826965,0.4689290014406045,14,0.6832434504552755,-0.29206109046936035,0.587529393827184,0.03329995265079308,True,False
23,aspect_and_event_structure,mean,18,1838,0.6293519735336304,0.6306072473526001,-0.5687758922576904,True,False,0.0004997501249375312,0.0004997501249375312,True,False,False,0.6293519735336304,0.8358014225959778,0.3257089576367528,6,0.7529922258075121,-0.2064494490623474,1.280714460494278,0.04720611394817205,True,False
23,aspect_and_event_structure,mean,19,12998,0.6252953410148621,-0.12498559802770615,-0.48191821575164795,False,False,0.0004997501249375312,0.0004997501249375312,True,False,False,0.6252953410148621,0.8975566029548645,0.3641825835578717,9,0.6966639640957623,-0.27226126194000244,1.01260668385769,0.04216872097516083,False,False
23,aspect_and_event_structure,mean,20,1343,0.624597430229187,0.4546242654323578,-0.27523764967918396,True,False,0.0004997501249375312,0.0004997501249375312,True,False,False,0.624597430229187,0.9110829830169678,0.43590327528997874,14,0.6855549295420817,-0.28648555278778076,0.6790121091500296,0.03543850360655024,True,False
23,aspect_and_event_structure,mean,21,9465,-0.6244847774505615,-0.36584174633026123,-0.07530125230550766,True,True,0.0004997501249375312,0.0004997501249375312,True,True,True,0.6244847774505615,0.9370673298835754,0.4450564157122221,13,0.6664246607852071,-0.3125825524330139,0.6767974547763155,0.03472893545793732,True,True
23,aspect_and_event_structure,mean,22,12096,-0.6238492727279663,0.28176867961883545,0.4895613193511963,False,False,0.0004997501249375312,0.0004997501249375312,True,False,False,0.6238492727279663,0.9071592092514038,0.2077272112887257,2,0.6876954633385385,-0.2833099365234375,2.4411688425905327,0.07149962419809928,False,False
23,aspect_and_event_structure,mean,23,12915,0.6227562427520752,0.4061928987503052,-0.14783959090709686,True,False,0.0004997501249375312,0.0004997501249375312,True,False,False,0.6227562427520752,0.9171430468559265,0.41477259666396255,10,0.6790175697094977,-0.2943868041038513,0.7397874535079662,0.037071278814341066,True,False
23,aspect_and_event_structure,mean,24,1740,0.6225599646568298,0.485007643699646,-0.29142865538597107,True,False,0.0004997501249375312,0.0004997501249375312,True,False,False,0.6225599646568298,0.9567753076553345,0.4818967522050326,15,0.6506856517675713,-0.33421534299850464,0.514520926647796,0.03206339437719756,True,False
23,aspect_and_event_structure,mean,25,14560,0.622351348400116,0.46313872933387756,-0.24775934219360352,True,False,0.0004997501249375312,0.0004997501249375312,True,False,False,0.622351348400116,0.9178528189659119,0.43051652581645894,12,0.6780513558821781,-0.2955014705657959,0.7313369594953399,0.03574165091403354,True,False
23,aspect_and_event_structure,final,1,3044,-0.569197416305542,0.0899294838309288,0.46677321195602417,False,False,0.0004997501249375312,0.0004997501249375312,True,False,False,0.569197416305542,0.7265186905860901,0.2533408332711611,5,0.7834587377874127,-0.1573212742805481,1.7441485048338532,0.05447131113543018,False,False
23,aspect_and_event_structure,final,2,1838,0.5476351380348206,0.5840222835540771,-0.6454053521156311,True,False,0.0004997501249375312,0.0004997501249375312,True,False,False,0.5476351380348206,0.7413030862808228,0.2515854828823835,6,0.7387466046881717,-0.1936679482460022,1.3782708563535633,0.05286324420653673,True,False
23,aspect_and_event_structure,final,3,11776,-0.5439740419387817,-0.6964345574378967,0.07203824073076248,True,False,0.0004997501249375312,0.0004997501249375312,True,False,False,0.5439740419387817,0.8965377807617188,0.40287920121008003,14,0.6067497138565752,-0.352563738822937,0.5354658408700883,0.03346242895114932,True,False
23,aspect_and_event_structure,final,4,9465,-0.5207750797271729,-0.5163971781730652,-0.1883358657360077,True,True,0.0004997501249375312,0.0004997501249375312,True,True,True,0.5207750797271729,0.887403666973114,0.4326568555851013,17,0.5868525216979422,-0.36662858724594116,0.33526985222673555,0.029939250899254033,True,True
23,aspect_and_event_structure,final,5,13190,-0.511604905128479,-0.23050616681575775,0.2989165186882019,True,False,0.0004997501249375312,0.0004997501249375312,True,False,False,0.511604905128479,0.6298058032989502,0.21418137944195992,2,0.8123216751078988,-0.11820089817047119,2.087902274496039,0.057712740895423595,True,False
23,aspect_and_event_structure,final,6,10074,-0.5069741606712341,-0.3449370265007019,0.5093153715133667,True,False,0.0004997501249375312,0.0004997501249375312,True,False,False,0.5069741606712341,0.7858825325965881,0.31951631721443474,11,0.6451017036810459,-0.278908371925354,0.796301310152945,0.03909391113060707,True,False
23,aspect_and_event_structure,final,7,12998,0.5066878199577332,-0.6837002635002136,-0.5502392053604126,False,False,0.0004997501249375312,0.0004997501249375312,True,False,False,0.5066878199577332,0.8506332635879517,0.34633294218339217,8,0.5956595417166447,-0.3439454436302185,0.7842542837272193,0.036156676103538954,False,False
23,aspect_and_event_structure,final,8,10152,0.48470810055732727,0.21166306734085083,-0.21708370745182037,True,False,0.0004997501249375312,0.0004997501249375312,True,False,False,0.48470810055732727,0.6982105374336243,0.22432890782156625,6,0.6942148171222728,-0.213502436876297,1.3415710148896032,0.05249431274330862,True,False
23,aspect_and_event_structure,final,9,15059,0.46475058794021606,0.7645159959793091,-0.023764505982398987,True,False,0.0004997501249375312,0.0004997501249375312,True,False,False,0.46475058794021606,0.8713855743408203,0.3856845097019313,14,0.5333466626318519,-0.40663498640060425,0.30468910507383357,0.029971443744367096,True,False
23,aspect_and_event_structure,final,10,8113,0.45287108421325684,-0.10268275439739227,-0.48898065090179443,False,False,0.0004997501249375312,0.0004997501249375312,True,False,False,0.45287108421325684,0.8603767156600952,0.20335094510123897,4,0.5263637148360142,-0.4075056314468384,1.3909974022784135,0.054018960360697615,False,False
23,aspect_and_event_structure,final,11,3288,0.4219840168952942,-0.3339099884033203,-0.3382624089717865,False,False,0.0004997501249375312,0.0004997501249375312,True,False,False,0.4219840168952942,0.8191356062889099,0.35161480996518946,15,0.5151577024066758,-0.3971515893936157,0.3026379116480067,0.02985392027736196,False,False
23,aspect_and_event_structure,final,12,12897,0.415523886680603,0.6201516389846802,-0.34977400302886963,True,False,0.0004997501249375312,0.0004997501249375312,True,False,False,0.415523886680603,0.8939337730407715,0.4167710655512145,20,0.46482625359054575,-0.47840988636016846,-0.0050936402029758635,0.02492705285482235,True,False
23,aspect_and_event_structure,final,13,13033,-0.4112096130847931,0.3314441740512848,-0.43946754932403564,False,True,0.0004997501249375312,0.0004997501249375312,True,False,False,0.4112096130847931,0.8112314343452454,0.3140158782211634,13,0.5068955610881688,-0.40002182126045227,0.4508983753426143,0.032486583403234806,False,True
23,aspect_and_event_structure,final,14,9083,0.388672798871994,-0.2971228063106537,-0.39731451869010925,False,False,0.0004997501249375312,0.0004997501249375312,True,False,False,0.388672798871994,0.8635587692260742,0.3400320127272071,13,0.4500826263629105,-0.4748859703540802,0.2014085119164131,0.028474361900367093,False,False
23,aspect_and_event_structure,final,15,7038,0.3814770579338074,-0.4679199755191803,-0.1919282078742981,False,False,0.0004997501249375312,0.0004997501249375312,True,False,False,0.3814770579338074,0.6886276006698608,0.2528810024631616,11,0.5539671334153997,-0.30715054273605347,0.7110899399342694,0.037239668050035764,False,False
23,aspect_and_event_structure,final,16,16014,-0.3805960714817047,-0.07429461181163788,-0.027619145810604095,True,True,0.0004997501249375312,0.0004997501249375312,True,True,True,0.3805960714817047,0.4613591134548187,0.17292327261291063,4,0.824945385020506,-0.08076304197311401,1.6995908451184287,0.05341996373789414,True,True
23,aspect_and_event_structure,final,17,12289,0.37861377000808716,-0.04888714849948883,-0.11048698425292969,False,False,0.0004997501249375312,0.0004997501249375312,True,False,False,0.37861377000808716,0.5974169969558716,0.18443707464477763,7,0.6337512523702997,-0.21880322694778442,1.338730259591574,0.05000406594480772,False,False
23,aspect_and_event_structure,final,18,7912,-0.378473699092865,-0.7053332924842834,0.3084010183811188,True,False,0.0004997501249375312,0.0004997501249375312,True,False,False,0.378473699092865,0.8450190424919128,0.2951106705870002,13,0.44788777537695207,-0.46654534339904785,0.3719482566056718,0.03183717947618669,True,False
23,aspect_and_event_structure,final,19,8182,-0.37195461988449097,-0.5440636873245239,0.16914480924606323,True,False,0.0004997501249375312,0.0004997501249375312,True,False,False,0.37195461988449097,0.8864492177963257,0.4126592492684722,21,0.41960059574439473,-0.5144945979118347,-0.16147719126228707,0.02258971090286255,True,False
23,aspect_and_event_structure,final,20,8006,0.3713323473930359,-0.3315694034099579,-0.18112404644489288,False,False,0.0004997501249375312,0.0004997501249375312,True,False,False,0.3713323473930359,0.8792972564697266,0.2104945009625039,10,0.4223058182666132,-0.5079649090766907,0.6884081302056463,0.043275711886106835,False,False
23,aspect_and_event_structure,final,21,2993,0.36739444732666016,-0.24449801445007324,0.4835442006587982,False,True,0.0004997501249375312,0.0004997501249375312,True,False,False,0.36739444732666016,0.8524878621101379,0.33952214067371994,17,0.43096736464641217,-0.4850934147834778,0.11609955804217098,0.026996912511722836,False,True
23,aspect_and_event_structure,final,22,5159,-0.35894379019737244,0.24552196264266968,0.37882494926452637,False,False,0.0004997501249375312,0.0004997501249375312,True,False,False,0.35894379019737244,0.8962443470954895,0.34599262609695774,17,0.40049768945335296,-0.5373005568981171,0.051405627646890745,0.025911549727959848,False,False
23,aspect_and_event_structure,final,23,1633,0.3570713698863983,0.026262277737259865,0.47764405608177185,True,True,0.0004997501249375312,0.0004997501249375312,True,True,True,0.3570713698863983,0.6665946841239929,0.19584719471346873,11,0.5356648926110843,-0.3095233142375946,0.8005613834386326,0.04466120943735105,True,True
23,aspect_and_event_structure,final,24,4441,-0.3385803699493408,-0.5240958333015442,-0.21125061810016632,True,True,0.0004997501249375312,0.0004997501249375312,True,True,True,0.3385803699493408,0.8246793150901794,0.3612756370208584,22,0.4105600367972328,-0.4860989451408386,-0.09613426951680472,0.023466358541363128,True,True
23,aspect_and_event_structure,final,25,2084,0.31732937693595886,-0.3648295998573303,-0.24315200746059418,False,False,0.0004997501249375312,0.0004997501249375312,True,False,False,0.31732937693595886,0.8011894226074219,0.2705979737877034,13,0.3960728486694568,-0.483860045671463,0.22677109408336035,0.029191388425075446,False,False
24,modality_and_mood,mean,1,13197,0.6157345175743103,0.42269182205200195,0.44372811913490295,True,True,0.0004997501249375312,0.0004997501249375312,True,True,True,0.6157345175743103,0.583787202835083,0.15031808363990143,1,1.054724246410472,0.031947314739227295,3.6766449947997466,0.09504804442780002,True,True
24,modality_and_mood,mean,2,3044,0.5934139490127563,-0.22810345888137817,0.3455095887184143,False,True,0.0004997501249375312,0.0004997501249375312,True,False,False,0.5934139490127563,0.7293359637260437,0.23148172468138048,2,0.8136359353254888,-0.13592201471328735,2.2601436402462527,0.06167774022833255,False,True
24,modality_and_mood,mean,3,4257,0.5676253437995911,0.528778612613678,0.39098474383354187,True,True,0.0004997501249375312,0.0004997501249375312,True,True,True,0.5676253437995911,0.72866290807724,0.25053212462136376,3,0.7789957983416681,-0.16103756427764893,1.7585718482872488,0.05490467968933199,True,True
24,modality_and_mood,mean,4,6836,-0.5558291673660278,0.02490934729576111,-0.3181639313697815,False,True,0.0004997501249375312,0.0004997501249375312,True,False,False,0.5558291673660278,0.7082458138465881,0.20894439535167736,3,0.784796968085469,-0.1524166464805603,2.018671446131712,0.06385420337408515,False,True
24,modality_and_mood,mean,5,6645,0.5250482559204102,0.5703625679016113,0.022046735510230064,True,True,0.0004997501249375312,0.0004997501249375312,True,True,True,0.5250482559204102,0.6003662943840027,0.19176970173915228,3,0.8745465240668256,-0.07531803846359253,2.1157685166541835,0.06559768685116125,True,True
24,modality_and_mood,mean,6,2105,-0.5242432951927185,-0.3806832432746887,-0.15437448024749756,True,True,0.0004997501249375312,0.0004997501249375312,True,True,True,0.5242432951927185,0.5191833972930908,0.16105094033842668,1,1.0097458777110533,0.0050598978996276855,2.8002668055316597,0.0770353533426058,True,True
24,modality_and_mood,mean,7,2054,0.5154761672019958,-0.006418576464056969,0.3774346709251404,False,True,0.0004997501249375312,0.0004997501249375312,True,False,False,0.5154761672019958,0.8479841947555542,0.20737963274885446,4,0.6078841685847584,-0.33250802755355835,1.632044937296281,0.059916224590164754,False,True
24,modality_and_mood,mean,8,15659,-0.4984687566757202,-0.3635375499725342,-0.524499237537384,True,True,0.0004997501249375312,0.0004997501249375312,True,True,True,0.4984687566757202,0.9243921637535095,0.4158969390301559,16,0.5392394875478819,-0.4259234070777893,0.3068082282682658,0.029815489784971574,True,True
24,modality_and_mood,mean,9,8003,0.48991307616233826,0.6332696676254272,0.1904100477695465,True,True,0.0004997501249375312,0.0004997501249375312,True,True,True,0.48991307616233826,0.9397011995315552,0.43338454946971094,19,0.5213498465326658,-0.4497881233692169,0.20045277728085684,0.028169020074473246,True,True
24,modality_and_mood,mean,10,3941,0.4833943247795105,0.20772254467010498,0.1414213478565216,True,True,0.0004997501249375312,0.0004997501249375312,True,True,True,0.4833943247795105,0.22029997408390045,0.08619095077618766,1,2.194255023359247,0.26309435069561005,6.223531591349455,0.12572542631914357,True,True
24,modality_and_mood,mean,11,16005,0.467385470867157,0.0,0.16013871133327484,False,True,0.0004997501249375312,0.0004997501249375312,True,False,False,0.467385470867157,0.27916064858436584,0.09949898166964069,1,1.674252704445581,0.18822482228279114,5.117435894861466,0.10749817199103255,False,True
24,modality_and_mood,mean,12,4080,0.4597453773021698,0.08448199927806854,-0.010881969705224037,True,False,0.0004997501249375312,0.0004997501249375312,True,False,False,0.4597453773021698,0.8102184534072876,0.29593692605312055,10,0.567433851165398,-0.3504730761051178,0.8234453292031597,0.038308011050649834,True,False
24,modality_and_mood,mean,13,10244,-0.4516828954219818,-0.30606913566589355,-0.38039880990982056,True,True,0.0004997501249375312,0.0004997501249375312,True,True,True,0.4516828954219818,0.9223151206970215,0.4299336779767122,19,0.4897273017497874,-0.4706322252750397,0.08369877604323503,0.026231509865251804,True,True
24,modality_and_mood,mean,14,14143,-0.4498443305492401,-0.37443113327026367,-0.3422645628452301,True,True,0.0004997501249375312,0.0004997501249375312,True,True,True,0.4498443305492401,0.547134280204773,0.16312471247063234,4,0.8221826831630424,-0.09728994965553284,1.9553873171726877,0.06603987176621803,True,True
24,modality_and_mood,mean,15,968,-0.4472905695438385,-0.23458294570446014,-0.3788388967514038,True,True,0.0004997501249375312,0.0004997501249375312,True,True,True,0.4472905695438385,0.9116947650909424,0.46574735357306707,22,0.49061438835751225,-0.4644041955471039,-0.06565698678986091,0.024033101845844337,True,True
24,modality_and_mood,mean,16,14528,-0.4459993839263916,-0.3560243844985962,-0.3867410719394684,True,True,0.0004997501249375312,0.0004997501249375312,True,True,True,0.4459993839263916,0.9500558972358704,0.46388362634640473,21,0.469445413921433,-0.5040565133094788,-0.06331058350728819,0.02405935680528827,True,True
24,modality_and_mood,mean,17,13451,-0.44599828124046326,0.29384368658065796,-0.031688056886196136,False,True,0.0004997501249375312,0.0004997501249375312,True,False,False,0.44599828124046326,0.5255715250968933,0.19158942183145347,3,0.848596736967894,-0.07957324385643005,1.8632900521943006,0.056327239818128615,False,True
24,modality_and_mood,mean,18,1645,-0.44593149423599243,-0.5193020701408386,-0.36877453327178955,True,True,0.0004997501249375312,0.0004997501249375312,True,True,True,0.44593149423599243,0.9496421813964844,0.4267154282484299,20,0.4695784401449328,-0.5037106871604919,0.0730277504177107,0.02609643300721953,True,True
24,modality_and_mood,mean,19,7326,-0.4456786513328552,-0.10025302320718765,-0.3772609233856201,True,True,0.0004997501249375312,0.0004997501249375312,True,True,True,0.4456786513328552,0.9450074434280396,0.44750216908943957,22,0.4716139057234767,-0.4993287920951843,-0.006766470589164398,0.024900664674094294,True,True
24,modality_and_mood,mean,20,5296,-0.4455406069755554,-0.01274850219488144,-0.37832602858543396,True,True,0.0004997501249375312,0.0004997501249375312,True,True,True,0.4455406069755554,0.9468710422515869,0.4792718814733701,24,0.47053990152248604,-0.5013304352760315,-0.12084022780583728,0.023281457637455465,True,True
24,modality_and_mood,mean,21,3011,-0.4453029930591583,-0.3124355375766754,-0.37985947728157043,True,True,0.0004997501249375312,0.0004997501249375312,True,True,True,0.4453029930591583,0.9567620158195496,0.48007745219346804,23,0.4654271236695342,-0.5114590227603912,-0.12423810234071121,0.023231191297012732,True,True
24,modality_and_mood,mean,22,4922,-0.4452921152114868,-0.5914010405540466,-0.38340768218040466,True,True,0.0004997501249375312,0.0004997501249375312,True,True,True,0.4452921152114868,0.9485909938812256,0.4704446718096733,23,0.4694247764144833,-0.5032988786697388,-0.08955045950767346,0.023695034327218933,True,True
24,modality_and_mood,mean,23,8409,-0.4452449083328247,-0.22459302842617035,-0.3892621397972107,True,True,0.0004997501249375312,0.0004997501249375312,True,True,True,0.4452449083328247,0.9577257633209229,0.4658037727483763,22,0.4648981215551035,-0.5124808549880981,-0.07494169699753085,0.02392298881492041,True,True
24,modality_and_mood,mean,24,12072,-0.44511857628822327,-0.4600178599357605,-0.37583762407302856,True,True,0.0004997501249375312,0.0004997501249375312,True,True,True,0.44511857628822327,0.9277833700180054,0.4735066799017099,24,0.4797656335223867,-0.4826647937297821,-0.10360216888005211,0.023536454210190457,True,True
24,modality_and_mood,mean,25,12388,-0.44507020711898804,-0.4402264952659607,-0.3842403292655945,True,True,0.0004997501249375312,0.0004997501249375312,True,True,True,0.44507020711898804,0.9471902251243591,0.4737745492408673,23,0.4698847130316971,-0.5021200180053711,-0.10147876187522216,0.023520963801517223,True,True
24,modality_and_mood,final,1,3044,0.6233725547790527,-0.21808291971683502,0.36961454153060913,False,True,0.0004997501249375312,0.0004997501249375312,True,False,False,0.6233725547790527,0.7265186905860901,0.2519517271564557,2,0.8580268654563749,-0.10314613580703735,2.082314666357899,0.05965578797784007,False,True
24,modality_and_mood,final,2,4257,0.5854911804199219,0.5332518815994263,0.45569345355033875,True,True,0.0004997501249375312,0.0004997501249375312,True,True,True,0.5854911804199219,0.6330991983413696,0.2644986365802395,3,0.9248016455459523,-0.047608017921447754,1.8011143051236875,0.053710165129028785,True,True
24,modality_and_mood,final,3,6645,0.5819109082221985,0.4409487843513489,0.3419288396835327,True,True,0.0004997501249375312,0.0004997501249375312,True,True,True,0.5819109082221985,0.21013379096984863,0.03613816340489743,1,2.7692400424341788,0.37177711725234985,9.24354861030485,0.29222674550764405,True,True
24,modality_and_mood,final,4,4549,-0.5338626503944397,-0.181405171751976,-0.00400483887642622,True,True,0.0004997501249375312,0.0004997501249375312,True,True,True,0.5338626503944397,0.8782880902290344,0.351316646660099,11,0.6078445743870013,-0.3444254398345947,0.7433754909212348,0.03750296484974291,True,True
24,modality_and_mood,final,5,13191,-0.5218837857246399,-0.5316253304481506,0.02303176559507847,True,False,0.0004997501249375312,0.0004997501249375312,True,False,False,0.5218837857246399,0.6982070207595825,0.30571852290095425,7,0.7474628157661323,-0.17632323503494263,1.2346650879433738,0.041935533962568494,True,False
24,modality_and_mood,final,6,15059,-0.5195169448852539,-0.3656923174858093,-0.37961679697036743,True,True,0.0004997501249375312,0.0004997501249375312,True,True,True,0.5195169448852539,0.8713855743408203,0.38428024413923806,13,0.5961964028131341,-0.3518686294555664,0.522347540974442,0.03350328819783399,True,True
24,modality_and_mood,final,7,8003,0.5163088440895081,0.4840039908885956,0.16062065958976746,True,True,0.0004997501249375312,0.0004997501249375312,True,True,True,0.5163088440895081,0.8795605897903442,0.3433361249283338,10,0.5870077059871198,-0.3632517457008362,0.7043906419571394,0.03712737921603886,True,True
24,modality_and_mood,final,8,661,-0.460856556892395,-0.5669773817062378,0.21901658177375793,True,False,0.0004997501249375312,0.0004997501249375312,True,False,False,0.460856556892395,0.6956459879875183,0.3321104813247728,13,0.6624871915464335,-0.2347894310951233,0.6110159270798271,0.03435852355529876,True,False
24,modality_and_mood,final,9,12998,-0.4433974623680115,-0.5216684937477112,-0.07837413251399994,True,True,0.0004997501249375312,0.0004997501249375312,True,True,True,0.4433974623680115,0.8506332635879517,0.3479557718651799,12,0.5212557295229334,-0.4072358012199402,0.4644202996685151,0.03164034697599131,True,True
24,modality_and_mood,final,10,15659,-0.44136518239974976,-0.2894848883152008,-0.3038731515407562,True,True,0.0004997501249375312,0.0004997501249375312,True,True,True,0.44136518239974976,0.8661643862724304,0.3858439263481742,15,0.5095628374876745,-0.42479920387268066,0.24956689647798996,0.028494883594118926,True,True
24,modality_and_mood,final,11,8006,-0.43791645765304565,-0.08445211499929428,-0.08250059187412262,True,True,0.0004997501249375312,0.0004997501249375312,True,True,True,0.43791645765304565,0.8792972564697266,0.20878721608404213,8,0.4980300511925033,-0.4413807988166809,0.9869011076394212,0.05103553887676505,True,True
24,modality_and_mood,final,12,16378,0.4277777075767517,0.19597718119621277,0.20329980552196503,True,True,0.0004997501249375312,0.0004997501249375312,True,True,True,0.4277777075767517,0.8632649779319763,0.29582017165823626,12,0.49553464870256764,-0.4354872703552246,0.6160426333832812,0.035753124189923866,True,True
24,modality_and_mood,final,13,4923,0.4215918481349945,0.6354432106018066,0.3012755215167999,True,True,0.0004997501249375312,0.0004997501249375312,True,True,True,0.4215918481349945,0.7814890742301941,0.2917465064674616,11,0.5394724789342494,-0.3598972260951996,0.5578893867836114,0.035729014130820164,True,True
24,modality_and_mood,final,14,4253,0.42131519317626953,0.3283233940601349,-0.34113284945487976,True,False,0.0004997501249375312,0.0004997501249375312,True,False,False,0.42131519317626953,0.8075404763221741,0.30552050600705954,11,0.5217264094241919,-0.38622528314590454,0.563639558450132,0.03415160444367552,True,False
24,modality_and_mood,final,15,11483,0.412168025970459,0.6858646869659424,-0.24405118823051453,True,False,0.0004997501249375312,0.0004997501249375312,True,False,False,0.412168025970459,0.7352381348609924,0.2461178572930527,10,0.5605911968214018,-0.32307010889053345,0.9009799283552061,0.041172482641151864,True,False
24,modality_and_mood,final,16,7842,0.394319623708725,0.18373602628707886,-0.19987818598747253,True,False,0.0004997501249375312,0.0004997501249375312,True,False,False,0.394319623708725,0.3195349872112274,0.1289206725188519,1,1.2340420908213767,0.07478463649749756,2.6233198659490014,0.07272283273987111,True,False
24,modality_and_mood,final,17,13197,0.39156198501586914,0.19510814547538757,0.0,True,False,0.0004997501249375312,0.0004997501249375312,True,False,False,0.39156198501586914,0.2653968036174774,0.04709801701261686,1,1.4753831985868093,0.12616518139839172,5.040822844587171,0.1757156177135082,True,False
24,modality_and_mood,final,18,12897,-0.3908343017101288,0.31411212682724,-0.3711354434490204,False,True,0.0004997501249375312,0.0004997501249375312,True,False,False,0.3908343017101288,0.8939337730407715,0.4174041318325087,24,0.43720722216443564,-0.5030994713306427,-0.10853099145467983,0.02344593802785284,False,True
24,modality_and_mood,final,19,9390,-0.3593674302101135,-0.3798955976963043,-0.37622836232185364,True,True,0.0004997501249375312,0.0004997501249375312,True,True,True,0.3593674302101135,0.7182981371879578,0.2323759766534353,8,0.5003039985833592,-0.35893070697784424,0.6554654569948825,0.03814118723760845,True,True
24,modality_and_mood,final,20,2352,-0.3591414988040924,-0.2403658777475357,-0.21839843690395355,True,True,0.0004997501249375312,0.0004997501249375312,True,True,True,0.3591414988040924,0.5092359781265259,0.11357552645345911,3,0.7052555479787003,-0.15009447932243347,1.7985414038529821,0.07499947197731474,True,True
24,modality_and_mood,final,21,7918,-0.35560470819473267,-0.4698246419429779,0.046501778066158295,True,False,0.0004997501249375312,0.0004997501249375312,True,False,False,0.35560470819473267,0.8988211750984192,0.35264357571036387,17,0.39563454672259435,-0.5432164669036865,0.012496839870662406,0.025204632837951265,True,False
24,modality_and_mood,final,22,10074,-0.355092853307724,-0.26253801584243774,-0.06785289198160172,True,True,0.0004997501249375312,0.0004997501249375312,True,True,True,0.355092853307724,0.7858825325965881,0.323410709710935,16,0.45183960525815814,-0.43078967928886414,0.13353134816998274,0.02738200391109898,True,True
24,modality_and_mood,final,23,4825,0.35484009981155396,-0.23754674196243286,0.3964567482471466,False,True,0.0004997501249375312,0.0004997501249375312,True,False,False,0.35484009981155396,0.8383018374443054,0.3010747297383391,16,0.42328441136827233,-0.48346173763275146,0.2323249140499563,0.029333495861479104,False,True
24,modality_and_mood,final,24,8686,0.353674978017807,0.4656318128108978,-0.3450084328651428,True,False,0.0004997501249375312,0.0004997501249375312,True,False,False,0.353674978017807,0.7252227067947388,0.34384896663519054,19,0.4876777501644172,-0.37154772877693176,0.04553069607977074,0.025696055723263847,True,False
24,modality_and_mood,final,25,11776,0.34736648201942444,-0.10184638202190399,0.5452128052711487,False,True,0.0004997501249375312,0.0004997501249375312,True,False,False,0.34736648201942444,0.8965377807617188,0.4079204206951918,21,0.3874532557058488,-0.5491712987422943,-0.2291203565280854,0.021368163420367403,False,True
25,epistemic_modality,mean,1,4591,0.8098894357681274,-0.2455480694770813,0.4014601409435272,False,True,0.0004997501249375312,0.0004997501249375312,True,False,False,0.8098894357681274,0.7737128734588623,0.14157398817583156,1,1.0467570898071514,0.03617656230926514,4.71135106836161,0.12791885347169363,False,True
25,epistemic_modality,mean,2,15221,0.7695838212966919,0.5663724541664124,0.5904353857040405,True,True,0.0004997501249375312,0.0004997501249375312,True,True,True,0.7695838212966919,0.35014787316322327,0.0767478113516401,1,2.197882324242896,0.41943594813346863,9.263055006494167,0.20452704416930498,True,True
25,epistemic_modality,mean,3,6863,0.7317522168159485,0.3714672029018402,-0.2520591616630554,True,False,0.0004997501249375312,0.0004997501249375312,True,False,False,0.7317522168159485,0.514703094959259,0.1700870776608682,1,1.4216977204574024,0.21704912185668945,4.314652252424744,0.09935335887558217,True,False
25,epistemic_modality,mean,4,11086,0.7285619378089905,0.3403053879737854,0.746356725692749,True,True,0.0004997501249375312,0.0004997501249375312,True,True,True,0.7285619378089905,0.6482095718383789,0.17835226868733,1,1.1239604742995777,0.08035236597061157,3.056594092881787,0.09481174580755673,True,True
25,epistemic_modality,mean,5,1748,0.6857184767723083,-0.40565305948257446,-0.28437602519989014,False,False,0.0004997501249375312,0.0004997501249375312,True,False,False,0.6857184767723083,0.4128289222717285,0.15427532395383772,1,1.6610233435170052,0.27288955450057983,4.872536125222686,0.10230853666460883,False,False
25,epistemic_modality,mean,6,1838,-0.6854482889175415,-0.2711699604988098,-0.01667587086558342,True,True,0.0004997501249375312,0.0004997501249375312,True,True,True,0.6854482889175415,0.8358014225959778,0.32427059057562685,5,0.8201090239695413,-0.15035313367843628,1.536861481128156,0.051413757949377366,True,True
25,epistemic_modality,mean,7,2993,0.678801953792572,-0.18266339600086212,-0.20531786978244781,False,False,0.0004997501249375312,0.0004997501249375312,True,False,False,0.678801953792572,0.8404539823532104,0.319880267414145,6,0.807661059433588,-0.16165202856063843,1.4564914617271798,0.05160370399439747,False,False
25,epistemic_modality,mean,8,4923,0.6743126511573792,-0.31178662180900574,-0.7007350921630859,False,False,0.0004997501249375312,0.0004997501249375312,True,False,False,0.6743126511573792,0.8346865177154541,0.2854803620586888,5,0.8078633556978734,-0.16037386655807495,1.7444792230646426,0.05710619751168124,False,False
25,epistemic_modality,mean,9,4288,-0.654111385345459,-0.04914874583482742,-0.003906920086592436,True,True,0.0004997501249375312,0.0004997501249375312,True,True,True,0.654111385345459,0.46740251779556274,0.14301660902893695,1,1.3994605515402057,0.18670886754989624,4.5205222766081015,0.10496416355568557,True,True
25,epistemic_modality,mean,10,11106,0.6392979025840759,-0.1053253561258316,-0.39941278100013733,False,False,0.0004997501249375312,0.0004997501249375312,True,False,False,0.6392979025840759,0.36751553416252136,0.08210688572711287,1,1.7395126005785866,0.27178236842155457,6.059902789332719,0.16642027506435628,False,False
25,epistemic_modality,mean,11,7954,0.6358620524406433,0.20863524079322815,-0.15083524584770203,True,False,0.0004997501249375312,0.0004997501249375312,True,False,False,0.6358620524406433,0.452161967754364,0.11004613337512964,1,1.4062705353097587,0.1837000846862793,6.2296990813944735,0.12903931899039592,True,False
25,epistemic_modality,mean,12,12050,0.6109387874603271,-0.00852843839675188,-0.41864338517189026,False,False,0.0004997501249375312,0.0004997501249375312,True,False,False,0.6109387874603271,0.5749558806419373,0.22308006693119517,1,1.0625837703898515,0.03598290681838989,2.5129937790513517,0.06561430124455969,False,False
25,epistemic_modality,mean,13,8920,0.6050129532814026,0.2914895713329315,0.5315077304840088,True,True,0.0004997501249375312,0.0004997501249375312,True,True,True,0.6050129532814026,0.3733765780925751,0.15759797528004035,1,1.6203827148777274,0.23163637518882751,3.8904924617451027,0.08961383842792629,True,True
25,epistemic_modality,mean,14,13964,0.604378342628479,0.0385221429169178,0.30569398403167725,True,True,0.0004997501249375312,0.0004997501249375312,True,True,True,0.604378342628479,0.5473794937133789,0.15297285257241663,1,1.1041304059975365,0.0569988489151001,3.967030265225842,0.0919861407163101,True,True
25,epistemic_modality,mean,15,6029,-0.6030189394950867,-0.318779319524765,-0.0187478456646204,True,True,0.0004997501249375312,0.0004997501249375312,True,True,True,0.6030189394950867,0.4113292098045349,0.12124047103600624,1,1.4660250843397273,0.19168972969055176,5.071533109673848,0.11310710953306782,True,True
25,epistemic_modality,mean,16,1165,0.6011416912078857,0.26469987630844116,-0.1477808952331543,True,False,0.0004997501249375312,0.0004997501249375312,True,False,False,0.6011416912078857,0.5952349901199341,0.14918787483699048,1,1.0099233095936808,0.00590670108795166,3.557378519896167,0.09364352550252271,True,False
25,epistemic_modality,mean,17,2709,0.596290647983551,-0.03890182822942734,-0.03668520972132683,False,False,0.0004997501249375312,0.0004997501249375312,True,False,False,0.596290647983551,0.6950978636741638,0.14941982555692682,2,0.8578513604281052,-0.09880721569061279,3.202065366076761,0.0928271874742001,False,False
25,epistemic_modality,mean,18,7096,0.5936572551727295,0.39375099539756775,0.21467050909996033,True,True,0.0004997501249375312,0.0004997501249375312,True,True,True,0.5936572551727295,0.36887794733047485,0.13770943716502723,1,1.6093595712862625,0.22477930784225464,4.568045661900275,0.09953468747152253,True,True
25,epistemic_modality,mean,19,15373,0.5893078446388245,-0.3624148368835449,0.09532257914543152,False,True,0.0004997501249375312,0.0004997501249375312,True,False,False,0.5893078446388245,0.749467670917511,0.1360790038941046,2,0.7863018880018985,-0.16015982627868652,3.018258919099099,0.0999438546180956,False,True
25,epistemic_modality,mean,20,9464,0.5855528712272644,-0.42826277017593384,0.44439470767974854,False,True,0.0004997501249375312,0.0004997501249375312,True,False,False,0.5855528712272644,0.5637628436088562,0.1416233493767392,1,1.0386510531253215,0.021790027618408203,3.759388518777431,0.09585299647348196,False,True
25,epistemic_modality,mean,21,9444,-0.5831018090248108,-0.29640260338783264,-0.6811965703964233,True,True,0.0004997501249375312,0.0004997501249375312,True,True,True,0.5831018090248108,0.9110538363456726,0.4414628373984343,15,0.6400300243108464,-0.3279520273208618,0.5273445812139862,0.03275824800306433,True,True
25,epistemic_modality,mean,22,2375,-0.5822741389274597,-0.613003671169281,-0.4895033538341522,True,True,0.0004997501249375312,0.0004997501249375312,True,True,True,0.5822741389274597,0.7626994848251343,0.31899874886641133,7,0.7634384846358706,-0.18042534589767456,1.2457651499225681,0.044710440272281896,True,True
25,epistemic_modality,mean,23,10099,-0.5808200240135193,-0.29484349489212036,-0.6502885818481445,True,True,0.0004997501249375312,0.0004997501249375312,True,True,True,0.5808200240135193,0.925675094127655,0.46498227530182934,18,0.6274556026171116,-0.34485507011413574,0.41047387438006155,0.03103478642533054,True,True
25,epistemic_modality,mean,24,5037,0.57686448097229,-0.20444577932357788,-0.4042132794857025,False,False,0.0004997501249375312,0.0004997501249375312,True,False,False,0.57686448097229,0.3784467875957489,0.11595432115241121,1,1.5242948279124724,0.19841769337654114,4.850897170787898,0.11313102381407988,False,False
25,epistemic_modality,mean,25,8041,-0.5744688510894775,-0.3035926818847656,-0.61018967628479,True,True,0.0004997501249375312,0.0004997501249375312,True,True,True,0.5744688510894775,0.9372270703315735,0.44586625864777046,15,0.612945218159609,-0.36275821924209595,0.46836687553966727,0.031980223908274166,True,True
25,epistemic_modality,final,1,4923,0.7728185653686523,-0.3177049160003662,-0.6839067935943604,False,False,0.0004997501249375312,0.0004997501249375312,True,False,False,0.7728185653686523,0.7814890742301941,0.2827406932050601,2,0.9889051438497939,-0.008670508861541748,2.226709439408004,0.06549473279610311,False,False
25,epistemic_modality,final,2,1838,-0.7055158019065857,0.06568542867898941,-0.12743623554706573,False,True,0.0004997501249375312,0.0004997501249375312,True,False,False,0.7055158019065857,0.7413030862808228,0.24753726073182547,3,0.9517238157555977,-0.03578728437423706,2.208431865587207,0.06810347170489091,False,True
25,epistemic_modality,final,3,6102,0.6904103755950928,0.44088494777679443,0.9090715646743774,True,True,0.0004997501249375312,0.0004997501249375312,True,True,True,0.6904103755950928,0.6964392066001892,0.3162977620959282,3,0.9913433492141728,-0.0060288310050964355,1.893867967187351,0.053002391477125176,True,True
25,epistemic_modality,final,4,8006,-0.6243007183074951,0.007470280397683382,-0.5508002638816833,False,True,0.0004997501249375312,0.0004997501249375312,True,False,False,0.6243007183074951,0.8792972564697266,0.20400813247751778,3,0.7099996203945728,-0.25499653816223145,1.8662575743496943,0.07275708191176934,False,True
25,epistemic_modality,final,5,661,-0.6179565191268921,-0.5895347595214844,-0.8789433240890503,True,True,0.0004997501249375312,0.0004997501249375312,True,True,True,0.6179565191268921,0.6956459879875183,0.3280822771649139,5,0.8883203954278822,-0.07768946886062622,1.4033374227517625,0.046070894079801944,True,True
25,epistemic_modality,final,6,15059,-0.6018953919410706,-0.47493359446525574,-0.7276897430419922,True,True,0.0004997501249375312,0.0004997501249375312,True,True,True,0.6018953919410706,0.8713855743408203,0.38216797626601196,11,0.6907337115333682,-0.26949018239974976,0.853604153709345,0.03881581723114709,True,True
25,epistemic_modality,final,7,12178,-0.5844421982765198,0.36722296476364136,-0.3089616894721985,False,True,0.0004997501249375312,0.0004997501249375312,True,False,False,0.5844421982765198,0.7508994340896606,0.2621173311311465,4,0.7783228642129125,-0.16645723581314087,1.7104002349207885,0.054079875891611895,False,True
25,epistemic_modality,final,8,16378,0.5596587061882019,0.796019971370697,0.8495129942893982,True,True,0.0004997501249375312,0.0004997501249375312,True,True,True,0.5596587061882019,0.8632649779319763,0.292438607591276,7,0.648304657891846,-0.3036062717437744,1.2667858868897932,0.04677557262080748,True,True
25,epistemic_modality,final,9,3874,0.5491592884063721,0.5694762468338013,0.4778286814689636,True,True,0.0004997501249375312,0.0004997501249375312,True,True,True,0.5491592884063721,0.40153515338897705,0.10056073730363725,1,1.3676493422093678,0.14762413501739502,3.8373575079846374,0.12282617847491849,True,True
25,epistemic_modality,final,10,8793,-0.5481842756271362,0.15283362567424774,-0.09519126266241074,False,True,0.0004997501249375312,0.0004997501249375312,True,False,False,0.5481842756271362,0.7092878222465515,0.25904141237529427,5,0.7728657653966954,-0.16110354661941528,1.6106093782388142,0.051468838834318825,False,True
25,epistemic_modality,final,11,13191,-0.544613778591156,0.6016890406608582,0.06352274864912033,False,False,0.0004997501249375312,0.0004997501249375312,True,False,False,0.544613778591156,0.6982070207595825,0.3051357025710436,4,0.7800176199870753,-0.1535932421684265,1.3739419623314562,0.043761983478525786,False,False
25,epistemic_modality,final,12,1546,-0.5050042271614075,-0.602832019329071,-0.5501688122749329,True,True,0.0004997501249375312,0.0004997501249375312,True,True,True,0.5050042271614075,0.7679563164710999,0.3158306628943254,9,0.6575949911864708,-0.2629520893096924,0.8912364752070304,0.03938453206958648,True,True
25,epistemic_modality,final,13,15282,0.49622559547424316,0.7871880531311035,0.3731808662414551,True,True,0.0004997501249375312,0.0004997501249375312,True,True,True,0.49622559547424316,0.8384048938751221,0.25858667043921274,6,0.591868677174199,-0.3421792984008789,1.1221376438387898,0.046897328837405994,True,True
25,epistemic_modality,final,14,14168,0.4888361692428589,0.5604277849197388,0.8167174458503723,True,True,0.0004997501249375312,0.0004997501249375312,True,True,True,0.4888361692428589,0.8737818002700806,0.3487337028834587,15,0.5594487881205155,-0.3849456310272217,0.5624542050513629,0.034695190306274895,True,True
25,epistemic_modality,final,15,4257,0.4853958487510681,0.7187342643737793,0.5546603202819824,True,True,0.0004997501249375312,0.0004997501249375312,True,True,True,0.4853958487510681,0.6330991983413696,0.26706518354610753,7,0.7666979361571403,-0.1477033495903015,1.1985595368337945,0.04452789736416988,True,True
25,epistemic_modality,final,16,11483,0.48155438899993896,0.6036605834960938,0.5695915222167969,True,True,0.0004997501249375312,0.0004997501249375312,True,True,True,0.48155438899993896,0.7352381348609924,0.24433871977947627,6,0.6549638357523224,-0.25368374586105347,1.3013029573175003,0.048103657907931724,True,True
25,epistemic_modality,final,17,5219,-0.4791446328163147,-0.6075043678283691,-0.8703363537788391,True,True,0.0004997501249375312,0.0004997501249375312,True,True,True,0.4791446328163147,0.7958799600601196,0.2890865673812536,8,0.6020312821799418,-0.31673532724380493,0.9524490570079698,0.04076605151530626,True,True
25,epistemic_modality,final,18,14004,0.4779817461967468,-0.08697827905416489,-0.0044485097751021385,False,False,0.0004997501249375312,0.0004997501249375312,True,False,False,0.4779817461967468,0.8895617127418518,0.39579074185055035,18,0.5373227504626829,-0.411579966545105,0.29850846223158145,0.030035637315335054,False,False
25,epistemic_modality,final,19,1828,0.468017578125,0.5097945928573608,0.6191313862800598,True,True,0.0004997501249375312,0.0004997501249375312,True,True,True,0.468017578125,0.7534714341163635,0.28528675716370344,13,0.6211484031559463,-0.2854538559913635,0.789881208157564,0.040366522348993086,True,True
25,epistemic_modality,final,20,9390,-0.45527929067611694,0.23912060260772705,0.18770946562290192,False,False,0.0004997501249375312,0.0004997501249375312,True,False,False,0.45527929067611694,0.7182981371879578,0.22991669817994803,6,0.6338305323447937,-0.2630188465118408,1.177237061577166,0.04832071916180746,False,False
25,epistemic_modality,final,21,11611,0.421615868806839,0.3907775282859802,0.32108819484710693,True,True,0.0004997501249375312,0.0004997501249375312,True,True,True,0.421615868806839,0.80646812915802,0.22651644420022002,7,0.5227929704389189,-0.38485226035118103,1.0178311665319575,0.04555174255686174,True,True
25,epistemic_modality,final,22,11086,0.41246023774147034,-0.02677585370838642,0.19909130036830902,False,True,0.0004997501249375312,0.0004997501249375312,True,False,False,0.41246023774147034,0.311695396900177,0.02121732730227403,1,1.3232798489916875,0.10076484084129333,6.618429676793771,0.3326463921523551,False,True
25,epistemic_modality,final,23,8686,0.40400052070617676,0.14303164184093475,0.5101144909858704,True,True,0.0004997501249375312,0.0004997501249375312,True,True,True,0.40400052070617676,0.7252227067947388,0.3425585681047195,16,0.5570709754686732,-0.321222186088562,0.2849919140331979,0.029352429596449563,True,True
25,epistemic_modality,final,24,4549,-0.38598570227622986,-0.3024258613586426,-0.3420654237270355,True,True,0.0004997501249375312,0.0004997501249375312,True,True,True,0.38598570227622986,0.8782880902290344,0.35510836327851464,18,0.4394750498957295,-0.49230238795280457,0.12488359725840668,0.02711485475575713,True,True
25,epistemic_modality,final,25,15659,-0.377828449010849,0.0764872282743454,-0.49264541268348694,False,True,0.0004997501249375312,0.0004997501249375312,True,False,False,0.377828449010849,0.8661643862724304,0.38747307335814607,21,0.4362087093384748,-0.4883359372615814,-0.04331883103011819,0.02439290207391027,False,True
26,evidentiality,mean,1,3336,0.8992544412612915,0.08439596742391586,-0.7704203128814697,True,False,0.0004997501249375312,0.0004997501249375312,True,False,False,0.8992544412612915,0.5022773146629333,0.12156068749176577,1,1.790354481497458,0.39697712659835815,7.024270074705129,0.1594388490695651,True,False
26,evidentiality,mean,2,11957,0.8814986348152161,0.6515172123908997,-0.0873318463563919,True,False,0.0004997501249375312,0.0004997501249375312,True,False,False,0.8814986348152161,0.6807302236557007,0.10025556478649378,1,1.2949309494168426,0.20076841115951538,4.648143714090428,0.1839726499347128,True,False
26,evidentiality,mean,3,7931,0.8804030418395996,-0.19371408224105835,-0.8086690306663513,False,False,0.0004997501249375312,0.0004997501249375312,True,False,False,0.8804030418395996,0.283722847700119,0.08631982514634728,1,3.103038930337193,0.5966801941394806,10.752243274100124,0.2073060281732349,False,False
26,evidentiality,mean,4,6900,0.8795073628425598,0.760705828666687,-0.07174991071224213,True,False,0.0004997501249375312,0.0004997501249375312,True,False,False,0.8795073628425598,0.2915038466453552,0.12291676965721238,1,3.0171381028551987,0.5880035161972046,9.226918527698583,0.15502676573736998,True,False
26,evidentiality,mean,5,3835,0.8780555129051208,0.7441316843032837,0.2535925805568695,True,True,0.0004997501249375312,0.0004997501249375312,True,True,True,0.8780555129051208,0.34889519214630127,0.10555680539124669,1,2.516674155076715,0.5291603207588196,8.113434029574499,0.17579495164293762,True,True
26,evidentiality,mean,6,9646,0.8776636123657227,0.0869390144944191,-0.7132973074913025,True,False,0.0004997501249375312,0.0004997501249375312,True,False,False,0.8776636123657227,0.24824431538581848,0.08568985492755206,1,3.535483223459389,0.6294192969799042,11.34631624412612,0.20799845430178632,True,False
26,evidentiality,mean,7,6567,0.8776465058326721,0.7697045803070068,0.027636101469397545,True,True,0.0004997501249375312,0.0004997501249375312,True,True,True,0.8776465058326721,0.45313745737075806,0.11597142644183268,1,1.9368218000009207,0.42450904846191406,7.1636002823396785,0.1625111162304426,True,True
26,evidentiality,mean,8,10641,0.876357913017273,0.7142457365989685,0.20071832835674286,True,True,0.0004997501249375312,0.0004997501249375312,True,True,True,0.876357913017273,0.3401281535625458,0.1028468015914162,1,2.576552113778845,0.5362297594547272,9.045357492400216,0.17931025287422425,True,True
26,evidentiality,mean,9,2443,0.8760665655136108,0.7223316431045532,0.3222643733024597,True,True,0.0004997501249375312,0.0004997501249375312,True,True,True,0.8760665655136108,0.5254431962966919,0.1496861734523032,1,1.6672907208392878,0.35062336921691895,6.123418730321838,0.13048690745723862,True,True
26,evidentiality,mean,10,11375,0.8759427070617676,0.02790474146604538,-0.7426843047142029,True,False,0.0004997501249375312,0.0004997501249375312,True,False,False,0.8759427070617676,0.22765590250492096,0.09090694894873125,1,3.847660866349966,0.6482868045568466,12.843363147022055,0.19811819819062745,True,False
26,evidentiality,mean,11,76,0.8719886541366577,0.09356078505516052,-0.6455557346343994,True,False,0.0004997501249375312,0.0004997501249375312,True,False,False,0.8719886541366577,0.2882889211177826,0.12068798683750896,1,3.0247040044261717,0.5836997330188751,9.291737958625289,0.1563034175917512,True,False
26,evidentiality,mean,12,4419,0.8636038899421692,0.6543578505516052,-0.2808150053024292,True,False,0.0004997501249375312,0.0004997501249375312,True,False,False,0.8636038899421692,0.5144558548927307,0.13565147613796094,1,1.6786744318853934,0.3491480350494385,5.328834267640824,0.14033186250147534,True,False
26,evidentiality,mean,13,10712,0.8628831505775452,0.3878728449344635,-0.3757697641849518,True,False,0.0004997501249375312,0.0004997501249375312,True,False,False,0.8628831505775452,0.5009093880653381,0.10001965140541777,1,1.7226332169781404,0.36197376251220703,7.141502897336657,0.18113909105706905,True,False
26,evidentiality,mean,14,4448,0.8609728217124939,0.6855108141899109,0.11388126760721207,True,True,0.0004997501249375312,0.0004997501249375312,True,True,True,0.8609728217124939,0.6725711226463318,0.11988262193970001,1,1.2801216001140034,0.1884016990661621,4.693901721974407,0.1555114491798372,True,True
26,evidentiality,mean,15,12619,0.8564622402191162,0.5982732176780701,-0.1637580245733261,True,False,0.0004997501249375312,0.0004997501249375312,True,False,False,0.8564622402191162,0.4032331705093384,0.08666708355005352,1,2.123987565649145,0.45322906970977783,7.6460638570343376,0.20216371698516836,True,False
26,evidentiality,mean,16,4948,0.8564435839653015,-0.12705127894878387,-0.7756552696228027,False,False,0.0004997501249375312,0.0004997501249375312,True,False,False,0.8564435839653015,0.414873868227005,0.1273493889040345,1,2.0643469004817736,0.4415697157382965,7.522115733719192,0.14707767905158228,False,False
26,evidentiality,mean,17,5860,0.854265570640564,0.6942194700241089,-0.46372315287590027,True,False,0.0004997501249375312,0.0004997501249375312,True,False,False,0.854265570640564,0.42974597215652466,0.10218459618492769,1,1.9878384580400865,0.4245195984840393,7.317070562391118,0.1765206695548448,True,False
26,evidentiality,mean,18,7700,-0.8539714217185974,-0.5264685153961182,0.3855362832546234,True,False,0.0004997501249375312,0.0004997501249375312,True,False,False,0.8539714217185974,0.7971103191375732,0.1843082529062835,1,1.071334044003526,0.05686110258102417,3.0228448405994746,0.1061890244679355,True,False
26,evidentiality,mean,19,15244,0.8494022488594055,0.7385287284851074,0.40129461884498596,True,True,0.0004997501249375312,0.0004997501249375312,True,True,True,0.8494022488594055,0.5268161296844482,0.12132863454425181,1,1.6123315156811535,0.3225861191749573,6.65622603072032,0.1521893782442854,True,True
26,evidentiality,mean,20,8219,0.8393194079399109,-0.21714013814926147,-0.6720101833343506,False,False,0.0004997501249375312,0.0004997501249375312,True,False,False,0.8393194079399109,0.5029281973838806,0.11910259355910313,1,1.6688652819743688,0.3363912105560303,6.412205632857695,0.1530398158268972,False,False
26,evidentiality,mean,21,3626,0.8388566374778748,0.8522235751152039,0.7573274970054626,True,True,0.0004997501249375312,0.0004997501249375312,True,True,True,0.8388566374778748,0.7679598331451416,0.13403000577520102,1,1.0923183756139676,0.07089680433273315,4.7186611789982775,0.13828765623088857,True,True
26,evidentiality,mean,22,1061,0.8377426862716675,0.7007451057434082,0.40472060441970825,True,True,0.0004997501249375312,0.0004997501249375312,True,True,True,0.8377426862716675,0.5665218830108643,0.16613048114455664,1,1.4787472671300184,0.2712208032608032,5.738908457894737,0.11449528281364856,True,True
26,evidentiality,mean,23,6750,0.8317607641220093,0.6946226954460144,-0.027735162526369095,True,False,0.0004997501249375312,0.0004997501249375312,True,False,False,0.8317607641220093,0.4180591106414795,0.09773875823101172,1,1.9895769352944765,0.4137016534805298,9.179218745164116,0.17912088023895528,True,False
26,evidentiality,mean,24,844,0.8266865015029907,-0.32841119170188904,-0.29584547877311707,False,False,0.0004997501249375312,0.0004997501249375312,True,False,False,0.8266865015029907,0.31870678067207336,0.11197861906093283,1,2.5938779832663568,0.5079797208309174,8.934936589167801,0.15916633721174636,False,False
26,evidentiality,mean,25,2578,0.8246731758117676,0.3197696805000305,-0.5834136009216309,True,False,0.0004997501249375312,0.0004997501249375312,True,False,False,0.8246731758117676,0.7859864234924316,0.18258276375798652,1,1.0492206368494716,0.03868675231933594,3.077347412790212,0.10379251842885508,True,False
26,evidentiality,final,1,7700,-0.8583455681800842,-0.38795003294944763,0.3778916299343109,True,False,0.0004997501249375312,0.0004997501249375312,True,False,False,0.8583455681800842,0.6911332607269287,0.15357166159157762,1,1.2419393146804756,0.16721230745315552,3.7878139903066854,0.1253491015546053,True,False
26,evidentiality,final,2,11367,0.8213162422180176,0.6388417482376099,-0.43502750992774963,True,False,0.0004997501249375312,0.0004997501249375312,True,False,False,0.8213162422180176,0.675573468208313,0.1539135048022637,1,1.215731938668682,0.1457427740097046,3.1978861840607022,0.12035801745449798,True,False
26,evidentiality,final,3,2734,-0.8101010918617249,-0.5296196341514587,0.41836056113243103,True,False,0.0004997501249375312,0.0004997501249375312,True,False,False,0.8101010918617249,0.834618091583252,0.3689716652226754,2,0.9706248882347867,-0.0245169997215271,1.8750194644971658,0.053296138365250684,True,False
26,evidentiality,final,4,4441,0.8040516376495361,0.6194483637809753,0.0012860080460086465,True,True,0.0004997501249375312,0.0004997501249375312,True,True,True,0.8040516376495361,0.8246793150901794,0.349340476310597,2,0.9749870318520264,-0.02062767744064331,2.0246140949016085,0.05572728276502652,True,True
26,evidentiality,final,5,46,0.7894818186759949,0.6431686878204346,0.32811471819877625,True,True,0.0004997501249375312,0.0004997501249375312,True,True,True,0.7894818186759949,0.9033511281013489,0.10803335054944722,2,0.8739478970213023,-0.113869309425354,3.2224932264337234,0.15780854359301036,True,True
26,evidentiality,final,6,14168,0.7658785581588745,0.26208385825157166,-0.1373027116060257,True,False,0.0004997501249375312,0.0004997501249375312,True,False,False,0.7658785581588745,0.8737818002700806,0.34163005188561213,2,0.8765100828629598,-0.10790324211120605,1.7626290006532919,0.05435829833945078,True,False
26,evidentiality,final,7,8003,0.7566227912902832,0.5468069314956665,-0.07609277963638306,True,False,0.0004997501249375312,0.0004997501249375312,True,False,False,0.7566227912902832,0.8795605897903442,0.33717422884626264,3,0.8602281640092981,-0.12293779850006104,1.7637752365984767,0.05440817374583303,True,False
26,evidentiality,final,8,9465,0.7419820427894592,0.4314047396183014,0.02620425447821617,True,True,0.0004997501249375312,0.0004997501249375312,True,True,True,0.7419820427894592,0.887403666973114,0.4269848821732478,6,0.836126861319291,-0.14542162418365479,1.2193832200842858,0.0426563931466392,True,True
26,evidentiality,final,9,8182,0.7320684194564819,0.619775652885437,0.45032352209091187,True,True,0.0004997501249375312,0.0004997501249375312,True,True,True,0.7320684194564819,0.8864492177963257,0.4034255620999596,7,0.8258436070104188,-0.15438079833984375,1.3326700267209226,0.04446029991984778,True,True
26,evidentiality,final,10,4549,-0.7146649956703186,-0.3938516080379486,-0.015338809229433537,True,True,0.0004997501249375312,0.0004997501249375312,True,True,True,0.7146649956703186,0.8782880902290344,0.34668068908892263,4,0.8137022505724207,-0.16362309455871582,1.5321762561482617,0.0502040294299726,True,True
26,evidentiality,final,11,12998,-0.7111123204231262,-0.6866298913955688,-0.21267136931419373,True,True,0.0004997501249375312,0.0004997501249375312,True,True,True,0.7111123204231262,0.8506332635879517,0.34109128832530516,4,0.8359799115116551,-0.13952094316482544,1.8747816710466039,0.05074417980862413,True,True
26,evidentiality,final,12,8793,-0.7092878222465515,-0.7630090117454529,-0.45733270049095154,True,True,0.0004997501249375312,0.0004997501249375312,True,True,True,0.7092878222465515,0.7008826732635498,0.25491055220556563,1,1.0119922339410452,0.008405148983001709,2.664677202220281,0.06659479710283323,True,True
26,evidentiality,final,13,164,0.6981133222579956,0.308448851108551,-0.4190383553504944,True,False,0.0004997501249375312,0.0004997501249375312,True,False,False,0.6981133222579956,0.9021463394165039,0.41658837233598417,8,0.7738360083681389,-0.2040330171585083,1.1937998203077271,0.041198634216184124,True,False
26,evidentiality,final,14,16335,0.6975926160812378,0.23316985368728638,-0.3156745135784149,True,False,0.0004997501249375312,0.0004997501249375312,True,False,False,0.6975926160812378,0.698752760887146,0.32805636367545676,2,0.9983396919900034,-0.0011601448059082031,1.890614160535176,0.051704968336080126,True,False
26,evidentiality,final,15,661,-0.6956459879875183,-0.31587228178977966,0.3845733106136322,True,False,0.0004997501249375312,0.0004997501249375312,True,False,False,0.6956459879875183,0.6576159000396729,0.3260902395018209,1,1.0578302439852065,0.03803008794784546,1.8180443929865437,0.05186292504025051,True,False
26,evidentiality,final,16,8686,0.689493715763092,0.6471217274665833,0.18122579157352448,True,True,0.0004997501249375312,0.0004997501249375312,True,True,True,0.689493715763092,0.7252227067947388,0.3352382297699268,3,0.9507337667493095,-0.03572899103164673,1.7013287256422798,0.05009477639720562,True,True
26,evidentiality,final,17,7418,-0.678272008895874,-0.7008341550827026,-0.6176361441612244,True,True,0.0004997501249375312,0.0004997501249375312,True,True,True,0.678272008895874,0.6170648336410522,0.18234411438103193,1,1.0991908336335792,0.06120717525482178,3.208513428285287,0.08707301495268266,True,True
26,evidentiality,final,18,443,0.6766209602355957,0.542678713798523,-0.19125843048095703,True,False,0.0004997501249375312,0.0004997501249375312,True,False,False,0.6766209602355957,0.7758102416992188,0.2780233824816652,5,0.8721474967301621,-0.09918928146362305,1.855892429985853,0.058736840066261425,True,False
26,evidentiality,final,19,10521,-0.6672281622886658,-0.5898848176002502,-0.5008269548416138,True,True,0.0004997501249375312,0.0004997501249375312,True,True,True,0.6672281622886658,0.695823073387146,0.1716802940966609,2,0.9589049110440027,-0.028594911098480225,3.1337549141741134,0.09062202158324781,True,True
26,evidentiality,final,20,4806,0.664939820766449,0.38039928674697876,-0.4326654076576233,True,False,0.0004997501249375312,0.0004997501249375312,True,False,False,0.664939820766449,0.7675336003303528,0.09158221264489186,2,0.8663331748346306,-0.10259377956390381,3.4393766068317335,0.1569495782482623,True,False
26,evidentiality,final,21,15059,-0.663051426410675,-0.49331822991371155,-0.38712501525878906,True,True,0.0004997501249375312,0.0004997501249375312,True,True,True,0.663051426410675,0.8713855743408203,0.3805998728180734,8,0.760916230352167,-0.20833414793014526,1.104030585373119,0.04275972756562978,True,True
26,evidentiality,final,22,4825,-0.6566018462181091,-0.4962681233882904,-0.38877224922180176,True,True,0.0004997501249375312,0.0004997501249375312,True,True,True,0.6566018462181091,0.8383018374443054,0.293337249061248,2,0.7832523047066947,-0.1816999912261963,1.620602855162684,0.05427917405306542,True,True
26,evidentiality,final,23,15120,-0.6563771963119507,-0.500379741191864,-0.42505091428756714,True,True,0.0004997501249375312,0.0004997501249375312,True,True,True,0.6563771963119507,0.5548228025436401,0.06552126277715732,1,1.1830393294989399,0.10155439376831055,4.922187788061351,0.20437023359069462,True,True
26,evidentiality,final,24,3288,0.6444709897041321,0.47409459948539734,0.35050538182258606,True,True,0.0004997501249375312,0.0004997501249375312,True,True,True,0.6444709897041321,0.8191356062889099,0.3459100157906039,6,0.7867695956032298,-0.17466461658477783,1.3104709754148696,0.04559410967566027,True,True
26,evidentiality,final,25,9083,-0.639478862285614,0.006624298170208931,0.43323734402656555,False,False,0.0004997501249375312,0.0004997501249375312,True,False,False,0.639478862285614,0.8635587692260742,0.3336010880242938,6,0.7405157414575481,-0.2240799069404602,1.2927555550235053,0.046848538424096094,False,False
27,mirativity_stance_and_affect_marking,mean,1,1887,0.9746910333633423,0.8548627495765686,0.9517486095428467,True,True,0.0004997501249375312,0.0004997501249375312,True,True,True,0.9746910333633423,0.6986220479011536,0.07958848339815934,1,1.3951621428089385,0.2760689854621887,6.082572253754622,0.23897440879399076,True,True
27,mirativity_stance_and_affect_marking,mean,2,8362,-0.9619462490081787,-0.9873464703559875,-0.9199503064155579,True,True,0.0004997501249375312,0.0004997501249375312,True,True,True,0.9619462490081787,0.9110473394393921,0.46213809926158345,1,1.0558685672690806,0.05089890956878662,1.9034117946679827,0.05066786521918069,True,True
27,mirativity_stance_and_affect_marking,mean,3,785,-0.9618512392044067,-0.9846693277359009,-0.9203054308891296,True,True,0.0004997501249375312,0.0004997501249375312,True,True,True,0.9618512392044067,0.911051869392395,0.465147397457025,1,1.0557590314214396,0.05079936981201172,1.8915454408198549,0.05035185013005867,True,True
27,mirativity_stance_and_affect_marking,mean,4,9535,-0.9617652297019958,-0.9866378307342529,-0.9201605319976807,True,True,0.0004997501249375312,0.0004997501249375312,True,True,True,0.9617652297019958,0.9110457301139832,0.4701417346413319,1,1.0556717384336647,0.050719499588012695,1.8789446967397632,0.049839386055191254,True,True
27,mirativity_stance_and_affect_marking,mean,5,7920,-0.9614465236663818,-0.9879385828971863,-0.9200409054756165,True,True,0.0004997501249375312,0.0004997501249375312,True,True,True,0.9614465236663818,0.9110527038574219,0.47359455309999293,1,1.055313835956571,0.05039381980895996,1.9004636865101072,0.049478418489531065,True,True
27,mirativity_stance_and_affect_marking,mean,6,4764,-0.961428701877594,-0.9868727922439575,-0.9199323654174805,True,True,0.0004997501249375312,0.0004997501249375312,True,True,True,0.961428701877594,0.9110667705535889,0.463225499750712,1,1.0552779806615094,0.05036193132400513,1.9094519324572323,0.05052911253356068,True,True
27,mirativity_stance_and_affect_marking,mean,7,10229,-0.9613339304924011,-0.9886506795883179,-0.9198076128959656,True,True,0.0004997501249375312,0.0004997501249375312,True,True,True,0.9613339304924011,0.9110807776451111,0.4686678473192912,1,1.055157735823579,0.05025315284729004,1.8549574369678157,0.0499669912281149,True,True
27,mirativity_stance_and_affect_marking,mean,8,13658,-0.9610922336578369,-0.9884670972824097,-0.9198470711708069,True,True,0.0004997501249375312,0.0004997501249375312,True,True,True,0.9610922336578369,0.9110473394393921,0.4674189229233143,1,1.0549311677362887,0.050044894218444824,1.8831688160993896,0.05008184924755974,True,True
27,mirativity_stance_and_affect_marking,mean,9,6043,-0.9607529044151306,-0.9862663745880127,-0.919762134552002,True,True,0.0004997501249375312,0.0004997501249375312,True,True,True,0.9607529044151306,0.9083077311515808,0.4597788055737813,1,1.057739432864959,0.052445173263549805,2.0083333640038217,0.05085467289655347,True,True
27,mirativity_stance_and_affect_marking,mean,10,5634,-0.9607411026954651,-0.9850960969924927,-0.9203914999961853,True,True,0.0004997501249375312,0.0004997501249375312,True,True,True,0.9607411026954651,0.9113544225692749,0.4599688401780067,1,1.0541904213148603,0.049386680126190186,1.8689204429310342,0.05083413781500757,True,True
27,mirativity_stance_and_affect_marking,mean,11,13857,-0.9605058431625366,-0.9872662425041199,-0.9204578399658203,True,True,0.0004997501249375312,0.0004997501249375312,True,True,True,0.9605058431625366,0.9110528230667114,0.45841556414961815,1,1.0542811776043461,0.049453020095825195,1.8835500392555853,0.05098574680050848,True,True
27,mirativity_stance_and_affect_marking,mean,12,15327,-0.9604768753051758,-0.9885584712028503,-0.9204655885696411,True,True,0.0004997501249375312,0.0004997501249375312,True,True,True,0.9604768753051758,0.9120808839797974,0.4598663706236925,1,1.0530610740510273,0.04839599132537842,1.8701153623253854,0.050831616203826285,True,True
27,mirativity_stance_and_affect_marking,mean,13,13061,-0.9603695273399353,-0.9889423251152039,-0.9197074174880981,True,True,0.0004997501249375312,0.0004997501249375312,True,True,True,0.9603695273399353,0.9110584855079651,0.46499282675675857,1,1.0541250014311394,0.049311041831970215,1.8498606796991073,0.05029405668497197,True,True
27,mirativity_stance_and_affect_marking,mean,14,13114,-0.9603312611579895,-0.9880890250205994,-0.920443058013916,True,True,0.0004997501249375312,0.0004997501249375312,True,True,True,0.9603312611579895,0.9110840559005737,0.4582147622624269,1,1.054053415750687,0.04924720525741577,1.872819737464236,0.05099815220421333,True,True
27,mirativity_stance_and_affect_marking,mean,15,8711,-0.9602519869804382,-0.9884431958198547,-0.9194199442863464,True,True,0.0004997501249375312,0.0004997501249375312,True,True,True,0.9602519869804382,0.9110488295555115,0.4606607058921304,1,1.0540071572771048,0.04920315742492676,1.8630626356180282,0.05073713392979426,True,True
27,mirativity_stance_and_affect_marking,mean,16,8882,-0.9602438807487488,-0.9880719184875488,-0.9200983047485352,True,True,0.0004997501249375312,0.0004997501249375312,True,True,True,0.9602438807487488,0.91107177734375,0.4713145028799772,1,1.0539717118099752,0.04917210340499878,1.8356486298059345,0.04964679106834486,True,True
27,mirativity_stance_and_affect_marking,mean,17,3278,-0.9601845741271973,-0.9893854260444641,-0.9195664525032043,True,True,0.0004997501249375312,0.0004997501249375312,True,True,True,0.9601845741271973,0.9110561609268188,0.4690187525195189,1,1.0539246813834178,0.04912841320037842,1.8632137381046798,0.04987475418021017,True,True
27,mirativity_stance_and_affect_marking,mean,18,476,-0.9601315259933472,-0.9873430728912354,-0.9205682873725891,True,True,0.0004997501249375312,0.0004997501249375312,True,True,True,0.9601315259933472,0.9110174775123596,0.46284595982004434,1,1.053911203344967,0.04911404848098755,1.9314768561233828,0.050503669749629554,True,True
27,mirativity_stance_and_affect_marking,mean,19,6366,-0.9598878622055054,-0.9863996505737305,-0.9193364977836609,True,True,0.0004997501249375312,0.0004997501249375312,True,True,True,0.9598878622055054,0.9110603928565979,0.46591190420664275,1,1.053594108284974,0.04882746934890747,1.97314647501691,0.050175910943979024,True,True
27,mirativity_stance_and_affect_marking,mean,20,7457,-0.9597264528274536,-0.9886112809181213,-0.9199437499046326,True,True,0.0004997501249375312,0.0004997501249375312,True,True,True,0.9597264528274536,0.9110291600227356,0.4422371093562852,1,1.053453056105803,0.04869729280471802,1.9013874558384518,0.05271202494752111,True,True
27,mirativity_stance_and_affect_marking,mean,21,9326,-0.9597242474555969,-0.9859461784362793,-0.920220136642456,True,True,0.0004997501249375312,0.0004997501249375312,True,True,True,0.9597242474555969,0.9110553860664368,0.4687542500786292,1,1.0534203102615882,0.048668861389160156,1.9206047125394874,0.049878762247431985,True,True
27,mirativity_stance_and_affect_marking,mean,22,1435,-0.9596673250198364,-0.9876759052276611,-0.9201880097389221,True,True,0.0004997501249375312,0.0004997501249375312,True,True,True,0.9596673250198364,0.9110586643218994,0.45853041217495233,1,1.0533540403066322,0.04860866069793701,1.8492686239797174,0.050931394006644294,True,True
27,mirativity_stance_and_affect_marking,mean,23,5282,-0.9594854116439819,-0.9875709414482117,-0.9199898838996887,True,True,0.0004997501249375312,0.0004997501249375312,True,True,True,0.9594854116439819,0.9110409617424011,0.46366592649465954,1,1.053174831797825,0.04844444990158081,1.8893693734005694,0.05038664047255788,True,True
27,mirativity_stance_and_affect_marking,mean,24,11796,-0.9594651460647583,-0.987513542175293,-0.9187807440757751,True,True,0.0004997501249375312,0.0004997501249375312,True,True,True,0.9594651460647583,0.9110314249992371,0.4499511561141564,1,1.0531636118540717,0.04843372106552124,1.9755194382144334,0.05184179513166422,True,True
27,mirativity_stance_and_affect_marking,mean,25,11887,-0.9594389200210571,-0.9883453249931335,-0.9203937649726868,True,True,0.0004997501249375312,0.0004997501249375312,True,True,True,0.9594389200210571,0.911094069480896,0.4624258754058526,1,1.0530624138160685,0.04834485054016113,1.821307249646231,0.050512608841854024,True,True
27,mirativity_stance_and_affect_marking,final,1,6119,0.9419602155685425,0.9187965393066406,0.9361345171928406,True,True,0.0004997501249375312,0.0004997501249375312,True,True,True,0.9419602155685425,0.5964919924736023,0.22170315264986876,1,1.5791665729866924,0.3454682230949402,4.13571289544525,0.09823973437174262,True,True
27,mirativity_stance_and_affect_marking,final,2,7918,0.8988211750984192,0.8113558292388916,0.8232340216636658,True,True,0.0004997501249375312,0.0004997501249375312,True,True,True,0.8988211750984192,0.7617815136909485,0.33871494835385907,1,1.1798936557852298,0.1370396614074707,2.55396022761164,0.06370685534603708,True,True
27,mirativity_stance_and_affect_marking,final,3,11776,0.8965377807617188,0.9083340167999268,0.48633673787117004,True,True,0.0004997501249375312,0.0004997501249375312,True,True,True,0.8965377807617188,0.8822896480560303,0.39383910534282524,1,1.0161490421394852,0.014248132705688477,1.9955473227794769,0.05515030034123633,True,True
27,mirativity_stance_and_affect_marking,final,4,12897,-0.8939337730407715,-0.9378266334533691,-0.8438981771469116,True,True,0.0004997501249375312,0.0004997501249375312,True,True,True,0.8939337730407715,0.8938331007957458,0.40450414538813323,1,1.0001126298018457,0.00010067224502563477,2.1099723630914937,0.05362660276237321,True,True
27,mirativity_stance_and_affect_marking,final,5,14004,0.8895617127418518,0.8744535446166992,0.8463698625564575,True,True,0.0004997501249375312,0.0004997501249375312,True,True,True,0.8895617127418518,0.8608390688896179,0.38523740937503487,1,1.0333658692899275,0.028722643852233887,1.9135762522044966,0.055898688989944476,True,True
27,mirativity_stance_and_affect_marking,final,6,14168,0.8737818002700806,0.8681613206863403,0.9250903725624084,True,True,0.0004997501249375312,0.0004997501249375312,True,True,True,0.8737818002700806,0.7658785581588745,0.3388633020878889,1,1.1408881877703938,0.10790324211120605,2.2765905230179277,0.062016740482778415,True,True
27,mirativity_stance_and_affect_marking,final,7,15059,-0.8713855743408203,-0.9431183934211731,-0.8818028569221497,True,True,0.0004997501249375312,0.0004997501249375312,True,True,True,0.8713855743408203,0.8575511574745178,0.3752579715890953,1,1.0161324683031678,0.01383441686630249,2.005741145499058,0.05619505256950524,True,True
27,mirativity_stance_and_affect_marking,final,8,16378,0.8632649779319763,0.8976011276245117,0.962246835231781,True,True,0.0004997501249375312,0.0004997501249375312,True,True,True,0.8632649779319763,0.7158188223838806,0.28465383139271766,1,1.2059825069380796,0.1474461555480957,2.9784499881564095,0.07215060396590711,True,True
27,mirativity_stance_and_affect_marking,final,9,2195,-0.855082631111145,-0.8738573789596558,-0.9490593671798706,True,True,0.0004997501249375312,0.0004997501249375312,True,True,True,0.855082631111145,0.8127585053443909,0.16269470653377283,1,1.0520746636158795,0.04232412576675415,4.1903582815455085,0.1187585704891891,True,True
27,mirativity_stance_and_affect_marking,final,10,5159,0.8533222079277039,0.8365049362182617,0.8528783321380615,True,True,0.0004997501249375312,0.0004997501249375312,True,True,True,0.8533222079277039,0.8962443470954895,0.33331625641156465,2,0.9521088871501551,-0.042922139167785645,2.1869014869352434,0.06159989789078972,True,True
27,mirativity_stance_and_affect_marking,final,11,12998,-0.8506332635879517,-0.8098223805427551,-0.9196205139160156,True,True,0.0004997501249375312,0.0004997501249375312,True,True,True,0.8506332635879517,0.758325457572937,0.3375138282441558,1,1.1217258435585835,0.09230780601501465,2.71528250087381,0.06070023825915423,True,True
27,mirativity_stance_and_affect_marking,final,12,14795,0.8459184765815735,0.9213789105415344,0.493100643157959,True,True,0.0004997501249375312,0.0004997501249375312,True,True,True,0.8459184765815735,0.8592251539230347,0.3507695220476494,2,0.9845131659836706,-0.013306677341461182,1.965901881073973,0.0582350655762837,True,True
27,mirativity_stance_and_affect_marking,final,13,4080,-0.8314997553825378,-0.8730277419090271,-0.418962687253952,True,True,0.0004997501249375312,0.0004997501249375312,True,True,True,0.8314997553825378,0.8348079323768616,0.3015197689871853,2,0.9960371998563733,-0.0033081769943237305,2.4155179027441496,0.06604041739497495,True,True
27,mirativity_stance_and_affect_marking,final,14,2084,-0.8011894226074219,-0.8283808827400208,-0.8672723174095154,True,True,0.0004997501249375312,0.0004997501249375312,True,True,True,0.8011894226074219,0.6678310036659241,0.2581913059499736,1,1.1996888707015,0.1333584189414978,2.9042329321030547,0.07370206900861605,True,True
27,mirativity_stance_and_affect_marking,final,15,15360,0.79664546251297,0.7543771266937256,0.9367502927780151,True,True,0.0004997501249375312,0.0004997501249375312,True,True,True,0.79664546251297,0.6671330332756042,0.08505040780903819,1,1.1941328382458642,0.12951242923736572,5.1910010186525355,0.19366084722808308,True,True
27,mirativity_stance_and_affect_marking,final,16,14465,-0.791212797164917,-0.7496567964553833,-0.9005435705184937,True,True,0.0004997501249375312,0.0004997501249375312,True,True,True,0.791212797164917,0.6633237600326538,0.2646702896469297,1,1.192800325931288,0.12788903713226318,2.733802947004894,0.07119477976816613,True,True
27,mirativity_stance_and_affect_marking,final,17,13711,0.7733254432678223,0.7787144184112549,0.9685059189796448,True,True,0.0004997501249375312,0.0004997501249375312,True,True,True,0.7733254432678223,0.7390779256820679,0.07195959354822452,1,1.0463381686770696,0.034247517585754395,3.8322732634873717,0.21602780403186903,True,True
27,mirativity_stance_and_affect_marking,final,18,164,0.7700276374816895,0.7900949120521545,-0.07225575298070908,True,False,0.0004997501249375312,0.0004997501249375312,True,False,False,0.7700276374816895,0.9021463394165039,0.4147444155353766,5,0.8535506977501377,-0.13211870193481445,1.523164295865948,0.04544260360245147,True,False
27,mirativity_stance_and_affect_marking,final,19,105,-0.7490339279174805,-0.8259450793266296,-0.7688148021697998,True,True,0.0004997501249375312,0.0004997501249375312,True,True,True,0.7490339279174805,0.8573086857795715,0.29884560754857004,2,0.8737038832592321,-0.10827475786209106,2.0393029951902024,0.06038642096914317,True,True
27,mirativity_stance_and_affect_marking,final,20,1838,-0.7413030862808228,-0.7669985294342041,-0.9463446140289307,True,True,0.0004997501249375312,0.0004997501249375312,True,True,True,0.7413030862808228,0.7250813245773315,0.24661963805556297,1,1.0223723341832687,0.01622176170349121,2.4107066387884126,0.07155801985560468,True,True
27,mirativity_stance_and_affect_marking,final,21,9083,-0.7381684184074402,-0.8351179957389832,-0.6879814863204956,True,True,0.0004997501249375312,0.0004997501249375312,True,True,True,0.7381684184074402,0.8635587692260742,0.3310705865852726,4,0.8547981269057003,-0.12539035081863403,1.749729346182854,0.05407858422342911,True,True
27,mirativity_stance_and_affect_marking,final,22,2375,-0.7361955046653748,-0.799659013748169,-0.7986599802970886,True,True,0.0004997501249375312,0.0004997501249375312,True,True,True,0.7361955046653748,0.6684828400611877,0.25173998122604996,1,1.1012930482972294,0.06771266460418701,2.4166819003151296,0.06975475497672548,True,True
27,mirativity_stance_and_affect_marking,final,23,1887,0.734748125076294,0.7607161402702332,0.963923454284668,True,True,0.0004997501249375312,0.0004997501249375312,True,True,True,0.734748125076294,0.5658618807792664,0.05379011295735836,1,1.2984584225119546,0.1688862442970276,5.42559672830232,0.2593934351624338,True,True
27,mirativity_stance_and_affect_marking,final,24,3044,0.7265186905860901,0.7518907785415649,0.7496510148048401,True,True,0.0004997501249375312,0.0004997501249375312,True,True,True,0.7265186905860901,0.6233725547790527,0.24930695444345474,1,1.1654646727968259,0.10314613580703735,2.7778658455971708,0.06952671341603019,True,True
27,mirativity_stance_and_affect_marking,final,25,4549,-0.7262169718742371,-0.6998958587646484,-0.6545249223709106,True,True,0.0004997501249375312,0.0004997501249375312,True,True,True,0.7262169718742371,0.8782880902290344,0.3463844845708734,3,0.8268550831480121,-0.15207111835479736,1.5846342770184763,0.051015536579237554,True,True
28,negation_and_polarity_structure,mean,1,14770,-0.6849724054336548,-0.20230861008167267,-0.39947184920310974,True,True,0.0004997501249375312,0.0004997501249375312,True,True,True,0.6849724054336548,0.49514907598495483,0.1077456014821879,1,1.3833660177414282,0.18982332944869995,4.428972908404971,0.14016068680318108,True,True
28,negation_and_polarity_structure,mean,2,6051,-0.6445587277412415,-0.37342631816864014,0.1768103986978531,True,False,0.0004997501249375312,0.0004997501249375312,True,False,False,0.6445587277412415,0.8290683627128601,0.3705420525959478,6,0.7774494320735263,-0.18450963497161865,1.2565176441144024,0.04269817099415233,True,False
28,negation_and_polarity_structure,mean,3,15282,0.6336672902107239,0.5181169509887695,0.6028707027435303,True,True,0.0004997501249375312,0.0004997501249375312,True,True,True,0.6336672902107239,0.7510895729064941,0.2126725216706594,2,0.8436640755890396,-0.11742228269577026,2.7557757777920138,0.07097610860285504,True,True
28,negation_and_polarity_structure,mean,4,13008,0.6143609881401062,0.3488309681415558,0.4853246808052063,True,True,0.0004997501249375312,0.0004997501249375312,True,True,True,0.6143609881401062,0.3619522154331207,0.11339303612326965,1,1.6973538548588438,0.2524087727069855,5.291940539212862,0.12197714405665486,True,True
28,negation_and_polarity_structure,mean,5,7948,0.6047115325927734,-0.05213157832622528,0.07543974369764328,False,True,0.0004997501249375312,0.0004997501249375312,True,False,False,0.6047115325927734,0.8383492827415466,0.30119735337435627,5,0.721312160744341,-0.2336377501487732,1.4347531063666996,0.04895891360808758,False,True
28,negation_and_polarity_structure,mean,6,4382,0.6044781804084778,0.28164535760879517,0.3861485421657562,True,True,0.0004997501249375312,0.0004997501249375312,True,True,True,0.6044781804084778,0.28127968311309814,0.10703517196891017,1,2.149028944139654,0.32319849729537964,6.549802555459721,0.1264903051313796,True,True
28,negation_and_polarity_structure,mean,7,15943,-0.5919666886329651,-0.3343682885169983,-0.1843358874320984,True,True,0.0004997501249375312,0.0004997501249375312,True,True,True,0.5919666886329651,0.9110383987426758,0.4410154356692846,12,0.6497713921278603,-0.3190717101097107,0.5708612124018694,0.033272315628201266,True,True
28,negation_and_polarity_structure,mean,8,2953,0.569094181060791,0.2515960931777954,-0.10852111130952835,True,False,0.0004997501249375312,0.0004997501249375312,True,False,False,0.569094181060791,0.5688794851303101,0.18150613581140837,1,1.000377401428761,0.00021469593048095703,2.51144780931438,0.07441247024007043,True,False
28,negation_and_polarity_structure,mean,9,3522,-0.5680692791938782,-0.3765927851200104,-0.3984661102294922,True,True,0.0004997501249375312,0.0004997501249375312,True,True,True,0.5680692791938782,0.37531691789627075,0.16014731546434072,1,1.5135722694783502,0.19275236129760742,4.137144793793854,0.08337022857494057,True,True
28,negation_and_polarity_structure,mean,10,12169,-0.5663538575172424,-0.15168404579162598,-0.40869200229644775,True,True,0.0004997501249375312,0.0004997501249375312,True,True,True,0.5663538575172424,0.34212398529052734,0.14540575854241466,1,1.6554052971068425,0.2242298722267151,4.142522601135025,0.09080289475512843,True,True
28,negation_and_polarity_structure,mean,11,16131,0.5630006790161133,0.40965694189071655,0.4987392723560333,True,True,0.0004997501249375312,0.0004997501249375312,True,True,True,0.5630006790161133,0.3410896360874176,0.09850923893734431,1,1.6505945049348327,0.22191104292869568,6.6256952809917635,0.12781349498346833,True,True
28,negation_and_polarity_structure,mean,12,8116,0.5629807710647583,0.3141380846500397,0.601874828338623,True,True,0.0004997501249375312,0.0004997501249375312,True,True,True,0.5629807710647583,0.6275724172592163,0.14919851224961653,2,0.8970769835988845,-0.06459164619445801,3.1686820839735748,0.08821767933598133,True,True
28,negation_and_polarity_structure,mean,13,5628,-0.561010479927063,-0.29028186202049255,-0.6679069995880127,True,True,0.0004997501249375312,0.0004997501249375312,True,True,True,0.561010479927063,0.9110501408576965,0.4458592018255821,16,0.6157844170891701,-0.35003966093063354,0.45895395626825697,0.03125490264963048,True,True
28,negation_and_polarity_structure,mean,14,6505,-0.5573989152908325,0.09116850793361664,-0.40812838077545166,False,True,0.0004997501249375312,0.0004997501249375312,True,False,False,0.5573989152908325,0.5737358331680298,0.13783267171432576,2,0.9715253659737639,-0.016336917877197266,3.0992369757469254,0.09395092474662442,False,True
28,negation_and_polarity_structure,mean,15,753,-0.5556164979934692,0.0,-0.34270521998405457,False,True,0.0004997501249375312,0.0004997501249375312,True,False,False,0.5556164979934692,0.4014720320701599,0.11980251888505733,1,1.3839482046320266,0.15414446592330933,4.506918782059567,0.10627879875808093,False,True
28,negation_and_polarity_structure,mean,16,9792,0.5525667667388916,0.28564542531967163,0.021366018801927567,True,True,0.0004997501249375312,0.0004997501249375312,True,True,True,0.5525667667388916,0.5653831958770752,0.14427418768620834,2,0.9773314289642062,-0.012816429138183594,3.7927858219816195,0.08942280451117578,True,True
28,negation_and_polarity_structure,mean,17,7822,-0.546663761138916,-0.0912054106593132,-0.5883719325065613,True,True,0.0004997501249375312,0.0004997501249375312,True,True,True,0.546663761138916,0.807671308517456,0.15680430416399851,3,0.6768393966381697,-0.26100754737854004,2.0043920984096295,0.08205661456299986,True,True
28,negation_and_polarity_structure,mean,18,172,-0.5452700853347778,-0.5372506380081177,-0.2723601758480072,True,True,0.0004997501249375312,0.0004997501249375312,True,True,True,0.5452700853347778,0.3973819315433502,0.13256297446787357,1,1.372156210568156,0.1478881537914276,3.977123359130276,0.09540656428776072,True,True
28,negation_and_polarity_structure,mean,19,14043,0.5361425876617432,0.013989187777042389,0.2438025027513504,True,True,0.0004997501249375312,0.0004997501249375312,True,True,True,0.5361425876617432,0.8789437413215637,0.3803707102331548,13,0.6099851019538622,-0.34280115365982056,0.5830765185409158,0.034881044179110574,True,True
28,negation_and_polarity_structure,mean,20,1644,-0.5353201627731323,0.5953333377838135,0.36983564496040344,False,False,0.0004997501249375312,0.0004997501249375312,True,False,False,0.5353201627731323,0.562903642654419,0.11667167312370087,2,0.9509978657249144,-0.02758347988128662,3.6900471824821586,0.105263698785879,False,False
28,negation_and_polarity_structure,mean,21,1893,0.5293359756469727,0.14417946338653564,0.2523796856403351,True,True,0.0004997501249375312,0.0004997501249375312,True,True,True,0.5293359756469727,0.7438100576400757,0.19227739844399577,3,0.7116547702062863,-0.21447408199310303,2.0118183014120787,0.06593495113483437,True,True
28,negation_and_polarity_structure,mean,22,5340,0.5275554060935974,0.20155441761016846,0.34784772992134094,True,True,0.0004997501249375312,0.0004997501249375312,True,True,True,0.5275554060935974,0.7292442321777344,0.24565361430629706,5,0.7234276019135102,-0.20168882608413696,1.697751113861882,0.052191629034315776,True,True
28,negation_and_polarity_structure,mean,23,11054,-0.5257533192634583,-0.2380298525094986,-0.5720542073249817,True,True,0.0004997501249375312,0.0004997501249375312,True,True,True,0.5257533192634583,0.6058958172798157,0.13631113082504806,2,0.8677289135677497,-0.08014249801635742,2.936565535520223,0.08999716723980147,True,True
28,negation_and_polarity_structure,mean,24,14103,-0.5236856341362,0.0014965273439884186,-0.3690609037876129,False,True,0.0004997501249375312,0.0004997501249375312,True,False,False,0.5236856341362,0.45882582664489746,0.14342739639463475,1,1.1413604111293847,0.06485980749130249,3.7066260963817332,0.08560655900078352,False,True
28,negation_and_polarity_structure,mean,25,16084,0.5228024125099182,0.022439049556851387,-0.05148719251155853,True,False,0.0004997501249375312,0.0004997501249375312,True,False,False,0.5228024125099182,0.8151004314422607,0.2996761799813845,9,0.6413963142981749,-0.29229801893234253,0.971499161910596,0.04281695222682324,True,False
28,negation_and_polarity_structure,final,1,12178,-0.6493474841117859,-0.2759208679199219,-0.4037792682647705,True,True,0.0004997501249375312,0.0004997501249375312,True,True,True,0.6493474841117859,0.7508994340896606,0.26045309303280634,2,0.8647595864804594,-0.10155194997787476,2.0998750892599363,0.06008572182989586,True,True
28,negation_and_polarity_structure,final,2,16084,0.6211166381835938,0.141943097114563,0.35813334584236145,True,True,0.0004997501249375312,0.0004997501249375312,True,True,True,0.6211166381835938,0.686457633972168,0.2981055160172475,5,0.9048142338945517,-0.06534099578857422,1.890739771388071,0.050714859505421796,True,True
28,negation_and_polarity_structure,final,3,9390,-0.5914976000785828,-0.23472154140472412,-0.39248621463775635,True,True,0.0004997501249375312,0.0004997501249375312,True,True,True,0.5914976000785828,0.7182981371879578,0.22642392101578224,4,0.8234708813170777,-0.126800537109375,1.9646296003474955,0.06277814520365056,True,True
28,negation_and_polarity_structure,final,4,6102,-0.5763770937919617,-0.3149268925189972,-0.4321485161781311,True,True,0.0004997501249375312,0.0004997501249375312,True,True,True,0.5763770937919617,0.6964392066001892,0.31922169239857257,7,0.8276057527054869,-0.12006211280822754,1.2713033273266034,0.04424812465669785,True,True
28,negation_and_polarity_structure,final,5,13304,-0.5674245953559875,-0.284955769777298,0.08241003006696701,True,False,0.0004997501249375312,0.0004997501249375312,True,False,False,0.5674245953559875,0.7635689973831177,0.34842798304863465,8,0.7431215742135279,-0.19614440202713013,1.1034824008575188,0.04008335322989429,True,False
28,negation_and_polarity_structure,final,6,4585,0.5507799983024597,0.2896498441696167,0.4503025412559509,True,True,0.0004997501249375312,0.0004997501249375312,True,True,True,0.5507799983024597,0.3493327498435974,0.15761081251100853,1,1.5766629339764275,0.2014472484588623,3.8113166067078494,0.08223540665828097,True,True
28,negation_and_polarity_structure,final,7,8793,-0.5296660661697388,-0.23259849846363068,-0.33457517623901367,True,True,0.0004997501249375312,0.0004997501249375312,True,True,True,0.5296660661697388,0.7092878222465515,0.25951623825881726,6,0.7467575919915125,-0.17962175607681274,1.498489745887458,0.04973017032367509,True,True
28,negation_and_polarity_structure,final,8,11483,0.5220052599906921,0.26810628175735474,-0.053785014897584915,True,False,0.0004997501249375312,0.0004997501249375312,True,False,False,0.5220052599906921,0.7352381348609924,0.24330151795920058,4,0.7099812091348946,-0.2132328748703003,1.5416885310118327,0.05214439537116626,True,False
28,negation_and_polarity_structure,final,9,7918,0.5213590860366821,0.13395990431308746,0.758259117603302,True,True,0.0004997501249375312,0.0004997501249375312,True,True,True,0.5213590860366821,0.8988211750984192,0.3483934634580062,10,0.5800476229096342,-0.37746208906173706,0.7350054359248714,0.036953010006516726,True,True
28,negation_and_polarity_structure,final,10,9622,0.5110980272293091,0.2862301766872406,0.2131274938583374,True,True,0.0004997501249375312,0.0004997501249375312,True,True,True,0.5110980272293091,0.8516861796379089,0.35976505064620423,12,0.600101351235499,-0.34058815240859985,0.5592095421564229,0.035146493719292404,True,True
28,negation_and_polarity_structure,final,11,2734,-0.49776726961135864,-0.06512481719255447,-0.11004343628883362,True,True,0.0004997501249375312,0.0004997501249375312,True,True,True,0.49776726961135864,0.834618091583252,0.37698022476755655,13,0.5964012458286223,-0.3368508219718933,0.4932387599976736,0.03274785522623172,True,True
28,negation_and_polarity_structure,final,12,8686,0.49600791931152344,0.08292289078235626,0.15948700904846191,True,True,0.0004997501249375312,0.0004997501249375312,True,True,True,0.49600791931152344,0.7252227067947388,0.34019940403791576,12,0.6839387606928716,-0.22921478748321533,0.7268255835304813,0.0360371751635971,True,True
28,negation_and_polarity_structure,final,13,1828,-0.4934588670730591,-0.24856294691562653,-0.5192589163780212,True,True,0.0004997501249375312,0.0004997501249375312,True,True,True,0.4934588670730591,0.7534714341163635,0.2846344164214455,11,0.6549138357869729,-0.26001256704330444,0.9048937688820975,0.042560833859734526,True,True
28,negation_and_polarity_structure,final,14,1546,-0.4749886095523834,-0.3158004879951477,-0.22283442318439484,True,True,0.0004997501249375312,0.0004997501249375312,True,True,True,0.4749886095523834,0.7679563164710999,0.31660029411506957,12,0.618509932615755,-0.29296770691871643,0.7439375705360625,0.03704365848728829,True,True
28,negation_and_polarity_structure,final,15,443,0.441588431596756,0.4114247262477875,0.2929726541042328,True,True,0.0004997501249375312,0.0004997501249375312,True,True,True,0.441588431596756,0.7758102416992188,0.28404985757496876,8,0.5691964450347635,-0.33422181010246277,0.7075999293235933,0.03833388352731281,True,True
28,negation_and_polarity_structure,final,16,15059,-0.4294828176498413,-0.17573964595794678,-0.15039362013339996,True,True,0.0004997501249375312,0.0004997501249375312,True,True,True,0.4294828176498413,0.8713855743408203,0.3865888115042486,17,0.49287345383785297,-0.441902756690979,0.16515762824520372,0.02769704964853176,True,True
28,negation_and_polarity_structure,final,17,13357,0.42288801074028015,0.27373653650283813,0.5140899419784546,True,True,0.0004997501249375312,0.0004997501249375312,True,True,True,0.42288801074028015,0.4409339725971222,0.06720872605458283,2,0.9590733239479134,-0.01804596185684204,3.3064961319986557,0.1389238092850631,True,True
28,negation_and_polarity_structure,final,18,2993,-0.42206668853759766,-0.2915929853916168,-0.2619190216064453,True,True,0.0004997501249375312,0.0004997501249375312,True,True,True,0.42206668853759766,0.8524878621101379,0.3381202883349779,15,0.4950999390101209,-0.4304211735725403,0.35016014399203316,0.03101434316025725,True,True
28,negation_and_polarity_structure,final,19,14161,0.4130232334136963,0.3430403470993042,0.4573639929294586,True,True,0.0004997501249375312,0.0004997501249375312,True,True,True,0.4130232334136963,0.6182296872138977,0.07003417200384995,2,0.6680740863076619,-0.20520645380020142,2.798441607458316,0.13135384195985117,True,True
28,negation_and_polarity_structure,final,20,6578,0.4058520495891571,0.0,0.0,False,False,0.0004997501249375312,0.0004997501249375312,True,False,False,0.4058520495891571,0.2235250025987625,0.04389993312099996,1,1.8156897209288032,0.1823270469903946,6.208036343211104,0.19162499428621005,False,False
28,negation_and_polarity_structure,final,21,648,0.40129518508911133,0.37699639797210693,0.3040589988231659,True,True,0.0004997501249375312,0.0004997501249375312,True,True,True,0.40129518508911133,0.1666523963212967,0.011878301795476522,1,2.4079772865397997,0.23464278876781464,10.943273280446007,0.46416710437964925,True,True
28,negation_and_polarity_structure,final,22,13774,0.40125611424446106,0.32715168595314026,0.2972780764102936,True,True,0.0004997501249375312,0.0004997501249375312,True,True,True,0.40125611424446106,0.66399085521698,0.1564572642151362,4,0.6043096995866576,-0.2627347409725189,1.7286716222225809,0.06170238303884477,True,True
28,negation_and_polarity_structure,final,23,4257,0.400272011756897,0.34273192286491394,0.2986249327659607,True,True,0.0004997501249375312,0.0004997501249375312,True,True,True,0.400272011756897,0.6330991983413696,0.26924784603313756,12,0.6322421712198547,-0.23282718658447266,0.7109424660515582,0.03671904303079742,True,True
28,negation_and_polarity_structure,final,24,164,-0.3995269536972046,-0.27943554520606995,-0.07954860478639603,True,True,0.0004997501249375312,0.0004997501249375312,True,True,True,0.3995269536972046,0.9021463394165039,0.4242444330683121,21,0.4428626889464665,-0.5026193857192993,-0.10296254320264178,0.023577783577656032,True,True
28,negation_and_polarity_structure,final,25,2375,0.3979972302913666,0.03735383599996567,0.10867014527320862,True,True,0.0004997501249375312,0.0004997501249375312,True,True,True,0.3979972302913666,0.7361955046653748,0.2604117318510245,11,0.5406135024856875,-0.3381982743740082,0.6434458589399739,0.0377103624029985,True,True
29,quantifier_scope_and_distributivity,mean,1,12588,0.7267351150512695,0.27912798523902893,0.37582632899284363,True,True,0.0004997501249375312,0.0004997501249375312,True,True,True,0.7267351150512695,0.939502477645874,0.4576376581277985,8,0.7735318770763234,-0.2127673625946045,1.0059633984675447,0.0391252014621242,True,True
29,quantifier_scope_and_distributivity,mean,2,14198,0.7042573094367981,0.5189616680145264,0.031738292425870895,True,True,0.0004997501249375312,0.0004997501249375312,True,True,True,0.7042573094367981,0.9496552348136902,0.45096610445911306,9,0.7415926155295338,-0.2453979253768921,0.931160831726581,0.038500972952164446,True,True
29,quantifier_scope_and_distributivity,mean,3,8551,0.7004773616790771,0.47481101751327515,0.3130183815956116,True,True,0.0004997501249375312,0.0004997501249375312,True,True,True,0.7004773616790771,0.550254225730896,0.15166862442707404,1,1.2730067829077398,0.15022313594818115,4.381217975254093,0.10588340627652108,True,True
29,quantifier_scope_and_distributivity,mean,4,15834,0.6843138337135315,0.39483219385147095,0.054847922176122665,True,True,0.0004997501249375312,0.0004997501249375312,True,True,True,0.6843138337135315,0.9110556840896606,0.45952744427949,11,0.7511218531030924,-0.22674185037612915,0.855420468570732,0.03677943105558721,True,True
29,quantifier_scope_and_distributivity,mean,5,14976,0.679252564907074,0.2803349196910858,0.3336844742298126,True,True,0.0004997501249375312,0.0004997501249375312,True,True,True,0.679252564907074,0.9178556203842163,0.4336240923462006,9,0.7400429324851086,-0.23860305547714233,0.9413995743858844,0.038614536593269376,True,True
29,quantifier_scope_and_distributivity,mean,6,4843,0.6728047132492065,0.08414044976234436,0.3689556419849396,True,True,0.0004997501249375312,0.0004997501249375312,True,True,True,0.6728047132492065,0.9383313655853271,0.44424157386693436,9,0.7170225124356936,-0.2655266523361206,0.8410892818968543,0.03738172360615401,True,True
29,quantifier_scope_and_distributivity,mean,7,7402,0.6641635894775391,0.2863062918186188,0.14773119986057281,True,True,0.0004997501249375312,0.0004997501249375312,True,True,True,0.6641635894775391,0.9316076040267944,0.47510533340466327,13,0.7129220356368374,-0.26744401454925537,0.7127161534141377,0.03460398016487165,True,True
29,quantifier_scope_and_distributivity,mean,8,1445,0.6640057563781738,0.3138352632522583,-0.004849554970860481,True,False,0.0004997501249375312,0.0004997501249375312,True,False,False,0.6640057563781738,0.9310322999954224,0.42635048505587453,11,0.7131930400067092,-0.26702654361724854,0.8193143341952669,0.03840031511774753,True,False
29,quantifier_scope_and_distributivity,mean,9,3720,0.6501227617263794,0.0784577950835228,-0.11554685980081558,True,False,0.0004997501249375312,0.0004997501249375312,True,False,False,0.6501227617263794,0.9110410809516907,0.3919270628919968,7,0.7136042219383224,-0.2609183192253113,0.9807202150926614,0.04079770387279659,True,False
29,quantifier_scope_and_distributivity,mean,10,5628,-0.646938681602478,-0.4476780891418457,0.21836888790130615,True,False,0.0004997501249375312,0.0004997501249375312,True,False,False,0.646938681602478,0.9110501408576965,0.4436559146031355,10,0.710102169561629,-0.2641114592552185,0.8148901930248857,0.03604211728164961,True,False
29,quantifier_scope_and_distributivity,mean,11,4258,0.6451050639152527,-0.05677085369825363,0.4745651185512543,False,True,0.0004997501249375312,0.0004997501249375312,True,False,False,0.6451050639152527,0.9541237950325012,0.465841212333777,14,0.6761230222680673,-0.30901873111724854,0.6367825822324112,0.034290547475442745,False,True
29,quantifier_scope_and_distributivity,mean,12,3663,0.6372171640396118,0.20514854788780212,-0.2987786531448364,True,False,0.0004997501249375312,0.0004997501249375312,True,False,False,0.6372171640396118,0.9110647439956665,0.41198167061576474,9,0.6994202862520633,-0.2738475799560547,0.8469719562916159,0.03814643213589784,True,False
29,quantifier_scope_and_distributivity,mean,13,7097,0.6359012126922607,-0.3275093734264374,0.2558349072933197,False,True,0.0004997501249375312,0.0004997501249375312,True,False,False,0.6359012126922607,0.9442382454872131,0.46134996345827883,14,0.6734542004959193,-0.3083370327949524,0.6481477253900324,0.03413584095079346,False,True
29,quantifier_scope_and_distributivity,mean,14,6187,0.6258236765861511,-0.16358116269111633,0.5613601207733154,False,True,0.0004997501249375312,0.0004997501249375312,True,False,False,0.6258236765861511,0.9134624004364014,0.4744944690849083,15,0.6851115889249163,-0.28763872385025024,0.562562514463489,0.03271235923910733,False,True
29,quantifier_scope_and_distributivity,mean,15,13728,0.6250861883163452,-0.09384539723396301,0.1854359358549118,False,True,0.0004997501249375312,0.0004997501249375312,True,False,False,0.6250861883163452,0.9346834421157837,0.47688683313436997,14,0.6687677989687901,-0.3095972537994385,0.558936265955441,0.032516481044153986,False,True
29,quantifier_scope_and_distributivity,mean,16,12551,0.6151501536369324,0.24527911841869354,0.05060964822769165,True,True,0.0004997501249375312,0.0004997501249375312,True,True,True,0.6151501536369324,0.9535620808601379,0.46052699636381406,14,0.6451076086016874,-0.33841192722320557,0.5782788764752165,0.03311584779565624,True,True
29,quantifier_scope_and_distributivity,mean,17,7865,0.6146755814552307,0.11581988632678986,0.046321846544742584,True,True,0.0004997501249375312,0.0004997501249375312,True,True,True,0.6146755814552307,0.9497275352478027,0.444184912297015,15,0.6472125516449828,-0.335051953792572,0.5919578049963116,0.03426688862166048,True,True
29,quantifier_scope_and_distributivity,mean,18,7093,0.6111831068992615,-0.31388598680496216,0.5450098514556885,False,True,0.0004997501249375312,0.0004997501249375312,True,False,False,0.6111831068992615,0.9470043182373047,0.44539388899619764,13,0.6453857655442162,-0.3358212113380432,0.6222037714334644,0.03398946611391776,False,True
29,quantifier_scope_and_distributivity,mean,19,7485,0.6096889972686768,0.06694924831390381,0.2754746675491333,True,True,0.0004997501249375312,0.0004997501249375312,True,True,True,0.6096889972686768,0.9197880625724792,0.470083315928395,15,0.6628581323000518,-0.3100990653038025,0.5078350471613271,0.03218555574738972,True,True
29,quantifier_scope_and_distributivity,mean,20,3804,0.6066219210624695,-0.07013798505067825,0.20861893892288208,False,True,0.0004997501249375312,0.0004997501249375312,True,False,False,0.6066219210624695,0.945777177810669,0.45078353466203386,14,0.6414004643955434,-0.33915525674819946,0.5829782335161515,0.03335436987140691,False,True
29,quantifier_scope_and_distributivity,mean,21,10702,0.6039741635322571,-0.49552276730537415,0.3882432281970978,False,True,0.0004997501249375312,0.0004997501249375312,True,False,False,0.6039741635322571,0.9489488005638123,0.4558288488680354,16,0.6364665440047023,-0.3449746370315552,0.5543877954309335,0.03285807791281579,False,True
29,quantifier_scope_and_distributivity,mean,22,508,0.6035136580467224,-0.060375526547431946,0.5609126687049866,False,True,0.0004997501249375312,0.0004997501249375312,True,False,False,0.6035136580467224,0.9206925630569458,0.46513245636836076,15,0.6554996556536695,-0.3171789050102234,0.52035126325036,0.03219824898575299,False,True
29,quantifier_scope_and_distributivity,mean,23,4718,0.5997334122657776,-0.1809353083372116,0.42411547899246216,False,True,0.0004997501249375312,0.0004997501249375312,True,False,False,0.5997334122657776,0.9326634407043457,0.44590759215628706,16,0.643033045031614,-0.3329300284385681,0.5603676460546911,0.033336803498480824,False,True
29,quantifier_scope_and_distributivity,mean,24,3368,0.5980370044708252,0.3710533380508423,-0.012879393994808197,True,False,0.0004997501249375312,0.0004997501249375312,True,False,False,0.5980370044708252,0.9502339959144592,0.47295804388630086,16,0.6293576182730689,-0.35219699144363403,0.44977967495566545,0.031403897517485665,True,False
29,quantifier_scope_and_distributivity,mean,25,12279,0.5970671772956848,-0.09637373685836792,-0.01918262243270874,False,False,0.0004997501249375312,0.0004997501249375312,True,False,False,0.5970671772956848,0.9301673173904419,0.43890586065558285,13,0.6418922339378037,-0.3331001400947571,0.6111435952327522,0.033705195817149154,False,False
29,quantifier_scope_and_distributivity,final,1,16378,-0.6282507181167603,-0.38904130458831787,-0.40862491726875305,True,True,0.0004997501249375312,0.0004997501249375312,True,True,True,0.6282507181167603,0.8632649779319763,0.2906798380546463,4,0.7277611558177508,-0.23501425981521606,1.6202907108562161,0.05250840693517736,True,True
29,quantifier_scope_and_distributivity,final,2,13627,0.5275033116340637,0.30168983340263367,0.1739262342453003,True,True,0.0004997501249375312,0.0004997501249375312,True,True,True,0.5275033116340637,0.8320904970169067,0.2771164603913442,4,0.6339494484376328,-0.304587185382843,1.1928139150846513,0.046537380240960706,True,True
29,quantifier_scope_and_distributivity,final,3,4253,-0.4865584075450897,-0.2083999067544937,-0.17012031376361847,True,True,0.0004997501249375312,0.0004997501249375312,True,True,True,0.4865584075450897,0.8075404763221741,0.3038476030745257,8,0.6025189099635592,-0.32098206877708435,0.8948083832593057,0.039440187637079745,True,True
29,quantifier_scope_and_distributivity,final,4,9899,-0.4082472622394562,-0.29639309644699097,-0.4175209403038025,True,True,0.0004997501249375312,0.0004997501249375312,True,True,True,0.4082472622394562,0.48635876178741455,0.1546322927595331,3,0.8393953071578454,-0.07811149954795837,2.122559255708301,0.06340319599852526,True,True
29,quantifier_scope_and_distributivity,final,5,5475,-0.38681039214134216,-0.31142324209213257,-0.39764952659606934,True,True,0.0004997501249375312,0.0004997501249375312,True,True,True,0.38681039214134216,0.3056682348251343,0.06352672773676041,1,1.2654582585679124,0.08114215731620789,3.478990597350138,0.13504286052658637,True,True
29,quantifier_scope_and_distributivity,final,6,12289,0.3847986161708832,0.19878968596458435,0.39656177163124084,True,True,0.0004997501249375312,0.0004997501249375312,True,True,True,0.3847986161708832,0.5974169969558716,0.1842784888457316,6,0.6441038974980929,-0.2126183807849884,1.3845799042782132,0.05082090748592847,True,True
29,quantifier_scope_and_distributivity,final,7,1838,0.3802295923233032,0.3643033504486084,0.4464024305343628,True,True,0.0004997501249375312,0.0004997501249375312,True,True,True,0.3802295923233032,0.7413030862808228,0.25587793277242243,11,0.5129205575427261,-0.36107349395751953,0.5676432132798561,0.036703579440990224,True,True
29,quantifier_scope_and_distributivity,final,8,9622,0.3716202974319458,0.16671061515808105,0.16668303310871124,True,True,0.0004997501249375312,0.0004997501249375312,True,True,True,0.3716202974319458,0.8516861796379089,0.3633414026922904,19,0.4363347748462218,-0.48006588220596313,0.03047075248195929,0.0255550789746904,True,True
29,quantifier_scope_and_distributivity,final,9,7038,-0.36947184801101685,0.2094205766916275,-0.10891475528478622,False,True,0.0004997501249375312,0.0004997501249375312,True,False,False,0.36947184801101685,0.6886276006698608,0.2531888283586177,13,0.5365336034332838,-0.319155752658844,0.642244099327198,0.03606772330762536,False,True
29,quantifier_scope_and_distributivity,final,10,5159,-0.35528045892715454,0.020572150126099586,0.04681755602359772,False,False,0.0004997501249375312,0.0004997501249375312,True,False,False,0.35528045892715454,0.8962443470954895,0.346086557667989,18,0.39641026476600083,-0.540963888168335,0.03649172486439107,0.025647099992456564,False,False
29,quantifier_scope_and_distributivity,final,11,2958,-0.35234490036964417,-0.3048529624938965,-0.3139459192752838,True,True,0.0004997501249375312,0.0004997501249375312,True,True,True,0.35234490036964417,0.22067710757255554,0.02001306139983428,1,1.5966536096355082,0.13166779279708862,6.381916362113776,0.31102402306829385,True,True
29,quantifier_scope_and_distributivity,final,12,6047,0.3425639569759369,0.4120083153247833,0.24174606800079346,True,True,0.0004997501249375312,0.0004997501249375312,True,True,True,0.3425639569759369,0.8227211833000183,0.29150327284318894,17,0.41637916213835413,-0.4801572263240814,0.2580497444786559,0.029250990739364647,True,True
29,quantifier_scope_and_distributivity,final,13,15282,-0.3261115252971649,0.07332833111286163,0.21428769826889038,False,False,0.0004997501249375312,0.0004997501249375312,True,False,False,0.3261115252971649,0.8384048938751221,0.26294856967452246,12,0.3889666289874237,-0.5122933685779572,0.29387791458872686,0.030820174491226978,False,False
29,quantifier_scope_and_distributivity,final,14,13304,-0.31045296788215637,-0.7234491109848022,-0.400696337223053,True,True,0.0004997501249375312,0.0004997501249375312,True,True,True,0.31045296788215637,0.7635689973831177,0.35501699913770723,22,0.4065814208619419,-0.4531160295009613,-0.22126085303521123,0.021930660170066226,True,True
29,quantifier_scope_and_distributivity,final,15,2375,0.297242671251297,0.43300920724868774,0.02567453682422638,True,True,0.0004997501249375312,0.0004997501249375312,True,True,True,0.297242671251297,0.7361955046653748,0.2629951820828212,18,0.4037550750685494,-0.43895283341407776,0.15937308443592543,0.028163836332016065,True,True
29,quantifier_scope_and_distributivity,final,16,1893,-0.28919458389282227,-0.12058805674314499,-0.31411439180374146,True,True,0.0004997501249375312,0.0004997501249375312,True,True,True,0.28919458389282227,0.3576667606830597,0.11073881350696468,3,0.8085587359041371,-0.06847217679023743,1.9299582224437928,0.06275912810823951,True,True
29,quantifier_scope_and_distributivity,final,17,105,0.2819458544254303,0.022618265822529793,-0.0770961195230484,True,False,0.0004997501249375312,0.0004997501249375312,True,False,False,0.2819458544254303,0.8573086857795715,0.31082222481759697,19,0.3288732041353927,-0.5753628313541412,-0.1243656286865523,0.02273021344063133,True,False
29,quantifier_scope_and_distributivity,final,18,4257,-0.2815607488155365,0.2577635645866394,0.15256381034851074,False,False,0.0004997501249375312,0.0004997501249375312,True,False,False,0.2815607488155365,0.6330991983413696,0.27229172457009554,18,0.44473401570115056,-0.35153844952583313,0.04997272283007791,0.025829038623415786,False,False
29,quantifier_scope_and_distributivity,final,19,9467,0.2778059244155884,0.2475815862417221,0.3346436023712158,True,True,0.0004997501249375312,0.0004997501249375312,True,True,True,0.2778059244155884,0.14732304215431213,0.03805640836556753,1,1.8856922878676587,0.13048288226127625,5.577320155462565,0.1576645868170778,True,True
29,quantifier_scope_and_distributivity,final,20,10521,0.27294623851776123,0.2079436331987381,0.5000930428504944,True,True,0.0004997501249375312,0.0004997501249375312,True,True,True,0.27294623851776123,0.695823073387146,0.1817900870138636,9,0.392263851195831,-0.42287683486938477,0.516954210821456,0.0370711869133031,True,True
29,quantifier_scope_and_distributivity,final,21,6119,0.25477734208106995,-0.18288417160511017,-0.2557065188884735,False,False,0.0004997501249375312,0.0004997501249375312,True,False,False,0.25477734208106995,0.9419602155685425,0.23932322632903472,15,0.2704756929965381,-0.6871828734874725,0.07398247967152924,0.026571460233992907,False,False
29,quantifier_scope_and_distributivity,final,22,15059,0.24720968306064606,-0.15352581441402435,0.18190032243728638,False,True,0.0004997501249375312,0.0004997501249375312,True,False,False,0.24720968306064606,0.8713855743408203,0.3912624816219203,26,0.28369724073944363,-0.6241758912801743,-0.5566618330837398,0.015942381357176617,False,True
29,quantifier_scope_and_distributivity,final,23,8793,-0.24322043359279633,-0.5113222002983093,-0.20064294338226318,True,True,0.0004997501249375312,0.0004997501249375312,True,True,True,0.24322043359279633,0.7092878222465515,0.26686099806848246,17,0.342907950713768,-0.4660673886537552,-0.127536330479869,0.022835885402731716,True,True
29,quantifier_scope_and_distributivity,final,24,9083,0.24106034636497498,0.0029398321639746428,-0.062684565782547,True,False,0.0004997501249375312,0.0004997501249375312,True,False,False,0.24106034636497498,0.8635587692260742,0.34381694740687424,27,0.27914758665587347,-0.6224984228610992,-0.426256523028979,0.017660200462046614,True,False
29,quantifier_scope_and_distributivity,final,25,8113,0.23704583942890167,0.09889006614685059,0.3736360967159271,True,True,0.0004997501249375312,0.0004997501249375312,True,True,True,0.23704583942890167,0.8603767156600952,0.20888492573673526,16,0.2755140104495229,-0.6233308762311935,0.15327705145609033,0.02827508809935031,True,True
30,conditional_and_counterfactual_marking,mean,1,15938,0.8586918115615845,0.49859920144081116,-0.1143210232257843,True,False,0.0004997501249375312,0.0004997501249375312,True,False,False,0.8586918115615845,0.5048846006393433,0.12459706012398386,1,1.700768473576357,0.3538072109222412,5.393826219946942,0.15017405422841323,True,False
30,conditional_and_counterfactual_marking,mean,2,6546,0.8258181214332581,0.10020212084054947,-0.12392443418502808,True,False,0.0004997501249375312,0.0004997501249375312,True,False,False,0.8258181214332581,0.44297316670417786,0.07413987125246188,1,1.8642621799815429,0.3828449547290802,7.32751156496179,0.2221569680665152,True,False
30,conditional_and_counterfactual_marking,mean,3,10407,0.7863895297050476,0.1414213478565216,0.0,True,False,0.0004997501249375312,0.0004997501249375312,True,False,False,0.7863895297050476,0.43966251611709595,0.08653714075589027,1,1.7886208191002742,0.34672701358795166,6.67950030722432,0.18897516281532598,True,False
30,conditional_and_counterfactual_marking,mean,4,14021,0.7776678800582886,0.6745672821998596,0.39944714307785034,True,True,0.0004997501249375312,0.0004997501249375312,True,True,True,0.7776678800582886,0.5009183287620544,0.14211920146137857,1,1.5524843780026572,0.27674955129623413,5.169807944724118,0.12304254872217234,True,True
30,conditional_and_counterfactual_marking,mean,5,3409,0.7776059508323669,-0.1414213627576828,0.1414213478565216,False,True,0.0004997501249375312,0.0004997501249375312,True,False,False,0.7776059508323669,0.9236767292022705,0.2448854650108096,2,0.8418594149318269,-0.14607077836990356,2.8102434245361763,0.0752900347621488,False,True
30,conditional_and_counterfactual_marking,mean,6,2375,-0.7626994848251343,0.6082121133804321,-0.275926798582077,False,True,0.0004997501249375312,0.0004997501249375312,True,False,False,0.7626994848251343,0.7368846535682678,0.31437245794595814,1,1.0350323909337256,0.025814831256866455,2.2064920922171036,0.05856456174541289,False,True
30,conditional_and_counterfactual_marking,mean,7,9587,-0.7516647577285767,-0.8302333950996399,-0.36107513308525085,True,True,0.0004997501249375312,0.0004997501249375312,True,True,True,0.7516647577285767,0.9425148367881775,0.47035256575028866,8,0.7975097350085611,-0.19085007905960083,1.0196983757856883,0.03936362549521454,True,True
30,conditional_and_counterfactual_marking,mean,8,15373,0.749467670917511,0.4480440318584442,0.17201539874076843,True,True,0.0004997501249375312,0.0004997501249375312,True,True,True,0.749467670917511,0.5893078446388245,0.13197234168183059,1,1.2717761654383635,0.16015982627868652,4.597953691383912,0.12710621218533089,True,True
30,conditional_and_counterfactual_marking,mean,9,7918,0.7464548945426941,0.7466973066329956,0.7330500483512878,True,True,0.0004997501249375312,0.0004997501249375312,True,True,True,0.7464548945426941,0.9098673462867737,0.3772462019458031,6,0.8203996962733346,-0.1634124517440796,1.4637819502725833,0.048285927506945735,True,True
30,conditional_and_counterfactual_marking,mean,10,2352,-0.7376364469528198,0.1441524475812912,-0.3494853079319,False,True,0.0004997501249375312,0.0004997501249375312,True,False,False,0.7376364469528198,0.5144590139389038,0.18253630103591162,1,1.4338099381429443,0.22317743301391602,4.002648740323421,0.09388806048283968,False,True
30,conditional_and_counterfactual_marking,mean,11,661,0.7295558452606201,0.710444450378418,0.8554927706718445,True,True,0.0004997501249375312,0.0004997501249375312,True,True,True,0.7295558452606201,0.8909521698951721,0.3439998116153173,5,0.8188496194430487,-0.161396324634552,1.565355444026939,0.05157494213465557,True,True
30,conditional_and_counterfactual_marking,mean,12,2562,0.7288877964019775,-0.24074788391590118,0.05445275083184242,False,True,0.0004997501249375312,0.0004997501249375312,True,False,False,0.7288877964019775,0.5368382930755615,0.16376905690114468,1,1.3577418112746003,0.19204950332641602,4.672972393090845,0.10243113885821299,False,True
30,conditional_and_counterfactual_marking,mean,13,5697,0.7274873852729797,0.4586178958415985,0.7805473208427429,True,True,0.0004997501249375312,0.0004997501249375312,True,True,True,0.7274873852729797,0.9022186398506165,0.36408466771722603,5,0.8063315843191097,-0.17473125457763672,1.5048920527129892,0.048737030080553446,True,True
30,conditional_and_counterfactual_marking,mean,14,770,0.7260804772377014,-0.1823442429304123,-0.39021816849708557,False,False,0.0004997501249375312,0.0004997501249375312,True,False,False,0.7260804772377014,0.4590210020542145,0.12449493158895236,1,1.5818023009586495,0.26705947518348694,4.8989234106355655,0.1300897111088646,False,False
30,conditional_and_counterfactual_marking,mean,15,13191,0.7227002382278442,-0.5232931971549988,0.8754149675369263,False,True,0.0004997501249375312,0.0004997501249375312,True,False,False,0.7227002382278442,0.8876463770866394,0.3624798876878161,5,0.8141758439884946,-0.16494613885879517,1.4602138556070159,0.04863584444580948,False,True
30,conditional_and_counterfactual_marking,mean,16,9790,0.7185168862342834,0.2597363293170929,-0.38804176449775696,True,False,0.0004997501249375312,0.0004997501249375312,True,False,False,0.7185168862342834,0.49409621953964233,0.18258994502516893,1,1.4542043792679442,0.2244206666946411,4.274114571241571,0.09165311799643507,True,False
30,conditional_and_counterfactual_marking,mean,17,15951,0.7184366583824158,0.17895762622356415,0.30425888299942017,True,True,0.0004997501249375312,0.0004997501249375312,True,True,True,0.7184366583824158,0.3831537067890167,0.10056203644042118,1,1.8750612238707176,0.33528295159339905,6.88752941568957,0.15482360535804343,True,True
30,conditional_and_counterfactual_marking,mean,18,11810,0.7173345685005188,0.1414213478565216,0.2103140950202942,True,True,0.0004997501249375312,0.0004997501249375312,True,True,True,0.7173345685005188,0.42508503794670105,0.08257474379840857,1,1.6875083911809223,0.29224953055381775,6.04119541653817,0.18216866119579075,True,True
30,conditional_and_counterfactual_marking,mean,19,4454,-0.7160232067108154,-0.7499039769172668,-0.33108577132225037,True,True,0.0004997501249375312,0.0004997501249375312,True,True,True,0.7160232067108154,0.9449368119239807,0.44969508677529985,10,0.7577471823252652,-0.22891360521316528,0.9450723128481493,0.039225268161532365,True,True
30,conditional_and_counterfactual_marking,mean,20,6606,0.7080111503601074,0.0,-0.1414213478565216,False,False,0.0004997501249375312,0.0004997501249375312,True,False,False,0.7080111503601074,0.2280077338218689,0.05950460625955692,1,3.1052067335279134,0.4800034165382385,10.019204271734669,0.23376805306432938,False,False
30,conditional_and_counterfactual_marking,mean,21,13369,0.7073783278465271,-0.19863687455654144,0.4224112331867218,False,True,0.0004997501249375312,0.0004997501249375312,True,False,False,0.7073783278465271,0.41226598620414734,0.1427359472339352,1,1.715829953277409,0.29511234164237976,5.069240286404883,0.11274613926001133,False,True
30,conditional_and_counterfactual_marking,mean,22,11143,0.7073280811309814,0.0,0.42043188214302063,False,True,0.0004997501249375312,0.0004997501249375312,True,False,False,0.7073280811309814,0.4068554937839508,0.11778174663105836,1,1.738524099926713,0.30047258734703064,5.7206977080457975,0.13343757913458196,False,True
30,conditional_and_counterfactual_marking,mean,23,996,0.704390823841095,-0.10936880856752396,-0.2414828985929489,False,False,0.0004997501249375312,0.0004997501249375312,True,False,False,0.704390823841095,0.4409473240375519,0.09071796487282532,1,1.59744891383241,0.2634434998035431,7.27902740187724,0.16603626315451428,False,False
30,conditional_and_counterfactual_marking,mean,24,5083,0.7038811445236206,0.0,0.0,False,False,0.0004997501249375312,0.0004997501249375312,True,False,False,0.7038811445236206,0.2570629417896271,0.05983499774279503,1,2.7381665347145088,0.44681820273399353,8.44039819565563,0.23173453336531025,False,False
30,conditional_and_counterfactual_marking,mean,25,8361,0.7018194198608398,-0.03150591999292374,-0.15258502960205078,False,False,0.0004997501249375312,0.0004997501249375312,True,False,False,0.7018194198608398,0.44847872853279114,0.10383880005265848,1,1.5648889795885277,0.2533406913280487,6.584486744278252,0.14770379911188694,False,False
30,conditional_and_counterfactual_marking,final,1,5219,-0.7958799600601196,-0.5039891600608826,-0.7219234108924866,True,True,0.0004997501249375312,0.0004997501249375312,True,True,True,0.7958799600601196,0.6689465641975403,0.28096514873397654,1,1.1897511739444346,0.12693339586257935,2.7948680730586024,0.0677141748642916,True,True
30,conditional_and_counterfactual_marking,final,2,15373,0.7788593173027039,0.0,0.0,False,False,0.0004997501249375312,0.0004997501249375312,True,False,False,0.7788593173027039,0.30047711730003357,0.04156168970542076,1,2.592075311095967,0.4783822000026703,8.808407336245597,0.32455646584512976,False,False
30,conditional_and_counterfactual_marking,final,3,9622,-0.6958773732185364,-0.681353747844696,0.5171591639518738,True,False,0.0004997501249375312,0.0004997501249375312,True,False,False,0.6958773732185364,0.8516861796379089,0.3550271186977625,7,0.8170584305059241,-0.15580880641937256,1.280617642414047,0.04785314836726971,True,False
30,conditional_and_counterfactual_marking,final,4,7247,0.6880776882171631,0.7435785531997681,0.5968989729881287,True,True,0.0004997501249375312,0.0004997501249375312,True,True,True,0.6880776882171631,0.736851692199707,0.26493168738073647,3,0.9338075701001106,-0.048774003982543945,1.9988520123245213,0.0624366489027654,True,True
30,conditional_and_counterfactual_marking,final,5,16335,0.6755221486091614,-0.6927642822265625,0.42173483967781067,False,True,0.0004997501249375312,0.0004997501249375312,True,False,False,0.6755221486091614,0.698752760887146,0.3286222730978177,3,0.9667541746117887,-0.02323061227798462,1.7652152754842112,0.05006912415496381,False,True
30,conditional_and_counterfactual_marking,final,6,4730,0.6318434476852417,0.7897080779075623,0.4932008683681488,True,True,0.0004997501249375312,0.0004997501249375312,True,True,True,0.6318434476852417,0.5744795203208923,0.16237157330107996,1,1.099853737749097,0.057363927364349365,2.8880812112270093,0.09072559910561963,True,True
30,conditional_and_counterfactual_marking,final,7,13304,-0.6240345239639282,0.6980785131454468,-0.3922252953052521,False,True,0.0004997501249375312,0.0004997501249375312,True,False,False,0.6240345239639282,0.7635689973831177,0.3469764464176618,4,0.8172601639178672,-0.13953447341918945,1.4093270879828883,0.04408232645608587,False,True
30,conditional_and_counterfactual_marking,final,8,4923,0.6205431818962097,0.11113420873880386,0.04685593023896217,True,True,0.0004997501249375312,0.0004997501249375312,True,True,True,0.6205431818962097,0.7814890742301941,0.286645190217174,7,0.7940522809067752,-0.16094589233398438,1.4678890029135372,0.052589717312689736,True,True
30,conditional_and_counterfactual_marking,final,9,15059,-0.6157509684562683,-0.7173371315002441,-0.2843512296676636,True,True,0.0004997501249375312,0.0004997501249375312,True,True,True,0.6157509684562683,0.8713855743408203,0.3818127050733146,10,0.7066343379875979,-0.255634605884552,0.9099474386279527,0.03970935377063059,True,True
30,conditional_and_counterfactual_marking,final,10,1546,-0.6067984104156494,-0.34258851408958435,-0.18434762954711914,True,True,0.0004997501249375312,0.0004997501249375312,True,True,True,0.6067984104156494,0.7679563164710999,0.3132205556313961,5,0.7901470401389488,-0.16115790605545044,1.4033945458035288,0.04732330972578356,True,True
30,conditional_and_counterfactual_marking,final,11,3044,0.6002528667449951,0.565321147441864,0.06504543125629425,True,True,0.0004997501249375312,0.0004997501249375312,True,True,True,0.6002528667449951,0.7265186905860901,0.2525445396701495,4,0.8262043007603356,-0.12626582384109497,1.9361069177317192,0.05744326964205546,True,True
30,conditional_and_counterfactual_marking,final,12,6102,0.5371683835983276,-0.018719270825386047,0.0104304738342762,False,True,0.0004997501249375312,0.0004997501249375312,True,False,False,0.5371683835983276,0.6964392066001892,0.3202270439419991,10,0.771306926013866,-0.15927082300186157,1.0661421459481866,0.041238095432839655,False,True
30,conditional_and_counterfactual_marking,final,13,13033,0.530163049697876,0.2147715836763382,0.5472205877304077,True,True,0.0004997501249375312,0.0004997501249375312,True,True,True,0.530163049697876,0.8112314343452454,0.3109657901028792,8,0.6535287308310198,-0.2810683846473694,1.027907878870748,0.04188420110638774,True,True
30,conditional_and_counterfactual_marking,final,14,1828,0.5057724714279175,0.25572699308395386,-0.34734272956848145,True,False,0.0004997501249375312,0.0004997501249375312,True,False,False,0.5057724714279175,0.7534714341163635,0.28431868297644913,10,0.6712563323930973,-0.24769896268844604,0.9608788172935474,0.04362288239940346,True,False
30,conditional_and_counterfactual_marking,final,15,4257,-0.48754116892814636,0.30478376150131226,-0.2772805392742157,False,True,0.0004997501249375312,0.0004997501249375312,True,False,False,0.48754116892814636,0.6330991983413696,0.2670101753364389,6,0.7700865365260852,-0.14555802941322327,1.211090799721035,0.044724698793156166,False,True
30,conditional_and_counterfactual_marking,final,16,1633,-0.47791004180908203,0.1925611048936844,-0.0038978138472884893,False,True,0.0004997501249375312,0.0004997501249375312,True,False,False,0.47791004180908203,0.6665946841239929,0.19274876722827172,5,0.7169424737269375,-0.1886846423149109,1.441422318293929,0.059775278192253783,False,True
30,conditional_and_counterfactual_marking,final,17,7038,0.47050702571868896,0.2011938840150833,-0.31230461597442627,True,False,0.0004997501249375312,0.0004997501249375312,True,False,False,0.47050702571868896,0.6886276006698608,0.25059818277636975,6,0.6832532202615818,-0.21812057495117188,1.2314868579155371,0.045930744951938614,True,False
30,conditional_and_counterfactual_marking,final,18,4359,-0.46537771821022034,0.12240613251924515,0.12226516753435135,False,False,0.0004997501249375312,0.0004997501249375312,True,False,False,0.46537771821022034,0.36514198780059814,0.12284175043877883,1,1.2745116523393643,0.10023573040962219,3.660342607693179,0.08853871395256178,False,False
30,conditional_and_counterfactual_marking,final,19,16014,0.4613591134548187,-0.06373609602451324,0.19753359258174896,False,True,0.0004997501249375312,0.0004997501249375312,True,False,False,0.4613591134548187,0.45814746618270874,0.17085242538283077,1,1.0070100731951428,0.0032116472721099854,2.4665698575344672,0.06475575802701929,False,True
30,conditional_and_counterfactual_marking,final,20,4107,0.4514743983745575,-0.16298210620880127,-0.2727004289627075,False,False,0.0004997501249375312,0.0004997501249375312,True,False,False,0.4514743983745575,0.16981934010982513,0.007240089277426402,1,2.6585570176081306,0.28165505826473236,13.785510371974048,0.6152236216738893,False,False
30,conditional_and_counterfactual_marking,final,21,5159,-0.43375688791275024,-0.21408000588417053,-0.3223632574081421,True,True,0.0004997501249375312,0.0004997501249375312,True,True,True,0.43375688791275024,0.8962443470954895,0.3440743415401532,13,0.48397168620192815,-0.46248745918273926,0.3565349873945039,0.03131218167840756,True,True
30,conditional_and_counterfactual_marking,final,22,14004,0.43007713556289673,-0.08309836685657501,0.2472468763589859,False,True,0.0004997501249375312,0.0004997501249375312,True,False,False,0.43007713556289673,0.8895617127418518,0.39701906520013625,21,0.48347082546672493,-0.4594845771789551,0.1199483028341628,0.027025385308476185,False,True
30,conditional_and_counterfactual_marking,final,23,8531,-0.42888227105140686,0.06173167750239372,-0.6280410885810852,False,True,0.0004997501249375312,0.0004997501249375312,True,False,False,0.42888227105140686,0.24498072266578674,0.07702264222555244,1,1.7506776304048484,0.18390154838562012,5.207513942798449,0.12493783621662755,False,True
30,conditional_and_counterfactual_marking,final,24,11776,0.41526395082473755,0.8065069317817688,0.3491683304309845,True,True,0.0004997501249375312,0.0004997501249375312,True,True,True,0.41526395082473755,0.8965377807617188,0.406179459956594,18,0.46318622565121564,-0.4812738299369812,0.03435074488369516,0.025544859458588205,True,True
30,conditional_and_counterfactual_marking,final,25,6618,-0.4129703938961029,0.5056567788124084,-0.21553337574005127,False,True,0.0004997501249375312,0.0004997501249375312,True,False,False,0.4129703938961029,0.33679601550102234,0.14933084085201606,1,1.2261736329682005,0.07617437839508057,2.8391329053200307,0.0662143323273961,False,True
31,subordination_and_embedding,mean,1,4847,0.97318434715271,0.9826292991638184,-0.3805694580078125,True,False,0.0004997501249375312,0.0004997501249375312,True,False,False,0.97318434715271,0.7256321310997009,0.1059010611109746,1,1.341153878726183,0.24755221605300903,5.292271735071478,0.19069610652915125,True,False
31,subordination_and_embedding,mean,2,5075,0.9673231840133667,0.9907845258712769,-0.3581274449825287,True,False,0.0004997501249375312,0.0004997501249375312,True,False,False,0.9673231840133667,0.7496909499168396,0.14367002616517055,1,1.2902959334385298,0.2176322340965271,4.850636715403742,0.14722318334666798,True,False
31,subordination_and_embedding,mean,3,10126,0.9631146192550659,0.9787701964378357,-0.40868765115737915,True,False,0.0004997501249375312,0.0004997501249375312,True,False,False,0.9631146192550659,0.7571836113929749,0.15108987399173948,1,1.2719697108647718,0.20593100786209106,4.608329287767937,0.14048542082374618,True,False
31,subordination_and_embedding,mean,4,3830,0.9547750949859619,0.9880829453468323,-0.3305339515209198,True,False,0.0004997501249375312,0.0004997501249375312,True,False,False,0.9547750949859619,0.7015196084976196,0.14596606373118284,1,1.361009846938871,0.2532554864883423,5.099055985111691,0.14363024437612318,True,False
31,subordination_and_embedding,mean,5,15825,0.9520765542984009,0.9667260050773621,-0.2369839996099472,True,False,0.0004997501249375312,0.0004997501249375312,True,False,False,0.9520765542984009,0.7130725383758545,0.1678424436503496,1,1.3351748988495886,0.2390040159225464,4.72242787502364,0.12697855522019252,True,False
31,subordination_and_embedding,mean,6,12993,0.9446601271629333,0.9753455519676208,-0.4143528938293457,True,False,0.0004997501249375312,0.0004997501249375312,True,False,False,0.9446601271629333,0.7192203998565674,0.13982990096347073,1,1.3134501292668075,0.22543972730636597,4.796876124438334,0.14764867915114355,True,False
31,subordination_and_embedding,mean,7,2726,0.9437970519065857,0.9816505908966064,-0.05833303928375244,True,False,0.0004997501249375312,0.0004997501249375312,True,False,False,0.9437970519065857,0.6669044494628906,0.27229809899551743,1,1.4151908158158157,0.27689260244369507,3.5016183299015204,0.08161917617554482,True,False
31,subordination_and_embedding,mean,8,8003,0.9397011995315552,0.9124987125396729,-0.06933043152093887,True,False,0.0004997501249375312,0.0004997501249375312,True,False,False,0.9397011995315552,0.8794295191764832,0.421851520665372,1,1.068534975277509,0.06027168035507202,1.920231982875797,0.05403093577530819,True,False
31,subordination_and_embedding,mean,9,15170,0.9363692402839661,0.9652486443519592,-0.3231046199798584,True,False,0.0004997501249375312,0.0004997501249375312,True,False,False,0.9363692402839661,0.7271414995193481,0.1022998042500172,1,1.2877400628391045,0.20922774076461792,6.526466559523307,0.19008476043760267,True,False
31,subordination_and_embedding,mean,10,7643,0.9267303943634033,0.9114087820053101,0.6489808559417725,True,True,0.0004997501249375312,0.0004997501249375312,True,True,True,0.9267303943634033,0.4695185124874115,0.15048559566434377,1,1.973788827737118,0.4572118818759918,5.136812013518638,0.13637074517096542,True,True
31,subordination_and_embedding,mean,11,5159,0.9191784858703613,0.958021879196167,0.2035028338432312,True,True,0.0004997501249375312,0.0004997501249375312,True,True,True,0.9191784858703613,0.9574276208877563,0.38576339687913275,3,0.9600501028141122,-0.03824913501739502,1.9802351740698563,0.05757838319186584,True,True
31,subordination_and_embedding,mean,12,13999,0.9166191816329956,0.8648797869682312,-0.05087820440530777,True,False,0.0004997501249375312,0.0004997501249375312,True,False,False,0.9166191816329956,0.6495229601860046,0.18184804539076793,1,1.4112190604786354,0.26709622144699097,5.832652319199314,0.11445303086799344,True,False
31,subordination_and_embedding,mean,13,9465,0.9151452779769897,0.9562950134277344,0.3600083291530609,True,True,0.0004997501249375312,0.0004997501249375312,True,True,True,0.9151452779769897,0.9370673298835754,0.4376035823653906,2,0.9766056811421338,-0.021922051906585693,1.869334797433706,0.050893188178658316,True,True
31,subordination_and_embedding,mean,14,11461,0.9137725234031677,0.9631659388542175,-0.5875706672668457,True,False,0.0004997501249375312,0.0004997501249375312,True,False,False,0.9137725234031677,0.6203399300575256,0.15274226636243746,1,1.4730190321916428,0.2934325933456421,5.785884752296816,0.13299514492993586,True,False
31,subordination_and_embedding,mean,15,7247,-0.9016627073287964,-0.8721266388893127,-0.2771604359149933,True,True,0.0004997501249375312,0.0004997501249375312,True,True,True,0.9016627073287964,0.8697184920310974,0.43654951210229254,1,1.036729373458644,0.031944215297698975,1.7840101743647776,0.05029608945308351,True,True
31,subordination_and_embedding,mean,16,1240,-0.8961310386657715,-0.9169958829879761,-0.20064771175384521,True,True,0.0004997501249375312,0.0004997501249375312,True,True,True,0.8961310386657715,0.9511415958404541,0.46902881199732804,3,0.9421636511164525,-0.05501055717468262,1.6005110979780268,0.04670206083721272,True,True
31,subordination_and_embedding,mean,17,164,0.8944200277328491,0.9608342051506042,0.39783814549446106,True,True,0.0004997501249375312,0.0004997501249375312,True,True,True,0.8944200277328491,0.9246817231178284,0.38387019301537806,4,0.9672733929649401,-0.030261695384979248,1.9337628298570186,0.05637566153888669,True,True
31,subordination_and_embedding,mean,18,805,-0.8942840099334717,-0.9164469838142395,-0.20076626539230347,True,True,0.0004997501249375312,0.0004997501249375312,True,True,True,0.8942840099334717,0.9521661996841431,0.46608447761107713,3,0.9392099932030014,-0.05788218975067139,1.6053383338728868,0.04689092743531489,True,True
31,subordination_and_embedding,mean,19,14054,-0.8939653635025024,-0.91838538646698,-0.20053018629550934,True,True,0.0004997501249375312,0.0004997501249375312,True,True,True,0.8939653635025024,0.9491816759109497,0.46997445764449924,3,0.9418274564187568,-0.055216312408447266,1.6007232495570758,0.04650506140129891,True,True
31,subordination_and_embedding,mean,20,4281,-0.8937007784843445,-0.9164862036705017,-0.20071879029273987,True,True,0.0004997501249375312,0.0004997501249375312,True,True,True,0.8937007784843445,0.9557008743286133,0.46858009036916953,3,0.9351260446551078,-0.0620000958442688,1.5874239233713396,0.04662383442406474,True,True
31,subordination_and_embedding,mean,21,6446,-0.8936134576797485,-0.9165010452270508,-0.20066474378108978,True,True,0.0004997501249375312,0.0004997501249375312,True,True,True,0.8936134576797485,0.9524423480033875,0.4626059865531249,3,0.9382336469530546,-0.058828890323638916,1.615764669074362,0.04719312406274991,True,True
31,subordination_and_embedding,mean,22,339,-0.8935613632202148,-0.9164853096008301,-0.20068900287151337,True,True,0.0004997501249375312,0.0004997501249375312,True,True,True,0.8935613632202148,0.9531303644180298,0.46758963788549107,3,0.9375017275478501,-0.05956900119781494,1.5918351459704525,0.046711032146449075,True,True
31,subordination_and_embedding,mean,23,10062,-0.8934842944145203,-0.9164819717407227,-0.20073597133159637,True,True,0.0004997501249375312,0.0004997501249375312,True,True,True,0.8934842944145203,0.9381879568099976,0.47105538551337445,3,0.9523510592190103,-0.044703662395477295,1.5663404616878378,0.04637948560769887,True,True
31,subordination_and_embedding,mean,24,4866,-0.8934632539749146,-0.9164577126502991,-0.20067022740840912,True,True,0.0004997501249375312,0.0004997501249375312,True,True,True,0.8934632539749146,0.9532383680343628,0.46954651960195637,3,0.93729258487286,-0.05977511405944824,1.5802779776400588,0.0465205458678543,True,True
31,subordination_and_embedding,mean,25,4350,-0.8934550285339355,-0.9164425134658813,-0.20073164999485016,True,True,0.0004997501249375312,0.0004997501249375312,True,True,True,0.8934550285339355,0.9537882208824158,0.4719322053476786,3,0.9367436176841628,-0.060333192348480225,1.5666010449145393,0.04629585868355645,True,True
31,subordination_and_embedding,final,1,5159,0.8962443470954895,0.9174426794052124,0.34949374198913574,True,True,0.0004997501249375312,0.0004997501249375312,True,True,True,0.8962443470954895,0.8533222079277039,0.3322156887405958,1,1.050300037628251,0.042922139167785645,2.3981499415557885,0.06469837507259286,True,True
31,subordination_and_embedding,final,2,12897,-0.8938331007957458,-0.9301259517669678,-0.1422560214996338,True,True,0.0004997501249375312,0.0004997501249375312,True,True,True,0.8938331007957458,0.8939337730407715,0.4045067267277493,2,0.9998873828821981,-0.00010067224502563477,2.1094763990132663,0.053620563488932606,True,True
31,subordination_and_embedding,final,3,8006,-0.8792972564697266,-0.867473304271698,-0.29872438311576843,True,True,0.0004997501249375312,0.0004997501249375312,True,True,True,0.8792972564697266,0.6496181488037109,0.19746975970412725,1,1.3535601769885521,0.22967910766601562,3.27581868743615,0.10247481804474144,True,True
31,subordination_and_embedding,final,4,9083,-0.8635587692260742,-0.8893663287162781,-0.2151937484741211,True,True,0.0004997501249375312,0.0004997501249375312,True,True,True,0.8635587692260742,0.8225361108779907,0.3278554493847948,1,1.0498733828284998,0.041022658348083496,2.3716409627058614,0.06326474347714026,True,True
31,subordination_and_embedding,final,5,14004,0.8608390688896179,0.877601683139801,0.02114216797053814,True,True,0.0004997501249375312,0.0004997501249375312,True,True,True,0.8608390688896179,0.8895617127418518,0.38597388742252803,2,0.9677114657242796,-0.028722643852233887,1.7922748128249237,0.054093802254524814,True,True
31,subordination_and_embedding,final,6,2993,-0.8524878621101379,-0.9251579642295837,-0.43175867199897766,True,True,0.0004997501249375312,0.0004997501249375312,True,True,True,0.8524878621101379,0.849557101726532,0.3270838479869641,1,1.0034497509086204,0.002930760383605957,2.3363551730965892,0.06264259135694067,True,True
31,subordination_and_embedding,final,7,11776,0.8493441343307495,0.9382174611091614,0.2768115699291229,True,True,0.0004997501249375312,0.0004997501249375312,True,True,True,0.8493441343307495,0.8965377807617188,0.3950491988410552,3,0.9473601141595255,-0.04719364643096924,1.7867460211241155,0.052247194827205766,True,True
31,subordination_and_embedding,final,8,164,0.8435141444206238,0.8921492099761963,0.11308366060256958,True,True,0.0004997501249375312,0.0004997501249375312,True,True,True,0.8435141444206238,0.9021463394165039,0.412860146126686,3,0.9350081107309013,-0.05863219499588013,1.8726343593983696,0.049779354703848394,True,True
31,subordination_and_embedding,final,9,4253,0.8075404763221741,0.9108313322067261,0.5326380133628845,True,True,0.0004997501249375312,0.0004997501249375312,True,True,True,0.8075404763221741,0.6486960649490356,0.29561729361870304,1,1.2448672343736475,0.15884441137313843,2.7046161382787033,0.06545883786363671,True,True
31,subordination_and_embedding,final,10,5697,0.792143702507019,0.8554704785346985,0.23565620183944702,True,True,0.0004997501249375312,0.0004997501249375312,True,True,True,0.792143702507019,0.7688749432563782,0.32122012299413866,1,1.0302633860743229,0.02326875925064087,2.0663219844126295,0.059471460138990975,True,True
31,subordination_and_embedding,final,11,9465,0.7826948761940002,0.9436718225479126,0.550889253616333,True,True,0.0004997501249375312,0.0004997501249375312,True,True,True,0.7826948761940002,0.887403666973114,0.4259409633680032,5,0.8820054562809394,-0.10470879077911377,1.3885355099755252,0.044996965461959394,True,True
31,subordination_and_embedding,final,12,13033,0.7772228121757507,0.8629493117332458,0.2565349042415619,True,True,0.0004997501249375312,0.0004997501249375312,True,True,True,0.7772228121757507,0.8112314343452454,0.3046309243983183,2,0.9580777806065375,-0.03400862216949463,2.3346442332222406,0.06140253755555494,True,True
31,subordination_and_embedding,final,13,9622,-0.7764749526977539,-0.7026192545890808,0.20622766017913818,True,False,0.0004997501249375312,0.0004997501249375312,True,False,False,0.7764749526977539,0.8516861796379089,0.35296051409573126,5,0.9116913849980156,-0.07521122694015503,1.6097233237429065,0.05339557304911174,True,False
31,subordination_and_embedding,final,14,443,0.7758102416992188,0.9100717902183533,0.47062358260154724,True,True,0.0004997501249375312,0.0004997501249375312,True,True,True,0.7758102416992188,0.7753692865371704,0.2754800675723415,1,1.0005687034161717,0.00044095516204833984,2.391175582081306,0.0673473698961201,True,True
31,subordination_and_embedding,final,15,1828,0.7534714341163635,0.8543535470962524,0.14610831439495087,True,True,0.0004997501249375312,0.0004997501249375312,True,True,True,0.7534714341163635,0.6734252572059631,0.27796742752289927,1,1.1188642333412195,0.08004617691040039,2.157520526385113,0.06498692123154122,True,True
31,subordination_and_embedding,final,16,8182,0.7493821382522583,0.9630308151245117,0.3319888114929199,True,True,0.0004997501249375312,0.0004997501249375312,True,True,True,0.7493821382522583,0.8864492177963257,0.4029816205923756,6,0.8453751475072535,-0.13706707954406738,1.408244201695356,0.04551180427371628,True,True
31,subordination_and_embedding,final,17,2734,-0.7487369179725647,-0.7583915591239929,-0.2661306858062744,True,True,0.0004997501249375312,0.0004997501249375312,True,True,True,0.7487369179725647,0.834618091583252,0.3705451055788077,3,0.897101231716925,-0.08588117361068726,1.5886283870819464,0.04925902060905808,True,True
31,subordination_and_embedding,final,18,4441,0.746484100818634,0.9093649387359619,0.5362705588340759,True,True,0.0004997501249375312,0.0004997501249375312,True,True,True,0.746484100818634,0.8246793150901794,0.3508165669985689,4,0.9051810651234842,-0.07819521427154541,1.7396455488377536,0.05173738677720182,True,True
31,subordination_and_embedding,final,19,15059,-0.7443766593933105,-0.9340118169784546,-0.27035048604011536,True,True,0.0004997501249375312,0.0004997501249375312,True,True,True,0.7443766593933105,0.8713855743408203,0.3785146104339033,5,0.8542448731222242,-0.12700891494750977,1.4454635442786132,0.04800433555233372,True,True
31,subordination_and_embedding,final,20,105,-0.7375669479370117,-0.8084831833839417,-0.08203249424695969,True,True,0.0004997501249375312,0.0004997501249375312,True,True,True,0.7375669479370117,0.8573086857795715,0.29913963267627436,3,0.8603283276738579,-0.11974173784255981,1.980585410295208,0.05946196367216795,True,True
31,subordination_and_embedding,final,21,12998,-0.7259531617164612,-0.8954020142555237,-0.005069490056484938,True,True,0.0004997501249375312,0.0004997501249375312,True,True,True,0.7259531617164612,0.8506332635879517,0.34071075393316835,3,0.8534267266417579,-0.12468010187149048,1.9593359917158828,0.051803205643884784,True,True
31,subordination_and_embedding,final,22,14795,0.7253894805908203,0.8577967882156372,0.18562154471874237,True,True,0.0004997501249375312,0.0004997501249375312,True,True,True,0.7253894805908203,0.8592251539230347,0.3538600091243354,6,0.8442367838963398,-0.13383567333221436,1.444134980874934,0.0499375591620373,True,True
31,subordination_and_embedding,final,23,14168,0.7237979769706726,0.8361506462097168,0.27249258756637573,True,True,0.0004997501249375312,0.0004997501249375312,True,True,True,0.7237979769706726,0.8737818002700806,0.3427090411468481,3,0.8283509415588092,-0.14998382329940796,1.5712655536675262,0.05137162537131782,True,True
31,subordination_and_embedding,final,24,9531,0.7121760249137878,0.3688700199127197,-0.5324373245239258,True,False,0.0004997501249375312,0.0004997501249375312,True,False,False,0.7121760249137878,0.7930421233177185,0.24476346774743155,3,0.898030513101089,-0.08086609840393066,2.2009105720220865,0.06942673116418999,True,False
31,subordination_and_embedding,final,25,15282,0.6759287714958191,0.9278714656829834,0.38776907324790955,True,True,0.0004997501249375312,0.0004997501249375312,True,True,True,0.6759287714958191,0.8384048938751221,0.2539788966950698,4,0.8062080462957039,-0.16247612237930298,2.065585120924943,0.06388073117673078,True,True
32,quotation_and_reported_speech_structure,mean,1,7644,-0.8336458206176758,-0.6523815989494324,-0.8283656239509583,True,True,0.0004997501249375312,0.0004997501249375312,True,True,True,0.8336458206176758,0.48589128255844116,0.12260266720579985,1,1.7157044189559174,0.3477545380592346,6.417858697091498,0.1484636820259138,True,True
32,quotation_and_reported_speech_structure,mean,2,2323,-0.8311352133750916,-0.875400185585022,-0.9101123213768005,True,True,0.0004997501249375312,0.0004997501249375312,True,True,True,0.8311352133750916,0.33884671330451965,0.10767885292760837,1,2.452835399433711,0.4922885000705719,7.438290025978979,0.16521557713201626,True,True
32,quotation_and_reported_speech_structure,mean,3,214,-0.8299851417541504,-0.8729877471923828,-0.900785505771637,True,True,0.0004997501249375312,0.0004997501249375312,True,True,True,0.8299851417541504,0.6926179528236389,0.10825849088052145,1,1.1983303903262947,0.13736718893051147,5.753557641613747,0.16428627313118108,True,True
32,quotation_and_reported_speech_structure,mean,4,1754,-0.8295131921768188,-0.8591980934143066,-0.9035183191299438,True,True,0.0004997501249375312,0.0004997501249375312,True,True,True,0.8295131921768188,0.3071305453777313,0.0793598844216038,1,2.7008488887245767,0.5223826467990875,10.187565801107908,0.21136524447454305,True,True
32,quotation_and_reported_speech_structure,mean,5,873,-0.8234891891479492,-0.8786173462867737,-0.897741973400116,True,True,0.0004997501249375312,0.0004997501249375312,True,True,True,0.8234891891479492,0.5955085754394531,0.09867072006305441,1,1.3828334689223556,0.2279806137084961,5.5646835543127695,0.1762738368868043,True,True
32,quotation_and_reported_speech_structure,mean,6,13236,-0.8208572864532471,-0.8749749660491943,-0.8983873724937439,True,True,0.0004997501249375312,0.0004997501249375312,True,True,True,0.8208572864532471,0.629909098148346,0.12797357631512943,1,1.3031361014886185,0.19094818830490112,4.960704279623365,0.14123911808854167,True,True
32,quotation_and_reported_speech_structure,mean,7,16332,-0.8191514611244202,-0.8604830503463745,-0.8999369740486145,True,True,0.0004997501249375312,0.0004997501249375312,True,True,True,0.8191514611244202,0.5267738699913025,0.10617770445950998,1,1.5550343473527741,0.2923775911331177,5.742138511352425,0.16514877613950896,True,True
32,quotation_and_reported_speech_structure,mean,8,11822,-0.8189233541488647,-0.8653619289398193,-0.8973134160041809,True,True,0.0004997501249375312,0.0004997501249375312,True,True,True,0.8189233541488647,0.4696369171142578,0.13362816417924103,1,1.74373718143974,0.34928643703460693,5.68515400715684,0.13579868658097782,True,True
32,quotation_and_reported_speech_structure,mean,9,11871,-0.8170505166053772,-0.8795408010482788,-0.785866379737854,True,True,0.0004997501249375312,0.0004997501249375312,True,True,True,0.8170505166053772,0.5710451006889343,0.1430685704585929,1,1.4307985754884351,0.24600541591644287,5.496005508211895,0.12772950950476847,True,True
32,quotation_and_reported_speech_structure,mean,10,15531,-0.816766083240509,-0.8443830013275146,-0.8929161429405212,True,True,0.0004997501249375312,0.0004997501249375312,True,True,True,0.816766083240509,0.3495279550552368,0.06638487189626083,1,2.3367689806425735,0.4672381281852722,8.425564338728082,0.2398179041515541,True,True
32,quotation_and_reported_speech_structure,mean,11,2384,-0.8138918280601501,-0.8725347518920898,-0.8738965392112732,True,True,0.0004997501249375312,0.0004997501249375312,True,True,True,0.8138918280601501,0.5693861246109009,0.12311307629212163,1,1.4294198486419671,0.24450570344924927,5.636316867216474,0.14494177811772851,True,True
32,quotation_and_reported_speech_structure,mean,12,7415,-0.8114008903503418,-0.8118175268173218,-0.8502471446990967,True,True,0.0004997501249375312,0.0004997501249375312,True,True,True,0.8114008903503418,0.5657603740692139,0.10383914341815771,1,1.4341776616739101,0.24564051628112793,5.779145373836217,0.166916192401455,True,True
32,quotation_and_reported_speech_structure,mean,13,2996,-0.8104416131973267,-0.8618861436843872,-0.8900105357170105,True,True,0.0004997501249375312,0.0004997501249375312,True,True,True,0.8104416131973267,0.48343130946159363,0.059381393190377794,1,1.6764359224062886,0.32701030373573303,7.822359092741886,0.2592321527239641,True,True
32,quotation_and_reported_speech_structure,mean,14,11120,-0.8093971014022827,-0.8580319881439209,-0.9010508060455322,True,True,0.0004997501249375312,0.0004997501249375312,True,True,True,0.8093971014022827,0.5151724815368652,0.0841493200068959,1,1.571118664932733,0.2942246198654175,7.862703835896572,0.19783756100279787,True,True
32,quotation_and_reported_speech_structure,mean,15,5496,-0.806846559047699,-0.7858017683029175,-0.8763777017593384,True,True,0.0004997501249375312,0.0004997501249375312,True,True,True,0.806846559047699,0.3202072083950043,0.09986070180550599,1,2.5197638838048313,0.4866393506526947,8.329702676841238,0.17161785181079664,True,True
32,quotation_and_reported_speech_structure,mean,16,8172,-0.8049215078353882,-0.8449088931083679,-0.8758278489112854,True,True,0.0004997501249375312,0.0004997501249375312,True,True,True,0.8049215078353882,0.6676986217498779,0.08036461582359596,1,1.2055162038913334,0.13722288608551025,6.065221379020346,0.2043393218385203,True,True
32,quotation_and_reported_speech_structure,mean,17,8433,-0.8040978312492371,-0.8552977442741394,-0.8869373202323914,True,True,0.0004997501249375312,0.0004997501249375312,True,True,True,0.8040978312492371,0.5601842403411865,0.10619216259473409,1,1.4354167313944646,0.24391359090805054,6.387325891678253,0.1625887867846353,True,True
32,quotation_and_reported_speech_structure,mean,18,7989,-0.7987836003303528,-0.8447231650352478,-0.8670717477798462,True,True,0.0004997501249375312,0.0004997501249375312,True,True,True,0.7987836003303528,0.5701326131820679,0.16913749346246895,1,1.4010487768312718,0.2286509871482849,4.4869942611893885,0.1080145837598082,True,True
32,quotation_and_reported_speech_structure,mean,19,11434,-0.7976986169815063,-0.8522802591323853,-0.8740403652191162,True,True,0.0004997501249375312,0.0004997501249375312,True,True,True,0.7976986169815063,0.5224074125289917,0.10808210010425402,1,1.526966497507799,0.27529120445251465,7.221427845048507,0.15912915359725358,True,True
32,quotation_and_reported_speech_structure,mean,20,4578,-0.7961233258247375,-0.8208039999008179,-0.8431838750839233,True,True,0.0004997501249375312,0.0004997501249375312,True,True,True,0.7961233258247375,0.507573127746582,0.08487159362397133,1,1.5684899028425734,0.2885501980781555,7.01786703246582,0.1938872226690154,True,True
32,quotation_and_reported_speech_structure,mean,21,1234,-0.7919066548347473,-0.7506580352783203,-0.7329065203666687,True,True,0.0004997501249375312,0.0004997501249375312,True,True,True,0.7919066548347473,0.49465319514274597,0.13000035918771458,1,1.6009330630245309,0.29725345969200134,6.03009255173971,0.13509337644437594,True,True
32,quotation_and_reported_speech_structure,mean,22,4032,-0.7910624146461487,-0.828834593296051,-0.8725480437278748,True,True,0.0004997501249375312,0.0004997501249375312,True,True,True,0.7910624146461487,0.516067385673523,0.12565757256920618,1,1.5328665143481754,0.27499502897262573,6.394542999042929,0.13898507268975474,True,True
32,quotation_and_reported_speech_structure,mean,23,15059,0.7797520756721497,0.8151518702507019,0.5062652230262756,True,True,0.0004997501249375312,0.0004997501249375312,True,True,True,0.7797520756721497,0.8725529909133911,0.2881891440707617,2,0.8936443789573202,-0.09280091524124146,2.169550593919285,0.06487592366270178,True,True
32,quotation_and_reported_speech_structure,mean,24,3947,-0.7754378914833069,-0.8313508033752441,-0.8051260113716125,True,True,0.0004997501249375312,0.0004997501249375312,True,True,True,0.7754378914833069,0.5109072923660278,0.15376144929830796,1,1.51776634052771,0.26453059911727905,4.3946720440779865,0.11450420857961924,True,True
32,quotation_and_reported_speech_structure,mean,25,7067,-0.7737873792648315,-0.8121980428695679,-0.7285646200180054,True,True,0.0004997501249375312,0.0004997501249375312,True,True,True,0.7737873792648315,0.5171597599983215,0.10384461254729196,1,1.4962250335705602,0.25662761926651,6.282068998712142,0.16041275473850133,True,True
32,quotation_and_reported_speech_structure,final,1,3947,-0.7434964179992676,-0.7935090065002441,-0.7352986931800842,True,True,0.0004997501249375312,0.0004997501249375312,True,True,True,0.7434964179992676,0.534716784954071,0.12939307276899806,1,1.390448998273225,0.20877963304519653,4.529153741093472,0.12841428829233714,True,True
32,quotation_and_reported_speech_structure,final,2,7247,0.736851692199707,0.1276882439851761,0.5319697260856628,True,True,0.0004997501249375312,0.0004997501249375312,True,True,True,0.736851692199707,0.6909978985786438,0.2636810718940046,1,1.0663588032834581,0.04585379362106323,2.264411823160457,0.06686243601138483,True,True
32,quotation_and_reported_speech_structure,final,3,8003,0.7359710335731506,0.4282010793685913,0.05368802696466446,True,True,0.0004997501249375312,0.0004997501249375312,True,True,True,0.7359710335731506,0.8795605897903442,0.3377037610954199,4,0.8367485334336999,-0.1435895562171936,1.6681669184972765,0.05292312143844158,True,True
32,quotation_and_reported_speech_structure,final,4,7918,-0.721396267414093,-0.5307839512825012,-0.45678678154945374,True,True,0.0004997501249375312,0.0004997501249375312,True,True,True,0.721396267414093,0.8988211750984192,0.3432643049611495,3,0.8026026615751476,-0.17742490768432617,1.650663180006999,0.05113129166131228,True,True
32,quotation_and_reported_speech_structure,final,5,6629,-0.7142519950866699,-0.6974534392356873,-0.7000426650047302,True,True,0.0004997501249375312,0.0004997501249375312,True,True,True,0.7142519950866699,0.0956069603562355,0.017430359127525337,1,7.470711258106495,0.6186450347304344,24.854401991421685,0.512362661038513,True,True
32,quotation_and_reported_speech_structure,final,6,1546,-0.710713267326355,-0.7434931993484497,-0.6718537211418152,True,True,0.0004997501249375312,0.0004997501249375312,True,True,True,0.710713267326355,0.7679563164710999,0.31055607212086517,3,0.9254605399851554,-0.05724304914474487,1.9557387741653844,0.05542747558100936,True,True
32,quotation_and_reported_speech_structure,final,7,214,-0.7060751914978027,-0.7058520913124084,-0.6942765712738037,True,True,0.0004997501249375312,0.0004997501249375312,True,True,True,0.7060751914978027,0.0707106739282608,0.006386778341271939,1,9.985411710460406,0.6353645175695419,39.925290880737535,0.7392222523010292,True,True
32,quotation_and_reported_speech_structure,final,8,10068,-0.7042996883392334,-0.7059124112129211,-0.7057966589927673,True,True,0.0004997501249375312,0.0004997501249375312,True,True,True,0.7042996883392334,0.0,0.0,1,inf,0.7042996883392334,0.0,1.0,True,True
32,quotation_and_reported_speech_structure,final,9,15531,-0.7042044997215271,-0.705261766910553,-0.7023988366127014,True,True,0.0004997501249375312,0.0004997501249375312,True,True,True,0.7042044997215271,0.2030782252550125,0.007771236583208427,1,3.4676514374558502,0.5011262744665146,20.493253473218598,0.6991130506047037,True,True
32,quotation_and_reported_speech_structure,final,10,13033,0.7032500505447388,0.7417410016059875,0.6504015922546387,True,True,0.0004997501249375312,0.0004997501249375312,True,True,True,0.7032500505447388,0.8112314343452454,0.3065276618760366,3,0.866892012280491,-0.10798138380050659,1.9205850436822667,0.05555850518416691,True,True
32,quotation_and_reported_speech_structure,final,11,5516,-0.7031323909759521,-0.6992025375366211,-0.702037513256073,True,True,0.0004997501249375312,0.0004997501249375312,True,True,True,0.7031323909759521,0.11141257733106613,0.01949188076795485,1,6.311068353499903,0.591719813644886,23.729574738269708,0.48050627168878224,True,True
32,quotation_and_reported_speech_structure,final,12,4578,-0.7028201222419739,-0.6975522637367249,-0.6993913650512695,True,True,0.0004997501249375312,0.0004997501249375312,True,True,True,0.7028201222419739,0.3664710521697998,0.010678744851014553,1,1.9178052893420103,0.3363490700721741,11.727856954380043,0.6279153630266617,True,True
32,quotation_and_reported_speech_structure,final,13,14563,-0.7027259469032288,-0.7037422060966492,-0.7038864493370056,True,True,0.0004997501249375312,0.0004997501249375312,True,True,True,0.7027259469032288,0.0,0.0,1,inf,0.7027259469032288,0.0,1.0,True,True
32,quotation_and_reported_speech_structure,final,14,13440,-0.7013582587242126,-0.699305534362793,-0.6995750069618225,True,True,0.0004997501249375312,0.0004997501249375312,True,True,True,0.7013582587242126,0.0,0.0,1,inf,0.7013582587242126,0.0,1.0,True,True
32,quotation_and_reported_speech_structure,final,15,10995,-0.7007125616073608,-0.7039297223091125,-0.7010513544082642,True,True,0.0004997501249375312,0.0004997501249375312,True,True,True,0.7007125616073608,0.0,0.0,1,inf,0.7007125616073608,0.0,1.0,True,True
32,quotation_and_reported_speech_structure,final,16,2384,-0.6997002363204956,-0.7032122611999512,-0.7016796469688416,True,True,0.0004997501249375312,0.0004997501249375312,True,True,True,0.6997002363204956,0.16765998303890228,0.026158369695528958,1,4.173328802962741,0.5320402532815933,14.334796992324453,0.40683163790360855,True,True
32,quotation_and_reported_speech_structure,final,17,3114,-0.6975616812705994,-0.6973326206207275,-0.6431074142456055,True,True,0.0004997501249375312,0.0004997501249375312,True,True,True,0.6975616812705994,0.10855463892221451,0.004065503485691853,1,6.425903933690401,0.5890070423483849,36.60467598012792,0.8147977876905579,True,True
32,quotation_and_reported_speech_structure,final,18,14256,-0.697401225566864,-0.6943134665489197,-0.6756683588027954,True,True,0.0004997501249375312,0.0004997501249375312,True,True,True,0.697401225566864,0.0,0.0,1,inf,0.697401225566864,0.0,1.0,True,True
32,quotation_and_reported_speech_structure,final,19,14073,-0.6966899633407593,-0.7037816047668457,-0.697361409664154,True,True,0.0004997501249375312,0.0004997501249375312,True,True,True,0.6966899633407593,0.1412498950958252,0.014592328005864356,1,4.93232198769506,0.5554400682449341,21.38881587337662,0.5503989978401478,True,True
32,quotation_and_reported_speech_structure,final,20,9880,-0.6966063976287842,-0.6430858969688416,-0.6762319207191467,True,True,0.0004997501249375312,0.0004997501249375312,True,True,True,0.6966063976287842,0.6095463633537292,0.07625859868354522,1,1.142827583772381,0.08706003427505493,4.0514466689396995,0.18977523741496696,True,True
32,quotation_and_reported_speech_structure,final,21,10982,-0.6964595317840576,-0.6958622336387634,-0.6977220773696899,True,True,0.0004997501249375312,0.0004997501249375312,True,True,True,0.6964595317840576,0.1509253829717636,0.00515193291581594,1,4.614595093751441,0.545534148812294,27.369515344726288,0.7760989958197879,True,True
32,quotation_and_reported_speech_structure,final,22,6102,0.6964392066001892,0.6755256056785583,0.7585294246673584,True,True,0.0004997501249375312,0.0004997501249375312,True,True,True,0.6964392066001892,0.6953550577163696,0.3161431766855411,1,1.0015591299319517,0.00108414888381958,1.9281295479915204,0.053465221226469725,True,True
32,quotation_and_reported_speech_structure,final,23,12353,-0.6961105465888977,-0.6908261775970459,-0.6968101859092712,True,True,0.0004997501249375312,0.0004997501249375312,True,True,True,0.6961105465888977,0.06566937267780304,0.0029658813698169514,1,10.600231404741143,0.6304411739110947,53.123112841758555,0.8575114134121652,True,True
32,quotation_and_reported_speech_structure,final,24,7038,0.6886276006698608,0.48770636320114136,0.6359328627586365,True,True,0.0004997501249375312,0.0004997501249375312,True,True,True,0.6886276006698608,0.6655590534210205,0.24500534752121148,1,1.0346604063610378,0.023068547248840332,2.6474078138360597,0.06722360552410445,True,True
32,quotation_and_reported_speech_structure,final,25,13304,0.6872002482414246,0.6398270130157471,0.556769609451294,True,True,0.0004997501249375312,0.0004997501249375312,True,True,True,0.6872002482414246,0.7635689973831177,0.3453568124618286,2,0.8999844815551418,-0.07636874914169312,1.7624910790545236,0.04854440663195232,True,True
33,discourse_relation_marking,mean,1,10770,-0.8830366134643555,0.05764547362923622,0.9548419713973999,False,False,0.0004997501249375312,0.0004997501249375312,True,False,False,0.8830366134643555,0.9524720311164856,0.46722707949960846,4,0.9270997831078167,-0.06943541765213013,1.53692119113948,0.04622044345842479,False,False
33,discourse_relation_marking,mean,2,7036,-0.8826311826705933,0.07278779149055481,0.9266724586486816,False,False,0.0004997501249375312,0.0004997501249375312,True,False,False,0.8826311826705933,0.9573734998703003,0.4599594462137574,3,0.9219298244521781,-0.07474231719970703,1.5137383456924194,0.04689595969045734,False,False
33,discourse_relation_marking,mean,3,6833,-0.8820738196372986,0.15903839468955994,0.9326984882354736,False,False,0.0004997501249375312,0.0004997501249375312,True,False,False,0.8820738196372986,0.9505632519721985,0.46650033673414815,4,0.9279485797575278,-0.0684894323348999,1.5461695220240426,0.0462409792078442,False,False
33,discourse_relation_marking,mean,4,7274,-0.8820324540138245,0.02711981162428856,0.9395661950111389,False,False,0.0004997501249375312,0.0004997501249375312,True,False,False,0.8820324540138245,0.9581699967384338,0.46884667825622434,3,0.9205385860715969,-0.07613754272460938,1.5306355955272577,0.04601815721692994,False,False
33,discourse_relation_marking,mean,5,4934,-0.8818714618682861,0.007837793789803982,0.9363968968391418,False,False,0.0004997501249375312,0.0004997501249375312,True,False,False,0.8818714618682861,0.9540003538131714,0.47442348099027115,4,0.924393223066864,-0.07212889194488525,1.540237438536911,0.04549390454479613,False,False
33,discourse_relation_marking,mean,6,2267,-0.8817999958992004,0.0332779698073864,0.9504619836807251,False,False,0.0004997501249375312,0.0004997501249375312,True,False,False,0.8817999958992004,0.9392122030258179,0.468460206181193,4,0.9388719535993516,-0.05741220712661743,1.5118957402676279,0.04604279432860097,False,False
33,discourse_relation_marking,mean,7,4016,-0.881783127784729,0.17019976675510406,0.905586302280426,False,False,0.0004997501249375312,0.0004997501249375312,True,False,False,0.881783127784729,0.9435016512870789,0.46215628790788543,3,0.9345856751621404,-0.061718523502349854,1.5217942913422347,0.046640685567296995,False,False
33,discourse_relation_marking,mean,8,12493,-0.8817639946937561,0.12180160731077194,0.9436835050582886,False,False,0.0004997501249375312,0.0004997501249375312,True,False,False,0.8817639946937561,0.9557439684867859,0.47301495189850146,4,0.9225943597528937,-0.07397997379302979,1.5259749808986338,0.04561788814062378,False,False
33,discourse_relation_marking,mean,9,9027,-0.8817177414894104,0.043733689934015274,0.9476755261421204,False,False,0.0004997501249375312,0.0004997501249375312,True,False,False,0.8817177414894104,0.956331729888916,0.46179416661079115,4,0.9219789681053744,-0.07461398839950562,1.5247189209674876,0.04667225273759316,False,False
33,discourse_relation_marking,mean,10,14578,-0.8815295696258545,0.1271710842847824,0.9461333751678467,False,False,0.0004997501249375312,0.0004997501249375312,True,False,False,0.8815295696258545,0.9406013488769531,0.47345632357666123,4,0.9371978582407644,-0.05907177925109863,1.5357010225132652,0.04556573485883889,False,False
33,discourse_relation_marking,mean,11,15649,-0.8814833760261536,0.06842362880706787,0.9489312767982483,False,False,0.0004997501249375312,0.0004997501249375312,True,False,False,0.8814833760261536,0.9503467082977295,0.4630878342745396,4,0.927538727003196,-0.06886333227157593,1.530377286642197,0.04653614269222885,False,False
33,discourse_relation_marking,mean,12,9728,-0.8808950781822205,-0.11160959303379059,0.8860236406326294,True,False,0.0004997501249375312,0.0004997501249375312,True,False,False,0.8808950781822205,0.9308884739875793,0.44248961437589085,3,0.9462949674398633,-0.04999339580535889,1.6148316345143645,0.04856630069240363,True,False
33,discourse_relation_marking,mean,13,9675,-0.8808785080909729,0.06882079690694809,0.9194447994232178,False,False,0.0004997501249375312,0.0004997501249375312,True,False,False,0.8808785080909729,0.9360823035240173,0.457075200879421,3,0.9410267716575543,-0.055203795433044434,1.5928289248053835,0.04708865086456294,False,False
33,discourse_relation_marking,mean,14,11017,-0.8805931806564331,0.08564100414514542,0.9257224202156067,False,False,0.0004997501249375312,0.0004997501249375312,True,False,False,0.8805931806564331,0.9374295473098755,0.4722708665694182,4,0.9393699859188942,-0.05683636665344238,1.4996643214356893,0.0456285827257692,False,False
33,discourse_relation_marking,mean,15,1604,-0.8801609873771667,0.0753847137093544,0.9428156018257141,False,False,0.0004997501249375312,0.0004997501249375312,True,False,False,0.8801609873771667,0.9439066052436829,0.46432259182135266,4,0.9324661809628303,-0.06374561786651611,1.5565450158842067,0.046351726944641666,False,False
33,discourse_relation_marking,mean,16,6054,-0.8800759315490723,0.15933892130851746,0.9269214868545532,False,False,0.0004997501249375312,0.0004997501249375312,True,False,False,0.8800759315490723,0.9416503310203552,0.4659251214679665,4,0.9346101228419237,-0.06157439947128296,1.5474341276531087,0.046195409184041254,False,False
33,discourse_relation_marking,mean,17,9898,-0.8798137307167053,0.04087657853960991,0.9436953067779541,False,False,0.0004997501249375312,0.0004997501249375312,True,False,False,0.8798137307167053,0.9587460160255432,0.45858384950611836,4,0.9176713290178251,-0.07893228530883789,1.5464003947406515,0.04688693003866432,False,False
33,discourse_relation_marking,mean,18,13010,-0.8793838620185852,0.03803856670856476,0.9374628067016602,False,False,0.0004997501249375312,0.0004997501249375312,True,False,False,0.8793838620185852,0.9574743509292603,0.45393379686925656,3,0.918441168857541,-0.07809048891067505,1.5761357804893654,0.047322457875929466,False,False
33,discourse_relation_marking,mean,19,16221,-0.879193902015686,0.16336210072040558,0.9431947469711304,False,False,0.0004997501249375312,0.0004997501249375312,True,False,False,0.879193902015686,0.9487245082855225,0.4700040711949651,4,0.9267114893073776,-0.06953060626983643,1.496717576499876,0.0457690541021853,False,False
33,discourse_relation_marking,mean,20,3265,-0.8790915608406067,0.039749495685100555,0.9288195371627808,False,False,0.0004997501249375312,0.0004997501249375312,True,False,False,0.8790915608406067,0.951702356338501,0.47557849522966605,4,0.9237043020706065,-0.07261079549789429,1.5183693820342974,0.04525182832607578,False,False
33,discourse_relation_marking,mean,21,2668,-0.8789948225021362,0.16475267708301544,0.9372844696044922,False,False,0.0004997501249375312,0.0004997501249375312,True,False,False,0.8789948225021362,0.9539698362350464,0.4597849383090551,3,0.9214073538962114,-0.07497501373291016,1.5119813832399212,0.04672867829502037,False,False
33,discourse_relation_marking,mean,22,587,-0.878801703453064,0.06267042458057404,0.9479678869247437,False,False,0.0004997501249375312,0.0004997501249375312,True,False,False,0.878801703453064,0.9570698142051697,0.4754432833347565,4,0.9182211061404062,-0.07826811075210571,1.4668743581944375,0.04524986571849305,False,False
33,discourse_relation_marking,mean,23,15596,-0.8784767985343933,0.10168534517288208,0.9418129920959473,False,False,0.0004997501249375312,0.0004997501249375312,True,False,False,0.8784767985343933,0.9474881887435913,0.4641100919017425,4,0.9271638517196611,-0.069011390209198,1.5584650722676952,0.04628734005523643,False,False
33,discourse_relation_marking,mean,24,11027,-0.878450334072113,0.031444646418094635,0.956001341342926,False,False,0.0004997501249375312,0.0004997501249375312,True,False,False,0.878450334072113,0.9590641856193542,0.46554961485358387,4,0.9159453008922634,-0.08061385154724121,1.4983571032957201,0.046149494447201574,False,False
33,discourse_relation_marking,mean,25,5517,-0.8784440755844116,0.08577518910169601,0.9515835046768188,False,False,0.0004997501249375312,0.0004997501249375312,True,False,False,0.8784440755844116,0.938618004322052,0.4687963748016419,4,0.9358909285134552,-0.06017392873764038,1.511764628866067,0.045844216378304666,False,False
33,discourse_relation_marking,final,1,11776,0.7101783156394958,0.46592625975608826,0.22358599305152893,True,True,0.0004997501249375312,0.0004997501249375312,True,True,True,0.7101783156394958,0.8965377807617188,0.398617553166472,7,0.7921342868965459,-0.1863594651222229,1.1996243246623717,0.04368644383293557,True,True
33,discourse_relation_marking,final,2,2993,-0.6761794686317444,-0.07145688682794571,0.5355080962181091,True,False,0.0004997501249375312,0.0004997501249375312,True,False,False,0.6761794686317444,0.8524878621101379,0.3316045760248716,4,0.7931836905665934,-0.17630839347839355,1.4745322025419887,0.04968708179915319,True,False
33,discourse_relation_marking,final,3,7247,-0.6756414175033569,-0.5241143703460693,0.10890088230371475,True,False,0.0004997501249375312,0.0004997501249375312,True,False,False,0.6756414175033569,0.736851692199707,0.2652505661169879,4,0.9169299937228611,-0.0612102746963501,1.9327259429776429,0.061308173032214294,True,False
33,discourse_relation_marking,final,4,6047,0.6719591021537781,-0.5447967052459717,-0.10653776675462723,False,False,0.0004997501249375312,0.0004997501249375312,True,False,False,0.6719591021537781,0.8227211833000183,0.28305724347965455,3,0.8167519152217302,-0.15076208114624023,2.068761620181304,0.057377517611149696,False,False
33,discourse_relation_marking,final,5,1633,-0.6665946841239929,-0.14120012521743774,0.23325574398040771,True,False,0.0004997501249375312,0.0004997501249375312,True,False,False,0.6665946841239929,0.6091822385787964,0.18791069947660732,1,1.0942451074724995,0.05741244554519653,2.5461477430540587,0.083375278188666,True,False
33,discourse_relation_marking,final,6,8006,-0.6496181488037109,-0.3164007365703583,-0.15752847492694855,True,True,0.0004997501249375312,0.0004997501249375312,True,True,True,0.6496181488037109,0.8792972564697266,0.20335896759299943,2,0.7387924209064978,-0.22967910766601562,1.9929346562802612,0.0757076189052274,True,True
33,discourse_relation_marking,final,7,3288,0.6287983655929565,0.3516591489315033,-0.007666400633752346,True,False,0.0004997501249375312,0.0004997501249375312,True,False,False,0.6287983655929565,0.8191356062889099,0.3463118779473007,7,0.7676364704028978,-0.19033724069595337,1.2370629167824165,0.04448532533308127,True,False
33,discourse_relation_marking,final,8,7418,0.6170648336410522,-0.4344292879104614,-0.6793567538261414,False,False,0.0004997501249375312,0.0004997501249375312,True,False,False,0.6170648336410522,0.678272008895874,0.18391352913115555,2,0.909760133910792,-0.06120717525482178,2.7185176370695108,0.07921555774336897,False,False
33,discourse_relation_marking,final,9,15659,0.604001522064209,0.5900040864944458,-0.13722939789295197,True,False,0.0004997501249375312,0.0004997501249375312,True,False,False,0.604001522064209,0.8661643862724304,0.38167376379267526,9,0.6973289731566443,-0.26216286420822144,1.011585200913825,0.038994813701236,True,False
33,discourse_relation_marking,final,10,4080,-0.6030429005622864,0.1950380951166153,0.709887683391571,False,False,0.0004997501249375312,0.0004997501249375312,True,False,False,0.6030429005622864,0.8348079323768616,0.30737763705949944,7,0.7223732276301031,-0.2317650318145752,1.2830423418614378,0.047895630278192776,False,False
33,discourse_relation_marking,final,11,164,0.5890215635299683,-0.2543237507343292,-0.055742885917425156,False,False,0.0004997501249375312,0.0004997501249375312,True,False,False,0.5890215635299683,0.9021463394165039,0.4193855969187541,10,0.6529113269039472,-0.31312477588653564,0.7111041235009363,0.03476066587989839,False,False
33,discourse_relation_marking,final,12,1546,-0.5715123414993286,0.1312178373336792,0.1531025767326355,False,False,0.0004997501249375312,0.0004997501249375312,True,False,False,0.5715123414993286,0.7679563164710999,0.31412532662925047,6,0.7441990243996334,-0.19644397497177124,1.2232610654815403,0.04457140144838948,False,False
33,discourse_relation_marking,final,13,6051,-0.5226032137870789,0.3863220512866974,0.5084960460662842,False,False,0.0004997501249375312,0.0004997501249375312,True,False,False,0.5226032137870789,0.7173817753791809,0.2647463837160896,6,0.7284868834461965,-0.19477856159210205,1.3422914859789825,0.04817635324179536,False,False
33,discourse_relation_marking,final,14,16335,0.5079290270805359,0.28840193152427673,0.5523146986961365,True,True,0.0004997501249375312,0.0004997501249375312,True,True,True,0.5079290270805359,0.698752760887146,0.3329195326241927,10,0.7269080789543676,-0.1908237338066101,0.8651350943489198,0.03764726526164479,True,True
33,discourse_relation_marking,final,15,13033,0.5066952109336853,0.29827138781547546,-0.36177799105644226,True,False,0.0004997501249375312,0.0004997501249375312,True,False,False,0.5066952109336853,0.8112314343452454,0.31156752955837125,9,0.6246000703148851,-0.30453622341156006,0.9124719419200482,0.04003018340581093,True,False
33,discourse_relation_marking,final,16,13191,-0.5061007142066956,0.6186946034431458,0.746806800365448,False,False,0.0004997501249375312,0.0004997501249375312,True,False,False,0.5061007142066956,0.6982070207595825,0.30612321704244,8,0.7248576699445193,-0.19210630655288696,1.1389991723510986,0.04066729848605261,False,False
33,discourse_relation_marking,final,17,4253,0.48632702231407166,-0.03754322603344917,-0.3407382667064667,False,False,0.0004997501249375312,0.0004997501249375312,True,False,False,0.48632702231407166,0.8075404763221741,0.3038535360291672,9,0.6022323791483215,-0.3212134540081024,0.8936223110937066,0.039421431662902164,False,False
33,discourse_relation_marking,final,18,8182,0.46765899658203125,0.06955396384000778,-0.24895136058330536,True,False,0.0004997501249375312,0.0004997501249375312,True,False,False,0.46765899658203125,0.8864492177963257,0.4102052908916122,15,0.5275643400584313,-0.41879022121429443,0.2279972609103665,0.028402071030040082,True,False
33,discourse_relation_marking,final,19,15059,-0.4621689021587372,-0.06651128083467484,0.5520015954971313,True,False,0.0004997501249375312,0.0004997501249375312,True,False,False,0.4621689021587372,0.8713855743408203,0.3857507067732513,15,0.5303839262066686,-0.40921667218208313,0.2944621262815689,0.029804952615204328,True,False
33,discourse_relation_marking,final,20,3617,-0.46111273765563965,-0.029119087383151054,-0.01373796071857214,True,True,0.0004997501249375312,0.0004997501249375312,True,True,True,0.46111273765563965,0.21208012104034424,0.08121150237723039,1,2.174238374599577,0.2490326166152954,6.975645939945966,0.12708567192477488,True,True
33,discourse_relation_marking,final,21,9465,0.4245849847793579,-0.0819239392876625,-0.03415970504283905,False,False,0.0004997501249375312,0.0004997501249375312,True,False,False,0.4245849847793579,0.887403666973114,0.43512326827607095,22,0.47845755047147187,-0.4628186821937561,-0.04003890609053682,0.024409302369123868,False,False
33,discourse_relation_marking,final,22,14795,0.4083203971385956,0.6778398752212524,0.30962222814559937,True,True,0.0004997501249375312,0.0004997501249375312,True,True,True,0.4083203971385956,0.8592251539230347,0.36198998562311036,17,0.47521932438115166,-0.4509047567844391,0.1755225355941686,0.028109759701184758,True,True
33,discourse_relation_marking,final,23,15419,-0.3970494866371155,0.07140513509511948,0.040774621069431305,False,False,0.0004997501249375312,0.0004997501249375312,True,False,False,0.3970494866371155,0.22195884585380554,0.05939378219250685,1,1.7888428150263243,0.17509064078330994,5.058556896550027,0.1463287622485477,False,False
33,discourse_relation_marking,final,24,4441,0.3902096748352051,-0.2937799394130707,-0.4340769648551941,False,False,0.0004997501249375312,0.0004997501249375312,True,False,False,0.3902096748352051,0.8246793150901794,0.3599518086904517,15,0.47316534766309165,-0.43446964025497437,0.12818029519164376,0.02704468701880651,False,False
33,discourse_relation_marking,final,25,1838,0.3637259900569916,-0.05370562896132469,-0.15089134871959686,False,False,0.0004997501249375312,0.0004997501249375312,True,False,False,0.3637259900569916,0.7413030862808228,0.25630110206130224,12,0.4906575957775033,-0.3775770962238312,0.4898620251200822,0.03511048598094984,False,False
34,topic_comment_structure,mean,1,2509,-0.8676437735557556,-0.5782672762870789,-0.7091948390007019,True,True,0.0004997501249375312,0.0004997501249375312,True,True,True,0.8676437735557556,0.707004964351654,0.11855462273487295,1,1.2272102988009603,0.16063880920410156,4.387661712852083,0.1580040923183605,True,True
34,topic_comment_structure,mean,2,2895,-0.8105846643447876,-0.42475831508636475,-0.8547131419181824,True,True,0.0004997501249375312,0.0004997501249375312,True,True,True,0.8105846643447876,0.8461431264877319,0.14965477800713137,3,0.9579758305305339,-0.035558462142944336,2.964731958997941,0.12194522463742653,True,True
34,topic_comment_structure,mean,3,11611,-0.7946255803108215,-0.5738545060157776,-0.8545281291007996,True,True,0.0004997501249375312,0.0004997501249375312,True,True,True,0.7946255803108215,0.7284460067749023,0.24260662082964793,1,1.0908503484409509,0.06617957353591919,2.7227642591312784,0.0774769493877454,True,True
34,topic_comment_structure,mean,4,1302,0.7794960737228394,0.5337711572647095,0.6940169334411621,True,True,0.0004997501249375312,0.0004997501249375312,True,True,True,0.7794960737228394,0.7123245596885681,0.19408507735874408,1,1.094299028610833,0.06717151403427124,3.1895626269563717,0.09336608352434748,True,True
34,topic_comment_structure,mean,5,6380,-0.7657878398895264,-0.5043308734893799,-0.8948931097984314,True,True,0.0004997501249375312,0.0004997501249375312,True,True,True,0.7657878398895264,0.7958375215530396,0.2030047284773527,2,0.9622414364117029,-0.030049681663513184,2.7574426012305238,0.08819420560106883,True,True
34,topic_comment_structure,mean,6,11776,-0.765167236328125,-0.38609564304351807,-0.586803674697876,True,True,0.0004997501249375312,0.0004997501249375312,True,True,True,0.765167236328125,0.903210461139679,0.43646840579234636,7,0.8471638330701243,-0.13804322481155396,1.2547904883007828,0.043017289094868086,True,True
34,topic_comment_structure,mean,7,10504,-0.7549546957015991,-0.5412015318870544,-0.8933597803115845,True,True,0.0004997501249375312,0.0004997501249375312,True,True,True,0.7549546957015991,0.8050251603126526,0.0853183162995638,3,0.9378026090617997,-0.05007046461105347,3.404911856469143,0.18493053663145848,True,True
34,topic_comment_structure,mean,8,16259,-0.7325018644332886,-0.4597263038158417,-0.895776629447937,True,True,0.0004997501249375312,0.0004997501249375312,True,True,True,0.7325018644332886,0.7958600521087646,0.08071818307806285,3,0.9203902903436377,-0.06335818767547607,3.557436710961475,0.188764279649781,True,True
34,topic_comment_structure,mean,9,15059,-0.7213796973228455,-0.5810733437538147,-0.2682739496231079,True,True,0.0004997501249375312,0.0004997501249375312,True,True,True,0.7213796973228455,0.8725529909133911,0.2896858717207439,4,0.8267460026326917,-0.15117329359054565,1.8795280995977597,0.06001930053856912,True,True
34,topic_comment_structure,mean,10,6403,-0.7171029448509216,-0.4869416356086731,-0.8857514262199402,True,True,0.0004997501249375312,0.0004997501249375312,True,True,True,0.7171029448509216,0.7649953961372375,0.15182608166614023,2,0.9373951117508109,-0.04789245128631592,2.7500012537566465,0.10802476090728147,True,True
34,topic_comment_structure,mean,11,7960,-0.7149086594581604,-0.5436393618583679,-0.8897825479507446,True,True,0.0004997501249375312,0.0004997501249375312,True,True,True,0.7149086594581604,0.8019759058952332,0.10375103798623268,2,0.891434086988086,-0.08706724643707275,3.395996902641612,0.15015306822890717,True,True
34,topic_comment_structure,mean,12,7247,-0.7064307928085327,-0.5321815013885498,-0.7534266114234924,True,True,0.0004997501249375312,0.0004997501249375312,True,True,True,0.7064307928085327,0.9016627073287964,0.44155545862845313,9,0.783475668968672,-0.19523191452026367,0.9890482080485543,0.039405762330762775,True,True
34,topic_comment_structure,mean,13,1887,-0.6986220479011536,-0.5753597021102905,-0.7505502700805664,True,True,0.0004997501249375312,0.0004997501249375312,True,True,True,0.6986220479011536,0.9746910333633423,0.08666717533308727,2,0.7167625678164246,-0.2760689854621887,3.3890772923316863,0.17128791088959278,True,True
34,topic_comment_structure,mean,14,4549,0.6931456327438354,0.5472942590713501,0.6370323896408081,True,True,0.0004997501249375312,0.0004997501249375312,True,True,True,0.6931456327438354,0.9344288110733032,0.4510250429694469,9,0.7417853821819501,-0.24128317832946777,1.0024991565191523,0.03791177573753931,True,True
34,topic_comment_structure,mean,15,14403,-0.6906562447547913,-0.41336968541145325,-0.10285855084657669,True,True,0.0004997501249375312,0.0004997501249375312,True,True,True,0.6906562447547913,0.7242947816848755,0.127328788739247,2,0.9535568420749445,-0.03363853693008423,2.9701669560340225,0.12210002796312172,True,True
34,topic_comment_structure,mean,16,2506,0.6879433989524841,0.2176753282546997,0.3455134630203247,True,True,0.0004997501249375312,0.0004997501249375312,True,True,True,0.6879433989524841,0.7076442241668701,0.12764072109861538,2,0.9721599858494142,-0.019700825214385986,3.2610645992924914,0.12141752795736518,True,True
34,topic_comment_structure,mean,17,7486,-0.6877199411392212,-0.32010403275489807,-0.7601548433303833,True,True,0.0004997501249375312,0.0004997501249375312,True,True,True,0.6877199411392212,0.8187344074249268,0.2801338561738913,4,0.8399792837609321,-0.13101446628570557,1.8763830097636607,0.059220139041690954,True,True
34,topic_comment_structure,mean,18,6943,0.6874138712882996,0.41067183017730713,0.41010943055152893,True,True,0.0004997501249375312,0.0004997501249375312,True,True,True,0.6874138712882996,0.9141414165496826,0.47798217630061585,11,0.7519776030746544,-0.22672754526138306,0.7497259239480307,0.035564378595687035,True,True
34,topic_comment_structure,mean,19,12611,0.6862648725509644,0.3733692765235901,0.5599795579910278,True,True,0.0004997501249375312,0.0004997501249375312,True,True,True,0.6862648725509644,0.9057548642158508,0.16703134967396274,5,0.7576717494584939,-0.21948999166488647,2.235171086149607,0.09530811234844312,True,True
34,topic_comment_structure,mean,20,6760,-0.6856691241264343,-0.4045546054840088,-0.7263135313987732,True,True,0.0004997501249375312,0.0004997501249375312,True,True,True,0.6856691241264343,0.5473177433013916,0.09627845632628752,1,1.2527807338941992,0.13835138082504272,5.1603499368571075,0.15441158842738267,True,True
34,topic_comment_structure,mean,21,11196,0.6842176914215088,0.44108277559280396,0.32297059893608093,True,True,0.0004997501249375312,0.0004997501249375312,True,True,True,0.6842176914215088,0.9498034119606018,0.4746063023996659,11,0.7203782201720396,-0.265585720539093,0.7586707161641572,0.0356477314718802,True,True
34,topic_comment_structure,mean,22,10896,-0.6802915930747986,-0.2903422713279724,-0.6094537973403931,True,True,0.0004997501249375312,0.0004997501249375312,True,True,True,0.6802915930747986,0.46269866824150085,0.12373739100383738,1,1.4702691833116046,0.21759292483329773,5.611407761895409,0.12355347528055781,True,True
34,topic_comment_structure,mean,23,14916,0.6795671582221985,0.43255144357681274,0.30116841197013855,True,True,0.0004997501249375312,0.0004997501249375312,True,True,True,0.6795671582221985,0.9504703879356384,0.46386882646057087,10,0.7149798319316137,-0.27090322971343994,0.7690985100299186,0.036204092490687845,True,True
34,topic_comment_structure,mean,24,6268,0.6785157322883606,0.42862027883529663,0.3362635672092438,True,True,0.0004997501249375312,0.0004997501249375312,True,True,True,0.6785157322883606,0.9206240773200989,0.4349309152517563,9,0.7370171484798591,-0.24210834503173828,0.8853204259778829,0.038462819608034486,True,True
34,topic_comment_structure,mean,25,6188,0.6782477498054504,0.42609554529190063,0.3399917185306549,True,True,0.0004997501249375312,0.0004997501249375312,True,True,True,0.6782477498054504,0.9321767687797546,0.4415008062735582,11,0.7275956369233441,-0.2539290189743042,0.8640784479451608,0.03789775481025463,True,True
34,topic_comment_structure,final,1,12998,0.758325457572937,0.6565368175506592,0.6639777421951294,True,True,0.0004997501249375312,0.0004997501249375312,True,True,True,0.758325457572937,0.8506332635879517,0.3398806950650536,2,0.8914834277398671,-0.09230780601501465,2.147302229712517,0.054113256467897435,True,True
34,topic_comment_structure,final,2,5219,-0.6689465641975403,-0.14058946073055267,-0.518860936164856,True,True,0.0004997501249375312,0.0004997501249375312,True,True,True,0.6689465641975403,0.7958799600601196,0.2842198511919914,2,0.8405118834089114,-0.12693339586257935,2.0015070583351466,0.0569145686486661,True,True
34,topic_comment_structure,final,3,12897,0.6643880009651184,0.30689123272895813,0.6125220060348511,True,True,0.0004997501249375312,0.0004997501249375312,True,True,True,0.6643880009651184,0.8939337730407715,0.4103899344157141,8,0.7432183691921173,-0.22954577207565308,1.0519854805363689,0.0398562762503645,True,True
34,topic_comment_structure,final,4,2993,0.637281596660614,0.45230406522750854,0.723471462726593,True,True,0.0004997501249375312,0.0004997501249375312,True,True,True,0.637281596660614,0.8524878621101379,0.3326019573574647,7,0.7475550385939452,-0.21520626544952393,1.2959471376828786,0.04682878479946252,True,True
34,topic_comment_structure,final,5,5697,-0.6343075633049011,-0.042694903910160065,-0.812264084815979,True,True,0.0004997501249375312,0.0004997501249375312,True,True,True,0.6343075633049011,0.792143702507019,0.3252672034865006,7,0.8007480982268879,-0.15783613920211792,1.3156015297368389,0.0476216586050732,True,True
34,topic_comment_structure,final,6,14795,-0.6099498867988586,-0.37297940254211426,-0.5548747777938843,True,True,0.0004997501249375312,0.0004997501249375312,True,True,True,0.6099498867988586,0.8592251539230347,0.35681999870874465,7,0.7098836480914932,-0.24927526712417603,0.9701071111920023,0.04199041945450762,True,True
34,topic_comment_structure,final,7,9465,-0.6087186336517334,-0.32856321334838867,-0.1989707350730896,True,True,0.0004997501249375312,0.0004997501249375312,True,True,True,0.6087186336517334,0.887403666973114,0.43040189266395873,13,0.6859546070257291,-0.2786850333213806,0.6815031991311182,0.03499510750302791,True,True
34,topic_comment_structure,final,8,14168,-0.601040780544281,0.037342533469200134,-0.5174672603607178,False,True,0.0004997501249375312,0.0004997501249375312,True,False,False,0.601040780544281,0.8737818002700806,0.34585666156803757,9,0.6878614092883406,-0.27274101972579956,1.0342339544123227,0.04265892250795325,False,True
34,topic_comment_structure,final,9,9083,0.5987087488174438,0.49550125002861023,0.6911128759384155,True,True,0.0004997501249375312,0.0004997501249375312,True,True,True,0.5987087488174438,0.8635587692260742,0.33464647554911864,9,0.6933039998586428,-0.26485002040863037,1.1099819193022544,0.043861699702732314,True,True
34,topic_comment_structure,final,10,443,-0.5804077386856079,-0.5441019535064697,-0.5661096572875977,True,True,0.0004997501249375312,0.0004997501249375312,True,True,True,0.5804077386856079,0.7758102416992188,0.2804903881624341,6,0.7481310602633572,-0.19540250301361084,1.3704075415209858,0.050384659246332834,True,True
34,topic_comment_structure,final,11,105,0.5776771903038025,0.3782137632369995,0.6479222774505615,True,True,0.0004997501249375312,0.0004997501249375312,True,True,True,0.5776771903038025,0.8573086857795715,0.3032393700514848,7,0.6738263590301861,-0.27963149547576904,1.2034799587174945,0.046571799617867685,True,True
34,topic_comment_structure,final,12,1838,-0.5638312697410583,0.00879718828946352,0.016453230753540993,False,False,0.0004997501249375312,0.0004997501249375312,True,False,False,0.5638312697410583,0.7413030862808228,0.2511701974540185,5,0.760594796077061,-0.1774718165397644,1.459715841596175,0.054426657519751925,False,False
34,topic_comment_structure,final,13,164,-0.5517104864120483,-0.12963612377643585,-0.16084709763526917,True,True,0.0004997501249375312,0.0004997501249375312,True,True,True,0.5517104864120483,0.9021463394165039,0.42034229120382893,12,0.611553206289001,-0.35043585300445557,0.5492634044080856,0.03255878064238255,True,True
34,topic_comment_structure,final,14,11776,-0.5486603379249573,-0.22312204539775848,0.08185163885354996,True,False,0.0004997501249375312,0.0004997501249375312,True,False,False,0.5486603379249573,0.8965377807617188,0.4027590397745371,13,0.6119768175957996,-0.3478774428367615,0.5538479007879843,0.03375070529228235,True,False
34,topic_comment_structure,final,15,13304,-0.5446655750274658,-0.0007422607741318643,-0.4911564588546753,True,True,0.0004997501249375312,0.0004997501249375312,True,True,True,0.5446655750274658,0.7635689973831177,0.3490115476724429,10,0.7133154657851857,-0.21890342235565186,0.9827700620092161,0.03847563678887158,True,True
34,topic_comment_structure,final,16,13191,-0.5418233871459961,0.24104727804660797,-0.2936229407787323,False,True,0.0004997501249375312,0.0004997501249375312,True,False,False,0.5418233871459961,0.6982070207595825,0.3052072510696374,6,0.7760211098372285,-0.15638363361358643,1.3567419321434806,0.04353776391390588,False,True
34,topic_comment_structure,final,17,9622,0.5150219202041626,0.46380144357681274,0.31391558051109314,True,True,0.0004997501249375312,0.0004997501249375312,True,True,True,0.5150219202041626,0.8516861796379089,0.3596644380058234,11,0.6047085564111445,-0.33666425943374634,0.5742051649373071,0.03541632665240601,True,True
34,topic_comment_structure,final,18,14004,-0.5084062218666077,-0.2829177677631378,-0.33747684955596924,True,True,0.0004997501249375312,0.0004997501249375312,True,True,True,0.5084062218666077,0.8895617127418518,0.3950106270897847,15,0.571524397446887,-0.38115549087524414,0.4122660225227979,0.031947464543048955,True,True
34,topic_comment_structure,final,19,8686,0.5025784969329834,0.00425689434632659,0.24781352281570435,True,True,0.0004997501249375312,0.0004997501249375312,True,True,True,0.5025784969329834,0.7252227067947388,0.34003092768864757,10,0.6929988432852933,-0.22264420986175537,0.7587169157471025,0.03651455676871185,True,True
34,topic_comment_structure,final,20,5159,-0.5019708275794983,-0.3040483295917511,-0.28324761986732483,True,True,0.0004997501249375312,0.0004997501249375312,True,True,True,0.5019708275794983,0.8962443470954895,0.34232526616408276,11,0.5600825591885338,-0.3942735195159912,0.6369312746675567,0.03623643148599745,True,True
34,topic_comment_structure,final,21,16335,-0.48899513483047485,-0.33984482288360596,-0.3681335747241974,True,True,0.0004997501249375312,0.0004997501249375312,True,True,True,0.48899513483047485,0.698752760887146,0.33340501704086095,11,0.6998113813670518,-0.20975762605667114,0.7675947409119749,0.03624390135454438,True,True
34,topic_comment_structure,final,22,13033,-0.4827772378921509,-0.05867166817188263,-0.6003946661949158,True,True,0.0004997501249375312,0.0004997501249375312,True,True,True,0.4827772378921509,0.8112314343452454,0.3121808109184106,11,0.5951165320434189,-0.3284541964530945,0.7957565698044033,0.03814060397642657,True,True
34,topic_comment_structure,final,23,13627,-0.48127347230911255,-0.45147380232810974,-0.37809082865715027,True,True,0.0004997501249375312,0.0004997501249375312,True,True,True,0.48127347230911255,0.8320904970169067,0.2783018408868557,8,0.57839078085197,-0.3508170247077942,0.9609379440193075,0.04245889283871244,True,True
34,topic_comment_structure,final,24,6102,-0.480869323015213,-0.37800708413124084,-0.5676955580711365,True,True,0.0004997501249375312,0.0004997501249375312,True,True,True,0.480869323015213,0.6964392066001892,0.3216706095979764,12,0.6904684837642545,-0.2155698835849762,0.7771578827156468,0.03691605023436098,True,True
34,topic_comment_structure,final,25,8923,-0.4799744784832001,-0.44687461853027344,-0.647081196308136,True,True,0.0004997501249375312,0.0004997501249375312,True,True,True,0.4799744784832001,0.685145378112793,0.09406375531584789,4,0.7005439922914923,-0.2051708996295929,2.2422532307450873,0.11569940898828637,True,True
35,focus_and_given_new_marking,mean,1,16084,-0.8151004314422607,0.53200364112854,0.681742787361145,False,False,0.0004997501249375312,0.0004997501249375312,True,False,False,0.8151004314422607,0.734837532043457,0.2921813589831193,1,1.1092253673755699,0.08026289939880371,2.4117727419841266,0.066755843886746,False,False
35,focus_and_given_new_marking,mean,2,14465,0.7923091053962708,0.4512527287006378,0.5704132914543152,True,True,0.0004997501249375312,0.0004997501249375312,True,True,True,0.7923091053962708,0.8983970880508423,0.37368291578231716,5,0.8819141512527167,-0.10608798265457153,1.469208569703479,0.051562674326645845,True,True
35,focus_and_given_new_marking,mean,3,9531,-0.7740533351898193,-0.6730794906616211,-0.6466026902198792,True,True,0.0004997501249375312,0.0004997501249375312,True,True,True,0.7740533351898193,0.7995644211769104,0.2174093481630851,2,0.9680937704187234,-0.025511085987091064,2.8083191347675656,0.08365414856230788,True,True
35,focus_and_given_new_marking,mean,4,2195,-0.7362543940544128,-0.59935462474823,-0.6295816898345947,True,True,0.0004997501249375312,0.0004997501249375312,True,True,True,0.7362543940544128,0.8756824731826782,0.2877537854111347,2,0.8407778122799325,-0.13942807912826538,2.304091838982353,0.06156667093496718,True,True
35,focus_and_given_new_marking,mean,5,8497,-0.7139667868614197,0.5474218130111694,-0.22671687602996826,False,True,0.0004997501249375312,0.0004997501249375312,True,False,False,0.7139667868614197,0.6738988161087036,0.12740005150091094,1,1.059456953766562,0.040067970752716064,4.4279686466280115,0.12564155623417256,False,True
35,focus_and_given_new_marking,mean,6,3863,0.7092477679252625,0.4354475736618042,0.4614573121070862,True,True,0.0004997501249375312,0.0004997501249375312,True,True,True,0.7092477679252625,0.7717612981796265,0.12713439300513038,2,0.9189988790551997,-0.06251353025436401,3.5032881809499137,0.12514320822166064,True,True
35,focus_and_given_new_marking,mean,7,15357,-0.7042022347450256,-0.18500198423862457,-0.40700405836105347,True,True,0.0004997501249375312,0.0004997501249375312,True,True,True,0.7042022347450256,0.5362295508384705,0.14274071551596698,1,1.313247719458777,0.16797268390655518,4.961007358525131,0.11229343208896655,True,True
35,focus_and_given_new_marking,mean,8,11338,-0.7027924656867981,-0.6774867177009583,0.0029495733324438334,True,False,0.0004997501249375312,0.0004997501249375312,True,False,False,0.7027924656867981,0.8284989595413208,0.11945439937811059,2,0.8482719955084589,-0.1257064938545227,3.5624298561528547,0.13108097083318362,True,False
35,focus_and_given_new_marking,mean,9,12770,-0.7026211023330688,0.5744634866714478,-0.08040907979011536,False,True,0.0004997501249375312,0.0004997501249375312,True,False,False,0.7026211023330688,0.821427047252655,0.12629886899286738,2,0.8553664073797612,-0.11880594491958618,4.157544150255789,0.12483769068226022,False,True
35,focus_and_given_new_marking,mean,10,4230,-0.7026036381721497,0.30416446924209595,-0.46620842814445496,False,True,0.0004997501249375312,0.0004997501249375312,True,False,False,0.7026036381721497,0.8461209535598755,0.21244803993986586,3,0.83038203369872,-0.14351731538772583,2.3381104201685883,0.07817062791787793,False,True
35,focus_and_given_new_marking,mean,11,12631,0.7023341655731201,-0.6781084537506104,0.19901446998119354,False,True,0.0004997501249375312,0.0004997501249375312,True,False,False,0.7023341655731201,0.599669337272644,0.12468381095916414,1,1.1712023975869867,0.10266482830047607,4.0492643112548,0.12620553694223066,False,True
35,focus_and_given_new_marking,mean,12,8334,0.7021234035491943,0.38070815801620483,-0.03355076164007187,True,False,0.0004997501249375312,0.0004997501249375312,True,False,False,0.7021234035491943,0.617009162902832,0.11373934240486377,1,1.1379464775627104,0.0851142406463623,4.22145975457123,0.13665417987259734,True,False
35,focus_and_given_new_marking,mean,13,12769,-0.7009232640266418,0.5745618939399719,-0.6668311357498169,False,True,0.0004997501249375312,0.0004997501249375312,True,False,False,0.7009232640266418,0.7452785968780518,0.08464120459766725,2,0.9404848964706447,-0.04435533285140991,4.0056719233116,0.17514629726339573,False,True
35,focus_and_given_new_marking,mean,14,15548,0.700722336769104,-0.6844044923782349,0.33521798253059387,False,True,0.0004997501249375312,0.0004997501249375312,True,False,False,0.700722336769104,0.36460015177726746,0.10235619026785478,1,1.9218926085285122,0.33612218499183655,6.7180927518636455,0.14932452850858688,False,True
35,focus_and_given_new_marking,mean,15,209,0.6999995708465576,0.16163520514965057,0.037879038602113724,True,True,0.0004997501249375312,0.0004997501249375312,True,True,True,0.6999995708465576,0.5396628975868225,0.09777314712603886,1,1.2971052373188945,0.1603366732597351,4.605848707742998,0.1551021376981985,True,True
35,focus_and_given_new_marking,mean,16,8214,0.6994349360466003,-0.4630438983440399,0.2870490550994873,False,True,0.0004997501249375312,0.0004997501249375312,True,False,False,0.6994349360466003,0.6461657285690308,0.1341137504682709,1,1.0824389241372134,0.05326920747756958,3.5869005201972706,0.11795111764625334,False,True
35,focus_and_given_new_marking,mean,17,7136,0.6991597414016724,0.4188220798969269,0.10158746689558029,True,True,0.0004997501249375312,0.0004997501249375312,True,True,True,0.6991597414016724,0.5199677348136902,0.12764492050672954,1,1.3446213958875517,0.17919200658798218,4.566524154777627,0.1231497908855873,True,True
35,focus_and_given_new_marking,mean,18,3848,0.6990575790405273,0.680551290512085,0.56440669298172,True,True,0.0004997501249375312,0.0004997501249375312,True,True,True,0.6990575790405273,0.7119512557983398,0.0980644816508851,2,0.9818896635790686,-0.0128936767578125,3.5287489089929798,0.15453661904310342,True,True
35,focus_and_given_new_marking,mean,19,8210,-0.6985329985618591,-0.3120698034763336,0.15225820243358612,True,False,0.0004997501249375312,0.0004997501249375312,True,False,False,0.6985329985618591,0.8118921518325806,0.1159835073332756,3,0.8603765869458766,-0.11335915327072144,3.420800493800566,0.13377015359981798,True,False
35,focus_and_given_new_marking,mean,20,9919,-0.6965917944908142,0.0,-0.19564670324325562,False,True,0.0004997501249375312,0.0004997501249375312,True,False,False,0.6965917944908142,0.8277168869972229,0.10781979131010863,3,0.841582194870879,-0.1311250925064087,2.8722643368740095,0.142116239518197,False,True
35,focus_and_given_new_marking,mean,21,2933,0.6962592005729675,-0.3958570659160614,-0.1739300936460495,False,False,0.0004997501249375312,0.0004997501249375312,True,False,False,0.6962592005729675,0.6303861141204834,0.06778474266712482,1,1.1044964109724886,0.06587308645248413,4.125468488041073,0.20846931679278813,False,False
35,focus_and_given_new_marking,mean,22,8633,-0.6958878636360168,0.6264470219612122,-0.08766885101795197,False,True,0.0004997501249375312,0.0004997501249375312,True,False,False,0.6958878636360168,0.5004265904426575,0.15340545311426887,1,1.3905893030593401,0.19546127319335938,4.212919097272104,0.10419509902855353,False,True
35,focus_and_given_new_marking,mean,23,12954,-0.6940763592720032,-0.9116575717926025,-0.7756743431091309,True,True,0.0004997501249375312,0.0004997501249375312,True,True,True,0.6940763592720032,0.9478375315666199,0.47779483658572036,10,0.7322735554951162,-0.2537611722946167,0.767910437320814,0.03591026834129181,True,True
35,focus_and_given_new_marking,mean,24,1387,-0.6938419342041016,0.6789861917495728,-0.5385836362838745,False,True,0.0004997501249375312,0.0004997501249375312,True,False,False,0.6938419342041016,0.710492730140686,0.12575078725767058,2,0.9765644386913186,-0.016650795936584473,3.475399001673224,0.12394189608974668,False,True
35,focus_and_given_new_marking,mean,25,1759,-0.6920482516288757,-0.9149574637413025,-0.8110408782958984,True,True,0.0004997501249375312,0.0004997501249375312,True,True,True,0.6920482516288757,0.9487444758415222,0.47091199142428547,12,0.7294358694579373,-0.2566962242126465,0.8406176594587497,0.03631347460440501,True,True
35,focus_and_given_new_marking,final,1,2195,-0.8127585053443909,-0.530832827091217,-0.7193379402160645,True,True,0.0004997501249375312,0.0004997501249375312,True,True,True,0.8127585053443909,0.855082631111145,0.16377994052779216,2,0.9505028821463071,-0.04232412576675415,3.8243990181377714,0.11288036352954962,True,True
35,focus_and_given_new_marking,final,2,9531,-0.7930421233177185,-0.5337581634521484,-0.6881629228591919,True,True,0.0004997501249375312,0.0004997501249375312,True,True,True,0.7930421233177185,0.7178640961647034,0.24268997804476664,1,1.1047245955810647,0.07517802715301514,2.656006167426119,0.07730999131025607,True,True
35,focus_and_given_new_marking,final,3,1838,-0.7250813245773315,-0.6307557821273804,-0.40772300958633423,True,True,0.0004997501249375312,0.0004997501249375312,True,True,True,0.7250813245773315,0.7413030862808228,0.2470355806633448,2,0.9781172343624291,-0.01622176170349121,2.3182247897764965,0.06999213247761585,True,True
35,focus_and_given_new_marking,final,4,9465,0.7145622968673706,0.8181841969490051,0.9041594862937927,True,True,0.0004997501249375312,0.0004997501249375312,True,True,True,0.7145622968673706,0.887403666973114,0.4276879525815065,8,0.8052280190645414,-0.1728413701057434,1.1069210836138283,0.04108003766283748,True,True
35,focus_and_given_new_marking,final,5,3288,0.7062994837760925,0.8367382287979126,0.8816409111022949,True,True,0.0004997501249375312,0.0004997501249375312,True,True,True,0.7062994837760925,0.8191356062889099,0.3443246697887587,3,0.8622497646952244,-0.11283612251281738,1.6055214442609786,0.0499682633378632,True,True
35,focus_and_given_new_marking,final,6,13627,0.6929014921188354,0.15415580570697784,0.3385466933250427,True,True,0.0004997501249375312,0.0004997501249375312,True,True,True,0.6929014921188354,0.8320904970169067,0.27287548140455514,3,0.8327237176760556,-0.1391890048980713,2.0706937986808738,0.06112913321505866,True,True
35,focus_and_given_new_marking,final,7,7700,-0.6911332607269287,0.6435623168945312,0.1901630014181137,False,False,0.0004997501249375312,0.0004997501249375312,True,False,False,0.6911332607269287,0.8583455681800842,0.15785915665447903,2,0.8051923215405083,-0.16721230745315552,2.6641257373928475,0.1009301340837696,False,False
35,focus_and_given_new_marking,final,8,4441,0.6899439096450806,-0.16976894438266754,0.9139254093170166,False,True,0.0004997501249375312,0.0004997501249375312,True,False,False,0.6899439096450806,0.8246793150901794,0.35226631549019843,6,0.8366208500932688,-0.13473540544509888,1.4692642237200388,0.04781869415401655,False,True
35,focus_and_given_new_marking,final,9,7912,0.6843997240066528,0.29499733448028564,0.4629473090171814,True,True,0.0004997501249375312,0.0004997501249375312,True,True,True,0.6843997240066528,0.8450190424919128,0.2872664135379287,4,0.8099222497855163,-0.16061931848526,1.8443638708045647,0.05757165398514535,True,True
35,focus_and_given_new_marking,final,10,13711,-0.6757480502128601,-0.2606598436832428,-0.45909908413887024,True,True,0.0004997501249375312,0.0004997501249375312,True,True,True,0.6757480502128601,0.7733254432678223,0.07446157798553124,3,0.8738210492045474,-0.09757739305496216,3.132733056726174,0.1887696423764821,True,True
35,focus_and_given_new_marking,final,11,8182,0.6715559363365173,0.7076956629753113,0.8672810196876526,True,True,0.0004997501249375312,0.0004997501249375312,True,True,True,0.6715559363365173,0.8864492177963257,0.40497716423124075,9,0.7575797043467152,-0.21489328145980835,1.0726687418358911,0.0407852292886002,True,True
35,focus_and_given_new_marking,final,12,8923,-0.6689980626106262,0.09918677061796188,-0.5784186124801636,False,True,0.0004997501249375312,0.0004997501249375312,True,False,False,0.6689980626106262,0.685145378112793,0.08921699674847798,2,0.9764322784360833,-0.016147315502166748,3.680302392636926,0.16126415867561025,False,True
35,focus_and_given_new_marking,final,13,12998,-0.6678118109703064,-0.6263042688369751,0.003382286988198757,True,False,0.0004997501249375312,0.0004997501249375312,True,False,False,0.6678118109703064,0.8506332635879517,0.3422015577984544,5,0.7850760598680229,-0.18282145261764526,1.6332326328406295,0.04765430388554701,True,False
35,focus_and_given_new_marking,final,14,15360,0.6671330332756042,0.6025398373603821,-0.6774391531944275,True,False,0.0004997501249375312,0.0004997501249375312,True,False,False,0.6671330332756042,0.79664546251297,0.08837123932794501,2,0.8374277701540827,-0.12951242923736572,3.800624358971239,0.16217697146036408,True,False
35,focus_and_given_new_marking,final,15,2734,-0.6526894569396973,0.3841654360294342,-0.6980361342430115,False,True,0.0004997501249375312,0.0004997501249375312,True,False,False,0.6526894569396973,0.834618091583252,0.37300786098990685,9,0.7820216977343013,-0.1819286346435547,1.1579627543447097,0.04294010705090616,False,True
35,focus_and_given_new_marking,final,16,16084,-0.6451502442359924,0.017336074262857437,-0.3499193489551544,False,True,0.0004997501249375312,0.0004997501249375312,True,False,False,0.6451502442359924,0.686457633972168,0.2974892697082116,4,0.9398252890026855,-0.04130738973617554,2.0499785769063483,0.05267722998372763,False,True
35,focus_and_given_new_marking,final,17,2895,0.6399319767951965,-0.34960755705833435,-0.5520642995834351,False,False,0.0004997501249375312,0.0004997501249375312,True,False,False,0.6399319767951965,0.784396767616272,0.07345740724569903,2,0.8158268917143883,-0.14446479082107544,3.2987996185816524,0.18258882034555196,False,False
35,focus_and_given_new_marking,final,18,7799,-0.632134735584259,0.6785094141960144,-0.5758721828460693,False,True,0.0004997501249375312,0.0004997501249375312,True,False,False,0.632134735584259,0.5981913208961487,0.10450841329442576,1,1.0567434088432774,0.03394341468811035,2.7412154139446434,0.13426926999608849,False,True
35,focus_and_given_new_marking,final,19,4549,-0.6282854080200195,-0.3352874517440796,-0.6777703166007996,True,True,0.0004997501249375312,0.0004997501249375312,True,True,True,0.6282854080200195,0.8782880902290344,0.34889555031072517,8,0.7153523029740495,-0.2500026822090149,1.148734666967953,0.044136006808440674,True,True
35,focus_and_given_new_marking,final,20,14168,0.626246452331543,0.5070043802261353,0.9150362014770508,True,True,0.0004997501249375312,0.0004997501249375312,True,True,True,0.626246452331543,0.8737818002700806,0.34521036229144114,8,0.7167080524428113,-0.2475353479385376,1.142351129840767,0.04444789729026337,True,True
35,focus_and_given_new_marking,final,21,8003,0.6255029439926147,-0.27233847975730896,0.09911610931158066,False,True,0.0004997501249375312,0.0004997501249375312,True,False,False,0.6255029439926147,0.8795605897903442,0.3405362762128695,7,0.7111539003148291,-0.2540576457977295,1.1733324833538865,0.044979444509256755,False,True
35,focus_and_given_new_marking,final,22,6051,-0.6179962754249573,0.501116931438446,0.08008431643247604,False,False,0.0004997501249375312,0.0004997501249375312,True,False,False,0.6179962754249573,0.7173817753791809,0.2623004077766568,3,0.8614607962382481,-0.09938549995422363,1.891492662229741,0.05697019475107315,False,False
35,focus_and_given_new_marking,final,23,15059,-0.6157516837120056,-0.43262210488319397,-0.5717142224311829,True,True,0.0004997501249375312,0.0004997501249375312,True,True,True,0.6157516837120056,0.8713855743408203,0.3818126867334239,9,0.7066351588133705,-0.2556338906288147,0.9099503527095059,0.03970939989697803,True,True
35,focus_and_given_new_marking,final,24,9880,0.6095463633537292,0.4472576975822449,-0.6971120238304138,True,False,0.0004997501249375312,0.0004997501249375312,True,False,False,0.6095463633537292,0.6966063976287842,0.07849090725470048,2,0.8750226317596231,-0.08706003427505493,3.288226430473416,0.1660576276856517,True,False
35,focus_and_given_new_marking,final,25,6403,-0.6012739539146423,0.525048017501831,0.19721238315105438,False,False,0.0004997501249375312,0.0004997501249375312,True,False,False,0.6012739539146423,0.5746671557426453,0.06303650150314355,1,1.0462994933782372,0.02660679817199707,3.4980964417273,0.19651418202318913,False,False
36,genericity_and_kind_level_reference,mean,1,13521,0.38834959268569946,0.30323073267936707,0.4645141065120697,True,True,0.0004997501249375312,0.0004997501249375312,True,True,True,0.38834959268569946,0.5973808169364929,0.18832653703597876,3,0.6500871498975244,-0.20903122425079346,1.6061115420255696,0.05021923539347394,True,True
36,genericity_and_kind_level_reference,mean,2,2258,0.38761499524116516,0.42901062965393066,0.389409601688385,True,True,0.0004997501249375312,0.0004997501249375312,True,True,True,0.38761499524116516,0.9070153832435608,0.19511081615033057,5,0.42735217329503544,-0.5194003880023956,1.068926397224947,0.04847043358206365,True,True
36,genericity_and_kind_level_reference,mean,3,16359,0.38387420773506165,0.3871116638183594,0.2953331470489502,True,True,0.0004997501249375312,0.0004997501249375312,True,True,True,0.38387420773506165,0.6925853490829468,0.2209042522769708,8,0.5542626742586311,-0.30871114134788513,1.0546573457190647,0.04265676561870879,True,True
36,genericity_and_kind_level_reference,mean,4,10956,0.3837265074253082,-0.05277780815958977,0.2062932699918747,False,True,0.0004997501249375312,0.0004997501249375312,True,False,False,0.3837265074253082,0.3537884056568146,0.10028363702197869,1,1.084621489256871,0.029938101768493652,3.3296570938842205,0.08934701224816415,False,True
36,genericity_and_kind_level_reference,mean,5,5836,0.37232956290245056,0.23299765586853027,0.34488049149513245,True,True,0.0004997501249375312,0.0004997501249375312,True,True,True,0.37232956290245056,0.6078472137451172,0.12976458477668273,2,0.6125380761530906,-0.23551765084266663,2.1276478379800685,0.06852924632311272,True,True
36,genericity_and_kind_level_reference,mean,6,7711,-0.36652272939682007,-0.3221122622489929,-0.3169006109237671,True,True,0.0004997501249375312,0.0004997501249375312,True,True,True,0.36652272939682007,0.9402632117271423,0.4551805534089605,25,0.38980864594666537,-0.5737404823303223,-0.3298889780633763,0.020229126495804394,True,True
36,genericity_and_kind_level_reference,mean,7,1858,0.36555469036102295,0.3438003659248352,0.47473978996276855,True,True,0.0004997501249375312,0.0004997501249375312,True,True,True,0.36555469036102295,0.40571555495262146,0.09883757614387342,3,0.9010122631450785,-0.04016086459159851,2.808965484368138,0.08661981520021951,True,True
36,genericity_and_kind_level_reference,mean,8,1129,-0.36247244477272034,-0.3249543607234955,-0.16246774792671204,True,True,0.0004997501249375312,0.0004997501249375312,True,True,True,0.36247244477272034,0.9500619173049927,0.43219795727576965,20,0.38152507554553206,-0.5875894725322723,-0.26043501575646677,0.021051712536564713,True,True
36,genericity_and_kind_level_reference,mean,9,14615,0.3573800325393677,-0.26178282499313354,0.111493781208992,False,True,0.0004997501249375312,0.0004997501249375312,True,False,False,0.3573800325393677,0.4457891285419464,0.12905868649100646,2,0.8016795602626279,-0.08840909600257874,2.81362846753988,0.0662960470066784,False,True
36,genericity_and_kind_level_reference,mean,10,13219,-0.35735204815864563,-0.3034515678882599,-0.22943659126758575,True,True,0.0004997501249375312,0.0004997501249375312,True,True,True,0.35735204815864563,0.9557322859764099,0.4517250378162433,24,0.37390391995972194,-0.5983802378177643,-0.35171787645764363,0.019880914239843176,True,True
36,genericity_and_kind_level_reference,mean,11,12998,-0.3487085700035095,-0.17109498381614685,-0.22221259772777557,True,True,0.0004997501249375312,0.0004997501249375312,True,True,True,0.3487085700035095,0.8975566029548645,0.37127455204534227,19,0.38850872341144715,-0.548848032951355,-0.08639119258950646,0.023516238528596092,True,True
36,genericity_and_kind_level_reference,mean,12,6888,-0.3485262393951416,-0.3376981019973755,-0.20563986897468567,True,True,0.0004997501249375312,0.0004997501249375312,True,True,True,0.3485262393951416,0.9110438823699951,0.47052060688535374,26,0.3825570273173706,-0.5625176429748535,-0.4753360673129283,0.018638933083585506,True,True
36,genericity_and_kind_level_reference,mean,13,2022,0.3484724462032318,0.3540540933609009,0.4188562035560608,True,True,0.0004997501249375312,0.0004997501249375312,True,True,True,0.3484724462032318,0.5534906387329102,0.13967754998698068,5,0.6295904967805409,-0.20501819252967834,1.4977498487815428,0.06012398986290403,True,True
36,genericity_and_kind_level_reference,mean,14,10816,-0.34693339467048645,-0.28856131434440613,-0.15009592473506927,True,True,0.0004997501249375312,0.0004997501249375312,True,True,True,0.34693339467048645,0.9484120607376099,0.4590792443889838,23,0.3658044947263381,-0.6014786660671234,-0.40980664528473887,0.01900898251408668,True,True
36,genericity_and_kind_level_reference,mean,15,12564,-0.34670495986938477,-0.28164783120155334,-0.24769043922424316,True,True,0.0004997501249375312,0.0004997501249375312,True,True,True,0.34670495986938477,0.9222537875175476,0.44576771850458896,25,0.3759322700128115,-0.5755488276481628,-0.3473610359719613,0.019552892056956688,True,True
36,genericity_and_kind_level_reference,mean,16,4100,-0.3440980911254883,-0.2737886905670166,-0.137562558054924,True,True,0.0004997501249375312,0.0004997501249375312,True,True,True,0.3440980911254883,0.9500399827957153,0.4735387478453609,27,0.36219327329035034,-0.605941891670227,-0.46200390597715474,0.018291308349472797,True,True
36,genericity_and_kind_level_reference,mean,17,10157,-0.34026676416397095,-0.37483176589012146,-0.03351319581270218,True,True,0.0004997501249375312,0.0004997501249375312,True,True,True,0.34026676416397095,0.9528173804283142,0.4460652117163707,25,0.3571164539536557,-0.6125506162643433,-0.37926135792113835,0.019184214284256155,True,True
36,genericity_and_kind_level_reference,mean,18,1220,-0.3397890031337738,-0.2187194973230362,-0.21942326426506042,True,True,0.0004997501249375312,0.0004997501249375312,True,True,True,0.3397890031337738,0.9110703468322754,0.4532916628851149,26,0.37295583630308593,-0.5712813436985016,-0.42387060097201745,0.01885813703637532,True,True
36,genericity_and_kind_level_reference,mean,19,9265,-0.3385947644710541,-0.2730391323566437,-0.19334954023361206,True,True,0.0004997501249375312,0.0004997501249375312,True,True,True,0.3385947644710541,0.9277185201644897,0.48286802827929837,27,0.3649757519242144,-0.5891237556934357,-0.5430768977035682,0.017662329373508655,True,True
36,genericity_and_kind_level_reference,mean,20,142,0.3381481468677521,0.3360438942909241,0.47075191140174866,True,True,0.0004997501249375312,0.0004997501249375312,True,True,True,0.3381481468677521,0.4876416027545929,0.11414975317147298,4,0.6934358039954318,-0.14949345588684082,1.8217799546714817,0.07059477186984114,True,True
36,genericity_and_kind_level_reference,mean,21,9241,-0.337836354970932,-0.3317778408527374,-0.08547917753458023,True,True,0.0004997501249375312,0.0004997501249375312,True,True,True,0.337836354970932,0.9394376873970032,0.44552749641335165,24,0.35961550138254517,-0.6016013324260712,-0.3639151804224634,0.01907235136979021,True,True
36,genericity_and_kind_level_reference,mean,22,9815,-0.3371354937553406,-0.28145405650138855,-0.15020373463630676,True,True,0.0004997501249375312,0.0004997501249375312,True,True,True,0.3371354937553406,0.9499609470367432,0.4830467158403152,27,0.3548940562314512,-0.6128254532814026,-0.5317429208407496,0.017581155742068526,True,True
36,genericity_and_kind_level_reference,mean,23,16080,-0.33687418699264526,-0.32435745000839233,-0.18090760707855225,True,True,0.0004997501249375312,0.0004997501249375312,True,True,True,0.33687418699264526,0.9263448715209961,0.46291067795111585,25,0.36365958008654,-0.5894706845283508,-0.4545156757971243,0.01831794624832397,True,True
36,genericity_and_kind_level_reference,mean,24,3468,-0.3366801142692566,-0.28843823075294495,-0.140809565782547,True,True,0.0004997501249375312,0.0004997501249375312,True,True,True,0.3366801142692566,0.9540792107582092,0.47999922916866267,26,0.3528848658191557,-0.6173990964889526,-0.516125816242678,0.017667329428480705,True,True
36,genericity_and_kind_level_reference,mean,25,10099,-0.3354756236076355,-0.3306775987148285,-0.15194101631641388,True,True,0.0004997501249375312,0.0004997501249375312,True,True,True,0.3354756236076355,0.925675094127655,0.4712731573635187,25,0.3624118502656525,-0.5901994705200195,-0.48159165912165625,0.017925370853476646,True,True
36,genericity_and_kind_level_reference,final,1,164,0.33983075618743896,0.19894066452980042,0.47115665674209595,True,True,0.0004997501249375312,0.0004997501249375312,True,True,True,0.33983075618743896,0.9021463394165039,0.4257751047993318,23,0.3766913873499026,-0.5623155832290649,-0.3585489305669268,0.020054857246230122,True,True
36,genericity_and_kind_level_reference,final,2,11776,0.3254557251930237,0.14663158357143402,0.2405577003955841,True,True,0.0004997501249375312,0.0004997501249375312,True,True,True,0.3254557251930237,0.8965377807617188,0.4084822349727918,22,0.36301395454468094,-0.5710820555686951,-0.31433706141093515,0.02002032862119907,True,True
36,genericity_and_kind_level_reference,final,3,14168,0.30285000801086426,0.14711396396160126,0.17989595234394073,True,True,0.0004997501249375312,0.0004997501249375312,True,True,True,0.30285000801086426,0.8737818002700806,0.3535025788124842,20,0.3465968367815113,-0.5709317922592163,-0.202635748626228,0.0214948060788309,True,True
36,genericity_and_kind_level_reference,final,4,13305,0.29817745089530945,0.3032493591308594,0.43481364846229553,True,True,0.0004997501249375312,0.0004997501249375312,True,True,True,0.29817745089530945,0.07826009392738342,0.00836807613571485,1,3.81008296734201,0.21991735696792603,14.412488701838262,0.47744110835024467,True,True
36,genericity_and_kind_level_reference,final,5,14004,0.296977162361145,0.1517963856458664,0.36072811484336853,True,True,0.0004997501249375312,0.0004997501249375312,True,True,True,0.296977162361145,0.8895617127418518,0.4004318850258222,23,0.33384661019839434,-0.5925845503807068,-0.37598713540893997,0.018661587833827268,True,True
36,genericity_and_kind_level_reference,final,6,12897,-0.2969399690628052,-0.17625296115875244,-0.29168421030044556,True,True,0.0004997501249375312,0.0004997501249375312,True,True,True,0.2969399690628052,0.8939337730407715,0.4198116788234657,26,0.33217222351130704,-0.5969938039779663,-0.5034529557030324,0.01781326787893511,True,True
36,genericity_and_kind_level_reference,final,7,8182,0.28827860951423645,0.18023793399333954,0.14712584018707275,True,True,0.0004997501249375312,0.0004997501249375312,True,True,True,0.28827860951423645,0.8864492177963257,0.41480478799591464,25,0.32520600585658427,-0.5981706082820892,-0.5033960982818528,0.017507862788283472,True,True
36,genericity_and_kind_level_reference,final,8,443,0.28714340925216675,0.2206018567085266,0.45541664958000183,True,True,0.0004997501249375312,0.0004997501249375312,True,True,True,0.28714340925216675,0.7758102416992188,0.28800998635303515,16,0.3701206736111794,-0.488666832447052,-0.003867552986807512,0.024926653911893238,True,True
36,genericity_and_kind_level_reference,final,9,9465,0.2848743498325348,0.13302509486675262,0.3865516483783722,True,True,0.0004997501249375312,0.0004997501249375312,True,True,True,0.2848743498325348,0.887403666973114,0.4387055922490664,27,0.32102002778986233,-0.6025293171405792,-0.5870288870571733,0.016377367056170038,True,True
36,genericity_and_kind_level_reference,final,10,5159,0.2841622531414032,0.12179762125015259,0.25289908051490784,True,True,0.0004997501249375312,0.0004997501249375312,True,True,True,0.2841622531414032,0.8962443470954895,0.3479101014060852,20,0.3170589070517478,-0.6120820939540863,-0.2532267857493318,0.020513196088540336,True,True
36,genericity_and_kind_level_reference,final,11,14795,0.2769438326358795,0.12275886535644531,0.3446585536003113,True,True,0.0004997501249375312,0.0004997501249375312,True,True,True,0.2769438326358795,0.8592251539230347,0.36535861548215437,23,0.32231811577141845,-0.5822813212871552,-0.33530926156557883,0.019065480540952036,True,True
36,genericity_and_kind_level_reference,final,12,105,-0.26431190967559814,-0.14193658530712128,-0.25599321722984314,True,True,0.0004997501249375312,0.0004997501249375312,True,True,True,0.26431190967559814,0.8573086857795715,0.31127437724707985,20,0.3083042480028683,-0.5929967761039734,-0.20232542983591412,0.021308581160274478,True,True
36,genericity_and_kind_level_reference,final,13,6709,-0.25993508100509644,-0.15411464869976044,-0.026378950104117393,True,True,0.0004997501249375312,0.0004997501249375312,True,True,True,0.25993508100509644,0.326609343290329,0.12266723914310718,7,0.7958592928985361,-0.06667426228523254,1.4620197431648991,0.051533956376028395,True,True
36,genericity_and_kind_level_reference,final,14,3522,0.25621724128723145,0.038328204303979874,0.3314098119735718,True,True,0.0004997501249375312,0.0004997501249375312,True,True,True,0.25621724128723145,0.16637995839118958,0.014695820613549305,1,1.539952550563921,0.08983728289604187,5.813775139186505,0.3089358290082763,True,True
36,genericity_and_kind_level_reference,final,15,9083,-0.2470674216747284,-0.06639531999826431,-0.08424139022827148,True,True,0.0004997501249375312,0.0004997501249375312,True,True,True,0.2470674216747284,0.8635587692260742,0.3436629198348293,25,0.2861037725274349,-0.6164913475513458,-0.4005903395120561,0.018100281776790256,True,True
36,genericity_and_kind_level_reference,final,16,2084,-0.2373437136411667,-0.04175262898206711,-0.07123782485723495,True,True,0.0004997501249375312,0.0004997501249375312,True,True,True,0.2373437136411667,0.8011894226074219,0.27264888823115957,18,0.2962392000492794,-0.5638457089662552,-0.17127512370126352,0.021833441965089205,True,True
36,genericity_and_kind_level_reference,final,17,13304,-0.23483312129974365,-0.10966898500919342,-0.16328124701976776,True,True,0.0004997501249375312,0.0004997501249375312,True,True,True,0.23483312129974365,0.7635689973831177,0.3569559695628973,30,0.30754669467272394,-0.528735876083374,-0.6088354739233827,0.016588810263381035,True,True
36,genericity_and_kind_level_reference,final,18,8666,0.2292296290397644,0.0644315853714943,0.1275572031736374,True,True,0.0004997501249375312,0.0009995002498750624,True,True,True,0.2292296290397644,0.46572256088256836,0.15071288511554043,8,0.4922021140770213,-0.23649293184280396,0.735457315384148,0.0375353565306426,True,True
36,genericity_and_kind_level_reference,final,19,1193,-0.22215703129768372,-0.04091331735253334,-0.1414213627576828,True,True,0.0004997501249375312,0.0014992503748125937,True,True,True,0.22215703129768372,0.2354438453912735,0.049859303001983046,2,0.9435669508731094,-0.013286814093589783,2.768356741886463,0.10253386387607644,True,True
36,genericity_and_kind_level_reference,final,20,7918,0.22127659618854523,0.18189595639705658,0.1574615091085434,True,True,0.0004997501249375312,0.001999000499750125,True,True,True,0.22127659618854523,0.8988211750984192,0.3560878862746251,25,0.24618533955245978,-0.677544578909874,-0.5713191349616127,0.015683693815183575,True,True
36,genericity_and_kind_level_reference,final,21,7912,0.21999934315681458,0.20352289080619812,0.06382381170988083,True,True,0.0004997501249375312,0.001999000499750125,True,True,True,0.21999934315681458,0.8450190424919128,0.2991741156110015,21,0.26034838517727255,-0.6250196993350983,-0.35319973962035983,0.018506328417309915,True,True
36,genericity_and_kind_level_reference,final,22,11483,-0.21510213613510132,-0.13341009616851807,-0.2820058763027191,True,True,0.0004997501249375312,0.0029985007496251873,True,True,True,0.21510213613510132,0.7352381348609924,0.25117082882729264,20,0.29256117975405277,-0.5201359987258911,-0.19379341488219415,0.021487083927106694,True,True
36,genericity_and_kind_level_reference,final,23,8686,-0.21462927758693695,-0.056534674018621445,-0.15404599905014038,True,True,0.0004997501249375312,0.0029985007496251873,True,True,True,0.21462927758693695,0.7252227067947388,0.34741424100521284,26,0.2959494725910229,-0.5105934292078018,-0.6182780362380769,0.0155937689107317,True,True
36,genericity_and_kind_level_reference,final,24,7552,-0.20612607896327972,-0.006523150485008955,0.0,True,False,0.0004997501249375312,0.005497251374312844,True,False,False,0.20612607896327972,0.3840790092945099,0.0406050297136132,2,0.5366762410210845,-0.17795293033123016,2.314977490799502,0.11517210582203359,True,False
36,genericity_and_kind_level_reference,final,25,4894,-0.20576788485050201,-0.08014918863773346,-0.1414213478565216,True,True,0.0004997501249375312,0.005497251374312844,True,True,True,0.20576788485050201,0.17363901436328888,0.045276708130796366,1,1.1850325550684875,0.032128870487213135,3.1269785093458538,0.10436808254928213,True,True
37,social_deixis_honorifics_status_encoding,mean,1,2410,0.9277223944664001,0.9127199649810791,0.5644055604934692,True,True,0.0004997501249375312,0.0004997501249375312,True,True,True,0.9277223944664001,0.7450781464576721,0.1279692041974228,1,1.2451343511778923,0.18264424800872803,4.3184395398893765,0.15674901522259524,True,True
37,social_deixis_honorifics_status_encoding,mean,2,7038,-0.9086031913757324,-0.8378336429595947,-0.364404559135437,True,True,0.0004997501249375312,0.0004997501249375312,True,True,True,0.9086031913757324,0.9209223389625549,0.4154992422614342,2,0.9866230331640121,-0.01231914758682251,1.8742690004786764,0.05309409697593485,True,True
37,social_deixis_honorifics_status_encoding,mean,3,12611,0.9057548642158508,-0.7645295858383179,0.7212825417518616,False,True,0.0004997501249375312,0.0004997501249375312,True,False,False,0.9057548642158508,0.7097702622413635,0.1614034011697349,1,1.2761239972996234,0.1959846019744873,3.4457230681918958,0.12579076944146272,False,True
37,social_deixis_honorifics_status_encoding,mean,4,46,-0.9014692306518555,-0.786198616027832,-0.5642505884170532,True,True,0.0004997501249375312,0.0004997501249375312,True,True,True,0.9014692306518555,0.7455435395240784,0.13192974508572847,1,1.209143642002871,0.1559256911277771,4.0489357818351674,0.14908377530518568,True,True
37,social_deixis_honorifics_status_encoding,mean,5,4800,0.9008364677429199,0.8372637033462524,0.27213054895401,True,True,0.0004997501249375312,0.0004997501249375312,True,True,True,0.9008364677429199,0.7604414820671082,0.11733132598396295,1,1.184622997280706,0.14039498567581177,4.870633474589853,0.16448352071646766,True,True
37,social_deixis_honorifics_status_encoding,mean,6,2373,0.8767595887184143,0.8749803304672241,0.23254366219043732,True,True,0.0004997501249375312,0.0004997501249375312,True,True,True,0.8767595887184143,0.5277304649353027,0.09805097946753868,1,1.6613776292522755,0.3490291237831116,5.604344603258463,0.186514918108448,True,True
37,social_deixis_honorifics_status_encoding,mean,7,4425,0.8685261607170105,-0.8781042695045471,0.6225557327270508,False,True,0.0004997501249375312,0.0004997501249375312,True,False,False,0.8685261607170105,0.6464254856109619,0.09559082882240033,1,1.3435827950009314,0.22210067510604858,4.549434174812031,0.18895098889330972,False,True
37,social_deixis_honorifics_status_encoding,mean,8,9261,0.8623298406600952,0.6055989265441895,0.5023784637451172,True,True,0.0004997501249375312,0.0004997501249375312,True,True,True,0.8623298406600952,0.5592597126960754,0.1345703202084853,1,1.5419130344701237,0.3030701279640198,4.521449968715015,0.14112096122274478,True,True
37,social_deixis_honorifics_status_encoding,mean,9,949,0.838947057723999,-0.5094603896141052,0.49058589339256287,False,True,0.0004997501249375312,0.0004997501249375312,True,False,False,0.838947057723999,0.6994199752807617,0.15254777163649216,1,1.1994897020023316,0.1395270824432373,4.241474425530949,0.12358702519400737,False,True
37,social_deixis_honorifics_status_encoding,mean,10,3341,0.8244761228561401,0.740835428237915,0.291290283203125,True,True,0.0004997501249375312,0.0004997501249375312,True,True,True,0.8244761228561401,0.5457452535629272,0.1500500520058454,1,1.5107343902187027,0.2787308692932129,4.727332518110353,0.12349060069226728,True,True
37,social_deixis_honorifics_status_encoding,mean,11,11385,0.8228108286857605,-0.35441574454307556,0.0,False,False,0.0004997501249375312,0.0004997501249375312,True,False,False,0.8228108286857605,0.4080262780189514,0.10870015579096687,1,2.0165633269520544,0.4147845506668091,7.7351484017985115,0.16254283419430274,False,False
37,social_deixis_honorifics_status_encoding,mean,12,2081,0.8197708129882812,0.42160817980766296,0.3720954358577728,True,True,0.0004997501249375312,0.0004997501249375312,True,True,True,0.8197708129882812,0.2958528697490692,0.08584453296871522,1,2.770873284695797,0.523917943239212,10.901721731816718,0.19669585582985144,True,True
37,social_deixis_honorifics_status_encoding,mean,13,4966,0.8184773921966553,-0.4157080352306366,0.6492385864257812,False,True,0.0004997501249375312,0.0004997501249375312,True,False,False,0.8184773921966553,0.5889475345611572,0.12133275508546294,1,1.3897288708518454,0.22952985763549805,6.18918648501436,0.14746131906525764,False,True
37,social_deixis_honorifics_status_encoding,mean,14,7948,-0.8165410757064819,-0.3258679509162903,0.8585513830184937,True,False,0.0004997501249375312,0.0004997501249375312,True,False,False,0.8165410757064819,0.8383492827415466,0.2957658266278509,2,0.9739867290591004,-0.021808207035064697,2.598809587403664,0.06610914763203292,True,False
37,social_deixis_honorifics_status_encoding,mean,15,4549,-0.8137157559394836,-0.9423393607139587,-0.6494197249412537,True,True,0.0004997501249375312,0.0004997501249375312,True,True,True,0.8137157559394836,0.9344288110733032,0.4479335013490457,5,0.8708162101774599,-0.12071305513381958,1.540198639136144,0.044506389128013066,True,True
37,social_deixis_honorifics_status_encoding,mean,16,4216,0.8035154938697815,-0.8085090517997742,0.5929999351501465,False,True,0.0004997501249375312,0.0004997501249375312,True,False,False,0.8035154938697815,0.7237645387649536,0.16177027956403506,1,1.110189088900261,0.07975095510482788,4.083088665256583,0.11297140564308272,False,True
37,social_deixis_honorifics_status_encoding,mean,17,6025,0.7618224620819092,0.06505712866783142,0.8404757976531982,True,True,0.0004997501249375312,0.0004997501249375312,True,True,True,0.7618224620819092,0.2904796302318573,0.08688839272601911,1,2.6226364357247074,0.4713428318500519,8.803439853344106,0.18355089971916494,True,True
37,social_deixis_honorifics_status_encoding,mean,18,13711,0.7595862746238708,0.7103607654571533,0.6014553904533386,True,True,0.0004997501249375312,0.0004997501249375312,True,True,True,0.7595862746238708,0.6744731068611145,0.07346843823026387,1,1.1261920851950034,0.08511316776275635,4.216479542561478,0.2095494021172536,True,True
37,social_deixis_honorifics_status_encoding,mean,19,10061,-0.7523630857467651,-0.8592830896377563,-0.48287275433540344,True,True,0.0004997501249375312,0.0004997501249375312,True,True,True,0.7523630857467651,0.8561397790908813,0.07938422434605084,2,0.8787853387044874,-0.10377669334411621,4.61913407026536,0.19550288018580503,True,True
37,social_deixis_honorifics_status_encoding,mean,20,8684,-0.735200822353363,0.48953357338905334,-0.7953824400901794,False,True,0.0004997501249375312,0.0004997501249375312,True,False,False,0.735200822353363,0.5522148013114929,0.12735855143565017,1,1.3313674689763548,0.18298602104187012,5.46991848952777,0.12893319121567448,False,True
37,social_deixis_honorifics_status_encoding,mean,21,16009,-0.7335290312767029,-0.8448383808135986,-0.43334704637527466,True,True,0.0004997501249375312,0.0004997501249375312,True,True,True,0.7335290312767029,0.5129596590995789,0.09201615141370358,1,1.429993603326038,0.22056937217712402,6.957021766449777,0.1697135718673457,True,True
37,social_deixis_honorifics_status_encoding,mean,22,4257,-0.72866290807724,-0.8511436581611633,-0.39172545075416565,True,True,0.0004997501249375312,0.0004997501249375312,True,True,True,0.72866290807724,0.6841580867767334,0.24640295630655226,1,1.0650504936807539,0.04450482130050659,2.8258334200846926,0.07048135536316559,True,True
37,social_deixis_honorifics_status_encoding,mean,23,4806,-0.7236843705177307,-0.10385043174028397,-0.5111386179924011,True,True,0.0004997501249375312,0.0004997501249375312,True,True,True,0.7236843705177307,0.7395646572113037,0.14425539592645156,2,0.9785275208344146,-0.015880286693572998,2.6261298749111592,0.11397241766815479,True,True
37,social_deixis_honorifics_status_encoding,mean,24,3898,-0.7138780355453491,-0.835385799407959,0.3414364457130432,True,False,0.0004997501249375312,0.0004997501249375312,True,False,False,0.7138780355453491,0.5496106743812561,0.11506078019738197,1,1.298879495652123,0.16426736116409302,4.856335276845674,0.13725128506939455,True,False
37,social_deixis_honorifics_status_encoding,mean,25,1302,0.7123245596885681,0.4660811126232147,-0.018961193040013313,True,False,0.0004997501249375312,0.0004997501249375312,True,False,False,0.7123245596885681,0.7794960737228394,0.19580742387244335,2,0.913827001445353,-0.06717151403427124,2.736205011306172,0.08532044814375084,True,False
37,social_deixis_honorifics_status_encoding,final,1,46,-0.9033511281013489,-0.7001131176948547,-0.5651090741157532,True,True,0.0004997501249375312,0.0004997501249375312,True,True,True,0.9033511281013489,0.7894818186759949,0.10511362466674584,1,1.1442329724784785,0.113869309425354,3.9770940964610135,0.1805697389179298,True,True
37,social_deixis_honorifics_status_encoding,final,2,8684,-0.8738177418708801,0.468637079000473,-0.598450243473053,False,True,0.0004997501249375312,0.0004997501249375312,True,False,False,0.8738177418708801,0.04999999701976776,0.0012820512056350708,1,17.476355879089585,0.8238177448511124,108.97967933040746,0.9458767731827606,False,True
37,social_deixis_honorifics_status_encoding,final,3,105,-0.8573086857795715,0.5784518122673035,-0.15051354467868805,False,True,0.0004997501249375312,0.0004997501249375312,True,False,False,0.8573086857795715,0.7490339279174805,0.2960693317059523,1,1.1445525413823705,0.10827475786209106,2.621031699988701,0.06911543158521848,False,True
37,social_deixis_honorifics_status_encoding,final,4,9465,0.8571370840072632,0.8848729729652405,0.6922247409820557,True,True,0.0004997501249375312,0.0004997501249375312,True,True,True,0.8571370840072632,0.887403666973114,0.42403218880868876,3,0.9658931058183605,-0.03026658296585083,1.7058149654675252,0.0492766324890055,True,True
37,social_deixis_honorifics_status_encoding,final,5,9622,0.8516861796379089,0.9191387295722961,-0.7304407358169556,True,False,0.0004997501249375312,0.0004997501249375312,True,False,False,0.8516861796379089,0.8023116588592529,0.3510320210972658,1,1.0615403256745115,0.049374520778656006,1.9285733216860972,0.05856759636840043,True,False
37,social_deixis_honorifics_status_encoding,final,6,8182,0.8506132960319519,0.9248427152633667,0.4471772313117981,True,True,0.0004997501249375312,0.0004997501249375312,True,True,True,0.8506132960319519,0.8864492177963257,0.40038594988007575,2,0.9595736325951527,-0.03583592176437378,1.8633065007659195,0.051659819290482294,True,True
37,social_deixis_honorifics_status_encoding,final,7,13627,0.8320904970169067,0.9064435362815857,0.2551296651363373,True,True,0.0004997501249375312,0.0004997501249375312,True,True,True,0.8320904970169067,0.7168050408363342,0.26930653256101483,1,1.16083237367592,0.11528545618057251,2.9044450508486777,0.0734086611411241,True,True
37,social_deixis_honorifics_status_encoding,final,8,10061,-0.8250659704208374,-0.858081042766571,-0.6129876971244812,True,True,0.0004997501249375312,0.0004997501249375312,True,True,True,0.8250659704208374,0.6737013459205627,0.04753624657407785,1,1.2246761497759013,0.15136462450027466,6.985462217698222,0.30797769959991567,True,True
37,social_deixis_honorifics_status_encoding,final,9,11776,0.8031561374664307,0.7369416952133179,0.29768481850624084,True,True,0.0004997501249375312,0.0004997501249375312,True,True,True,0.8031561374664307,0.8965377807617188,0.39623350645296085,5,0.8958419318191488,-0.09338164329528809,1.5876282733598204,0.04940595159809942,True,True
37,social_deixis_honorifics_status_encoding,final,10,8655,0.7844669818878174,0.0,0.3463425934314728,False,True,0.0004997501249375312,0.0004997501249375312,True,False,False,0.7844669818878174,0.2137211114168167,0.026645881091005717,1,3.6705170429227487,0.5707458704710007,16.062286426668464,0.43016162791898216,False,True
37,social_deixis_honorifics_status_encoding,final,11,7912,0.773054838180542,0.8578142523765564,0.6476713418960571,True,True,0.0004997501249375312,0.0004997501249375312,True,True,True,0.773054838180542,0.8450190424919128,0.28499320548218793,2,0.9148371803561343,-0.07196420431137085,2.318885958939518,0.06502931560919224,True,True
37,social_deixis_honorifics_status_encoding,final,12,5697,0.7677634954452515,-0.4781528413295746,0.6453317403793335,False,True,0.0004997501249375312,0.0004997501249375312,True,False,False,0.7677634954452515,0.792143702507019,0.32184525650854295,3,0.9692224946248922,-0.024380207061767578,1.9456171953037287,0.057641076954897674,False,True
37,social_deixis_honorifics_status_encoding,final,13,4806,-0.7675336003303528,0.8301498889923096,-0.7649012207984924,False,True,0.0004997501249375312,0.0004997501249375312,True,False,False,0.7675336003303528,0.664939820766449,0.08895160291248407,1,1.154290322762815,0.10259377956390381,4.3432710939743515,0.1811653793336744,False,True
37,social_deixis_honorifics_status_encoding,final,14,14795,0.748216450214386,0.11975051462650299,0.47647926211357117,True,True,0.0004997501249375312,0.0004997501249375312,True,True,True,0.748216450214386,0.8592251539230347,0.3532747022109106,5,0.8708037081994083,-0.11100870370864868,1.5405060963294916,0.0515090227365275,True,True
37,social_deixis_honorifics_status_encoding,final,15,13711,0.7390779256820679,0.8554567098617554,0.4654237627983093,True,True,0.0004997501249375312,0.0004997501249375312,True,True,True,0.7390779256820679,0.7733254432678223,0.07283773502478233,2,0.9557139650791321,-0.034247517585754395,3.5751601372487647,0.20646078915863525,True,True
37,social_deixis_honorifics_status_encoding,final,16,164,0.7185844779014587,-0.2425086796283722,0.6157510280609131,False,True,0.0004997501249375312,0.0004997501249375312,True,False,False,0.7185844779014587,0.9021463394165039,0.4160634709092287,6,0.796527621412541,-0.18356186151504517,1.2864774711581852,0.042406724115700366,False,True
37,social_deixis_honorifics_status_encoding,final,17,2734,-0.7110973000526428,-0.9202234148979187,-0.38739439845085144,True,True,0.0004997501249375312,0.0004997501249375312,True,True,True,0.7110973000526428,0.834618091583252,0.37151022398701083,7,0.8520032182668208,-0.12352079153060913,1.417601521359197,0.046782729310566984,True,True
37,social_deixis_honorifics_status_encoding,final,18,6102,0.6953550577163696,-0.6209558844566345,0.6799577474594116,False,True,0.0004997501249375312,0.0004997501249375312,True,False,False,0.6953550577163696,0.6964392066001892,0.3161709753748698,2,0.9984432971700257,-0.00108414888381958,1.9219567052162958,0.05338199176528127,False,True
37,social_deixis_honorifics_status_encoding,final,19,9390,-0.6920564770698547,-0.4523666799068451,-0.5637014508247375,True,True,0.0004997501249375312,0.0004997501249375312,True,True,True,0.6920564770698547,0.7182981371879578,0.2238454882724163,2,0.9634668965997383,-0.026241660118103027,2.6041825039103244,0.07345088467112332,True,True
37,social_deixis_honorifics_status_encoding,final,20,8686,-0.6909562349319458,0.7233140468597412,-0.21485579013824463,False,True,0.0004997501249375312,0.0004997501249375312,True,False,False,0.6909562349319458,0.7252227067947388,0.3352007292784177,2,0.9527504150907792,-0.03426647186279297,1.7090713137192493,0.05020103490118528,False,True
37,social_deixis_honorifics_status_encoding,final,21,8923,0.685145378112793,-0.7374352812767029,0.5020787715911865,False,True,0.0004997501249375312,0.0004997501249375312,True,False,False,0.685145378112793,0.6689980626106262,0.0888029630176532,1,1.0241365654171781,0.016147315502166748,3.8241299181709296,0.1651565215909303,False,True
37,social_deixis_honorifics_status_encoding,final,22,9531,-0.6689475178718567,-0.8829399943351746,-0.3023773729801178,True,True,0.0004997501249375312,0.0004997501249375312,True,True,True,0.6689475178718567,0.7930421233177185,0.24587189100491694,4,0.8435207893791217,-0.12409460544586182,1.9701385283769481,0.06521258489692024,True,True
37,social_deixis_honorifics_status_encoding,final,23,15090,0.6683415770530701,-0.39789772033691406,0.5291945934295654,False,True,0.0004997501249375312,0.0004997501249375312,True,False,False,0.6683415770530701,0.5084002614021301,0.14481807886981046,1,1.3145972333095064,0.15994131565093994,4.675423162295493,0.10581309023741249,False,True
37,social_deixis_honorifics_status_encoding,final,24,7038,-0.6655590534210205,-0.2863945960998535,0.11446002125740051,True,False,0.0004997501249375312,0.0004997501249375312,True,False,False,0.6655590534210205,0.6886276006698608,0.2455968487327202,2,0.9665006932246102,-0.023068547248840332,2.483138023362299,0.06497166134010468,True,False
37,social_deixis_honorifics_status_encoding,final,25,13774,0.66399085521698,0.2297855019569397,0.15280596911907196,True,True,0.0004997501249375312,0.0004997501249375312,True,True,True,0.66399085521698,0.48509520292282104,0.1497204759850716,1,1.3687846245773354,0.17889565229415894,4.226504792336231,0.102103909768532,True,True
38,speech_act_force_and_request_directness,mean,1,5530,-0.5678360462188721,-0.6996418833732605,-0.2994917631149292,True,True,0.0004997501249375312,0.0004997501249375312,True,True,True,0.5678360462188721,0.909826397895813,0.3351333340247854,11,0.6241147185134727,-0.3419903516769409,0.9058031944068045,0.04163620356858609,True,True
38,speech_act_force_and_request_directness,mean,2,16261,-0.5039443969726562,-0.5461890697479248,-0.32312071323394775,True,True,0.0004997501249375312,0.0004997501249375312,True,True,True,0.5039443969726562,0.9367658495903015,0.44064300098957926,19,0.5379619647674586,-0.43282145261764526,0.23360026048495539,0.028489105449293294,True,True
38,speech_act_force_and_request_directness,mean,3,16078,-0.49187788367271423,-0.6548202037811279,-0.2213626354932785,True,True,0.0004997501249375312,0.0004997501249375312,True,True,True,0.49187788367271423,0.9238432049751282,0.42982266518550044,19,0.5324257201046975,-0.43196532130241394,0.2215825985768584,0.028506460265486696,True,True
38,speech_act_force_and_request_directness,mean,4,15741,-0.47604310512542725,-0.7420877814292908,-0.28020599484443665,True,True,0.0004997501249375312,0.0004997501249375312,True,True,True,0.47604310512542725,0.9276972413063049,0.45600153787586933,21,0.5131448967716057,-0.4516541361808777,0.0748806041563133,0.026070121454422505,True,True
38,speech_act_force_and_request_directness,mean,5,8449,-0.47603899240493774,-0.7458711862564087,-0.21763990819454193,True,True,0.0004997501249375312,0.0004997501249375312,True,True,True,0.47603899240493774,0.9520353078842163,0.4613006690946909,21,0.5000224135204365,-0.47599631547927856,0.053914229272717294,0.02577814739938022,True,True
38,speech_act_force_and_request_directness,mean,6,9622,-0.45379990339279175,-0.752814531326294,-0.4113490879535675,True,True,0.0004997501249375312,0.0004997501249375312,True,True,True,0.45379990339279175,0.8634231090545654,0.3914742357073686,15,0.5255822998410309,-0.4096232056617737,0.23724693576645106,0.028865300258171824,True,True
38,speech_act_force_and_request_directness,mean,7,2314,-0.4523850083351135,-0.5476921200752258,-0.11866482347249985,True,True,0.0004997501249375312,0.0004997501249375312,True,True,True,0.4523850083351135,0.9180461764335632,0.42094206096729836,20,0.4927693398741055,-0.4656611680984497,0.1175742828978982,0.026817336286382335,True,True
38,speech_act_force_and_request_directness,mean,8,5707,0.4508524239063263,0.7154470086097717,0.43741920590400696,True,True,0.0004997501249375312,0.0004997501249375312,True,True,True,0.4508524239063263,0.40036478638648987,0.11905884949896389,1,1.1261040911602511,0.050487637519836426,3.174357156183408,0.08850399779251096,True,True
38,speech_act_force_and_request_directness,mean,9,6188,-0.44783487915992737,-0.692202627658844,-0.31852656602859497,True,True,0.0004997501249375312,0.0004997501249375312,True,True,True,0.44783487915992737,0.9321767687797546,0.4474088285978024,21,0.4804184079229476,-0.48434188961982727,0.0015403144987815502,0.02502321084109928,True,True
38,speech_act_force_and_request_directness,mean,10,11839,-0.447202205657959,-0.2547236680984497,-0.30294322967529297,True,True,0.0004997501249375312,0.0004997501249375312,True,True,True,0.447202205657959,0.9321218729019165,0.4315804165865605,20,0.4797679559494859,-0.4849196672439575,0.055384497401119455,0.02588149700493206,True,True
38,speech_act_force_and_request_directness,mean,11,12099,0.4408234655857086,-0.13536520302295685,-0.20559252798557281,False,False,0.0004997501249375312,0.0004997501249375312,True,False,False,0.4408234655857086,0.4591951072216034,0.12373123399149148,2,0.9599916433189939,-0.018371641635894775,2.4832373570405406,0.08370582461225266,False,False
38,speech_act_force_and_request_directness,mean,12,3396,0.4395684003829956,0.05731476843357086,0.40028321743011475,True,True,0.0004997501249375312,0.0004997501249375312,True,True,True,0.4395684003829956,0.2927297353744507,0.1122957036878245,1,1.5016185486613225,0.14683866500854492,3.8777542600909873,0.09121377920764867,True,True
38,speech_act_force_and_request_directness,mean,13,16335,-0.4392578601837158,-0.6516504883766174,-0.3024508059024811,True,True,0.0004997501249375312,0.0004997501249375312,True,True,True,0.4392578601837158,0.8872751593589783,0.36230402511472887,14,0.4950638542625971,-0.44801729917526245,0.31414668150311237,0.030149934640368505,True,True
38,speech_act_force_and_request_directness,mean,14,2958,0.4390324354171753,0.6284592747688293,0.3458242416381836,True,True,0.0004997501249375312,0.0004997501249375312,True,True,True,0.4390324354171753,0.8024998903274536,0.18783345096744597,3,0.5470809911737579,-0.3634674549102783,1.546232306225764,0.056543285724356226,True,True
38,speech_act_force_and_request_directness,mean,15,13976,0.43760815262794495,0.23889482021331787,-0.1377897560596466,True,False,0.0004997501249375312,0.0004997501249375312,True,False,False,0.43760815262794495,0.5008820295333862,0.1820445557912955,2,0.8736750907905675,-0.06327387690544128,2.0738055588160464,0.05805865387971755,True,False
38,speech_act_force_and_request_directness,mean,16,12722,-0.43543609976768494,-0.6224071979522705,-0.278586745262146,True,True,0.0004997501249375312,0.0004997501249375312,True,True,True,0.43543609976768494,0.911064624786377,0.4826289542282048,23,0.47794205583361815,-0.475628525018692,-0.17400592606162993,0.022610701216500717,True,True
38,speech_act_force_and_request_directness,mean,17,12008,-0.4341813027858734,-0.7328334450721741,-0.29825645685195923,True,True,0.0004997501249375312,0.0004997501249375312,True,True,True,0.4341813027858734,0.9400840401649475,0.4810237360115235,26,0.46185371119553503,-0.5059027373790741,-0.17455530998466878,0.022620552371736137,True,True
38,speech_act_force_and_request_directness,mean,18,15659,-0.43379271030426025,-0.669082522392273,-0.4077553153038025,True,True,0.0004997501249375312,0.0004997501249375312,True,True,True,0.43379271030426025,0.9243921637535095,0.4175552991935267,18,0.46927346132277653,-0.49059945344924927,0.06026266771358853,0.025946946422734124,True,True
38,speech_act_force_and_request_directness,mean,19,4230,-0.42917317152023315,-0.2922585904598236,0.24443282186985016,True,False,0.0004997501249375312,0.0004997501249375312,True,False,False,0.42917317152023315,0.8461209535598755,0.21945907754632524,7,0.507224374617574,-0.41694778203964233,0.947548197021424,0.04774916393903407,True,False
38,speech_act_force_and_request_directness,mean,20,14406,0.4279492497444153,0.613838791847229,0.0889836773276329,True,True,0.0004997501249375312,0.0004997501249375312,True,True,True,0.4279492497444153,0.4896084666252136,0.13878204643678588,3,0.8740642348246046,-0.06165921688079834,2.3948724665011945,0.07327334684215714,True,True
38,speech_act_force_and_request_directness,mean,21,14791,-0.4257428050041199,-0.30063265562057495,0.11828023195266724,True,False,0.0004997501249375312,0.0004997501249375312,True,False,False,0.4257428050041199,0.7065049409866333,0.19001891229970333,3,0.6026041437297955,-0.2807621359825134,1.6001666517385393,0.05432831885035378,True,False
38,speech_act_force_and_request_directness,mean,22,13311,-0.42573654651641846,-0.6305797696113586,-0.24731726944446564,True,True,0.0004997501249375312,0.0004997501249375312,True,True,True,0.42573654651641846,0.9376214146614075,0.43084955997227764,21,0.45406017808388033,-0.511884868144989,-0.01842675605402211,0.024710649143136636,True,True
38,speech_act_force_and_request_directness,mean,23,2145,0.42554807662963867,0.09072849899530411,-0.03514081984758377,True,False,0.0004997501249375312,0.0004997501249375312,True,False,False,0.42554807662963867,0.5803993344306946,0.16984581330250828,3,0.7331987674435442,-0.1548512578010559,1.7093718082363538,0.06036541260930605,True,False
38,speech_act_force_and_request_directness,mean,24,5159,0.42446982860565186,0.773263156414032,0.2879861295223236,True,True,0.0004997501249375312,0.0004997501249375312,True,True,True,0.42446982860565186,0.9574276208877563,0.3984482342448945,17,0.44334403911605386,-0.5329577922821045,0.0920905955279507,0.026589271638249416,True,True
38,speech_act_force_and_request_directness,mean,25,6154,-0.42338135838508606,-0.6854065656661987,-0.3288452625274658,True,True,0.0004997501249375312,0.0004997501249375312,True,True,True,0.42338135838508606,0.9574287533760071,0.4869675370267568,24,0.4422066465960974,-0.534047394990921,-0.22582805342660597,0.021806790832301987,True,True
38,speech_act_force_and_request_directness,final,1,9622,-0.4737878739833832,-0.7100551128387451,-0.3324703872203827,True,True,0.0004997501249375312,0.0004997501249375312,True,True,True,0.4737878739833832,0.8516861796379089,0.3607217212422536,15,0.5562939558145845,-0.37789830565452576,0.41706643771983015,0.03258079986632937,True,True
38,speech_act_force_and_request_directness,final,2,5159,0.4285973608493805,0.7101714015007019,0.30281004309654236,True,True,0.0004997501249375312,0.0004997501249375312,True,True,True,0.4285973608493805,0.8962443470954895,0.3442066371058806,14,0.4782148554000486,-0.467646986246109,0.33543458241761903,0.030939724079958104,True,True
38,speech_act_force_and_request_directness,final,3,7247,-0.42833489179611206,-0.6644453406333923,-0.21646013855934143,True,True,0.0004997501249375312,0.0004997501249375312,True,True,True,0.42833489179611206,0.736851692199707,0.2715917590838403,10,0.5813040756104032,-0.30851680040359497,0.7097006046956108,0.038867406558657794,True,True
38,speech_act_force_and_request_directness,final,4,4825,-0.42024579644203186,-0.6061455607414246,-0.19263538718223572,True,True,0.0004997501249375312,0.0004997501249375312,True,True,True,0.42024579644203186,0.8383018374443054,0.2993976605939679,14,0.5013060662293394,-0.41805604100227356,0.5236668749553379,0.03474037555868972,True,True
38,speech_act_force_and_request_directness,final,5,4257,0.4082508683204651,-0.10487280786037445,0.1859099417924881,False,True,0.0004997501249375312,0.0004997501249375312,True,False,False,0.4082508683204651,0.6330991983413696,0.2690432599674051,11,0.6448450249029293,-0.22484833002090454,0.7559778729609831,0.03745098523232251,False,True
38,speech_act_force_and_request_directness,final,6,8182,0.40352049469947815,0.6412657499313354,0.13715779781341553,True,True,0.0004997501249375312,0.0004997501249375312,True,True,True,0.40352049469947815,0.8864492177963257,0.4118498678629597,18,0.45520993938334403,-0.48292872309684753,-0.03303243215662117,0.024506783438990612,True,True
38,speech_act_force_and_request_directness,final,7,1633,-0.39705145359039307,-0.6216397285461426,-0.16447541117668152,True,True,0.0004997501249375312,0.0004997501249375312,True,True,True,0.39705145359039307,0.6665946841239929,0.19482206436208424,8,0.5956414940694873,-0.26954323053359985,1.0089410853558753,0.04966177526875615,True,True
38,speech_act_force_and_request_directness,final,8,3088,0.3938814401626587,0.582944929599762,0.0,True,False,0.0004997501249375312,0.0004997501249375312,True,False,False,0.3938814401626587,0.07069633156061172,0.00309477775142743,1,5.571455144386992,0.32318510860204697,28.540138187079396,0.7654458883314893,True,False
38,speech_act_force_and_request_directness,final,9,4441,0.38757264614105225,0.5709349513053894,0.034250397235155106,True,True,0.0004997501249375312,0.0004997501249375312,True,True,True,0.38757264614105225,0.8246793150901794,0.36001942481081456,17,0.46996770629401663,-0.4371066689491272,0.11671850541444787,0.026861919598385436,True,True
38,speech_act_force_and_request_directness,final,10,7038,-0.3856768310070038,-0.5565576553344727,0.13978801667690277,True,False,0.0004997501249375312,0.0004997501249375312,True,False,False,0.3856768310070038,0.6886276006698608,0.25277331597410524,10,0.5600658913930222,-0.30295076966285706,0.7352335785787971,0.03764964855051045,True,False
38,speech_act_force_and_request_directness,final,11,10655,0.3805321753025055,0.5803316831588745,0.0,True,False,0.0004997501249375312,0.0004997501249375312,True,False,False,0.3805321753025055,0.0,0.0,1,inf,0.3805321753025055,0.0,1.0,True,False
38,speech_act_force_and_request_directness,final,12,12610,0.3803258240222931,0.5733686685562134,0.0,True,False,0.0004997501249375312,0.0004997501249375312,True,False,False,0.3803258240222931,0.05026834458112717,0.001288931912336594,1,7.565911055783668,0.3300574794411659,47.08897124562422,0.8832581854413718,True,False
38,speech_act_force_and_request_directness,final,13,14406,0.3799281418323517,0.573784351348877,0.0,True,False,0.0004997501249375312,0.0004997501249375312,True,False,False,0.3799281418323517,0.07069655507802963,0.0018297347869986717,1,5.374068671564196,0.30923158675432205,33.40619488812252,0.8418755017837078,True,False
38,speech_act_force_and_request_directness,final,14,8241,0.3798508644104004,0.570859968662262,0.0,True,False,0.0004997501249375312,0.0004997501249375312,True,False,False,0.3798508644104004,0.408234179019928,0.019091789443523455,2,0.9304729587373867,-0.028383314609527588,5.138260435350545,0.3378161770098108,True,False
38,speech_act_force_and_request_directness,final,15,9359,0.3798486590385437,0.581490159034729,0.0,True,False,0.0004997501249375312,0.0004997501249375312,True,False,False,0.3798486590385437,0.07070843130350113,0.008857704603519196,1,5.372041947983868,0.30914022773504257,17.35926413318045,0.5237130982733826,True,False
38,speech_act_force_and_request_directness,final,16,6710,0.3797728717327118,0.5668022632598877,0.0,True,False,0.0004997501249375312,0.0004997501249375312,True,False,False,0.3797728717327118,0.0,0.0,1,inf,0.3797728717327118,0.0,1.0,True,False
38,speech_act_force_and_request_directness,final,17,105,-0.3796651363372803,-0.6135523915290833,-0.43583768606185913,True,True,0.0004997501249375312,0.0004997501249375312,True,True,True,0.3796651363372803,0.8573086857795715,0.3083166022044726,13,0.44285698096251247,-0.47764354944229126,0.3075977710457244,0.03060825136975093,True,True
38,speech_act_force_and_request_directness,final,18,5901,0.37962883710861206,0.5737960934638977,0.0,True,False,0.0004997501249375312,0.0004997501249375312,True,False,False,0.37962883710861206,0.05000000074505806,0.0019818676952033853,1,7.592576629034033,0.329628836363554,42.546012161841205,0.8308400674204485,True,False
38,speech_act_force_and_request_directness,final,19,7745,0.37938880920410156,0.563210129737854,0.0,True,False,0.0004997501249375312,0.0004997501249375312,True,False,False,0.37938880920410156,0.0,0.0,1,inf,0.37938880920410156,0.0,1.0,True,False
38,speech_act_force_and_request_directness,final,20,1228,0.37825310230255127,0.5609323978424072,0.0,True,False,0.0004997501249375312,0.0004997501249375312,True,False,False,0.37825310230255127,0.0,0.0,1,inf,0.37825310230255127,0.0,1.0,True,False
38,speech_act_force_and_request_directness,final,21,9026,0.3728911280632019,0.5711154341697693,-0.19999927282333374,True,False,0.0004997501249375312,0.0004997501249375312,True,False,False,0.3728911280632019,0.1115618646144867,0.006705899746754231,1,3.342460520463376,0.2613292634487152,14.824519642576785,0.5877658523607495,True,False
38,speech_act_force_and_request_directness,final,22,11476,0.371075838804245,0.5732757449150085,0.34662070870399475,True,True,0.0004997501249375312,0.0004997501249375312,True,True,True,0.371075838804245,0.7017571330070496,0.09749590538633175,3,0.5287810003642918,-0.33068129420280457,2.116384090386573,0.08891417140478856,True,True
38,speech_act_force_and_request_directness,final,23,3883,0.36807721853256226,0.5779399275779724,-0.04340604692697525,True,False,0.0004997501249375312,0.0004997501249375312,True,False,False,0.36807721853256226,0.21748685836791992,0.02060371571674179,1,1.6924113084106003,0.15059036016464233,6.769096846805513,0.3141603496904583,True,False
38,speech_act_force_and_request_directness,final,24,16335,-0.36654403805732727,-0.5733349323272705,-0.1590345948934555,True,True,0.0004997501249375312,0.0004997501249375312,True,True,True,0.36654403805732727,0.698752760887146,0.33654478875299293,15,0.5245690014762274,-0.3322087228298187,0.1469340425695496,0.02716793074444755,True,True
38,speech_act_force_and_request_directness,final,25,6356,0.36401012539863586,0.49695563316345215,0.0,True,False,0.0004997501249375312,0.0004997501249375312,True,False,False,0.36401012539863586,0.18688532710075378,0.004791931464121892,1,1.9477726317293513,0.17712479829788208,12.003708032679894,0.6607608099633735,True,False
39,deixis_and_perspective_anchoring,mean,1,9622,-0.7627482414245605,-0.47211751341819763,-0.5268592238426208,True,True,0.0004997501249375312,0.0004997501249375312,True,True,True,0.7627482414245605,0.8634231090545654,0.38355248345014376,7,0.8834003091019393,-0.10067486763000488,1.482505154055611,0.04851688342263802,True,True
39,deixis_and_perspective_anchoring,mean,2,14441,-0.7022145986557007,-0.3162277638912201,-0.26969051361083984,True,True,0.0004997501249375312,0.0004997501249375312,True,True,True,0.7022145986557007,0.3464258015155792,0.13276021614766273,1,2.0270274199657763,0.35578879714012146,6.014338246178006,0.11942703346357485,True,True
39,deixis_and_perspective_anchoring,mean,3,4923,0.6888219714164734,-0.4088878333568573,0.4059741795063019,False,True,0.0004997501249375312,0.0004997501249375312,True,False,False,0.6888219714164734,0.8346865177154541,0.28510832820589155,3,0.8252463131928697,-0.1458645462989807,1.8167853247158432,0.05833496299169103,False,True
39,deixis_and_perspective_anchoring,mean,4,9083,-0.6766389012336731,0.7304273247718811,0.24815742671489716,False,False,0.0004997501249375312,0.0004997501249375312,True,False,False,0.6766389012336731,0.8550766110420227,0.3339188352991373,6,0.7913196227050346,-0.1784377098083496,1.5052954847335505,0.04939159905125011,False,False
39,deixis_and_perspective_anchoring,mean,5,5075,0.6427210569381714,0.0,0.0,False,False,0.0004997501249375312,0.0004997501249375312,True,False,False,0.6427210569381714,0.9673231840133667,0.1519931576286371,3,0.6644325987014595,-0.3246021270751953,2.451778440288316,0.09781988230012806,False,False
39,deixis_and_perspective_anchoring,mean,6,3830,0.6266371011734009,-0.3162277638912201,-0.04347909614443779,False,False,0.0004997501249375312,0.0004997501249375312,True,False,False,0.6266371011734009,0.9547750949859619,0.15437985844432545,3,0.6563190687149358,-0.32813799381256104,2.4813620418070608,0.0942672682282358,False,False
39,deixis_and_perspective_anchoring,mean,7,11602,-0.6252319812774658,0.0,0.0,False,False,0.0004997501249375312,0.0004997501249375312,True,False,False,0.6252319812774658,0.35433876514434814,0.09625602489671646,1,1.764503471763139,0.2708932161331177,6.351766978755706,0.14277255228387625,False,False
39,deixis_and_perspective_anchoring,mean,8,6132,-0.6227716207504272,0.0,-0.25623857975006104,False,True,0.0004997501249375312,0.0004997501249375312,True,False,False,0.6227716207504272,0.4157191812992096,0.11741554520976467,1,1.498058422043783,0.20705243945121765,5.240397742174966,0.11971823691795187,False,True
39,deixis_and_perspective_anchoring,mean,9,8003,0.6189571022987366,-0.6973076462745667,0.44905614852905273,False,True,0.0004997501249375312,0.0004997501249375312,True,False,False,0.6189571022987366,0.9397011995315552,0.43007572828672636,13,0.6586743771395516,-0.3207440972328186,0.6733193852941509,0.03558879296806824,False,True
39,deixis_and_perspective_anchoring,mean,10,15658,-0.6180207133293152,0.6760432720184326,-0.61585533618927,False,True,0.0004997501249375312,0.0004997501249375312,True,False,False,0.6180207133293152,0.9182119965553284,0.4356896328763702,11,0.67306974385852,-0.3001912832260132,0.6902215208880692,0.035095039604331725,False,True
39,deixis_and_perspective_anchoring,mean,11,2706,-0.6178321838378906,0.7036912441253662,-0.6130244135856628,False,True,0.0004997501249375312,0.0004997501249375312,True,False,False,0.6178321838378906,0.9440832734107971,0.4792334733602519,16,0.654425516518027,-0.3262510895729065,0.48715412976992917,0.03199886985348111,False,True
39,deixis_and_perspective_anchoring,mean,12,8768,-0.6177552938461304,0.7596686482429504,-0.6119133234024048,False,True,0.0004997501249375312,0.0004997501249375312,True,False,False,0.6177552938461304,0.9343195557594299,0.45649833048287874,15,0.6611820228294472,-0.31656426191329956,0.5651426419544819,0.03353503697209591,False,True
39,deixis_and_perspective_anchoring,mean,13,4494,-0.6170920729637146,0.621080756187439,-0.611786425113678,False,True,0.0004997501249375312,0.0004997501249375312,True,False,False,0.6170920729637146,0.9579834938049316,0.4762605484485483,14,0.6441573126826434,-0.34089142084121704,0.5048526541314438,0.032154860242500645,False,True
39,deixis_and_perspective_anchoring,mean,14,15620,-0.6170753240585327,0.6210252046585083,-0.6122239232063293,False,True,0.0004997501249375312,0.0004997501249375312,True,False,False,0.6170753240585327,0.9565152525901794,0.4822089169652034,15,0.6451285772887928,-0.33943992853164673,0.5011140535555648,0.03176997562844226,False,True
39,deixis_and_perspective_anchoring,mean,15,11816,-0.6161565780639648,0.6285152435302734,-0.6127916574478149,False,True,0.0004997501249375312,0.0004997501249375312,True,False,False,0.6161565780639648,0.944364607334137,0.4742332564619107,16,0.6524562370071489,-0.3282080292701721,0.5212448552006484,0.03224051083212274,False,True
39,deixis_and_perspective_anchoring,mean,16,1358,-0.6160978674888611,0.6489145755767822,-0.6119192242622375,False,True,0.0004997501249375312,0.0004997501249375312,True,False,False,0.6160978674888611,0.9443367719650269,0.48763745340208214,15,0.652413297648943,-0.32823890447616577,0.485875925722941,0.031379197725948375,False,True
39,deixis_and_perspective_anchoring,mean,17,15932,-0.6158714294433594,0.5274963974952698,-0.6080374717712402,False,True,0.0004997501249375312,0.0004997501249375312,True,False,False,0.6158714294433594,0.9220364689826965,0.4692906411603475,16,0.6679469306923013,-0.30616503953933716,0.5343501784055364,0.03255443012366231,False,True
39,deixis_and_perspective_anchoring,mean,18,12993,0.6157726645469666,0.0,-0.1877923458814621,False,False,0.0004997501249375312,0.0004997501249375312,True,False,False,0.6157726645469666,0.9446601271629333,0.1482629128254186,3,0.651845724023831,-0.3288874626159668,2.362399917538119,0.09624416016243949,False,False
39,deixis_and_perspective_anchoring,mean,19,7145,-0.6157602071762085,0.7676187753677368,-0.610813319683075,False,True,0.0004997501249375312,0.0004997501249375312,True,False,False,0.6157602071762085,0.9392487406730652,0.4817380075617574,17,0.6555880040200587,-0.3234885334968567,0.47170452173935484,0.031734422057727356,False,True
39,deixis_and_perspective_anchoring,mean,20,9200,-0.6149895191192627,0.6831281185150146,-0.6117933988571167,False,True,0.0004997501249375312,0.0004997501249375312,True,False,False,0.6149895191192627,0.9457076191902161,0.47864973029265034,15,0.6502956163617056,-0.33071810007095337,0.49267292913178634,0.0318939438852161,False,True
39,deixis_and_perspective_anchoring,mean,21,3485,-0.6145610809326172,0.6693689823150635,-0.6100497841835022,False,True,0.0004997501249375312,0.0004997501249375312,True,False,False,0.6145610809326172,0.9555768370628357,0.4681094685235085,14,0.6431309938629306,-0.3410157561302185,0.5485492121082075,0.032566721730055544,False,True
39,deixis_and_perspective_anchoring,mean,22,4429,-0.6145555973052979,0.6013264060020447,-0.612684428691864,False,True,0.0004997501249375312,0.0004997501249375312,True,False,False,0.6145555973052979,0.9203478693962097,0.4291148414023412,11,0.6677427283104098,-0.30579227209091187,0.7078816946423588,0.03542100163676714,False,True
39,deixis_and_perspective_anchoring,mean,23,12954,-0.6143421530723572,0.6132064461708069,-0.6091904044151306,False,True,0.0004997501249375312,0.0004997501249375312,True,False,False,0.6143421530723572,0.9478375315666199,0.47983930341135234,16,0.6481513261634095,-0.3334953784942627,0.47535394212331317,0.031784963247177396,False,True
39,deixis_and_perspective_anchoring,mean,24,15,-0.6141709685325623,0.7459012269973755,-0.6110789775848389,False,True,0.0004997501249375312,0.0004997501249375312,True,False,False,0.6141709685325623,0.9498817920684814,0.4664674737992195,15,0.6465762094408941,-0.3357108235359192,0.527509668863805,0.032657546826041835,False,True
39,deixis_and_perspective_anchoring,mean,25,10673,-0.613460123538971,0.6615473628044128,-0.6079109311103821,False,True,0.0004997501249375312,0.0004997501249375312,True,False,False,0.613460123538971,0.9110627770423889,0.4185541632394187,9,0.6733456123961791,-0.29760265350341797,0.7302675163162353,0.03621996209236578,False,True
39,deixis_and_perspective_anchoring,final,1,9622,-0.795283317565918,-0.8348754644393921,-0.31391122937202454,True,True,0.0004997501249375312,0.0004997501249375312,True,True,True,0.795283317565918,0.8516861796379089,0.3524782483298809,3,0.9337750647826991,-0.05640286207199097,1.6882817206880256,0.05468896109307009,True,True
39,deixis_and_perspective_anchoring,final,2,4923,0.7262827157974243,-0.4330645203590393,0.510654628276825,False,True,0.0004997501249375312,0.0004997501249375312,True,False,False,0.7262827157974243,0.7814890742301941,0.28393392011714286,3,0.9293574788781905,-0.055206358432769775,1.9865700593297604,0.06155091833603856,False,True
39,deixis_and_perspective_anchoring,final,3,16335,0.6114517450332642,-0.6395009756088257,-0.26294949650764465,False,False,0.0004997501249375312,0.0004997501249375312,True,False,False,0.6114517450332642,0.698752760887146,0.33026510395873815,6,0.8750616516447917,-0.08730101585388184,1.4116077574364863,0.045320280615332866,False,False
39,deixis_and_perspective_anchoring,final,4,3288,0.5028684139251709,-0.1461915671825409,-0.31192347407341003,False,False,0.0004997501249375312,0.0004997501249375312,True,False,False,0.5028684139251709,0.8191356062889099,0.34954085106698746,12,0.6139013004249857,-0.316267192363739,0.6623411972245675,0.03557621364377538,False,False
39,deixis_and_perspective_anchoring,final,5,15659,-0.48979657888412476,0.6659253239631653,0.04561245068907738,False,False,0.0004997501249375312,0.0004997501249375312,True,False,False,0.48979657888412476,0.8661643862724304,0.3846020956690877,13,0.5654776237014107,-0.37636780738830566,0.47382854262232665,0.031621652673681167,False,False
39,deixis_and_perspective_anchoring,final,6,1838,-0.47704336047172546,0.948122501373291,0.24444349110126495,False,False,0.0004997501249375312,0.0004997501249375312,True,False,False,0.47704336047172546,0.7413030862808228,0.25339552846092445,8,0.6435199978258426,-0.2642597258090973,1.0304758798657216,0.04604901678190033,False,False
39,deixis_and_perspective_anchoring,final,7,11776,0.4636997878551483,0.14771662652492523,-0.06540671736001968,True,False,0.0004997501249375312,0.0004997501249375312,True,False,False,0.4636997878551483,0.8965377807617188,0.4049375154173527,17,0.5172116533239441,-0.43283799290657043,0.22233242801657702,0.028524378020802925,True,False
39,deixis_and_perspective_anchoring,final,8,1546,-0.46131861209869385,0.741960346698761,0.21712662279605865,False,False,0.0004997501249375312,0.0004997501249375312,True,False,False,0.46131861209869385,0.7679563164710999,0.31695080687029237,13,0.6007094442800308,-0.306637704372406,0.6772711662610822,0.03597755562289796,False,False
39,deixis_and_perspective_anchoring,final,9,15059,-0.4612847864627838,0.7818703651428223,-0.3360612094402313,False,True,0.0004997501249375312,0.0004997501249375312,True,False,False,0.4612847864627838,0.8713855743408203,0.38577337640648085,16,0.5293693171495676,-0.4101007878780365,0.2909603762372864,0.02974793660590304,False,True
39,deixis_and_perspective_anchoring,final,10,8003,0.4537188708782196,-0.6766583323478699,0.13432638347148895,False,True,0.0004997501249375312,0.0004997501249375312,True,False,False,0.4537188708782196,0.8795605897903442,0.34494099603631556,14,0.5158472038707077,-0.42584171891212463,0.44127751080395783,0.03262658149169393,False,True
39,deixis_and_perspective_anchoring,final,11,1360,-0.44969528913497925,0.0,-0.010590922087430954,False,True,0.0004997501249375312,0.0004997501249375312,True,False,False,0.44969528913497925,0.47530293464660645,0.1263411903547911,2,0.946123527449569,-0.025607645511627197,2.880124382097934,0.08363309389507999,False,True
39,deixis_and_perspective_anchoring,final,12,6047,0.4200785160064697,-0.28924059867858887,0.1322123408317566,False,True,0.0004997501249375312,0.0004997501249375312,True,False,False,0.4200785160064697,0.8227211833000183,0.2895157200475343,8,0.5105964505757492,-0.4026426672935486,0.662980541406856,0.035869835489944525,False,True
39,deixis_and_perspective_anchoring,final,13,443,-0.4117233157157898,-0.6868031024932861,0.0713203027844429,True,False,0.0004997501249375312,0.0004997501249375312,True,False,False,0.4117233157157898,0.7758102416992188,0.28481562977704483,11,0.5307010575343948,-0.36408692598342896,0.5687372190837232,0.035741320426031,True,False
39,deixis_and_perspective_anchoring,final,14,4730,0.40901273488998413,-0.25308284163475037,0.28636887669563293,False,True,0.0004997501249375312,0.0004997501249375312,True,False,False,0.40901273488998413,0.6318434476852417,0.16808518132147116,6,0.6473323991700827,-0.22283071279525757,1.3775192399087963,0.05872961973518386,False,True
39,deixis_and_perspective_anchoring,final,15,12897,-0.40665891766548157,-0.5633485913276672,0.20317909121513367,True,False,0.0004997501249375312,0.0004997501249375312,True,False,False,0.40665891766548157,0.8939337730407715,0.41699837244903815,22,0.45490944623582785,-0.4872748553752899,-0.042228625823924774,0.024395248166139912,True,False
39,deixis_and_perspective_anchoring,final,16,13190,0.391556054353714,-0.4906693398952484,0.11377321183681488,False,True,0.0004997501249375312,0.0004997501249375312,True,False,False,0.391556054353714,0.6298058032989502,0.21725955510285133,6,0.6217091876618576,-0.2382497489452362,1.1809588695004123,0.044170360534904037,False,True
39,deixis_and_perspective_anchoring,final,17,8666,-0.37384867668151855,0.39478600025177,-0.30129918456077576,False,True,0.0004997501249375312,0.0004997501249375312,True,False,False,0.37384867668151855,0.46572256088256836,0.1470047044067775,2,0.8027282938001886,-0.0918738842010498,2.2422058471754247,0.0612160977031268,False,True
39,deixis_and_perspective_anchoring,final,18,3874,-0.367546021938324,0.0,0.1414213627576828,False,False,0.0004997501249375312,0.0004997501249375312,True,False,False,0.367546021938324,0.5491592884063721,0.1052174877258949,3,0.6692885465070088,-0.1816132664680481,2.0081891172129747,0.08220615446448865,False,False
39,deixis_and_perspective_anchoring,final,19,8952,0.36649009585380554,0.6743013262748718,0.26723513007164,True,True,0.0004997501249375312,0.0004997501249375312,True,True,True,0.36649009585380554,0.34891775250434875,0.1343799160602383,1,1.0503624227295163,0.017572343349456787,2.3552418138729676,0.0653593797297884,True,True
39,deixis_and_perspective_anchoring,final,20,13304,0.3627001643180847,0.5745687484741211,-0.515432596206665,True,False,0.0004997501249375312,0.0004997501249375312,True,False,False,0.3627001643180847,0.7635689973831177,0.3536773274342219,17,0.47500640487123047,-0.40086883306503296,0.044771515467099204,0.02562144630650276,True,False
39,deixis_and_perspective_anchoring,final,21,164,0.35517892241477966,0.6080941557884216,-0.2602502703666687,True,False,0.0004997501249375312,0.0004997501249375312,True,False,False,0.35517892241477966,0.9021463394165039,0.4253815620755538,22,0.3937043325415526,-0.5469674170017242,-0.29271590825222077,0.020960617766949304,True,False
39,deixis_and_perspective_anchoring,final,22,15090,0.34376832842826843,-0.13602358102798462,0.2666691243648529,False,True,0.0004997501249375312,0.0004997501249375312,True,False,False,0.34376832842826843,0.6683415770530701,0.15314046986019,4,0.51436023170076,-0.32457324862480164,1.3963287149274395,0.05442604561148891,False,True
39,deixis_and_perspective_anchoring,final,23,16014,0.3327101767063141,-0.4755079746246338,-0.31393903493881226,False,False,0.0004997501249375312,0.0004997501249375312,True,False,False,0.3327101767063141,0.4613591134548187,0.17415111606868988,7,0.7211522803025688,-0.12864893674850464,1.2780424975110973,0.046698762563906336,False,False
39,deixis_and_perspective_anchoring,final,24,1633,0.33218905329704285,0.5993371605873108,0.23180337250232697,True,True,0.0004997501249375312,0.0004997501249375312,True,True,True,0.33218905329704285,0.6665946841239929,0.1964852028311445,12,0.4983373873339388,-0.3344056308269501,0.6722304069384748,0.041549018300780144,True,True
39,deixis_and_perspective_anchoring,final,25,13191,-0.3195073902606964,0.9452422857284546,-0.5027897953987122,False,True,0.0004997501249375312,0.0004997501249375312,True,False,False,0.3195073902606964,0.6982070207595825,0.3109076612461836,17,0.4576112539130628,-0.3786996304988861,0.04818696904267779,0.025673748413097063,False,True
40,orthographic_and_tokenization_interface,mean,1,1546,0.6342526078224182,-0.14530488848686218,-0.09736596047878265,False,False,0.0004997501249375312,0.0004997501249375312,True,False,False,0.6342526078224182,0.8725707530975342,0.42597270862032205,10,0.7268781420542556,-0.23831814527511597,0.8618488366343843,0.03677426133749732,False,False
40,orthographic_and_tokenization_interface,mean,2,16084,-0.6310693025588989,0.856979250907898,0.0311873871833086,False,False,0.0004997501249375312,0.0004997501249375312,True,False,False,0.6310693025588989,0.8151004314422607,0.2969001058775645,4,0.7742227561360358,-0.18403112888336182,1.4773893366070536,0.05168389344218342,False,False
40,orthographic_and_tokenization_interface,mean,3,13191,0.5771500468254089,-0.4799998998641968,-0.11399292945861816,False,False,0.0004997501249375312,0.0004997501249375312,True,False,False,0.5771500468254089,0.8876463770866394,0.3662119438776221,9,0.6502026727351536,-0.31049633026123047,0.8401061193502695,0.03884069551177125,False,False
40,orthographic_and_tokenization_interface,mean,4,7247,-0.5480456948280334,-0.05411563068628311,-0.13769486546516418,True,True,0.0004997501249375312,0.0004997501249375312,True,True,True,0.5480456948280334,0.9016627073287964,0.44561661498692745,17,0.6078167482956413,-0.35361701250076294,0.37845378137070573,0.030570805543359916,True,True
40,orthographic_and_tokenization_interface,mean,5,9390,0.5453335046768188,-0.7064768075942993,-0.02650521881878376,False,False,0.0004997501249375312,0.0004997501249375312,True,False,False,0.5453335046768188,0.8433318138122559,0.30051271420700526,7,0.6466416845009739,-0.297998309135437,1.1627124724445534,0.04446138287250972,False,False
40,orthographic_and_tokenization_interface,mean,6,12998,-0.5445687174797058,0.6521224975585938,-0.09012680500745773,False,True,0.0004997501249375312,0.0004997501249375312,True,False,False,0.5445687174797058,0.8975566029548645,0.36625249698185003,11,0.6067235377545215,-0.3529878854751587,0.686714381988595,0.03672467199568835,False,True
40,orthographic_and_tokenization_interface,mean,7,1838,-0.5340964198112488,0.9328106045722961,-0.030142974108457565,False,True,0.0004997501249375312,0.0004997501249375312,True,False,False,0.5340964198112488,0.8358014225959778,0.3281514077321984,8,0.6390231044981463,-0.301705002784729,0.8589361038239159,0.04006123363903819,False,True
40,orthographic_and_tokenization_interface,mean,8,1633,-0.5068181157112122,0.0,0.0,False,False,0.0004997501249375312,0.0004997501249375312,True,False,False,0.5068181157112122,0.8896241188049316,0.24519204477278086,5,0.5696991628240043,-0.3828060030937195,1.1366353876564659,0.05033296455572995,False,False
40,orthographic_and_tokenization_interface,mean,9,6047,-0.5019879341125488,0.7466827034950256,-0.11910387873649597,False,True,0.0004997501249375312,0.0004997501249375312,True,False,False,0.5019879341125488,0.7824646234512329,0.24067065243024188,4,0.6415471307807121,-0.2804766893386841,1.391232264675754,0.05076665202732924,False,True
40,orthographic_and_tokenization_interface,mean,10,15059,0.4912910461425781,0.6911070942878723,0.1417008936405182,True,True,0.0004997501249375312,0.0004997501249375312,True,True,True,0.4912910461425781,0.8725529909133911,0.2955855807253661,9,0.5630500969669398,-0.381261944770813,0.8229552624689573,0.040875762181511566,True,True
40,orthographic_and_tokenization_interface,mean,11,6051,0.4887874126434326,-0.5827828049659729,-0.04930204898118973,False,False,0.0004997501249375312,0.0004997501249375312,True,False,False,0.4887874126434326,0.8290683627128601,0.374536188880507,13,0.5895622540028336,-0.3402809500694275,0.5153521874400744,0.03237925052690775,False,False
40,orthographic_and_tokenization_interface,mean,12,12291,-0.486632764339447,-0.20409241318702698,-0.024033866822719574,True,True,0.0004997501249375312,0.0004997501249375312,True,True,True,0.486632764339447,0.753119707107544,0.2740512837966283,6,0.6461559294583124,-0.2664869427680969,1.1824749425288177,0.04354798691265685,True,True
40,orthographic_and_tokenization_interface,mean,13,8006,-0.47278428077697754,0.1414213478565216,-0.05069202929735184,False,True,0.0004997501249375312,0.0004997501249375312,True,False,False,0.47278428077697754,0.9062565565109253,0.2799228253798225,8,0.5216892251761358,-0.43347227573394775,0.7950812766491491,0.04150953840199126,False,True
40,orthographic_and_tokenization_interface,mean,14,2602,-0.4717598557472229,-0.39920759201049805,0.0,True,False,0.0004997501249375312,0.0004997501249375312,True,False,False,0.4717598557472229,0.6309500336647034,0.20800650549622682,6,0.7476976473194443,-0.15919017791748047,1.353334826098766,0.05495795782411878,True,False
40,orthographic_and_tokenization_interface,mean,15,15159,0.46985429525375366,0.0,-0.08105585724115372,False,False,0.0004997501249375312,0.0004997501249375312,True,False,False,0.46985429525375366,0.4594354033470154,0.1680879579582371,1,1.0226775991376285,0.010418891906738281,2.425462208647985,0.0668804636802227,False,False
40,orthographic_and_tokenization_interface,mean,16,7845,0.4580312669277191,-0.06429688632488251,-0.16837066411972046,False,False,0.0004997501249375312,0.0004997501249375312,True,False,False,0.4580312669277191,0.5206509232521057,0.1858485324967963,6,0.8797281373607295,-0.0626196563243866,1.7138562754700368,0.059437307898089174,False,False
40,orthographic_and_tokenization_interface,mean,17,9673,-0.4552224576473236,-0.1980896294116974,-0.12601910531520844,True,True,0.0004997501249375312,0.0004997501249375312,True,True,True,0.4552224576473236,0.6096339225769043,0.20347040113157186,5,0.7467144474557976,-0.1544114649295807,1.5045247190029127,0.05425406863104131,True,True
40,orthographic_and_tokenization_interface,mean,18,7486,-0.4527215361595154,-0.3478289246559143,0.14804677665233612,True,False,0.0004997501249375312,0.0004997501249375312,True,False,False,0.4527215361595154,0.8187344074249268,0.2861594563015761,9,0.5529528648776464,-0.3660128712654114,0.739474912957714,0.03898422993831291,True,False
40,orthographic_and_tokenization_interface,mean,19,4549,0.4467443525791168,0.2654344141483307,-0.02140164189040661,True,False,0.0004997501249375312,0.0004997501249375312,True,False,False,0.4467443525791168,0.9344288110733032,0.457343024512132,20,0.47809351261973343,-0.4876844584941864,-0.04332970724544633,0.024434795383398163,True,False
40,orthographic_and_tokenization_interface,mean,20,12178,0.4438578486442566,-0.5478866696357727,-0.02120796963572502,False,False,0.0004997501249375312,0.0004997501249375312,True,False,False,0.4438578486442566,0.908375084400177,0.37825413014835274,16,0.48862838299593736,-0.4645172357559204,0.2491221912198971,0.02920930496190113,False,False
40,orthographic_and_tokenization_interface,mean,21,16180,-0.43083471059799194,-0.38564205169677734,0.0,True,False,0.0004997501249375312,0.0004997501249375312,True,False,False,0.43083471059799194,0.6917410492897034,0.20204096554945677,4,0.6228265780097676,-0.2609063386917114,1.4363905568572748,0.05184263484381501,True,False
40,orthographic_and_tokenization_interface,mean,22,13091,-0.42974182963371277,0.0,0.0,False,False,0.0004997501249375312,0.0004997501249375312,True,False,False,0.42974182963371277,0.6838838458061218,0.16152832981867668,4,0.6283842384479174,-0.25414201617240906,1.5293945309573513,0.0638608544435232,False,False
40,orthographic_and_tokenization_interface,mean,23,4202,0.42037758231163025,0.2680356204509735,-0.013031047768890858,True,False,0.0004997501249375312,0.0004997501249375312,True,False,False,0.42037758231163025,0.8772057890892029,0.2788694185109284,10,0.4792234473829745,-0.45682820677757263,0.7319748104103079,0.0372137907175061,True,False
40,orthographic_and_tokenization_interface,mean,24,3132,-0.41800636053085327,-0.1414213478565216,0.24604785442352295,True,False,0.0004997501249375312,0.0004997501249375312,True,False,False,0.41800636053085327,0.5001010894775391,0.1463067333858747,3,0.8358437310495543,-0.08209472894668579,1.9909692010579765,0.06825742636598071,True,False
40,orthographic_and_tokenization_interface,mean,25,14496,-0.4143284261226654,0.0,0.0,False,False,0.0004997501249375312,0.0004997501249375312,True,False,False,0.4143284261226654,0.6463438272476196,0.17230502082608068,6,0.6410340884464466,-0.23201540112495422,1.5289542336091202,0.05807617090251186,False,False
40,orthographic_and_tokenization_interface,final,1,4825,0.5762103796005249,0.4428677558898926,0.19745653867721558,True,True,0.0004997501249375312,0.0004997501249375312,True,True,True,0.5762103796005249,0.8383018374443054,0.2953985687181091,6,0.6873543082730112,-0.2620914578437805,1.2361140752261712,0.04763346869288347,True,True
40,orthographic_and_tokenization_interface,final,2,14465,-0.5259153842926025,-0.5279392004013062,-0.18987824022769928,True,True,0.0004997501249375312,0.0004997501249375312,True,True,True,0.5259153842926025,0.791212797164917,0.27147278741288644,8,0.6646952452956635,-0.26529741287231445,1.2335182319195932,0.04732283160177193,True,True
40,orthographic_and_tokenization_interface,final,3,4441,-0.49108973145484924,-0.27864307165145874,-0.04768368601799011,True,True,0.0004997501249375312,0.0004997501249375312,True,True,True,0.49108973145484924,0.8246793150901794,0.35736514057199925,11,0.5954917535444043,-0.3335895836353302,0.5687184960152146,0.03403649099924336,True,True
40,orthographic_and_tokenization_interface,final,4,2734,0.47476106882095337,-0.5529822707176208,0.06437108665704727,False,True,0.0004997501249375312,0.0004997501249375312,True,False,False,0.47476106882095337,0.834618091583252,0.3775701273519259,15,0.5688363020268854,-0.3598570227622986,0.3964471443707433,0.03123428898999035,False,True
40,orthographic_and_tokenization_interface,final,5,6047,-0.468220055103302,0.9061496257781982,-0.17461000382900238,False,True,0.0004997501249375312,0.0004997501249375312,True,False,False,0.468220055103302,0.8227211833000183,0.288281321609154,5,0.5691114615831621,-0.3545011281967163,0.9183743630507583,0.03998056484609543,False,True
40,orthographic_and_tokenization_interface,final,6,16084,-0.45831266045570374,0.9276991486549377,-0.12215674668550491,False,True,0.0004997501249375312,0.0004997501249375312,True,False,False,0.45831266045570374,0.686457633972168,0.3022799769846293,9,0.6676488653840009,-0.22814497351646423,0.8828213586575474,0.03742173491365514,False,True
40,orthographic_and_tokenization_interface,final,7,4549,0.43922659754753113,-0.25097012519836426,0.034380409866571426,False,True,0.0004997501249375312,0.0004997501249375312,True,False,False,0.43922659754753113,0.8782880902290344,0.35374321211771204,14,0.5000939924313358,-0.4390614926815033,0.34620004586103453,0.030854939255868193,False,True
40,orthographic_and_tokenization_interface,final,8,1838,-0.43793392181396484,0.9781134724617004,-0.033488109707832336,False,True,0.0004997501249375312,0.0004997501249375312,True,False,False,0.43793392181396484,0.7413030862808228,0.2543983345803542,9,0.5907623075078705,-0.3033691644668579,0.8419184936089472,0.04227378093059103,False,True
40,orthographic_and_tokenization_interface,final,9,2084,-0.4231075644493103,0.4305751323699951,-0.06749073415994644,False,True,0.0004997501249375312,0.0004997501249375312,True,False,False,0.4231075644493103,0.8011894226074219,0.26788571256941235,11,0.5280992890199832,-0.3780818581581116,0.758272870322073,0.038922010242751874,False,True
40,orthographic_and_tokenization_interface,final,10,2375,-0.40755903720855713,-0.22528113424777985,-0.03286433219909668,True,True,0.0004997501249375312,0.0004997501249375312,True,True,True,0.40755903720855713,0.7361955046653748,0.2601665573146863,10,0.5536016379151978,-0.3286364674568176,0.6898513325397093,0.03861634660748852,True,True
40,orthographic_and_tokenization_interface,final,11,661,0.38738319277763367,0.8812692761421204,0.07663928717374802,True,True,0.0004997501249375312,0.0004997501249375312,True,True,True,0.38738319277763367,0.6956459879875183,0.33399441373797184,19,0.5568682914399046,-0.30826279520988464,0.2523788331085576,0.028880818456240142,True,True
40,orthographic_and_tokenization_interface,final,12,5697,0.3752750754356384,0.9277145862579346,0.08662686496973038,True,True,0.0004997501249375312,0.0004997501249375312,True,True,True,0.3752750754356384,0.792143702507019,0.3319090621498151,16,0.47374620822957714,-0.4168686270713806,0.18071960927933772,0.028174378738723416,True,True
40,orthographic_and_tokenization_interface,final,13,8003,-0.37351903319358826,0.9061784744262695,-0.04579956829547882,False,True,0.0004997501249375312,0.0004997501249375312,True,False,False,0.37351903319358826,0.8795605897903442,0.3469974021307933,17,0.42466549494062916,-0.506041556596756,0.10733797929120806,0.026859471706788002,False,True
40,orthographic_and_tokenization_interface,final,14,5219,0.3649725019931793,0.3220181465148926,-0.011273573152720928,True,False,0.0004997501249375312,0.0004997501249375312,True,False,False,0.3649725019931793,0.7958799600601196,0.29201405791518015,15,0.458577323602431,-0.4309074580669403,0.3620459902422796,0.031052185079213847,True,False
40,orthographic_and_tokenization_interface,final,15,15282,0.3592372238636017,0.6999341249465942,0.11934815347194672,True,True,0.0004997501249375312,0.0004997501249375312,True,True,True,0.3592372238636017,0.8384048938751221,0.26209919278820354,10,0.4284770121071228,-0.4791676700115204,0.4526386861977034,0.03395082069893476,True,True
40,orthographic_and_tokenization_interface,final,16,9390,0.3587287664413452,-0.8797692656517029,0.08916747570037842,False,True,0.0004997501249375312,0.0004997501249375312,True,False,False,0.3587287664413452,0.7182981371879578,0.23239235264750627,9,0.49941486392505613,-0.35956937074661255,0.6520474947150412,0.038073403147179816,False,True
40,orthographic_and_tokenization_interface,final,17,8793,0.35580235719680786,0.8845458626747131,0.07702308148145676,True,True,0.0004997501249375312,0.0004997501249375312,True,True,True,0.35580235719680786,0.7092878222465515,0.263974282078636,11,0.5016332524501308,-0.35348546504974365,0.4968577243513501,0.033406164666950774,True,True
40,orthographic_and_tokenization_interface,final,18,9083,-0.3534497618675232,-0.722948431968689,-0.16593976318836212,True,True,0.0004997501249375312,0.0004997501249375312,True,True,True,0.3534497618675232,0.8635587692260742,0.34093516752219355,14,0.40929439253368555,-0.510109007358551,0.05179443069409872,0.025893904750275563,True,True
40,orthographic_and_tokenization_interface,final,19,15059,0.3393494486808777,0.8719532489776611,0.10992509871721268,True,True,0.0004997501249375312,0.0004997501249375312,True,True,True,0.3393494486808777,0.8713855743408203,0.38889992352909386,22,0.38943661528662143,-0.5320361256599426,-0.19080980280082302,0.021884411068521875,True,True
40,orthographic_and_tokenization_interface,final,20,105,-0.3366777002811432,0.569804310798645,-0.10734627395868301,False,True,0.0004997501249375312,0.0004997501249375312,True,False,False,0.3366777002811432,0.8573086857795715,0.30941884415462995,16,0.39271467309933294,-0.5206309854984283,0.11739673260120546,0.027142644121108388,False,True
40,orthographic_and_tokenization_interface,final,21,8686,-0.3365321755409241,0.8072691559791565,-0.050296682864427567,False,True,0.0004997501249375312,0.0004997501249375312,True,False,False,0.3365321755409241,0.7252227067947388,0.34428852567305934,21,0.4640397665267442,-0.3886905312538147,-0.03594016605717271,0.024450555093935438,False,True
40,orthographic_and_tokenization_interface,final,22,12289,-0.31879308819770813,0.3562382459640503,-0.12541699409484863,False,True,0.0004997501249375312,0.0004997501249375312,True,False,False,0.31879308819770813,0.5974169969558716,0.1859709382809412,8,0.5336190463647889,-0.27862390875816345,0.9047262518062136,0.042103462334839546,False,True
40,orthographic_and_tokenization_interface,final,23,14795,0.31847724318504333,0.7171778678894043,0.10575494170188904,True,True,0.0004997501249375312,0.0004997501249375312,True,True,True,0.31847724318504333,0.8592251539230347,0.36429365623730403,22,0.3706563311501598,-0.5407479107379913,-0.17357374121917862,0.02192474056883491,True,True
40,orthographic_and_tokenization_interface,final,24,13033,0.3095051348209381,0.5729634761810303,-0.06530461460351944,True,False,0.0004997501249375312,0.0004997501249375312,True,False,False,0.3095051348209381,0.8112314343452454,0.316623685356134,16,0.38152507622038023,-0.5017262995243073,-0.03293883347472771,0.02445167636199328,True,False
40,orthographic_and_tokenization_interface,final,25,6051,0.3020974397659302,-0.6908267736434937,0.07201710343360901,False,True,0.0004997501249375312,0.0004997501249375312,True,False,False,0.3020974397659302,0.7173817753791809,0.2704003779217601,15,0.42111111563470216,-0.41528433561325073,0.16136853473437757,0.02784895421162695,False,True
