variable_id,variable,pooling,feature_id,field,split,group,n,effect,abs_effect,nonzero_fraction,same_as_train_direction,seen_in_train,eligible
1,Subject expression / pro-drop,mean,8431,marker_family,train,agreement_recoverable_zero_subject,133,0.9398724410215608,0.9398724410215608,1.0,True,True,True
1,Subject expression / pro-drop,mean,8431,marker_family,train,overt_lexical_np_subject,133,0.7970095426600027,0.7970095426600027,1.0,True,True,True
1,Subject expression / pro-drop,mean,8431,marker_family,train,overt_pronoun_subject,134,0.8722830226076252,0.8722830226076252,1.0,True,True,True
1,Subject expression / pro-drop,mean,8431,marker_family,val,discourse_recoverable_zero_subject,50,0.10111185355544505,0.10111185355544505,1.0,True,False,True
1,Subject expression / pro-drop,mean,8431,marker_family,test,contrastive_context_zero_subject,27,-0.3033728846717281,0.3033728846717281,1.0,False,False,True
1,Subject expression / pro-drop,mean,8431,marker_family,test,coordinated_clause_zero_subject,23,-0.19321861668583706,0.19321861668583706,1.0,False,False,True
1,Subject expression / pro-drop,mean,8431,lexical_domain,train,community_services,71,0.8981055338859605,0.8981055338859605,1.0,True,True,True
1,Subject expression / pro-drop,mean,8431,lexical_domain,train,education,63,0.8815612247974307,0.8815612247974307,1.0,True,True,True
1,Subject expression / pro-drop,mean,8431,lexical_domain,train,engineering,69,0.9242345624048388,0.9242345624048388,1.0,True,True,True
1,Subject expression / pro-drop,mean,8431,lexical_domain,train,healthcare,63,0.872682402867285,0.872682402867285,1.0,True,True,True
1,Subject expression / pro-drop,mean,8431,lexical_domain,train,logistics,71,0.8757503059101304,0.8757503059101304,1.0,True,True,True
1,Subject expression / pro-drop,mean,8431,lexical_domain,train,workplace_operations,63,0.7510662986303066,0.7510662986303066,1.0,True,True,True
1,Subject expression / pro-drop,mean,8431,lexical_domain,val,agriculture,27,-0.07178246059000597,0.07178246059000597,1.0,False,False,True
1,Subject expression / pro-drop,mean,8431,lexical_domain,val,finance,23,0.2605114250801783,0.2605114250801783,1.0,True,False,True
1,Subject expression / pro-drop,mean,8431,lexical_domain,test,legal,16,-0.6183144608060128,0.6183144608060128,1.0,False,False,True
1,Subject expression / pro-drop,mean,8431,lexical_domain,test,public_administration,17,-0.3264398174350706,0.3264398174350706,1.0,False,False,True
1,Subject expression / pro-drop,mean,8431,lexical_domain,test,scientific_research,17,0.1767974362286757,0.1767974362286757,1.0,True,False,True
1,Subject expression / pro-drop,final,4441,marker_family,train,agreement_recoverable_zero_subject,133,-0.8501343502844816,0.8501343502844816,1.0,True,True,True
1,Subject expression / pro-drop,final,4441,marker_family,train,overt_lexical_np_subject,133,-0.880850254507284,0.880850254507284,1.0,True,True,True
1,Subject expression / pro-drop,final,4441,marker_family,train,overt_pronoun_subject,134,-0.694714639703803,0.694714639703803,1.0,True,True,True
1,Subject expression / pro-drop,final,4441,marker_family,val,discourse_recoverable_zero_subject,50,-0.9286953431898026,0.9286953431898026,1.0,True,False,True
1,Subject expression / pro-drop,final,4441,marker_family,test,contrastive_context_zero_subject,27,-0.9340945819692666,0.9340945819692666,1.0,True,False,True
1,Subject expression / pro-drop,final,4441,marker_family,test,coordinated_clause_zero_subject,23,-0.9783215073592039,0.9783215073592039,1.0,True,False,True
1,Subject expression / pro-drop,final,4441,lexical_domain,train,community_services,71,-0.8076005828780664,0.8076005828780664,1.0,True,True,True
1,Subject expression / pro-drop,final,4441,lexical_domain,train,education,63,-0.758233737954199,0.758233737954199,1.0,True,True,True
1,Subject expression / pro-drop,final,4441,lexical_domain,train,engineering,69,-0.8126397735639592,0.8126397735639592,1.0,True,True,True
1,Subject expression / pro-drop,final,4441,lexical_domain,train,healthcare,63,-0.7466962981038231,0.7466962981038231,1.0,True,True,True
1,Subject expression / pro-drop,final,4441,lexical_domain,train,logistics,71,-0.8377591513605437,0.8377591513605437,1.0,True,True,True
1,Subject expression / pro-drop,final,4441,lexical_domain,train,workplace_operations,63,-0.799026966127092,0.799026966127092,1.0,True,True,True
1,Subject expression / pro-drop,final,4441,lexical_domain,val,agriculture,27,-0.9461063552788165,0.9461063552788165,1.0,True,False,True
1,Subject expression / pro-drop,final,4441,lexical_domain,val,finance,23,-0.9099325170873668,0.9099325170873668,1.0,True,False,True
1,Subject expression / pro-drop,final,4441,lexical_domain,test,legal,16,-0.9571971255829633,0.9571971255829633,1.0,True,False,True
1,Subject expression / pro-drop,final,4441,lexical_domain,test,public_administration,17,-0.9462205833972249,0.9462205833972249,1.0,True,False,True
1,Subject expression / pro-drop,final,4441,lexical_domain,test,scientific_research,17,-0.9539088632275039,0.9539088632275039,1.0,True,False,True
2,basic_constituent_order,mean,9791,marker_family,train,canonical_sov_particle_marked_order,320,0.9206140914368374,0.9206140914368374,0.996875,True,True,True
2,basic_constituent_order,mean,9791,marker_family,train,english_argument_order_control,80,0.04702717593000425,0.04702717593000425,0.8125,True,True,True
2,basic_constituent_order,mean,9791,marker_family,val,japanese_scrambling_particle_preserved,50,0.8065270794964587,0.8065270794964587,0.96,True,False,True
2,basic_constituent_order,mean,9791,marker_family,test,adjunct_intervened_order_shift,25,-0.8563235442217441,0.8563235442217441,0.88,False,False,True
2,basic_constituent_order,mean,9791,marker_family,test,object_fronting_role_preserved,25,0.7904552865893524,0.7904552865893524,0.8,True,False,True
2,basic_constituent_order,mean,9791,lexical_domain,train,community_services,66,0.8699016986828878,0.8699016986828878,0.9545454545454546,True,True,True
2,basic_constituent_order,mean,9791,lexical_domain,train,education,67,0.8611826023197586,0.8611826023197586,0.9701492537313433,True,True,True
2,basic_constituent_order,mean,9791,lexical_domain,train,engineering,67,0.8176005357324336,0.8176005357324336,0.9850746268656716,True,True,True
2,basic_constituent_order,mean,9791,lexical_domain,train,healthcare,67,0.8318543772893884,0.8318543772893884,0.9701492537313433,True,True,True
2,basic_constituent_order,mean,9791,lexical_domain,train,logistics,67,0.8670040396187012,0.8670040396187012,0.9253731343283582,True,True,True
2,basic_constituent_order,mean,9791,lexical_domain,train,workplace_operations,66,0.8010995458873852,0.8010995458873852,0.9545454545454546,True,True,True
2,basic_constituent_order,mean,9791,lexical_domain,val,agriculture,25,0.6086652539264836,0.6086652539264836,0.92,True,False,True
2,basic_constituent_order,mean,9791,lexical_domain,val,finance,25,0.9719575074259142,0.9719575074259142,1.0,True,False,True
2,basic_constituent_order,mean,9791,lexical_domain,test,legal,17,-0.010175433576184388,0.010175433576184388,0.8235294117647058,False,False,True
2,basic_constituent_order,mean,9791,lexical_domain,test,public_administration,16,0.2219348883448256,0.2219348883448256,0.9375,True,False,True
2,basic_constituent_order,mean,9791,lexical_domain,test,scientific_research,17,-0.129601651099766,0.129601651099766,0.7647058823529411,False,False,True
2,basic_constituent_order,final,6235,marker_family,train,canonical_sov_particle_marked_order,320,0.6138413194194174,0.6138413194194174,0.53125,True,True,True
2,basic_constituent_order,final,6235,marker_family,train,english_argument_order_control,80,0.11679873088507288,0.11679873088507288,0.3875,True,True,True
2,basic_constituent_order,final,6235,marker_family,val,japanese_scrambling_particle_preserved,50,0.5081190019261346,0.5081190019261346,0.32,True,False,True
2,basic_constituent_order,final,6235,marker_family,test,adjunct_intervened_order_shift,25,-0.18726966556493133,0.18726966556493133,0.12,False,False,True
2,basic_constituent_order,final,6235,marker_family,test,object_fronting_role_preserved,25,0.23523866786660047,0.23523866786660047,0.4,True,False,True
2,basic_constituent_order,final,6235,lexical_domain,train,community_services,66,0.4531875724112525,0.4531875724112525,0.36363636363636365,True,True,True
2,basic_constituent_order,final,6235,lexical_domain,train,education,67,0.62507447458455,0.62507447458455,0.6567164179104478,True,True,True
2,basic_constituent_order,final,6235,lexical_domain,train,engineering,67,0.787834899205703,0.787834899205703,0.7910447761194029,True,True,True
2,basic_constituent_order,final,6235,lexical_domain,train,healthcare,67,0.5400034608729772,0.5400034608729772,0.3880597014925373,True,True,True
2,basic_constituent_order,final,6235,lexical_domain,train,logistics,67,0.0,0.0,0.0,False,True,True
2,basic_constituent_order,final,6235,lexical_domain,train,workplace_operations,66,0.5558148891683594,0.5558148891683594,0.8181818181818182,True,True,True
2,basic_constituent_order,final,6235,lexical_domain,val,agriculture,25,0.30093191393722424,0.30093191393722424,0.12,True,False,True
2,basic_constituent_order,final,6235,lexical_domain,val,finance,25,0.660039088286003,0.660039088286003,0.52,True,False,True
2,basic_constituent_order,final,6235,lexical_domain,test,legal,17,0.13805760582743193,0.13805760582743193,0.23529411764705882,True,False,True
2,basic_constituent_order,final,6235,lexical_domain,test,public_administration,16,-0.0076841811703256945,0.0076841811703256945,0.25,False,False,True
2,basic_constituent_order,final,6235,lexical_domain,test,scientific_research,17,0.17355334694515284,0.17355334694515284,0.29411764705882354,True,False,True
3,nominal_modifier_order,mean,4426,marker_family,train,adjective_noun_order,134,-0.14453476113658495,0.14453476113658495,0.04477611940298507,True,True,True
3,nominal_modifier_order,mean,4426,marker_family,train,noun_adjective_order,133,0.0,0.0,0.0,False,True,True
3,nominal_modifier_order,mean,4426,marker_family,train,prenominal_possessive,133,-0.9772513341484397,0.9772513341484397,1.0,True,True,True
3,nominal_modifier_order,mean,4426,marker_family,val,postnominal_de_modifier,50,-0.07632822703172092,0.07632822703172092,0.08,True,False,True
3,nominal_modifier_order,mean,4426,marker_family,test,relative_clause_modifier_order,25,0.0,0.0,0.0,False,False,True
3,nominal_modifier_order,mean,4426,marker_family,test,stacked_modifier_reordering,25,0.28133875901624694,0.28133875901624694,0.08,False,False,True
3,nominal_modifier_order,mean,4426,lexical_domain,train,community_services,66,-0.5660281862546895,0.5660281862546895,0.3333333333333333,True,True,True
3,nominal_modifier_order,mean,4426,lexical_domain,train,education,66,-0.5718330753711277,0.5718330753711277,0.3333333333333333,True,True,True
3,nominal_modifier_order,mean,4426,lexical_domain,train,engineering,67,-0.5702241153285496,0.5702241153285496,0.34328358208955223,True,True,True
3,nominal_modifier_order,mean,4426,lexical_domain,train,healthcare,69,-0.5671718287996399,0.5671718287996399,0.37681159420289856,True,True,True
3,nominal_modifier_order,mean,4426,lexical_domain,train,logistics,66,-0.5684155071444843,0.5684155071444843,0.3333333333333333,True,True,True
3,nominal_modifier_order,mean,4426,lexical_domain,train,workplace_operations,66,-0.5611956854677551,0.5611956854677551,0.36363636363636365,True,True,True
3,nominal_modifier_order,mean,4426,lexical_domain,val,agriculture,25,0.0,0.0,0.0,False,False,True
3,nominal_modifier_order,mean,4426,lexical_domain,val,finance,25,-0.10794442059752613,0.10794442059752613,0.16,True,False,True
3,nominal_modifier_order,mean,4426,lexical_domain,test,legal,18,0.3315608871942299,0.3315608871942299,0.1111111111111111,False,False,True
3,nominal_modifier_order,mean,4426,lexical_domain,test,public_administration,16,0.0,0.0,0.0,False,False,True
3,nominal_modifier_order,mean,4426,lexical_domain,test,scientific_research,16,0.0,0.0,0.0,False,False,True
3,nominal_modifier_order,final,8074,marker_family,train,adjective_noun_order,134,0.08371869780290142,0.08371869780290142,0.1791044776119403,True,True,True
3,nominal_modifier_order,final,8074,marker_family,train,noun_adjective_order,133,0.0,0.0,0.0,False,True,True
3,nominal_modifier_order,final,8074,marker_family,train,prenominal_possessive,133,0.37650656392462223,0.37650656392462223,0.41353383458646614,True,True,True
3,nominal_modifier_order,final,8074,marker_family,val,postnominal_de_modifier,50,0.17854945343380002,0.17854945343380002,0.18,True,False,True
3,nominal_modifier_order,final,8074,marker_family,test,relative_clause_modifier_order,25,-0.19999999271540972,0.19999999271540972,0.04,False,False,True
3,nominal_modifier_order,final,8074,marker_family,test,stacked_modifier_reordering,25,0.0,0.0,0.0,False,False,True
3,nominal_modifier_order,final,8074,lexical_domain,train,community_services,66,0.31479841171052897,0.31479841171052897,0.13636363636363635,True,True,True
3,nominal_modifier_order,final,8074,lexical_domain,train,education,66,0.1111067108781198,0.1111067108781198,0.15151515151515152,True,True,True
3,nominal_modifier_order,final,8074,lexical_domain,train,engineering,67,0.209380424920545,0.209380424920545,0.34328358208955223,True,True,True
3,nominal_modifier_order,final,8074,lexical_domain,train,healthcare,69,0.25576532006885944,0.25576532006885944,0.2028985507246377,True,True,True
3,nominal_modifier_order,final,8074,lexical_domain,train,logistics,66,0.22319199164241438,0.22319199164241438,0.16666666666666666,True,True,True
3,nominal_modifier_order,final,8074,lexical_domain,train,workplace_operations,66,0.1859655655130234,0.1859655655130234,0.18181818181818182,True,True,True
3,nominal_modifier_order,final,8074,lexical_domain,val,agriculture,25,-0.2566022740594228,0.2566022740594228,0.2,False,False,True
3,nominal_modifier_order,final,8074,lexical_domain,val,finance,25,0.274393161875444,0.274393161875444,0.16,True,False,True
3,nominal_modifier_order,final,8074,lexical_domain,test,legal,18,0.0,0.0,0.0,False,False,True
3,nominal_modifier_order,final,8074,lexical_domain,test,public_administration,16,-0.25,0.25,0.0625,False,False,True
3,nominal_modifier_order,final,8074,lexical_domain,test,scientific_research,16,0.0,0.0,0.0,False,False,True
4,case_marking,mean,13269,marker_family,train,canonical_case_order,148,0.39615893894264026,0.39615893894264026,0.44594594594594594,True,True,True
4,case_marking,mean,13269,marker_family,train,nominative_accusative_case,126,0.5134518270840968,0.5134518270840968,0.4444444444444444,True,True,True
4,case_marking,mean,13269,marker_family,train,nominative_dative_case,126,0.6313803526883689,0.6313803526883689,0.5952380952380952,True,True,True
4,case_marking,mean,13269,marker_family,val,case_preserving_scramble,50,0.3903347559029868,0.3903347559029868,0.3,True,False,True
4,case_marking,mean,13269,marker_family,test,oblique_argument_case_marking,25,0.7288426459046597,0.7288426459046597,0.88,True,False,True
4,case_marking,mean,13269,marker_family,test,role_reversal_case_change,25,0.3941965153126807,0.3941965153126807,0.4,True,False,True
4,case_marking,mean,13269,lexical_domain,train,community_services,36,0.5780656845253167,0.5780656845253167,0.4722222222222222,True,True,True
4,case_marking,mean,13269,lexical_domain,train,education,73,0.47649667027150094,0.47649667027150094,0.3561643835616438,True,True,True
4,case_marking,mean,13269,lexical_domain,train,engineering,73,0.588611274956477,0.588611274956477,0.5068493150684932,True,True,True
4,case_marking,mean,13269,lexical_domain,train,healthcare,73,0.3100208560551768,0.3100208560551768,0.7123287671232876,True,True,True
4,case_marking,mean,13269,lexical_domain,train,logistics,73,0.5745323548600533,0.5745323548600533,0.4246575342465753,True,True,True
4,case_marking,mean,13269,lexical_domain,train,workplace_operations,72,0.5942239265856996,0.5942239265856996,0.4722222222222222,True,True,True
4,case_marking,mean,13269,lexical_domain,val,agriculture,22,0.13582992445248793,0.13582992445248793,0.22727272727272727,True,False,True
4,case_marking,mean,13269,lexical_domain,val,finance,28,0.5620022466721593,0.5620022466721593,0.35714285714285715,True,False,True
4,case_marking,mean,13269,lexical_domain,test,legal,22,0.5507042230687373,0.5507042230687373,0.8181818181818182,True,False,True
4,case_marking,mean,13269,lexical_domain,test,public_administration,14,0.5849306096000757,0.5849306096000757,0.42857142857142855,True,False,True
4,case_marking,mean,13269,lexical_domain,test,scientific_research,14,0.6370853739129674,0.6370853739129674,0.5714285714285714,True,False,True
4,case_marking,final,4731,marker_family,train,canonical_case_order,148,0.20444151729547105,0.20444151729547105,0.2635135135135135,True,True,True
4,case_marking,final,4731,marker_family,train,nominative_accusative_case,126,0.17344433886855523,0.17344433886855523,0.1984126984126984,True,True,True
4,case_marking,final,4731,marker_family,train,nominative_dative_case,126,0.13384390099482354,0.13384390099482354,0.11904761904761904,True,True,True
4,case_marking,final,4731,marker_family,val,case_preserving_scramble,50,0.6020776121924394,0.6020776121924394,0.46,True,False,True
4,case_marking,final,4731,marker_family,test,oblique_argument_case_marking,25,-0.18691763436985653,0.18691763436985653,0.44,False,False,True
4,case_marking,final,4731,marker_family,test,role_reversal_case_change,25,0.4259761428148535,0.4259761428148535,0.36,True,False,True
4,case_marking,final,4731,lexical_domain,train,community_services,36,0.03615734499694177,0.03615734499694177,0.1111111111111111,True,True,True
4,case_marking,final,4731,lexical_domain,train,education,73,0.21339568787793078,0.21339568787793078,0.2054794520547945,True,True,True
4,case_marking,final,4731,lexical_domain,train,engineering,73,0.06110936270112741,0.06110936270112741,0.1780821917808219,True,True,True
4,case_marking,final,4731,lexical_domain,train,healthcare,73,0.27871893960370664,0.27871893960370664,0.3972602739726027,True,True,True
4,case_marking,final,4731,lexical_domain,train,logistics,73,0.11704114429089468,0.11704114429089468,0.0136986301369863,True,True,True
4,case_marking,final,4731,lexical_domain,train,workplace_operations,72,0.20845553507184345,0.20845553507184345,0.2361111111111111,True,True,True
4,case_marking,final,4731,lexical_domain,val,agriculture,22,0.5943806408354837,0.5943806408354837,0.45454545454545453,True,False,True
4,case_marking,final,4731,lexical_domain,val,finance,28,0.6080569783881031,0.6080569783881031,0.4642857142857143,True,False,True
4,case_marking,final,4731,lexical_domain,test,legal,22,-0.13700578428666682,0.13700578428666682,0.36363636363636365,False,False,True
4,case_marking,final,4731,lexical_domain,test,public_administration,14,-0.2672612615056739,0.2672612615056739,0.07142857142857142,False,False,True
4,case_marking,final,4731,lexical_domain,test,scientific_research,14,0.577916124231232,0.577916124231232,0.7857142857142857,True,False,True
5,morphosyntactic_alignment,mean,7247,marker_family,train,accusative_object_case,200,-0.6402716795928322,0.6402716795928322,1.0,True,True,True
5,morphosyntactic_alignment,mean,7247,marker_family,train,intransitive_subject_frame,80,-0.9005695193417571,0.9005695193417571,1.0,True,True,True
5,morphosyntactic_alignment,mean,7247,marker_family,train,nominative_subject_case,120,-0.7793236753054059,0.7793236753054059,1.0,True,True,True
5,morphosyntactic_alignment,mean,7247,marker_family,val,transitive_agent_patient_alignment,50,-0.692501634653507,0.692501634653507,1.0,True,False,True
5,morphosyntactic_alignment,mean,7247,marker_family,test,patient_like_subject_control,20,-0.8936954022935952,0.8936954022935952,1.0,True,False,True
5,morphosyntactic_alignment,mean,7247,marker_family,test,role_swap_case_alignment,30,-0.5374117130402848,0.5374117130402848,1.0,True,False,True
5,morphosyntactic_alignment,mean,7247,lexical_domain,train,community_services,66,-0.6978686697912364,0.6978686697912364,1.0,True,True,True
5,morphosyntactic_alignment,mean,7247,lexical_domain,train,education,67,-0.7377560178918251,0.7377560178918251,1.0,True,True,True
5,morphosyntactic_alignment,mean,7247,lexical_domain,train,engineering,67,-0.651238996633954,0.651238996633954,1.0,True,True,True
5,morphosyntactic_alignment,mean,7247,lexical_domain,train,healthcare,67,-0.720864494966505,0.720864494966505,1.0,True,True,True
5,morphosyntactic_alignment,mean,7247,lexical_domain,train,logistics,67,-0.6767529994967046,0.6767529994967046,1.0,True,True,True
5,morphosyntactic_alignment,mean,7247,lexical_domain,train,workplace_operations,66,-0.7096586821442574,0.7096586821442574,1.0,True,True,True
5,morphosyntactic_alignment,mean,7247,lexical_domain,val,agriculture,25,-0.674293344878944,0.674293344878944,1.0,True,False,True
5,morphosyntactic_alignment,mean,7247,lexical_domain,val,finance,25,-0.7117699807299716,0.7117699807299716,1.0,True,False,True
5,morphosyntactic_alignment,mean,7247,lexical_domain,test,legal,17,-0.6034132680085736,0.6034132680085736,1.0,True,False,True
5,morphosyntactic_alignment,mean,7247,lexical_domain,test,public_administration,17,-0.6530104607310491,0.6530104607310491,1.0,True,False,True
5,morphosyntactic_alignment,mean,7247,lexical_domain,test,scientific_research,16,-0.7462519649979555,0.7462519649979555,1.0,True,False,True
5,morphosyntactic_alignment,final,5159,marker_family,train,accusative_object_case,200,0.5673495526821578,0.5673495526821578,1.0,True,True,True
5,morphosyntactic_alignment,final,5159,marker_family,train,intransitive_subject_frame,80,0.8309241728029884,0.8309241728029884,1.0,True,True,True
5,morphosyntactic_alignment,final,5159,marker_family,train,nominative_subject_case,120,0.7231717609959469,0.7231717609959469,1.0,True,True,True
5,morphosyntactic_alignment,final,5159,marker_family,val,transitive_agent_patient_alignment,50,0.7016226656506134,0.7016226656506134,1.0,True,False,True
5,morphosyntactic_alignment,final,5159,marker_family,test,patient_like_subject_control,20,0.756546552181537,0.756546552181537,1.0,True,False,True
5,morphosyntactic_alignment,final,5159,marker_family,test,role_swap_case_alignment,30,0.3435744783158524,0.3435744783158524,1.0,True,False,True
5,morphosyntactic_alignment,final,5159,lexical_domain,train,community_services,66,0.7115461170290666,0.7115461170290666,1.0,True,True,True
5,morphosyntactic_alignment,final,5159,lexical_domain,train,education,67,0.6679339400620447,0.6679339400620447,1.0,True,True,True
5,morphosyntactic_alignment,final,5159,lexical_domain,train,engineering,67,0.6415724411414566,0.6415724411414566,1.0,True,True,True
5,morphosyntactic_alignment,final,5159,lexical_domain,train,healthcare,67,0.6240754755666246,0.6240754755666246,1.0,True,True,True
5,morphosyntactic_alignment,final,5159,lexical_domain,train,logistics,67,0.6430073638080572,0.6430073638080572,1.0,True,True,True
5,morphosyntactic_alignment,final,5159,lexical_domain,train,workplace_operations,66,0.6810536255052295,0.6810536255052295,1.0,True,True,True
5,morphosyntactic_alignment,final,5159,lexical_domain,val,agriculture,25,0.7062769720032109,0.7062769720032109,1.0,True,False,True
5,morphosyntactic_alignment,final,5159,lexical_domain,val,finance,25,0.6977235312220704,0.6977235312220704,1.0,True,False,True
5,morphosyntactic_alignment,final,5159,lexical_domain,test,legal,17,0.46819011036490055,0.46819011036490055,1.0,True,False,True
5,morphosyntactic_alignment,final,5159,lexical_domain,test,public_administration,17,0.6348684708430282,0.6348684708430282,1.0,True,False,True
5,morphosyntactic_alignment,final,5159,lexical_domain,test,scientific_research,16,0.5380815557714776,0.5380815557714776,1.0,True,False,True
6,transitivity_valency,mean,5382,marker_family,train,ditransitive_frame,133,0.9361324617931659,0.9361324617931659,1.0,True,True,True
6,transitivity_valency,mean,5382,marker_family,train,intransitive_frame,134,0.952401974345604,0.952401974345604,1.0,True,True,True
6,transitivity_valency,mean,5382,marker_family,train,transitive_frame,133,0.9553562841228389,0.9553562841228389,1.0,True,True,True
6,transitivity_valency,mean,5382,marker_family,val,beneficiary_frame,25,0.9682159615124388,0.9682159615124388,1.0,True,False,True
6,transitivity_valency,mean,5382,marker_family,val,experiencer_frame,25,0.7394154277106151,0.7394154277106151,1.0,True,False,True
6,transitivity_valency,mean,5382,marker_family,test,caused_motion_frame,25,0.9028003788224878,0.9028003788224878,1.0,True,False,True
6,transitivity_valency,mean,5382,marker_family,test,instrument_frame,25,-0.6354864864610167,0.6354864864610167,1.0,False,False,True
6,transitivity_valency,mean,5382,lexical_domain,train,community_services,48,0.9434403800839737,0.9434403800839737,1.0,True,True,True
6,transitivity_valency,mean,5382,lexical_domain,train,education,72,0.9180043570179109,0.9180043570179109,1.0,True,True,True
6,transitivity_valency,mean,5382,lexical_domain,train,engineering,72,0.9474361712157181,0.9474361712157181,1.0,True,True,True
6,transitivity_valency,mean,5382,lexical_domain,train,healthcare,72,0.9450354536061858,0.9450354536061858,1.0,True,True,True
6,transitivity_valency,mean,5382,lexical_domain,train,logistics,72,0.9497668607302808,0.9497668607302808,1.0,True,True,True
6,transitivity_valency,mean,5382,lexical_domain,train,workplace_operations,64,0.9515217017865323,0.9515217017865323,1.0,True,True,True
6,transitivity_valency,mean,5382,lexical_domain,val,agriculture,18,0.8433222317623006,0.8433222317623006,1.0,True,False,True
6,transitivity_valency,mean,5382,lexical_domain,val,finance,32,0.8059064469727583,0.8059064469727583,1.0,True,False,True
6,transitivity_valency,mean,5382,lexical_domain,test,legal,18,0.06904136048218545,0.06904136048218545,1.0,True,False,True
6,transitivity_valency,mean,5382,lexical_domain,test,public_administration,16,0.29473986289017134,0.29473986289017134,1.0,True,False,True
6,transitivity_valency,mean,5382,lexical_domain,test,scientific_research,16,-0.17458661378937546,0.17458661378937546,1.0,False,False,True
6,transitivity_valency,final,4825,marker_family,train,ditransitive_frame,133,-0.9503450248385782,0.9503450248385782,1.0,True,True,True
6,transitivity_valency,final,4825,marker_family,train,intransitive_frame,134,-0.9134822420814659,0.9134822420814659,1.0,True,True,True
6,transitivity_valency,final,4825,marker_family,train,transitive_frame,133,-0.7393597783950145,0.7393597783950145,1.0,True,True,True
6,transitivity_valency,final,4825,marker_family,val,beneficiary_frame,25,-0.6951337429811053,0.6951337429811053,1.0,True,False,True
6,transitivity_valency,final,4825,marker_family,val,experiencer_frame,25,-0.7530587954788259,0.7530587954788259,1.0,True,False,True
6,transitivity_valency,final,4825,marker_family,test,caused_motion_frame,25,-0.8400288253294426,0.8400288253294426,1.0,True,False,True
6,transitivity_valency,final,4825,marker_family,test,instrument_frame,25,-0.8574307584414275,0.8574307584414275,1.0,True,False,True
6,transitivity_valency,final,4825,lexical_domain,train,community_services,48,-0.9062108707814714,0.9062108707814714,1.0,True,True,True
6,transitivity_valency,final,4825,lexical_domain,train,education,72,-0.7949024145168844,0.7949024145168844,1.0,True,True,True
6,transitivity_valency,final,4825,lexical_domain,train,engineering,72,-0.8718712160217527,0.8718712160217527,1.0,True,True,True
6,transitivity_valency,final,4825,lexical_domain,train,healthcare,72,-0.8205829532423382,0.8205829532423382,1.0,True,True,True
6,transitivity_valency,final,4825,lexical_domain,train,logistics,72,-0.8283957449463832,0.8283957449463832,1.0,True,True,True
6,transitivity_valency,final,4825,lexical_domain,train,workplace_operations,64,-0.8476559758566296,0.8476559758566296,1.0,True,True,True
6,transitivity_valency,final,4825,lexical_domain,val,agriculture,18,-0.3593233338192599,0.3593233338192599,1.0,True,False,True
6,transitivity_valency,final,4825,lexical_domain,val,finance,32,-0.8817548684422036,0.8817548684422036,1.0,True,False,True
6,transitivity_valency,final,4825,lexical_domain,test,legal,18,-0.8016785778027476,0.8016785778027476,1.0,True,False,True
6,transitivity_valency,final,4825,lexical_domain,test,public_administration,16,-0.8720718264471885,0.8720718264471885,1.0,True,False,True
6,transitivity_valency,final,4825,lexical_domain,test,scientific_research,16,-0.8672270903610316,0.8672270903610316,1.0,True,False,True
7,voice_and_agent_prominence,mean,8235,marker_family,train,active_voice,60,0.7737230567392294,0.7737230567392294,0.8166666666666667,True,True,True
7,voice_and_agent_prominence,mean,8235,marker_family,train,agentless_passive,170,0.8768336587044391,0.8768336587044391,1.0,True,True,True
7,voice_and_agent_prominence,mean,8235,marker_family,train,by_phrase_passive,170,0.894455485227175,0.894455485227175,1.0,True,True,True
7,voice_and_agent_prominence,mean,8235,marker_family,val,patient_prominent_passive,50,0.9214052352457713,0.9214052352457713,1.0,True,False,True
7,voice_and_agent_prominence,mean,8235,marker_family,test,impersonal_voice,25,0.9284685501672834,0.9284685501672834,1.0,True,False,True
7,voice_and_agent_prominence,mean,8235,marker_family,test,middle_like_voice,25,-0.2980943357527911,0.2980943357527911,0.2,False,False,True
7,voice_and_agent_prominence,mean,8235,lexical_domain,train,community_services,66,0.8749400285007544,0.8749400285007544,0.9090909090909091,True,True,True
7,voice_and_agent_prominence,mean,8235,lexical_domain,train,education,67,0.7779592288932127,0.7779592288932127,0.9253731343283582,True,True,True
7,voice_and_agent_prominence,mean,8235,lexical_domain,train,engineering,67,0.8643001147629217,0.8643001147629217,1.0,True,True,True
7,voice_and_agent_prominence,mean,8235,lexical_domain,train,healthcare,67,0.8985570429268541,0.8985570429268541,1.0,True,True,True
7,voice_and_agent_prominence,mean,8235,lexical_domain,train,logistics,67,0.8704602441675932,0.8704602441675932,1.0,True,True,True
7,voice_and_agent_prominence,mean,8235,lexical_domain,train,workplace_operations,66,0.8872008398224204,0.8872008398224204,1.0,True,True,True
7,voice_and_agent_prominence,mean,8235,lexical_domain,val,agriculture,25,0.9179245451365616,0.9179245451365616,1.0,True,False,True
7,voice_and_agent_prominence,mean,8235,lexical_domain,val,finance,25,0.9298390329479368,0.9298390329479368,1.0,True,False,True
7,voice_and_agent_prominence,mean,8235,lexical_domain,test,legal,18,0.6340340163220339,0.6340340163220339,0.5555555555555556,True,False,True
7,voice_and_agent_prominence,mean,8235,lexical_domain,test,public_administration,16,0.6093435412456171,0.6093435412456171,0.6875,True,False,True
7,voice_and_agent_prominence,mean,8235,lexical_domain,test,scientific_research,16,0.6602736591889643,0.6602736591889643,0.5625,True,False,True
7,voice_and_agent_prominence,final,8074,marker_family,train,active_voice,60,-0.4273707769125247,0.4273707769125247,0.45,True,True,True
7,voice_and_agent_prominence,final,8074,marker_family,train,agentless_passive,170,-0.5634864796041043,0.5634864796041043,0.4176470588235294,True,True,True
7,voice_and_agent_prominence,final,8074,marker_family,train,by_phrase_passive,170,-0.5391278384624048,0.5391278384624048,0.4235294117647059,True,True,True
7,voice_and_agent_prominence,final,8074,marker_family,val,patient_prominent_passive,50,-0.5827828053439623,0.5827828053439623,0.52,True,False,True
7,voice_and_agent_prominence,final,8074,marker_family,test,impersonal_voice,25,-0.2,0.2,0.04,True,False,True
7,voice_and_agent_prominence,final,8074,marker_family,test,middle_like_voice,25,-0.1999999880354505,0.1999999880354505,0.04,True,False,True
7,voice_and_agent_prominence,final,8074,lexical_domain,train,community_services,66,-0.30874962808878675,0.30874962808878675,0.24242424242424243,True,True,True
7,voice_and_agent_prominence,final,8074,lexical_domain,train,education,67,-0.23315217557472576,0.23315217557472576,0.2537313432835821,True,True,True
7,voice_and_agent_prominence,final,8074,lexical_domain,train,engineering,67,-0.6563078372271443,0.6563078372271443,0.5970149253731343,True,True,True
7,voice_and_agent_prominence,final,8074,lexical_domain,train,healthcare,67,-0.6711383152914676,0.6711383152914676,0.5223880597014925,True,True,True
7,voice_and_agent_prominence,final,8074,lexical_domain,train,logistics,67,-0.45446855338505115,0.45446855338505115,0.29850746268656714,True,True,True
7,voice_and_agent_prominence,final,8074,lexical_domain,train,workplace_operations,66,-0.690697639877667,0.690697639877667,0.6363636363636364,True,True,True
7,voice_and_agent_prominence,final,8074,lexical_domain,val,agriculture,25,-0.5564710896434153,0.5564710896434153,0.4,True,False,True
7,voice_and_agent_prominence,final,8074,lexical_domain,val,finance,25,-0.6515007382467701,0.6515007382467701,0.64,True,False,True
7,voice_and_agent_prominence,final,8074,lexical_domain,test,legal,18,-0.2357022552900026,0.2357022552900026,0.05555555555555555,True,False,True
7,voice_and_agent_prominence,final,8074,lexical_domain,test,public_administration,16,-0.25,0.25,0.0625,True,False,True
7,voice_and_agent_prominence,final,8074,lexical_domain,test,scientific_research,16,0.0,0.0,0.0,False,False,True
8,causativity_and_valency_change,mean,8182,marker_family,train,english_periphrastic_have_cause,60,0.962609790544044,0.962609790544044,1.0,True,True,True
8,causativity_and_valency_change,mean,8182,marker_family,train,english_periphrastic_make_cause,140,0.9546177088157319,0.9546177088157319,1.0,True,True,True
8,causativity_and_valency_change,mean,8182,marker_family,train,turkish_morphological_causative,200,0.8596102875312636,0.8596102875312636,1.0,True,True,True
8,causativity_and_valency_change,mean,8182,marker_family,val,indirect_causative,24,0.943337386604138,0.943337386604138,1.0,True,False,True
8,causativity_and_valency_change,mean,8182,marker_family,val,permissive_causative,26,0.9470163952431517,0.9470163952431517,1.0,True,False,True
8,causativity_and_valency_change,mean,8182,marker_family,test,causer_added_morphological,25,0.8744923916562601,0.8744923916562601,1.0,True,False,True
8,causativity_and_valency_change,mean,8182,marker_family,test,coercive_causative,25,0.6797262225419892,0.6797262225419892,1.0,True,False,True
8,causativity_and_valency_change,mean,8182,lexical_domain,train,community_services,42,0.8602175458004362,0.8602175458004362,1.0,True,True,True
8,causativity_and_valency_change,mean,8182,lexical_domain,train,education,68,0.888303996262981,0.888303996262981,1.0,True,True,True
8,causativity_and_valency_change,mean,8182,lexical_domain,train,engineering,74,0.8985684298697348,0.8985684298697348,1.0,True,True,True
8,causativity_and_valency_change,mean,8182,lexical_domain,train,healthcare,84,0.9288461605917445,0.9288461605917445,1.0,True,True,True
8,causativity_and_valency_change,mean,8182,lexical_domain,train,logistics,54,0.8983097298337145,0.8983097298337145,1.0,True,True,True
8,causativity_and_valency_change,mean,8182,lexical_domain,train,workplace_operations,78,0.8834867138799551,0.8834867138799551,1.0,True,True,True
8,causativity_and_valency_change,mean,8182,lexical_domain,val,agriculture,23,0.9234104091756122,0.9234104091756122,1.0,True,False,True
8,causativity_and_valency_change,mean,8182,lexical_domain,val,finance,27,0.9457351818677916,0.9457351818677916,1.0,True,False,True
8,causativity_and_valency_change,mean,8182,lexical_domain,test,legal,18,0.7983373833815806,0.7983373833815806,1.0,True,False,True
8,causativity_and_valency_change,mean,8182,lexical_domain,test,public_administration,15,0.7504630416262589,0.7504630416262589,1.0,True,False,True
8,causativity_and_valency_change,mean,8182,lexical_domain,test,scientific_research,17,0.8038944386386472,0.8038944386386472,1.0,True,False,True
8,causativity_and_valency_change,final,3288,marker_family,train,english_periphrastic_have_cause,60,0.8320958892151193,0.8320958892151193,1.0,True,True,True
8,causativity_and_valency_change,final,3288,marker_family,train,english_periphrastic_make_cause,140,0.8513159926382502,0.8513159926382502,1.0,True,True,True
8,causativity_and_valency_change,final,3288,marker_family,train,turkish_morphological_causative,200,0.8125291532528983,0.8125291532528983,1.0,True,True,True
8,causativity_and_valency_change,final,3288,marker_family,val,indirect_causative,24,0.9534966199842286,0.9534966199842286,1.0,True,False,True
8,causativity_and_valency_change,final,3288,marker_family,val,permissive_causative,26,0.8146920149945366,0.8146920149945366,1.0,True,False,True
8,causativity_and_valency_change,final,3288,marker_family,test,causer_added_morphological,25,0.9044650234257298,0.9044650234257298,1.0,True,False,True
8,causativity_and_valency_change,final,3288,marker_family,test,coercive_causative,25,0.590864025477527,0.590864025477527,1.0,True,False,True
8,causativity_and_valency_change,final,3288,lexical_domain,train,community_services,42,0.8757527609040251,0.8757527609040251,1.0,True,True,True
8,causativity_and_valency_change,final,3288,lexical_domain,train,education,68,0.8533532198046512,0.8533532198046512,1.0,True,True,True
8,causativity_and_valency_change,final,3288,lexical_domain,train,engineering,74,0.8665156803378408,0.8665156803378408,1.0,True,True,True
8,causativity_and_valency_change,final,3288,lexical_domain,train,healthcare,84,0.8518182088221214,0.8518182088221214,1.0,True,True,True
8,causativity_and_valency_change,final,3288,lexical_domain,train,logistics,54,0.7348751132809818,0.7348751132809818,1.0,True,True,True
8,causativity_and_valency_change,final,3288,lexical_domain,train,workplace_operations,78,0.7469181701689805,0.7469181701689805,1.0,True,True,True
8,causativity_and_valency_change,final,3288,lexical_domain,val,agriculture,23,0.891243063791782,0.891243063791782,1.0,True,False,True
8,causativity_and_valency_change,final,3288,lexical_domain,val,finance,27,0.8807830843424745,0.8807830843424745,1.0,True,False,True
8,causativity_and_valency_change,final,3288,lexical_domain,test,legal,18,0.7962702822899773,0.7962702822899773,1.0,True,False,True
8,causativity_and_valency_change,final,3288,lexical_domain,test,public_administration,15,0.7087001703456458,0.7087001703456458,1.0,True,False,True
8,causativity_and_valency_change,final,3288,lexical_domain,test,scientific_research,17,0.7314946599439159,0.7314946599439159,1.0,True,False,True
9,analytic_vs_synthetic_encoding,mean,6579,marker_family,train,english_function_word_relation,100,-0.13732825197825302,0.13732825197825302,0.27,True,True,True
9,analytic_vs_synthetic_encoding,mean,6579,marker_family,train,english_prepositional_relation,100,-0.29349362717577293,0.29349362717577293,0.31,True,True,True
9,analytic_vs_synthetic_encoding,mean,6579,marker_family,train,turkish_bound_case_relation,200,-0.6770217776903059,0.6770217776903059,0.565,True,True,True
9,analytic_vs_synthetic_encoding,mean,6579,marker_family,val,turkish_possessive_case_stack,50,-0.5613006249760009,0.5613006249760009,0.48,True,False,True
9,analytic_vs_synthetic_encoding,mean,6579,marker_family,test,analytic_to_synthetic_parallel,25,0.2,0.2,0.04,False,False,True
9,analytic_vs_synthetic_encoding,mean,6579,marker_family,test,turkish_multi_suffix_compression,25,-0.7297642048101571,0.7297642048101571,0.6,True,False,True
9,analytic_vs_synthetic_encoding,mean,6579,lexical_domain,train,community_services,66,-0.599995635441244,0.599995635441244,0.5909090909090909,True,True,True
9,analytic_vs_synthetic_encoding,mean,6579,lexical_domain,train,education,67,-0.41351535086883584,0.41351535086883584,0.2835820895522388,True,True,True
9,analytic_vs_synthetic_encoding,mean,6579,lexical_domain,train,engineering,67,-0.6227814151793182,0.6227814151793182,0.4925373134328358,True,True,True
9,analytic_vs_synthetic_encoding,mean,6579,lexical_domain,train,healthcare,67,-0.28661403336864494,0.28661403336864494,0.3880597014925373,True,True,True
9,analytic_vs_synthetic_encoding,mean,6579,lexical_domain,train,logistics,67,-0.5487275049349177,0.5487275049349177,0.417910447761194,True,True,True
9,analytic_vs_synthetic_encoding,mean,6579,lexical_domain,train,workplace_operations,66,-0.47169326245287607,0.47169326245287607,0.3939393939393939,True,True,True
9,analytic_vs_synthetic_encoding,mean,6579,lexical_domain,val,agriculture,25,-0.6785848651494781,0.6785848651494781,0.48,True,False,True
9,analytic_vs_synthetic_encoding,mean,6579,lexical_domain,val,finance,25,-0.4231028765220264,0.4231028765220264,0.48,True,False,True
9,analytic_vs_synthetic_encoding,mean,6579,lexical_domain,test,legal,17,-0.6317441586874699,0.6317441586874699,0.47058823529411764,True,False,True
9,analytic_vs_synthetic_encoding,mean,6579,lexical_domain,test,public_administration,16,-0.4630598065429954,0.4630598065429954,0.375,True,False,True
9,analytic_vs_synthetic_encoding,mean,6579,lexical_domain,test,scientific_research,17,-0.33624946040286946,0.33624946040286946,0.11764705882352941,True,False,True
9,analytic_vs_synthetic_encoding,final,9565,marker_family,train,english_function_word_relation,100,0.21338280869513343,0.21338280869513343,0.1,True,True,True
9,analytic_vs_synthetic_encoding,final,9565,marker_family,train,english_prepositional_relation,100,0.026311702646804536,0.026311702646804536,0.05,True,True,True
9,analytic_vs_synthetic_encoding,final,9565,marker_family,train,turkish_bound_case_relation,200,0.4479639407815663,0.4479639407815663,0.31,True,True,True
9,analytic_vs_synthetic_encoding,final,9565,marker_family,val,turkish_possessive_case_stack,50,0.43757955337208654,0.43757955337208654,0.62,True,False,True
9,analytic_vs_synthetic_encoding,final,9565,marker_family,test,analytic_to_synthetic_parallel,25,-0.2,0.2,0.04,False,False,True
9,analytic_vs_synthetic_encoding,final,9565,marker_family,test,turkish_multi_suffix_compression,25,0.587989575411103,0.587989575411103,0.6,True,False,True
9,analytic_vs_synthetic_encoding,final,9565,lexical_domain,train,community_services,66,0.4042989754755197,0.4042989754755197,0.2727272727272727,True,True,True
9,analytic_vs_synthetic_encoding,final,9565,lexical_domain,train,education,67,0.23691511879664975,0.23691511879664975,0.11940298507462686,True,True,True
9,analytic_vs_synthetic_encoding,final,9565,lexical_domain,train,engineering,67,0.29109448145957956,0.29109448145957956,0.14925373134328357,True,True,True
9,analytic_vs_synthetic_encoding,final,9565,lexical_domain,train,healthcare,67,0.2117328377507992,0.2117328377507992,0.07462686567164178,True,True,True
9,analytic_vs_synthetic_encoding,final,9565,lexical_domain,train,logistics,67,0.5075828111365135,0.5075828111365135,0.2835820895522388,True,True,True
9,analytic_vs_synthetic_encoding,final,9565,lexical_domain,train,workplace_operations,66,0.22538807327085944,0.22538807327085944,0.25757575757575757,True,True,True
9,analytic_vs_synthetic_encoding,final,9565,lexical_domain,val,agriculture,25,0.6119737011046082,0.6119737011046082,0.52,True,False,True
9,analytic_vs_synthetic_encoding,final,9565,lexical_domain,val,finance,25,0.24049140417959655,0.24049140417959655,0.72,True,False,True
9,analytic_vs_synthetic_encoding,final,9565,lexical_domain,test,legal,17,0.4277385180385694,0.4277385180385694,0.29411764705882354,True,False,True
9,analytic_vs_synthetic_encoding,final,9565,lexical_domain,test,public_administration,16,-0.11870038503883316,0.11870038503883316,0.25,False,False,True
9,analytic_vs_synthetic_encoding,final,9565,lexical_domain,test,scientific_research,17,0.5006678680521179,0.5006678680521179,0.4117647058823529,True,False,True
10,morphological_segmentation_type,mean,6125,marker_family,train,hyphenated_morpheme_chain,120,-0.8555485702156949,0.8555485702156949,0.8416666666666667,True,True,True
10,morphological_segmentation_type,mean,6125,marker_family,train,suffix_stack_surface,160,-0.6839108582551965,0.6839108582551965,0.4875,True,True,True
10,morphological_segmentation_type,mean,6125,marker_family,train,unsegmented_agglutinated_form,120,-0.5625826230252252,0.5625826230252252,0.325,True,True,True
10,morphological_segmentation_type,mean,6125,marker_family,val,gloss_like_separated_morphemes,50,-0.5309546814144129,0.5309546814144129,0.32,True,False,True
10,morphological_segmentation_type,mean,6125,marker_family,test,derivational_inflectional_stack,25,-0.45619455067031484,0.45619455067031484,0.32,True,False,True
10,morphological_segmentation_type,mean,6125,marker_family,test,possessive_number_case_stack,25,-0.4839939862154993,0.4839939862154993,0.24,True,False,True
10,morphological_segmentation_type,mean,6125,lexical_domain,train,community_services,66,-0.6969629107461651,0.6969629107461651,0.5454545454545454,True,True,True
10,morphological_segmentation_type,mean,6125,lexical_domain,train,education,67,-0.7569251166401139,0.7569251166401139,0.6119402985074627,True,True,True
10,morphological_segmentation_type,mean,6125,lexical_domain,train,engineering,67,-0.7622196978903168,0.7622196978903168,0.6119402985074627,True,True,True
10,morphological_segmentation_type,mean,6125,lexical_domain,train,healthcare,67,-0.6746384939702651,0.6746384939702651,0.47761194029850745,True,True,True
10,morphological_segmentation_type,mean,6125,lexical_domain,train,logistics,67,-0.7254882835864634,0.7254882835864634,0.5970149253731343,True,True,True
10,morphological_segmentation_type,mean,6125,lexical_domain,train,workplace_operations,66,-0.6285497066319653,0.6285497066319653,0.42424242424242425,True,True,True
10,morphological_segmentation_type,mean,6125,lexical_domain,val,agriculture,25,-0.5724771029655407,0.5724771029655407,0.4,True,False,True
10,morphological_segmentation_type,mean,6125,lexical_domain,val,finance,25,-0.4859170890793304,0.4859170890793304,0.24,True,False,True
10,morphological_segmentation_type,mean,6125,lexical_domain,test,legal,17,-0.3538285898045325,0.3538285898045325,0.17647058823529413,True,False,True
10,morphological_segmentation_type,mean,6125,lexical_domain,test,public_administration,16,-0.5450339455277744,0.5450339455277744,0.375,True,False,True
10,morphological_segmentation_type,mean,6125,lexical_domain,test,scientific_research,17,-0.4669464150843466,0.4669464150843466,0.29411764705882354,True,False,True
10,morphological_segmentation_type,final,11611,marker_family,train,hyphenated_morpheme_chain,120,-0.5631495770772222,0.5631495770772222,1.0,True,True,True
10,morphological_segmentation_type,final,11611,marker_family,train,suffix_stack_surface,160,-0.8426641364562469,0.8426641364562469,1.0,True,True,True
10,morphological_segmentation_type,final,11611,marker_family,train,unsegmented_agglutinated_form,120,-0.9611084817630312,0.9611084817630312,1.0,True,True,True
10,morphological_segmentation_type,final,11611,marker_family,val,gloss_like_separated_morphemes,50,-0.8419868553540921,0.8419868553540921,1.0,True,False,True
10,morphological_segmentation_type,final,11611,marker_family,test,derivational_inflectional_stack,25,-0.3364568864850987,0.3364568864850987,1.0,True,False,True
10,morphological_segmentation_type,final,11611,marker_family,test,possessive_number_case_stack,25,-0.7659721754824171,0.7659721754824171,1.0,True,False,True
10,morphological_segmentation_type,final,11611,lexical_domain,train,community_services,66,-0.5425952756761575,0.5425952756761575,1.0,True,True,True
10,morphological_segmentation_type,final,11611,lexical_domain,train,education,67,-0.9488002142456492,0.9488002142456492,1.0,True,True,True
10,morphological_segmentation_type,final,11611,lexical_domain,train,engineering,67,-0.8399503475820964,0.8399503475820964,1.0,True,True,True
10,morphological_segmentation_type,final,11611,lexical_domain,train,healthcare,67,-0.9444642804759574,0.9444642804759574,1.0,True,True,True
10,morphological_segmentation_type,final,11611,lexical_domain,train,logistics,67,-0.6544301851064195,0.6544301851064195,1.0,True,True,True
10,morphological_segmentation_type,final,11611,lexical_domain,train,workplace_operations,66,-0.9622962705953525,0.9622962705953525,1.0,True,True,True
10,morphological_segmentation_type,final,11611,lexical_domain,val,agriculture,25,-0.8262617425649861,0.8262617425649861,1.0,True,False,True
10,morphological_segmentation_type,final,11611,lexical_domain,val,finance,25,-0.8646920770652278,0.8646920770652278,1.0,True,False,True
10,morphological_segmentation_type,final,11611,lexical_domain,test,legal,17,-0.4615002510604443,0.4615002510604443,1.0,True,False,True
10,morphological_segmentation_type,final,11611,lexical_domain,test,public_administration,16,-0.5781773523885351,0.5781773523885351,1.0,True,False,True
10,morphological_segmentation_type,final,11611,lexical_domain,test,scientific_research,17,-0.6471585840231533,0.6471585840231533,1.0,True,False,True
11,agreement_indexing_density,mean,758,marker_family,train,adjective_noun_agreement,133,0.8742162140091602,0.8742162140091602,0.9548872180451128,True,True,True
11,agreement_indexing_density,mean,758,marker_family,train,determiner_noun_gender_agreement,133,0.7906170571594221,0.7906170571594221,0.8270676691729323,True,True,True
11,agreement_indexing_density,mean,758,marker_family,train,subject_verb_number_agreement,134,0.8447684750699135,0.8447684750699135,0.9626865671641791,True,True,True
11,agreement_indexing_density,mean,758,marker_family,val,determiner_noun_adjective_stack,50,0.8179236273558225,0.8179236273558225,0.9,True,False,True
11,agreement_indexing_density,mean,758,marker_family,test,agreement_shift_without_lexical_change,25,0.9590646140415293,0.9590646140415293,1.0,True,False,True
11,agreement_indexing_density,mean,758,marker_family,test,verb_person_indexing,25,-0.11081487620238255,0.11081487620238255,0.44,False,False,True
11,agreement_indexing_density,mean,758,lexical_domain,train,community_services,66,0.7331482503119139,0.7331482503119139,0.8181818181818182,True,True,True
11,agreement_indexing_density,mean,758,lexical_domain,train,education,66,0.7686927832782655,0.7686927832782655,0.8636363636363636,True,True,True
11,agreement_indexing_density,mean,758,lexical_domain,train,engineering,67,0.8662545803967595,0.8662545803967595,0.9552238805970149,True,True,True
11,agreement_indexing_density,mean,758,lexical_domain,train,healthcare,69,0.8459408114418207,0.8459408114418207,0.927536231884058,True,True,True
11,agreement_indexing_density,mean,758,lexical_domain,train,logistics,66,0.8645426180327349,0.8645426180327349,0.9545454545454546,True,True,True
11,agreement_indexing_density,mean,758,lexical_domain,train,workplace_operations,66,0.8765185525525713,0.8765185525525713,0.9696969696969697,True,True,True
11,agreement_indexing_density,mean,758,lexical_domain,val,agriculture,25,0.8163218430889875,0.8163218430889875,0.8,True,False,True
11,agreement_indexing_density,mean,758,lexical_domain,val,finance,25,0.8427150976109555,0.8427150976109555,1.0,True,False,True
11,agreement_indexing_density,mean,758,lexical_domain,test,legal,18,0.6758511146421134,0.6758511146421134,0.6666666666666666,True,False,True
11,agreement_indexing_density,mean,758,lexical_domain,test,public_administration,16,0.6708906521668353,0.6708906521668353,0.6875,True,False,True
11,agreement_indexing_density,mean,758,lexical_domain,test,scientific_research,16,0.6740269453492214,0.6740269453492214,0.8125,True,False,True
11,agreement_indexing_density,final,8113,marker_family,train,adjective_noun_agreement,133,0.8925002553720229,0.8925002553720229,0.9548872180451128,True,True,True
11,agreement_indexing_density,final,8113,marker_family,train,determiner_noun_gender_agreement,133,0.8708365341984248,0.8708365341984248,0.9849624060150376,True,True,True
11,agreement_indexing_density,final,8113,marker_family,train,subject_verb_number_agreement,134,0.8908389150750862,0.8908389150750862,0.8656716417910447,True,True,True
11,agreement_indexing_density,final,8113,marker_family,val,determiner_noun_adjective_stack,50,0.6696402197752138,0.6696402197752138,0.62,True,False,True
11,agreement_indexing_density,final,8113,marker_family,test,agreement_shift_without_lexical_change,25,0.9591145885536483,0.9591145885536483,1.0,True,False,True
11,agreement_indexing_density,final,8113,marker_family,test,verb_person_indexing,25,0.33794541537732414,0.33794541537732414,0.32,True,False,True
11,agreement_indexing_density,final,8113,lexical_domain,train,community_services,66,0.8892705320129783,0.8892705320129783,1.0,True,True,True
11,agreement_indexing_density,final,8113,lexical_domain,train,education,66,0.86166138978111,0.86166138978111,0.9393939393939394,True,True,True
11,agreement_indexing_density,final,8113,lexical_domain,train,engineering,67,0.8432719661960436,0.8432719661960436,0.835820895522388,True,True,True
11,agreement_indexing_density,final,8113,lexical_domain,train,healthcare,69,0.8822739623695295,0.8822739623695295,0.9710144927536232,True,True,True
11,agreement_indexing_density,final,8113,lexical_domain,train,logistics,66,0.8553814559676033,0.8553814559676033,0.9393939393939394,True,True,True
11,agreement_indexing_density,final,8113,lexical_domain,train,workplace_operations,66,0.8475639616917997,0.8475639616917997,0.9242424242424242,True,True,True
11,agreement_indexing_density,final,8113,lexical_domain,val,agriculture,25,0.7252682696693231,0.7252682696693231,0.68,True,False,True
11,agreement_indexing_density,final,8113,lexical_domain,val,finance,25,0.60985874177302,0.60985874177302,0.56,True,False,True
11,agreement_indexing_density,final,8113,lexical_domain,test,legal,18,0.7400630514772754,0.7400630514772754,0.7777777777777778,True,False,True
11,agreement_indexing_density,final,8113,lexical_domain,test,public_administration,16,0.7047355677488378,0.7047355677488378,0.5625,True,False,True
11,agreement_indexing_density,final,8113,lexical_domain,test,scientific_research,16,0.691714766907667,0.691714766907667,0.625,True,False,True
12,optionality_vs_obligatoriness_of_marking,mean,9607,marker_family,train,aspect_marker_optional,200,0.1883432640774772,0.1883432640774772,0.395,True,True,True
12,optionality_vs_obligatoriness_of_marking,mean,9607,marker_family,train,bare_nominal_context,66,0.45519819371180453,0.45519819371180453,0.22727272727272727,True,True,True
12,optionality_vs_obligatoriness_of_marking,mean,9607,marker_family,train,temporal_adverb_optional,134,0.6502281048811159,0.6502281048811159,0.6940298507462687,True,True,True
12,optionality_vs_obligatoriness_of_marking,mean,9607,marker_family,val,classifier_number_optional,50,0.5193761825587443,0.5193761825587443,0.3,True,False,True
12,optionality_vs_obligatoriness_of_marking,mean,9607,marker_family,test,context_only_temporal_inference,25,0.8252602906931529,0.8252602906931529,1.0,True,False,True
12,optionality_vs_obligatoriness_of_marking,mean,9607,marker_family,test,marker_absence_with_context,25,-0.3200536645739867,0.3200536645739867,0.36,False,False,True
12,optionality_vs_obligatoriness_of_marking,mean,9607,lexical_domain,train,community_services,66,-0.0011791810541135874,0.0011791810541135874,0.6515151515151515,False,True,True
12,optionality_vs_obligatoriness_of_marking,mean,9607,lexical_domain,train,education,67,0.0,0.0,0.0,False,True,True
12,optionality_vs_obligatoriness_of_marking,mean,9607,lexical_domain,train,engineering,67,0.5861105885199911,0.5861105885199911,0.3880597014925373,True,True,True
12,optionality_vs_obligatoriness_of_marking,mean,9607,lexical_domain,train,healthcare,67,0.7088536859742451,0.7088536859742451,1.0,True,True,True
12,optionality_vs_obligatoriness_of_marking,mean,9607,lexical_domain,train,logistics,67,0.41082080046227043,0.41082080046227043,0.5373134328358209,True,True,True
12,optionality_vs_obligatoriness_of_marking,mean,9607,lexical_domain,train,workplace_operations,66,0.45519819371180453,0.45519819371180453,0.22727272727272727,True,True,True
12,optionality_vs_obligatoriness_of_marking,mean,9607,lexical_domain,val,agriculture,25,0.4469747439422165,0.4469747439422165,0.2,True,False,True
12,optionality_vs_obligatoriness_of_marking,mean,9607,lexical_domain,val,finance,25,0.5832302120511269,0.5832302120511269,0.4,True,False,True
12,optionality_vs_obligatoriness_of_marking,mean,9607,lexical_domain,test,legal,17,0.5741887504462085,0.5741887504462085,0.7058823529411765,True,False,True
12,optionality_vs_obligatoriness_of_marking,mean,9607,lexical_domain,test,public_administration,16,0.5252062689326139,0.5252062689326139,0.625,True,False,True
12,optionality_vs_obligatoriness_of_marking,mean,9607,lexical_domain,test,scientific_research,17,0.5200536838791612,0.5200536838791612,0.7058823529411765,True,False,True
12,optionality_vs_obligatoriness_of_marking,final,15899,marker_family,train,aspect_marker_optional,200,-0.2164961001944579,0.2164961001944579,0.055,True,True,True
12,optionality_vs_obligatoriness_of_marking,final,15899,marker_family,train,bare_nominal_context,66,0.0,0.0,0.0,False,True,True
12,optionality_vs_obligatoriness_of_marking,final,15899,marker_family,train,temporal_adverb_optional,134,-0.2842463101337861,0.2842463101337861,0.1044776119402985,True,True,True
12,optionality_vs_obligatoriness_of_marking,final,15899,marker_family,val,classifier_number_optional,50,-0.14142135186009153,0.14142135186009153,0.02,True,False,True
12,optionality_vs_obligatoriness_of_marking,final,15899,marker_family,test,context_only_temporal_inference,25,0.0,0.0,0.0,False,False,True
12,optionality_vs_obligatoriness_of_marking,final,15899,marker_family,test,marker_absence_with_context,25,0.0,0.0,0.0,False,False,True
12,optionality_vs_obligatoriness_of_marking,final,15899,lexical_domain,train,community_services,66,0.0,0.0,0.0,False,True,True
12,optionality_vs_obligatoriness_of_marking,final,15899,lexical_domain,train,education,67,-0.37404829212800467,0.37404829212800467,0.16417910447761194,True,True,True
12,optionality_vs_obligatoriness_of_marking,final,15899,lexical_domain,train,engineering,67,-0.40198499066918525,0.40198499066918525,0.208955223880597,True,True,True
12,optionality_vs_obligatoriness_of_marking,final,15899,lexical_domain,train,healthcare,67,0.0,0.0,0.0,False,True,True
12,optionality_vs_obligatoriness_of_marking,final,15899,lexical_domain,train,logistics,67,0.0,0.0,0.0,False,True,True
12,optionality_vs_obligatoriness_of_marking,final,15899,lexical_domain,train,workplace_operations,66,0.0,0.0,0.0,False,True,True
12,optionality_vs_obligatoriness_of_marking,final,15899,lexical_domain,val,agriculture,25,-0.19999999225704224,0.19999999225704224,0.04,True,False,True
12,optionality_vs_obligatoriness_of_marking,final,15899,lexical_domain,val,finance,25,0.0,0.0,0.0,False,False,True
12,optionality_vs_obligatoriness_of_marking,final,15899,lexical_domain,test,legal,17,0.0,0.0,0.0,False,False,True
12,optionality_vs_obligatoriness_of_marking,final,15899,lexical_domain,test,public_administration,16,0.0,0.0,0.0,False,False,True
12,optionality_vs_obligatoriness_of_marking,final,15899,lexical_domain,test,scientific_research,17,0.0,0.0,0.0,False,False,True
13,redundancy_cumulative_exponence,mean,9749,marker_family,train,multi_site_agreement,166,-0.7715141660098829,0.7715141660098829,1.0,True,True,True
13,redundancy_cumulative_exponence,mean,9749,marker_family,train,noun_adjective_case_agreement,167,-0.545449483854009,0.545449483854009,1.0,True,True,True
13,redundancy_cumulative_exponence,mean,9749,marker_family,train,subject_verb_agreement,67,-0.9391266248955402,0.9391266248955402,1.0,True,True,True
13,redundancy_cumulative_exponence,mean,9749,marker_family,val,cumulative_case_gender_number_bundle,50,-0.8364553902620457,0.8364553902620457,1.0,True,False,True
13,redundancy_cumulative_exponence,mean,9749,marker_family,test,agreement_bundle_shift,25,-0.7338454807530197,0.7338454807530197,1.0,True,False,True
13,redundancy_cumulative_exponence,mean,9749,marker_family,test,redundant_stack_reduction,25,-0.8381716260971793,0.8381716260971793,1.0,True,False,True
13,redundancy_cumulative_exponence,mean,9749,lexical_domain,train,community_services,66,-0.9830073434432633,0.9830073434432633,1.0,True,True,True
13,redundancy_cumulative_exponence,mean,9749,lexical_domain,train,education,67,-0.9363452549673112,0.9363452549673112,1.0,True,True,True
13,redundancy_cumulative_exponence,mean,9749,lexical_domain,train,engineering,67,-0.9529208288959929,0.9529208288959929,1.0,True,True,True
13,redundancy_cumulative_exponence,mean,9749,lexical_domain,train,healthcare,67,0.818141131024171,0.818141131024171,1.0,False,True,True
13,redundancy_cumulative_exponence,mean,9749,lexical_domain,train,logistics,67,-0.9391266248955402,0.9391266248955402,1.0,True,True,True
13,redundancy_cumulative_exponence,mean,9749,lexical_domain,train,workplace_operations,66,-0.9692606462615984,0.9692606462615984,1.0,True,True,True
13,redundancy_cumulative_exponence,mean,9749,lexical_domain,val,agriculture,25,-0.7759085439256385,0.7759085439256385,1.0,True,False,True
13,redundancy_cumulative_exponence,mean,9749,lexical_domain,val,finance,25,-0.9157326882663448,0.9157326882663448,1.0,True,False,True
13,redundancy_cumulative_exponence,mean,9749,lexical_domain,test,legal,17,-0.7227370850905322,0.7227370850905322,1.0,True,False,True
13,redundancy_cumulative_exponence,mean,9749,lexical_domain,test,public_administration,16,-0.9262666249464959,0.9262666249464959,1.0,True,False,True
13,redundancy_cumulative_exponence,mean,9749,lexical_domain,test,scientific_research,17,-0.722608783931082,0.722608783931082,1.0,True,False,True
13,redundancy_cumulative_exponence,final,16084,marker_family,train,multi_site_agreement,166,0.7771371229410277,0.7771371229410277,1.0,True,True,True
13,redundancy_cumulative_exponence,final,16084,marker_family,train,noun_adjective_case_agreement,167,0.7641370704165575,0.7641370704165575,1.0,True,True,True
13,redundancy_cumulative_exponence,final,16084,marker_family,train,subject_verb_agreement,67,-0.17914535653990166,0.17914535653990166,1.0,False,True,True
13,redundancy_cumulative_exponence,final,16084,marker_family,val,cumulative_case_gender_number_bundle,50,0.6714550420189814,0.6714550420189814,1.0,True,False,True
13,redundancy_cumulative_exponence,final,16084,marker_family,test,agreement_bundle_shift,25,0.6706622952263296,0.6706622952263296,1.0,True,False,True
13,redundancy_cumulative_exponence,final,16084,marker_family,test,redundant_stack_reduction,25,0.7096017901841152,0.7096017901841152,1.0,True,False,True
13,redundancy_cumulative_exponence,final,16084,lexical_domain,train,community_services,66,0.8701956502313498,0.8701956502313498,1.0,True,True,True
13,redundancy_cumulative_exponence,final,16084,lexical_domain,train,education,67,0.7422663278068138,0.7422663278068138,1.0,True,True,True
13,redundancy_cumulative_exponence,final,16084,lexical_domain,train,engineering,67,0.9590899691531101,0.9590899691531101,1.0,True,True,True
13,redundancy_cumulative_exponence,final,16084,lexical_domain,train,healthcare,67,0.519065839417752,0.519065839417752,1.0,True,True,True
13,redundancy_cumulative_exponence,final,16084,lexical_domain,train,logistics,67,-0.17914535653990166,0.17914535653990166,1.0,False,True,True
13,redundancy_cumulative_exponence,final,16084,lexical_domain,train,workplace_operations,66,0.7204742198002541,0.7204742198002541,1.0,True,True,True
13,redundancy_cumulative_exponence,final,16084,lexical_domain,val,agriculture,25,0.6501941252248213,0.6501941252248213,1.0,True,False,True
13,redundancy_cumulative_exponence,final,16084,lexical_domain,val,finance,25,0.6951185279153079,0.6951185279153079,1.0,True,False,True
13,redundancy_cumulative_exponence,final,16084,lexical_domain,test,legal,17,0.8780309151680737,0.8780309151680737,1.0,True,False,True
13,redundancy_cumulative_exponence,final,16084,lexical_domain,test,public_administration,16,0.46942512464177927,0.46942512464177927,1.0,True,False,True
13,redundancy_cumulative_exponence,final,16084,lexical_domain,test,scientific_research,17,0.6572770239194978,0.6572770239194978,1.0,True,False,True
14,definiteness_and_specificity,mean,13819,marker_family,train,bare_plural_generic,133,-0.8804397674880776,0.8804397674880776,1.0,True,True,True
14,definiteness_and_specificity,mean,13819,marker_family,train,definite_article,134,0.0,0.0,0.0,False,True,True
14,definiteness_and_specificity,mean,13819,marker_family,train,indefinite_article,133,0.0,0.0,0.0,False,True,True
14,definiteness_and_specificity,mean,13819,marker_family,val,familiar_reference_marker,50,-0.48264076151515045,0.48264076151515045,0.34,True,False,True
14,definiteness_and_specificity,mean,13819,marker_family,test,specificity_context_marker,17,0.0,0.0,0.0,False,False,True
14,definiteness_and_specificity,mean,13819,marker_family,test,unique_reference_description,33,-0.6497323666972358,0.6497323666972358,0.6060606060606061,True,False,True
14,definiteness_and_specificity,mean,13819,lexical_domain,train,community_services,66,-0.5131839442636431,0.5131839442636431,0.3333333333333333,True,True,True
14,definiteness_and_specificity,mean,13819,lexical_domain,train,education,67,-0.5253878087219842,0.5253878087219842,0.3283582089552239,True,True,True
14,definiteness_and_specificity,mean,13819,lexical_domain,train,engineering,66,-0.5266504102077023,0.5266504102077023,0.3333333333333333,True,True,True
14,definiteness_and_specificity,mean,13819,lexical_domain,train,healthcare,68,-0.5385215790751976,0.5385215790751976,0.3382352941176471,True,True,True
14,definiteness_and_specificity,mean,13819,lexical_domain,train,logistics,66,-0.4815792461699547,0.4815792461699547,0.3333333333333333,True,True,True
14,definiteness_and_specificity,mean,13819,lexical_domain,train,workplace_operations,67,-0.5007410846982985,0.5007410846982985,0.3283582089552239,True,True,True
14,definiteness_and_specificity,mean,13819,lexical_domain,val,agriculture,25,-0.5766373450256079,0.5766373450256079,0.36,True,False,True
14,definiteness_and_specificity,mean,13819,lexical_domain,val,finance,25,-0.46879065365524614,0.46879065365524614,0.32,True,False,True
14,definiteness_and_specificity,mean,13819,lexical_domain,test,legal,17,-0.5694911924639783,0.5694911924639783,0.5882352941176471,True,False,True
14,definiteness_and_specificity,mean,13819,lexical_domain,test,public_administration,17,-0.4707713650256829,0.4707713650256829,0.29411764705882354,True,False,True
14,definiteness_and_specificity,mean,13819,lexical_domain,test,scientific_research,16,-0.5446403972462378,0.5446403972462378,0.3125,True,False,True
14,definiteness_and_specificity,final,15772,marker_family,train,bare_plural_generic,133,-0.6643026519024517,0.6643026519024517,0.6842105263157895,True,True,True
14,definiteness_and_specificity,final,15772,marker_family,train,definite_article,134,0.0,0.0,0.0,False,True,True
14,definiteness_and_specificity,final,15772,marker_family,train,indefinite_article,133,0.0,0.0,0.0,False,True,True
14,definiteness_and_specificity,final,15772,marker_family,val,familiar_reference_marker,50,-0.25731421356341405,0.25731421356341405,0.26,True,False,True
14,definiteness_and_specificity,final,15772,marker_family,test,specificity_context_marker,17,-0.3405408078372586,0.3405408078372586,0.11764705882352941,True,False,True
14,definiteness_and_specificity,final,15772,marker_family,test,unique_reference_description,33,-0.6350785948217955,0.6350785948217955,0.48484848484848486,True,False,True
14,definiteness_and_specificity,final,15772,lexical_domain,train,community_services,66,-0.35529264529896043,0.35529264529896043,0.15151515151515152,True,True,True
14,definiteness_and_specificity,final,15772,lexical_domain,train,education,67,-0.4785806964216112,0.4785806964216112,0.31343283582089554,True,True,True
14,definiteness_and_specificity,final,15772,lexical_domain,train,engineering,66,-0.3233120079366968,0.3233120079366968,0.25757575757575757,True,True,True
14,definiteness_and_specificity,final,15772,lexical_domain,train,healthcare,68,-0.3230924596476758,0.3230924596476758,0.11764705882352941,True,True,True
14,definiteness_and_specificity,final,15772,lexical_domain,train,logistics,66,-0.36854652409477134,0.36854652409477134,0.2878787878787879,True,True,True
14,definiteness_and_specificity,final,15772,lexical_domain,train,workplace_operations,67,-0.44744247437728785,0.44744247437728785,0.23880597014925373,True,True,True
14,definiteness_and_specificity,final,15772,lexical_domain,val,agriculture,25,-0.39930126227887414,0.39930126227887414,0.2,True,False,True
14,definiteness_and_specificity,final,15772,lexical_domain,val,finance,25,-0.14284148381008996,0.14284148381008996,0.32,True,False,True
14,definiteness_and_specificity,final,15772,lexical_domain,test,legal,17,-0.599360591820204,0.599360591820204,0.4117647058823529,True,False,True
14,definiteness_and_specificity,final,15772,lexical_domain,test,public_administration,17,-0.5750420252348679,0.5750420252348679,0.35294117647058826,True,False,True
14,definiteness_and_specificity,final,15772,lexical_domain,test,scientific_research,16,-0.5318284254830082,0.5318284254830082,0.3125,True,False,True
15,number_marking,mean,8113,marker_family,train,arabic_plural_agreement,166,0.628290263137497,0.628290263137497,0.6746987951807228,True,True,True
15,number_marking,mean,8113,marker_family,train,arabic_singular_dual,167,0.8081951778279767,0.8081951778279767,0.8922155688622755,True,True,True
15,number_marking,mean,8113,marker_family,train,english_singular_plural,67,0.9293067176054954,0.9293067176054954,1.0,True,True,True
15,number_marking,mean,8113,marker_family,val,cardinal_number_agreement,50,0.20351199844365483,0.20351199844365483,0.9,True,False,True
15,number_marking,mean,8113,marker_family,test,collective_singulative_control,29,0.23304094296581293,0.23304094296581293,0.5172413793103449,True,False,True
15,number_marking,mean,8113,marker_family,test,dual_modifier_agreement,21,-0.6389014652861869,0.6389014652861869,0.8571428571428571,False,False,True
15,number_marking,mean,8113,lexical_domain,train,community_services,66,0.8088956534558878,0.8088956534558878,0.8939393939393939,True,True,True
15,number_marking,mean,8113,lexical_domain,train,education,66,0.7359486301212318,0.7359486301212318,0.7575757575757576,True,True,True
15,number_marking,mean,8113,lexical_domain,train,engineering,68,0.765341449235814,0.765341449235814,0.8676470588235294,True,True,True
15,number_marking,mean,8113,lexical_domain,train,healthcare,66,0.7495670742190518,0.7495670742190518,0.7272727272727273,True,True,True
15,number_marking,mean,8113,lexical_domain,train,logistics,67,0.8358199199864635,0.8358199199864635,0.8656716417910447,True,True,True
15,number_marking,mean,8113,lexical_domain,train,workplace_operations,67,0.7793506085118619,0.7793506085118619,0.8059701492537313,True,True,True
15,number_marking,mean,8113,lexical_domain,val,agriculture,25,0.20560068160538097,0.20560068160538097,0.96,True,False,True
15,number_marking,mean,8113,lexical_domain,val,finance,25,0.2101255173565373,0.2101255173565373,0.84,True,False,True
15,number_marking,mean,8113,lexical_domain,test,legal,17,-0.266581721818154,0.266581721818154,0.7058823529411765,False,False,True
15,number_marking,mean,8113,lexical_domain,test,public_administration,16,0.18664645971870908,0.18664645971870908,0.75,True,False,True
15,number_marking,mean,8113,lexical_domain,test,scientific_research,17,-0.21289251737985082,0.21289251737985082,0.5294117647058824,False,False,True
15,number_marking,final,8113,marker_family,train,arabic_plural_agreement,166,0.2506494624618377,0.2506494624618377,0.24096385542168675,True,True,True
15,number_marking,final,8113,marker_family,train,arabic_singular_dual,167,0.5481117263988612,0.5481117263988612,0.4550898203592814,True,True,True
15,number_marking,final,8113,marker_family,train,english_singular_plural,67,0.6914579265783553,0.6914579265783553,0.7611940298507462,True,True,True
15,number_marking,final,8113,marker_family,val,cardinal_number_agreement,50,0.23209504172096743,0.23209504172096743,0.52,True,False,True
15,number_marking,final,8113,marker_family,test,collective_singulative_control,29,0.3670494682218691,0.3670494682218691,0.3793103448275862,True,False,True
15,number_marking,final,8113,marker_family,test,dual_modifier_agreement,21,-0.2182178963220011,0.2182178963220011,0.047619047619047616,False,False,True
15,number_marking,final,8113,lexical_domain,train,community_services,66,0.6538312819829272,0.6538312819829272,0.7424242424242424,True,True,True
15,number_marking,final,8113,lexical_domain,train,education,66,0.43764024763313797,0.43764024763313797,0.3484848484848485,True,True,True
15,number_marking,final,8113,lexical_domain,train,engineering,68,0.6081491914939032,0.6081491914939032,0.6176470588235294,True,True,True
15,number_marking,final,8113,lexical_domain,train,healthcare,66,0.4070037715409683,0.4070037715409683,0.19696969696969696,True,True,True
15,number_marking,final,8113,lexical_domain,train,logistics,67,0.28976488422071867,0.28976488422071867,0.08955223880597014,True,True,True
15,number_marking,final,8113,lexical_domain,train,workplace_operations,67,0.42049297780931655,0.42049297780931655,0.5074626865671642,True,True,True
15,number_marking,final,8113,lexical_domain,val,agriculture,25,0.19383587133693161,0.19383587133693161,0.56,True,False,True
15,number_marking,final,8113,lexical_domain,val,finance,25,0.26615800418155683,0.26615800418155683,0.48,True,False,True
15,number_marking,final,8113,lexical_domain,test,legal,17,0.2137278082046462,0.2137278082046462,0.23529411764705882,True,False,True
15,number_marking,final,8113,lexical_domain,test,public_administration,16,0.2862327736682098,0.2862327736682098,0.3125,True,False,True
15,number_marking,final,8113,lexical_domain,test,scientific_research,17,0.24075527856585313,0.24075527856585313,0.17647058823529413,True,False,True
16,gender_noun_class,mean,5205,marker_family,train,determiner_gender,133,0.7651149570768877,0.7651149570768877,0.7443609022556391,True,True,True
16,gender_noun_class,mean,5205,marker_family,train,feminine_agreement,133,0.9821060638596575,0.9821060638596575,1.0,True,True,True
16,gender_noun_class,mean,5205,marker_family,train,masculine_agreement,134,0.9777624370188782,0.9777624370188782,1.0,True,True,True
16,gender_noun_class,mean,5205,marker_family,val,adjective_gender_shift,50,0.907906492088415,0.907906492088415,0.92,True,False,True
16,gender_noun_class,mean,5205,marker_family,test,gender_number_interaction,25,0.8374582691446993,0.8374582691446993,0.84,True,False,True
16,gender_noun_class,mean,5205,marker_family,test,inanimate_gender_agreement,25,0.9746442706111221,0.9746442706111221,1.0,True,False,True
16,gender_noun_class,mean,5205,lexical_domain,train,community_services,66,0.9013501656523654,0.9013501656523654,0.9393939393939394,True,True,True
16,gender_noun_class,mean,5205,lexical_domain,train,education,67,0.9044921435985784,0.9044921435985784,0.9104477611940298,True,True,True
16,gender_noun_class,mean,5205,lexical_domain,train,engineering,67,0.8988468590695949,0.8988468590695949,0.9104477611940298,True,True,True
16,gender_noun_class,mean,5205,lexical_domain,train,healthcare,67,0.9013723601509672,0.9013723601509672,0.9104477611940298,True,True,True
16,gender_noun_class,mean,5205,lexical_domain,train,logistics,67,0.876573391009878,0.876573391009878,0.9104477611940298,True,True,True
16,gender_noun_class,mean,5205,lexical_domain,train,workplace_operations,66,0.9048888067746136,0.9048888067746136,0.9090909090909091,True,True,True
16,gender_noun_class,mean,5205,lexical_domain,val,agriculture,25,0.8950316648023233,0.8950316648023233,0.88,True,False,True
16,gender_noun_class,mean,5205,lexical_domain,val,finance,25,0.9226122040349091,0.9226122040349091,0.96,True,False,True
16,gender_noun_class,mean,5205,lexical_domain,test,legal,17,0.9009230453490639,0.9009230453490639,0.8823529411764706,True,False,True
16,gender_noun_class,mean,5205,lexical_domain,test,public_administration,17,0.9182961499039229,0.9182961499039229,0.9411764705882353,True,False,True
16,gender_noun_class,mean,5205,lexical_domain,test,scientific_research,16,0.9162987879578838,0.9162987879578838,0.9375,True,False,True
16,gender_noun_class,final,1825,marker_family,train,determiner_gender,133,0.12258749886487576,0.12258749886487576,0.015037593984962405,True,True,True
16,gender_noun_class,final,1825,marker_family,train,feminine_agreement,133,0.4522267310866159,0.4522267310866159,0.3082706766917293,True,True,True
16,gender_noun_class,final,1825,marker_family,train,masculine_agreement,134,0.1943698366293592,0.1943698366293592,0.05223880597014925,True,True,True
16,gender_noun_class,final,1825,marker_family,val,adjective_gender_shift,50,0.3127022471914613,0.3127022471914613,0.1,True,False,True
16,gender_noun_class,final,1825,marker_family,test,gender_number_interaction,25,0.0,0.0,0.0,False,False,True
16,gender_noun_class,final,1825,marker_family,test,inanimate_gender_agreement,25,0.28220369573128296,0.28220369573128296,0.08,True,False,True
16,gender_noun_class,final,1825,lexical_domain,train,community_services,66,0.37035645518623916,0.37035645518623916,0.2727272727272727,True,True,True
16,gender_noun_class,final,1825,lexical_domain,train,education,67,0.26966670670209936,0.26966670670209936,0.08955223880597014,True,True,True
16,gender_noun_class,final,1825,lexical_domain,train,engineering,67,0.3203391115622812,0.3203391115622812,0.1044776119402985,True,True,True
16,gender_noun_class,final,1825,lexical_domain,train,healthcare,67,0.3285577219727099,0.3285577219727099,0.11940298507462686,True,True,True
16,gender_noun_class,final,1825,lexical_domain,train,logistics,67,0.24273972866057755,0.24273972866057755,0.05970149253731343,True,True,True
16,gender_noun_class,final,1825,lexical_domain,train,workplace_operations,66,0.20390020953553115,0.20390020953553115,0.10606060606060606,True,True,True
16,gender_noun_class,final,1825,lexical_domain,val,agriculture,25,0.2827126690843692,0.2827126690843692,0.08,True,False,True
16,gender_noun_class,final,1825,lexical_domain,val,finance,25,0.3449480212116605,0.3449480212116605,0.12,True,False,True
16,gender_noun_class,final,1825,lexical_domain,test,legal,17,0.24253562073516335,0.24253562073516335,0.058823529411764705,True,False,True
16,gender_noun_class,final,1825,lexical_domain,test,public_administration,17,0.2425356236747864,0.2425356236747864,0.058823529411764705,True,False,True
16,gender_noun_class,final,1825,lexical_domain,test,scientific_research,16,0.0,0.0,0.0,False,False,True
17,animacy_and_humanness,mean,3104,marker_family,train,animal_patient_lexical_set,133,0.5684185578076946,0.5684185578076946,0.6992481203007519,True,True,True
17,animacy_and_humanness,mean,3104,marker_family,train,human_agent_lexical_set,133,0.40576092505866296,0.40576092505866296,0.706766917293233,True,True,True
17,animacy_and_humanness,mean,3104,marker_family,train,inanimate_object_lexical_set,134,0.548055198427866,0.548055198427866,0.835820895522388,True,True,True
17,animacy_and_humanness,mean,3104,marker_family,val,sentient_living_contrast,50,0.573481899937176,0.573481899937176,0.74,True,False,True
17,animacy_and_humanness,mean,3104,marker_family,test,artifact_agent_control,25,-0.35563213476111494,0.35563213476111494,0.56,False,False,True
17,animacy_and_humanness,mean,3104,marker_family,test,living_nonliving_boundary,25,0.27281998312989036,0.27281998312989036,0.84,True,False,True
17,animacy_and_humanness,mean,3104,lexical_domain,train,community_services,66,0.6905562501989864,0.6905562501989864,0.7878787878787878,True,True,True
17,animacy_and_humanness,mean,3104,lexical_domain,train,education,67,0.4162027237278482,0.4162027237278482,0.6119402985074627,True,True,True
17,animacy_and_humanness,mean,3104,lexical_domain,train,engineering,67,0.6902074726239495,0.6902074726239495,0.746268656716418,True,True,True
17,animacy_and_humanness,mean,3104,lexical_domain,train,healthcare,67,0.16929515105769763,0.16929515105769763,0.7164179104477612,True,True,True
17,animacy_and_humanness,mean,3104,lexical_domain,train,logistics,67,0.4116973180395741,0.4116973180395741,0.9253731343283582,True,True,True
17,animacy_and_humanness,mean,3104,lexical_domain,train,workplace_operations,66,0.5506657491949861,0.5506657491949861,0.696969696969697,True,True,True
17,animacy_and_humanness,mean,3104,lexical_domain,val,agriculture,25,0.7702981516045517,0.7702981516045517,0.92,True,False,True
17,animacy_and_humanness,mean,3104,lexical_domain,val,finance,25,0.28161482880154437,0.28161482880154437,0.56,True,False,True
17,animacy_and_humanness,mean,3104,lexical_domain,test,legal,17,-0.41313121903563305,0.41313121903563305,0.7647058823529411,False,False,True
17,animacy_and_humanness,mean,3104,lexical_domain,test,public_administration,16,-0.22594255572550093,0.22594255572550093,0.6875,False,False,True
17,animacy_and_humanness,mean,3104,lexical_domain,test,scientific_research,17,0.4341934071936011,0.4341934071936011,0.6470588235294118,True,False,True
17,animacy_and_humanness,final,6618,marker_family,train,animal_patient_lexical_set,133,0.023068800584167246,0.023068800584167246,0.2857142857142857,True,True,True
17,animacy_and_humanness,final,6618,marker_family,train,human_agent_lexical_set,133,0.4275968967239738,0.4275968967239738,0.5789473684210527,True,True,True
17,animacy_and_humanness,final,6618,marker_family,train,inanimate_object_lexical_set,134,0.44677116024167424,0.44677116024167424,0.6343283582089553,True,True,True
17,animacy_and_humanness,final,6618,marker_family,val,sentient_living_contrast,50,0.028152770367235798,0.028152770367235798,0.36,True,False,True
17,animacy_and_humanness,final,6618,marker_family,test,artifact_agent_control,25,0.863308144939759,0.863308144939759,1.0,True,False,True
17,animacy_and_humanness,final,6618,marker_family,test,living_nonliving_boundary,25,0.5508311908067969,0.5508311908067969,0.4,True,False,True
17,animacy_and_humanness,final,6618,lexical_domain,train,community_services,66,0.28551040307038394,0.28551040307038394,0.3181818181818182,True,True,True
17,animacy_and_humanness,final,6618,lexical_domain,train,education,67,-0.34128237670251943,0.34128237670251943,0.2537313432835821,False,True,True
17,animacy_and_humanness,final,6618,lexical_domain,train,engineering,67,0.42468031007837426,0.42468031007837426,0.5970149253731343,True,True,True
17,animacy_and_humanness,final,6618,lexical_domain,train,healthcare,67,-0.03834826713329939,0.03834826713329939,0.29850746268656714,False,True,True
17,animacy_and_humanness,final,6618,lexical_domain,train,logistics,67,0.4703723164364025,0.4703723164364025,0.6716417910447762,True,True,True
17,animacy_and_humanness,final,6618,lexical_domain,train,workplace_operations,66,0.6633107997574004,0.6633107997574004,0.8636363636363636,True,True,True
17,animacy_and_humanness,final,6618,lexical_domain,val,agriculture,25,0.019607887002326532,0.019607887002326532,0.24,True,False,True
17,animacy_and_humanness,final,6618,lexical_domain,val,finance,25,0.03619016933249216,0.03619016933249216,0.48,True,False,True
17,animacy_and_humanness,final,6618,lexical_domain,test,legal,17,0.7084050572308007,0.7084050572308007,0.5882352941176471,True,False,True
17,animacy_and_humanness,final,6618,lexical_domain,test,public_administration,16,0.707170425658771,0.707170425658771,0.75,True,False,True
17,animacy_and_humanness,final,6618,lexical_domain,test,scientific_research,17,0.7519767264338774,0.7519767264338774,0.7647058823529411,True,False,True
18,person_marking_and_person_hierarchy,mean,13235,marker_family,train,english_person_pronoun,143,-0.052197442137772145,0.052197442137772145,0.027972027972027972,False,True,True
18,person_marking_and_person_hierarchy,mean,13235,marker_family,train,singular_person_marking,57,0.6779099553006941,0.6779099553006941,0.49122807017543857,True,True,True
18,person_marking_and_person_hierarchy,mean,13235,marker_family,train,spanish_verb_person_indexing,200,0.4138081046323007,0.4138081046323007,0.55,True,True,True
18,person_marking_and_person_hierarchy,mean,13235,marker_family,val,plural_person_marking,50,0.20801372533236873,0.20801372533236873,0.5,True,False,True
18,person_marking_and_person_hierarchy,mean,13235,marker_family,test,addressee_reference_shift,20,0.0,0.0,0.0,False,False,True
18,person_marking_and_person_hierarchy,mean,13235,marker_family,test,pronounless_verb_indexing,30,0.34836658823294686,0.34836658823294686,0.16666666666666666,True,False,True
18,person_marking_and_person_hierarchy,mean,13235,lexical_domain,train,community_services,66,0.2678998716371203,0.2678998716371203,0.19696969696969696,True,True,True
18,person_marking_and_person_hierarchy,mean,13235,lexical_domain,train,education,67,0.4183425227100639,0.4183425227100639,0.40298507462686567,True,True,True
18,person_marking_and_person_hierarchy,mean,13235,lexical_domain,train,engineering,67,0.3333959845885727,0.3333959845885727,0.29850746268656714,True,True,True
18,person_marking_and_person_hierarchy,mean,13235,lexical_domain,train,healthcare,67,0.3084120337250595,0.3084120337250595,0.34328358208955223,True,True,True
18,person_marking_and_person_hierarchy,mean,13235,lexical_domain,train,logistics,67,0.3991625734746041,0.3991625734746041,0.3880597014925373,True,True,True
18,person_marking_and_person_hierarchy,mean,13235,lexical_domain,train,workplace_operations,66,0.5084158859811906,0.5084158859811906,0.5,True,True,True
18,person_marking_and_person_hierarchy,mean,13235,lexical_domain,val,agriculture,25,0.14743616911859062,0.14743616911859062,0.36,True,False,True
18,person_marking_and_person_hierarchy,mean,13235,lexical_domain,val,finance,25,0.2601160400893045,0.2601160400893045,0.64,True,False,True
18,person_marking_and_person_hierarchy,mean,13235,lexical_domain,test,legal,17,0.40769626438002177,0.40769626438002177,0.17647058823529413,True,False,True
18,person_marking_and_person_hierarchy,mean,13235,lexical_domain,test,public_administration,16,0.24845514890667342,0.24845514890667342,0.125,True,False,True
18,person_marking_and_person_hierarchy,mean,13235,lexical_domain,test,scientific_research,17,0.0,0.0,0.0,False,False,True
18,person_marking_and_person_hierarchy,final,4025,marker_family,train,english_person_pronoun,143,-0.3445838674541345,0.3445838674541345,0.3916083916083916,True,True,True
18,person_marking_and_person_hierarchy,final,4025,marker_family,train,singular_person_marking,57,-0.48321985663042244,0.48321985663042244,0.24561403508771928,True,True,True
18,person_marking_and_person_hierarchy,final,4025,marker_family,train,spanish_verb_person_indexing,200,-0.3012380827808722,0.3012380827808722,0.39,True,True,True
18,person_marking_and_person_hierarchy,final,4025,marker_family,val,plural_person_marking,50,-0.37720634659041463,0.37720634659041463,0.4,True,False,True
18,person_marking_and_person_hierarchy,final,4025,marker_family,test,addressee_reference_shift,20,-0.5132008747544708,0.5132008747544708,0.3,True,False,True
18,person_marking_and_person_hierarchy,final,4025,marker_family,test,pronounless_verb_indexing,30,-0.31842835233935696,0.31842835233935696,0.3,True,False,True
18,person_marking_and_person_hierarchy,final,4025,lexical_domain,train,community_services,66,-0.7154418322157353,0.7154418322157353,0.5757575757575758,True,True,True
18,person_marking_and_person_hierarchy,final,4025,lexical_domain,train,education,67,-0.4029068192158428,0.4029068192158428,0.2537313432835821,True,True,True
18,person_marking_and_person_hierarchy,final,4025,lexical_domain,train,engineering,67,-0.08782442293268869,0.08782442293268869,0.4925373134328358,True,True,True
18,person_marking_and_person_hierarchy,final,4025,lexical_domain,train,healthcare,67,-0.3354820164771534,0.3354820164771534,0.23880597014925373,True,True,True
18,person_marking_and_person_hierarchy,final,4025,lexical_domain,train,logistics,67,-0.4010704256282888,0.4010704256282888,0.208955223880597,True,True,True
18,person_marking_and_person_hierarchy,final,4025,lexical_domain,train,workplace_operations,66,-0.10940780851958397,0.10940780851958397,0.45454545454545453,True,True,True
18,person_marking_and_person_hierarchy,final,4025,lexical_domain,val,agriculture,25,-0.394638941798805,0.394638941798805,0.44,True,False,True
18,person_marking_and_person_hierarchy,final,4025,lexical_domain,val,finance,25,-0.3592592332444211,0.3592592332444211,0.36,True,False,True
18,person_marking_and_person_hierarchy,final,4025,lexical_domain,test,legal,17,-0.2503416695506457,0.2503416695506457,0.29411764705882354,True,False,True
18,person_marking_and_person_hierarchy,final,4025,lexical_domain,test,public_administration,16,-0.4001866161891667,0.4001866161891667,0.25,True,False,True
18,person_marking_and_person_hierarchy,final,4025,lexical_domain,test,scientific_research,17,-0.5187838371415001,0.5187838371415001,0.35294117647058826,True,False,True
19,inclusive_exclusive_distinction,mean,6062,marker_family,train,exclusive_lexical_phrase,133,-0.8855308613190291,0.8855308613190291,0.9924812030075187,True,True,True
19,inclusive_exclusive_distinction,mean,6062,marker_family,train,inclusive_lexical_phrase,134,-0.8659697416836589,0.8659697416836589,0.9925373134328358,True,True,True
19,inclusive_exclusive_distinction,mean,6062,marker_family,train,zanmen_women_contrast,133,-0.8198595769890941,0.8198595769890941,1.0,True,True,True
19,inclusive_exclusive_distinction,mean,6062,marker_family,val,addressee_included_context,50,-0.49353866823935605,0.49353866823935605,1.0,True,False,True
19,inclusive_exclusive_distinction,mean,6062,marker_family,test,explicit_addressee_exclusion,25,-0.43943834068269993,0.43943834068269993,0.96,True,False,True
19,inclusive_exclusive_distinction,mean,6062,marker_family,test,group_membership_contextual_we,25,0.13941857577612554,0.13941857577612554,1.0,False,False,True
19,inclusive_exclusive_distinction,mean,6062,lexical_domain,train,community_services,66,-0.8418010027384555,0.8418010027384555,0.9848484848484849,True,True,True
19,inclusive_exclusive_distinction,mean,6062,lexical_domain,train,education,67,-0.8709473110053559,0.8709473110053559,1.0,True,True,True
19,inclusive_exclusive_distinction,mean,6062,lexical_domain,train,engineering,67,-0.8209917974267733,0.8209917974267733,1.0,True,True,True
19,inclusive_exclusive_distinction,mean,6062,lexical_domain,train,healthcare,67,-0.8490110470997141,0.8490110470997141,1.0,True,True,True
19,inclusive_exclusive_distinction,mean,6062,lexical_domain,train,logistics,67,-0.898357208075336,0.898357208075336,1.0,True,True,True
19,inclusive_exclusive_distinction,mean,6062,lexical_domain,train,workplace_operations,66,-0.8395281135308035,0.8395281135308035,0.9848484848484849,True,True,True
19,inclusive_exclusive_distinction,mean,6062,lexical_domain,val,agriculture,25,-0.5494105139974682,0.5494105139974682,1.0,True,False,True
19,inclusive_exclusive_distinction,mean,6062,lexical_domain,val,finance,25,-0.4375990265869012,0.4375990265869012,1.0,True,False,True
19,inclusive_exclusive_distinction,mean,6062,lexical_domain,test,legal,17,-0.028795122797995187,0.028795122797995187,1.0,True,False,True
19,inclusive_exclusive_distinction,mean,6062,lexical_domain,test,public_administration,16,0.11559501435061147,0.11559501435061147,0.9375,False,False,True
19,inclusive_exclusive_distinction,mean,6062,lexical_domain,test,scientific_research,17,-0.18100269302039534,0.18100269302039534,1.0,True,False,True
19,inclusive_exclusive_distinction,final,11524,marker_family,train,exclusive_lexical_phrase,133,-0.27101223801960694,0.27101223801960694,0.9624060150375939,True,True,True
19,inclusive_exclusive_distinction,final,11524,marker_family,train,inclusive_lexical_phrase,134,-0.3879863180445096,0.3879863180445096,0.9552238805970149,True,True,True
19,inclusive_exclusive_distinction,final,11524,marker_family,train,zanmen_women_contrast,133,-0.7467944816632902,0.7467944816632902,0.9774436090225563,True,True,True
19,inclusive_exclusive_distinction,final,11524,marker_family,val,addressee_included_context,50,-0.27632769741388497,0.27632769741388497,0.92,True,False,True
19,inclusive_exclusive_distinction,final,11524,marker_family,test,explicit_addressee_exclusion,25,-0.4404969373375029,0.4404969373375029,0.96,True,False,True
19,inclusive_exclusive_distinction,final,11524,marker_family,test,group_membership_contextual_we,25,-0.36013462503042093,0.36013462503042093,1.0,True,False,True
19,inclusive_exclusive_distinction,final,11524,lexical_domain,train,community_services,66,-0.44923889080567914,0.44923889080567914,0.9696969696969697,True,True,True
19,inclusive_exclusive_distinction,final,11524,lexical_domain,train,education,67,-0.33644314559299604,0.33644314559299604,0.9701492537313433,True,True,True
19,inclusive_exclusive_distinction,final,11524,lexical_domain,train,engineering,67,-0.4867196641827122,0.4867196641827122,0.9552238805970149,True,True,True
19,inclusive_exclusive_distinction,final,11524,lexical_domain,train,healthcare,67,-0.5568965692978358,0.5568965692978358,0.9701492537313433,True,True,True
19,inclusive_exclusive_distinction,final,11524,lexical_domain,train,logistics,67,-0.5962409666147238,0.5962409666147238,0.9701492537313433,True,True,True
19,inclusive_exclusive_distinction,final,11524,lexical_domain,train,workplace_operations,66,-0.48155644944416864,0.48155644944416864,0.9545454545454546,True,True,True
19,inclusive_exclusive_distinction,final,11524,lexical_domain,val,agriculture,25,-0.017484274170946196,0.017484274170946196,0.88,True,False,True
19,inclusive_exclusive_distinction,final,11524,lexical_domain,val,finance,25,-0.4056482855765629,0.4056482855765629,0.96,True,False,True
19,inclusive_exclusive_distinction,final,11524,lexical_domain,test,legal,17,-0.259137339419515,0.259137339419515,1.0,True,False,True
19,inclusive_exclusive_distinction,final,11524,lexical_domain,test,public_administration,16,-0.4443596815902647,0.4443596815902647,0.9375,True,False,True
19,inclusive_exclusive_distinction,final,11524,lexical_domain,test,scientific_research,17,-0.3710896605253494,0.3710896605253494,1.0,True,False,True
20,pronoun_richness_and_reduction,mean,7551,marker_family,train,english_overt_pronoun,60,-0.7809713537437667,0.7809713537437667,0.6666666666666666,True,True,True
20,pronoun_richness_and_reduction,mean,7551,marker_family,train,japanese_zero_subject,220,-0.9445894551627744,0.9445894551627744,0.9818181818181818,True,True,True
20,pronoun_richness_and_reduction,mean,7551,marker_family,train,repeated_pronoun_reduction,120,-0.7931898835634348,0.7931898835634348,0.8,True,True,True
20,pronoun_richness_and_reduction,mean,7551,marker_family,val,discourse_recoverable_reference,50,-0.8004065289812159,0.8004065289812159,0.9,True,False,True
20,pronoun_richness_and_reduction,mean,7551,marker_family,test,cross_sentence_pronoun_omission,41,-0.8197804604317246,0.8197804604317246,0.9024390243902439,True,False,True
20,pronoun_richness_and_reduction,mean,7551,marker_family,test,zero_object_reference,9,-0.9268140359642463,0.9268140359642463,0.8888888888888888,True,False,True
20,pronoun_richness_and_reduction,mean,7551,lexical_domain,train,community_services,66,-0.8326308236804891,0.8326308236804891,0.8939393939393939,True,True,True
20,pronoun_richness_and_reduction,mean,7551,lexical_domain,train,education,67,-0.8416409648751587,0.8416409648751587,0.9104477611940298,True,True,True
20,pronoun_richness_and_reduction,mean,7551,lexical_domain,train,engineering,67,-0.857800516245859,0.857800516245859,0.8955223880597015,True,True,True
20,pronoun_richness_and_reduction,mean,7551,lexical_domain,train,healthcare,67,-0.8429060941564148,0.8429060941564148,0.8955223880597015,True,True,True
20,pronoun_richness_and_reduction,mean,7551,lexical_domain,train,logistics,67,-0.8164424145600263,0.8164424145600263,0.8507462686567164,True,True,True
20,pronoun_richness_and_reduction,mean,7551,lexical_domain,train,workplace_operations,66,-0.7440141437886745,0.7440141437886745,0.8333333333333334,True,True,True
20,pronoun_richness_and_reduction,mean,7551,lexical_domain,val,agriculture,25,-0.821429566353621,0.821429566353621,0.88,True,False,True
20,pronoun_richness_and_reduction,mean,7551,lexical_domain,val,finance,25,-0.7920092444225403,0.7920092444225403,0.92,True,False,True
20,pronoun_richness_and_reduction,mean,7551,lexical_domain,test,legal,16,-0.8330073776408699,0.8330073776408699,0.9375,True,False,True
20,pronoun_richness_and_reduction,mean,7551,lexical_domain,test,public_administration,17,-0.6995602335708493,0.6995602335708493,0.8235294117647058,True,False,True
20,pronoun_richness_and_reduction,mean,7551,lexical_domain,test,scientific_research,17,-0.8974507856097342,0.8974507856097342,0.9411764705882353,True,False,True
20,pronoun_richness_and_reduction,final,11483,marker_family,train,english_overt_pronoun,60,0.621448625996092,0.621448625996092,1.0,True,True,True
20,pronoun_richness_and_reduction,final,11483,marker_family,train,japanese_zero_subject,220,0.7645012808476948,0.7645012808476948,1.0,True,True,True
20,pronoun_richness_and_reduction,final,11483,marker_family,train,repeated_pronoun_reduction,120,0.7786137458031207,0.7786137458031207,1.0,True,True,True
20,pronoun_richness_and_reduction,final,11483,marker_family,val,discourse_recoverable_reference,50,0.5910752455694961,0.5910752455694961,1.0,True,False,True
20,pronoun_richness_and_reduction,final,11483,marker_family,test,cross_sentence_pronoun_omission,41,0.7132961497071554,0.7132961497071554,1.0,True,False,True
20,pronoun_richness_and_reduction,final,11483,marker_family,test,zero_object_reference,9,-0.35036612770472675,0.35036612770472675,1.0,False,False,True
20,pronoun_richness_and_reduction,final,11483,lexical_domain,train,community_services,66,0.7666972744615447,0.7666972744615447,1.0,True,True,True
20,pronoun_richness_and_reduction,final,11483,lexical_domain,train,education,67,0.7086385077946791,0.7086385077946791,1.0,True,True,True
20,pronoun_richness_and_reduction,final,11483,lexical_domain,train,engineering,67,0.7761139702870793,0.7761139702870793,1.0,True,True,True
20,pronoun_richness_and_reduction,final,11483,lexical_domain,train,healthcare,67,0.7621360463739401,0.7621360463739401,1.0,True,True,True
20,pronoun_richness_and_reduction,final,11483,lexical_domain,train,logistics,67,0.7598740486499108,0.7598740486499108,1.0,True,True,True
20,pronoun_richness_and_reduction,final,11483,lexical_domain,train,workplace_operations,66,0.6527546962438794,0.6527546962438794,1.0,True,True,True
20,pronoun_richness_and_reduction,final,11483,lexical_domain,val,agriculture,25,0.6498506054294868,0.6498506054294868,1.0,True,False,True
20,pronoun_richness_and_reduction,final,11483,lexical_domain,val,finance,25,0.5872519496631242,0.5872519496631242,1.0,True,False,True
20,pronoun_richness_and_reduction,final,11483,lexical_domain,test,legal,16,0.5231827296674458,0.5231827296674458,1.0,True,False,True
20,pronoun_richness_and_reduction,final,11483,lexical_domain,test,public_administration,17,0.5817013051130493,0.5817013051130493,1.0,True,False,True
20,pronoun_richness_and_reduction,final,11483,lexical_domain,test,scientific_research,17,0.7077589133322737,0.7077589133322737,1.0,True,False,True
21,possession_and_alienability,mean,9576,marker_family,train,body_part_possession,109,0.8087984220147302,0.8087984220147302,0.7706422018348624,True,True,True
21,possession_and_alienability,mean,9576,marker_family,train,kinship_possession,92,0.550288910306178,0.550288910306178,0.40217391304347827,True,True,True
21,possession_and_alienability,mean,9576,marker_family,train,ownership_possession,199,0.12028039848371438,0.12028039848371438,0.17587939698492464,True,True,True
21,possession_and_alienability,mean,9576,marker_family,val,temporary_possession,50,0.5159186579901857,0.5159186579901857,0.46,True,False,True
21,possession_and_alienability,mean,9576,marker_family,test,associated_relation_low_control,24,0.5067629000216827,0.5067629000216827,0.4166666666666667,True,False,True
21,possession_and_alienability,mean,9576,marker_family,test,legal_ownership_relation,26,0.5188349897784671,0.5188349897784671,0.38461538461538464,True,False,True
21,possession_and_alienability,mean,9576,lexical_domain,train,community_services,66,0.19938831966149306,0.19938831966149306,0.12121212121212122,True,True,True
21,possession_and_alienability,mean,9576,lexical_domain,train,education,67,0.791102510778115,0.791102510778115,0.7313432835820896,True,True,True
21,possession_and_alienability,mean,9576,lexical_domain,train,engineering,67,0.5656474506262817,0.5656474506262817,0.34328358208955223,True,True,True
21,possession_and_alienability,mean,9576,lexical_domain,train,healthcare,67,0.7375781725518864,0.7375781725518864,0.7313432835820896,True,True,True
21,possession_and_alienability,mean,9576,lexical_domain,train,logistics,67,0.18871638344582922,0.18871638344582922,0.29850746268656714,True,True,True
21,possession_and_alienability,mean,9576,lexical_domain,train,workplace_operations,66,-0.05919667889277054,0.05919667889277054,0.10606060606060606,False,True,True
21,possession_and_alienability,mean,9576,lexical_domain,val,agriculture,25,0.243135774755535,0.243135774755535,0.28,True,False,True
21,possession_and_alienability,mean,9576,lexical_domain,val,finance,25,0.6979484208483848,0.6979484208483848,0.64,True,False,True
21,possession_and_alienability,mean,9576,lexical_domain,test,legal,17,0.5263251438184257,0.5263251438184257,0.4117647058823529,True,False,True
21,possession_and_alienability,mean,9576,lexical_domain,test,public_administration,16,0.6367989176654738,0.6367989176654738,0.5625,True,False,True
21,possession_and_alienability,mean,9576,lexical_domain,test,scientific_research,17,0.3500945796730997,0.3500945796730997,0.23529411764705882,True,False,True
21,possession_and_alienability,final,7313,marker_family,train,body_part_possession,109,0.3684498949417013,0.3684498949417013,0.27522935779816515,True,True,True
21,possession_and_alienability,final,7313,marker_family,train,kinship_possession,92,0.2648588970873319,0.2648588970873319,0.18478260869565216,True,True,True
21,possession_and_alienability,final,7313,marker_family,train,ownership_possession,199,0.15020382025163465,0.15020382025163465,0.135678391959799,True,True,True
21,possession_and_alienability,final,7313,marker_family,val,temporary_possession,50,0.13491771450300158,0.13491771450300158,0.12,True,False,True
21,possession_and_alienability,final,7313,marker_family,test,associated_relation_low_control,24,0.0012063822291374295,0.0012063822291374295,0.125,True,False,True
21,possession_and_alienability,final,7313,marker_family,test,legal_ownership_relation,26,0.16632368934869304,0.16632368934869304,0.07692307692307693,True,False,True
21,possession_and_alienability,final,7313,lexical_domain,train,community_services,66,0.09702748501525288,0.09702748501525288,0.25757575757575757,True,True,True
21,possession_and_alienability,final,7313,lexical_domain,train,education,67,0.37761272931151657,0.37761272931151657,0.3283582089552239,True,True,True
21,possession_and_alienability,final,7313,lexical_domain,train,engineering,67,0.26823189896244254,0.26823189896244254,0.208955223880597,True,True,True
21,possession_and_alienability,final,7313,lexical_domain,train,healthcare,67,0.3502704661554572,0.3502704661554572,0.16417910447761194,True,True,True
21,possession_and_alienability,final,7313,lexical_domain,train,logistics,67,0.32223717607634916,0.32223717607634916,0.11940298507462686,True,True,True
21,possession_and_alienability,final,7313,lexical_domain,train,workplace_operations,66,-0.12488439494903623,0.12488439494903623,0.030303030303030304,False,True,True
21,possession_and_alienability,final,7313,lexical_domain,val,agriculture,25,0.022272355591941753,0.022272355591941753,0.2,True,False,True
21,possession_and_alienability,final,7313,lexical_domain,val,finance,25,0.1999999893839597,0.1999999893839597,0.04,True,False,True
21,possession_and_alienability,final,7313,lexical_domain,test,legal,17,0.20569148495978623,0.20569148495978623,0.11764705882352941,True,False,True
21,possession_and_alienability,final,7313,lexical_domain,test,public_administration,16,0.0014775103749433511,0.0014775103749433511,0.1875,True,False,True
21,possession_and_alienability,final,7313,lexical_domain,test,scientific_research,17,0.0,0.0,0.0,False,False,True
22,tense_prominence,mean,1385,marker_family,train,english_morphological_tense,120,-0.5523749031431213,0.5523749031431213,0.35833333333333334,True,True,True
22,tense_prominence,mean,1385,marker_family,train,explicit_time_anchor,200,-0.08181769061937556,0.08181769061937556,0.2,True,True,True
22,tense_prominence,mean,1385,marker_family,train,mandarin_temporal_adverb,80,-0.5956593850288496,0.5956593850288496,0.5,True,True,True
22,tense_prominence,mean,1385,marker_family,val,contextual_time_anchor,50,-0.13822417679072582,0.13822417679072582,0.12,True,False,True
22,tense_prominence,mean,1385,marker_family,test,discourse_time_inference,30,0.0,0.0,0.0,False,False,True
22,tense_prominence,mean,1385,marker_family,test,unmarked_event_time_reference,20,0.0,0.0,0.0,False,False,True
22,tense_prominence,mean,1385,lexical_domain,train,community_services,66,-0.2130158515858212,0.2130158515858212,0.045454545454545456,True,True,True
22,tense_prominence,mean,1385,lexical_domain,train,education,66,-0.44987592239150115,0.44987592239150115,0.24242424242424243,True,True,True
22,tense_prominence,mean,1385,lexical_domain,train,engineering,69,0.3674225233958064,0.3674225233958064,0.2028985507246377,False,True,True
22,tense_prominence,mean,1385,lexical_domain,train,healthcare,67,-0.6921785029394671,0.6921785029394671,0.5522388059701493,True,True,True
22,tense_prominence,mean,1385,lexical_domain,train,logistics,65,-0.4934709577203118,0.4934709577203118,0.4307692307692308,True,True,True
22,tense_prominence,mean,1385,lexical_domain,train,workplace_operations,67,-0.5603715309914854,0.5603715309914854,0.373134328358209,True,True,True
22,tense_prominence,mean,1385,lexical_domain,val,agriculture,26,-0.1387289180576143,0.1387289180576143,0.07692307692307693,True,False,True
22,tense_prominence,mean,1385,lexical_domain,val,finance,24,-0.16974949786152937,0.16974949786152937,0.16666666666666666,True,False,True
22,tense_prominence,mean,1385,lexical_domain,test,legal,16,0.0,0.0,0.0,False,False,True
22,tense_prominence,mean,1385,lexical_domain,test,public_administration,17,0.0,0.0,0.0,False,False,True
22,tense_prominence,mean,1385,lexical_domain,test,scientific_research,17,0.0,0.0,0.0,False,False,True
22,tense_prominence,final,3874,marker_family,train,english_morphological_tense,120,0.5114668768903486,0.5114668768903486,0.575,True,True,True
22,tense_prominence,final,3874,marker_family,train,explicit_time_anchor,200,-0.03603684927745117,0.03603684927745117,0.23,False,True,True
22,tense_prominence,final,3874,marker_family,train,mandarin_temporal_adverb,80,0.6184410770524231,0.6184410770524231,0.425,True,True,True
22,tense_prominence,final,3874,marker_family,val,contextual_time_anchor,50,0.1969492156043503,0.1969492156043503,0.24,True,False,True
22,tense_prominence,final,3874,marker_family,test,discourse_time_inference,30,0.40964408664696134,0.40964408664696134,0.2,True,False,True
22,tense_prominence,final,3874,marker_family,test,unmarked_event_time_reference,20,-0.41394228263070626,0.41394228263070626,0.25,False,False,True
22,tense_prominence,final,3874,lexical_domain,train,community_services,66,0.5843564744883115,0.5843564744883115,0.5,True,True,True
22,tense_prominence,final,3874,lexical_domain,train,education,66,0.46955904785285024,0.46955904785285024,0.25757575757575757,True,True,True
22,tense_prominence,final,3874,lexical_domain,train,engineering,69,0.5165286617096936,0.5165286617096936,0.43478260869565216,True,True,True
22,tense_prominence,final,3874,lexical_domain,train,healthcare,67,-0.15543256064322974,0.15543256064322974,0.34328358208955223,False,True,True
22,tense_prominence,final,3874,lexical_domain,train,logistics,65,-0.30098566589250847,0.30098566589250847,0.35384615384615387,False,True,True
22,tense_prominence,final,3874,lexical_domain,train,workplace_operations,67,0.4377085326516996,0.4377085326516996,0.34328358208955223,True,True,True
22,tense_prominence,final,3874,lexical_domain,val,agriculture,26,0.0744652295188207,0.0744652295188207,0.2692307692307692,True,False,True
22,tense_prominence,final,3874,lexical_domain,val,finance,24,0.3576638921289404,0.3576638921289404,0.20833333333333334,True,False,True
22,tense_prominence,final,3874,lexical_domain,test,legal,16,-0.4082493022064538,0.4082493022064538,0.1875,False,False,True
22,tense_prominence,final,3874,lexical_domain,test,public_administration,17,0.21016561776534431,0.21016561776534431,0.23529411764705882,True,False,True
22,tense_prominence,final,3874,lexical_domain,test,scientific_research,17,0.4428987682077539,0.4428987682077539,0.23529411764705882,True,False,True
23,aspect_and_event_structure,mean,6216,marker_family,train,english_progressive,200,-0.9861820252475927,0.9861820252475927,1.0,True,True,True
23,aspect_and_event_structure,mean,6216,marker_family,train,russian_imperfective,100,-0.3380639333796685,0.3380639333796685,0.43,True,True,True
23,aspect_and_event_structure,mean,6216,marker_family,train,russian_perfective,100,0.19685581117265427,0.19685581117265427,0.08,False,True,True
23,aspect_and_event_structure,mean,6216,marker_family,val,habitual_aspect,26,-0.3852550733658165,0.3852550733658165,0.34615384615384615,True,False,True
23,aspect_and_event_structure,mean,6216,marker_family,val,iterative_aspect,24,0.28729222835847446,0.28729222835847446,0.08333333333333333,False,False,True
23,aspect_and_event_structure,mean,6216,marker_family,test,completive_ongoing_contrast,26,0.6373536928388793,0.6373536928388793,0.7307692307692307,False,False,True
23,aspect_and_event_structure,mean,6216,marker_family,test,punctual_event_structure,24,-0.37652240597250874,0.37652240597250874,0.3333333333333333,True,False,True
23,aspect_and_event_structure,mean,6216,lexical_domain,train,community_services,66,0.35798402115458355,0.35798402115458355,0.36363636363636365,False,True,True
23,aspect_and_event_structure,mean,6216,lexical_domain,train,education,67,-0.9857530777068787,0.9857530777068787,1.0,True,True,True
23,aspect_and_event_structure,mean,6216,lexical_domain,train,engineering,67,-0.45410771341850387,0.45410771341850387,0.373134328358209,True,True,True
23,aspect_and_event_structure,mean,6216,lexical_domain,train,healthcare,67,-0.9851666446453586,0.9851666446453586,1.0,True,True,True
23,aspect_and_event_structure,mean,6216,lexical_domain,train,logistics,67,0.1677679930721869,0.1677679930721869,0.029850746268656716,False,True,True
23,aspect_and_event_structure,mean,6216,lexical_domain,train,workplace_operations,66,-0.990327976217286,0.990327976217286,1.0,True,True,True
23,aspect_and_event_structure,mean,6216,lexical_domain,val,agriculture,25,0.30228948406359424,0.30228948406359424,0.2,False,False,True
23,aspect_and_event_structure,mean,6216,lexical_domain,val,finance,25,-0.3947692147692224,0.3947692147692224,0.24,True,False,True
23,aspect_and_event_structure,mean,6216,lexical_domain,test,legal,17,0.33208752983147455,0.33208752983147455,0.5294117647058824,False,False,True
23,aspect_and_event_structure,mean,6216,lexical_domain,test,public_administration,16,0.28798488929308474,0.28798488929308474,0.4375,False,False,True
23,aspect_and_event_structure,mean,6216,lexical_domain,test,scientific_research,17,0.24696149347621088,0.24696149347621088,0.6470588235294118,False,False,True
23,aspect_and_event_structure,final,13190,marker_family,train,english_progressive,200,-0.8320302655510359,0.8320302655510359,0.865,True,True,True
23,aspect_and_event_structure,final,13190,marker_family,train,russian_imperfective,100,-0.6000911826484597,0.6000911826484597,0.48,True,True,True
23,aspect_and_event_structure,final,13190,marker_family,train,russian_perfective,100,0.570357761242548,0.570357761242548,0.46,False,True,True
23,aspect_and_event_structure,final,13190,marker_family,val,habitual_aspect,26,-0.5070361947664075,0.5070361947664075,0.9615384615384616,True,False,True
23,aspect_and_event_structure,final,13190,marker_family,val,iterative_aspect,24,0.2449469466237407,0.2449469466237407,0.6666666666666666,False,False,True
23,aspect_and_event_structure,final,13190,marker_family,test,completive_ongoing_contrast,26,0.4623397700923321,0.4623397700923321,0.38461538461538464,False,False,True
23,aspect_and_event_structure,final,13190,marker_family,test,punctual_event_structure,24,-0.08572596039545752,0.08572596039545752,0.125,True,False,True
23,aspect_and_event_structure,final,13190,lexical_domain,train,community_services,66,0.04435347521934009,0.04435347521934009,0.5909090909090909,False,True,True
23,aspect_and_event_structure,final,13190,lexical_domain,train,education,67,-0.8251983767131362,0.8251983767131362,0.8208955223880597,True,True,True
23,aspect_and_event_structure,final,13190,lexical_domain,train,engineering,67,-0.06135248826495969,0.06135248826495969,0.4626865671641791,True,True,True
23,aspect_and_event_structure,final,13190,lexical_domain,train,healthcare,67,-0.8315056022867091,0.8315056022867091,0.8955223880597015,True,True,True
23,aspect_and_event_structure,final,13190,lexical_domain,train,logistics,67,-0.03155572651725679,0.03155572651725679,0.3582089552238806,True,True,True
23,aspect_and_event_structure,final,13190,lexical_domain,train,workplace_operations,66,-0.8493784681213136,0.8493784681213136,0.8787878787878788,True,True,True
23,aspect_and_event_structure,final,13190,lexical_domain,val,agriculture,25,-0.03903654852544277,0.03903654852544277,0.84,True,False,True
23,aspect_and_event_structure,final,13190,lexical_domain,val,finance,25,-0.428868750239013,0.428868750239013,0.8,True,False,True
23,aspect_and_event_structure,final,13190,lexical_domain,test,legal,17,0.40828619627304497,0.40828619627304497,0.17647058823529413,False,False,True
23,aspect_and_event_structure,final,13190,lexical_domain,test,public_administration,16,0.14241392572930064,0.14241392572930064,0.25,False,False,True
23,aspect_and_event_structure,final,13190,lexical_domain,test,scientific_research,17,0.3358634860521843,0.3358634860521843,0.35294117647058826,False,False,True
24,modality_and_mood,mean,3941,marker_family,train,imperative_mood,57,0.3960882036603022,0.3960882036603022,0.15789473684210525,True,True,True
24,modality_and_mood,mean,3941,marker_family,train,modal_auxiliary,171,0.6008089334892295,0.6008089334892295,0.8304093567251462,True,True,True
24,modality_and_mood,mean,3941,marker_family,train,modal_periphrastic,172,0.409028542184408,0.409028542184408,0.1686046511627907,True,True,True
24,modality_and_mood,mean,3941,marker_family,val,modal_adverbial,50,0.20772254264829162,0.20772254264829162,0.12,True,False,True
24,modality_and_mood,mean,3941,marker_family,test,impersonal_modality,25,0.0,0.0,0.0,False,False,True
24,modality_and_mood,mean,3941,marker_family,test,nominalized_modality,25,0.19999998701747976,0.19999998701747976,0.04,True,False,True
24,modality_and_mood,mean,3941,lexical_domain,train,community_services,66,0.3501698659477706,0.3501698659477706,0.42424242424242425,True,True,True
24,modality_and_mood,mean,3941,lexical_domain,train,education,67,0.5453440069086947,0.5453440069086947,0.29850746268656714,True,True,True
24,modality_and_mood,mean,3941,lexical_domain,train,engineering,67,0.34706541632436794,0.34706541632436794,0.5522388059701493,True,True,True
24,modality_and_mood,mean,3941,lexical_domain,train,healthcare,67,0.5703997418738271,0.5703997418738271,0.417910447761194,True,True,True
24,modality_and_mood,mean,3941,lexical_domain,train,logistics,67,0.43078980176651366,0.43078980176651366,0.44776119402985076,True,True,True
24,modality_and_mood,mean,3941,lexical_domain,train,workplace_operations,66,0.6377388338936143,0.6377388338936143,0.5606060606060606,True,True,True
24,modality_and_mood,mean,3941,lexical_domain,val,agriculture,25,0.029202652977618725,0.029202652977618725,0.12,True,False,True
24,modality_and_mood,mean,3941,lexical_domain,val,finance,25,0.34061379346091203,0.34061379346091203,0.12,True,False,True
24,modality_and_mood,mean,3941,lexical_domain,test,legal,17,0.0,0.0,0.0,False,False,True
24,modality_and_mood,mean,3941,lexical_domain,test,public_administration,16,0.0,0.0,0.0,False,False,True
24,modality_and_mood,mean,3941,lexical_domain,test,scientific_research,17,0.24253562076666949,0.24253562076666949,0.058823529411764705,True,False,True
24,modality_and_mood,final,6645,marker_family,train,imperative_mood,57,0.7663407815987661,0.7663407815987661,0.631578947368421,True,True,True
24,modality_and_mood,final,6645,marker_family,train,modal_auxiliary,171,0.5384930137743323,0.5384930137743323,0.5380116959064327,True,True,True
24,modality_and_mood,final,6645,marker_family,train,modal_periphrastic,172,0.5554699303293839,0.5554699303293839,0.4069767441860465,True,True,True
24,modality_and_mood,final,6645,marker_family,val,modal_adverbial,50,0.44094877596267995,0.44094877596267995,0.2,True,False,True
24,modality_and_mood,final,6645,marker_family,test,impersonal_modality,25,0.44038895914201076,0.44038895914201076,0.36,True,False,True
24,modality_and_mood,final,6645,marker_family,test,nominalized_modality,25,0.19999999676446376,0.19999999676446376,0.04,True,False,True
24,modality_and_mood,final,6645,lexical_domain,train,community_services,66,0.50681980778835,0.50681980778835,0.6212121212121212,True,True,True
24,modality_and_mood,final,6645,lexical_domain,train,education,67,0.6450340351064309,0.6450340351064309,0.5074626865671642,True,True,True
24,modality_and_mood,final,6645,lexical_domain,train,engineering,67,0.5418190710128804,0.5418190710128804,0.47761194029850745,True,True,True
24,modality_and_mood,final,6645,lexical_domain,train,healthcare,67,0.5898575409034615,0.5898575409034615,0.373134328358209,True,True,True
24,modality_and_mood,final,6645,lexical_domain,train,logistics,67,0.5117898828238522,0.5117898828238522,0.31343283582089554,True,True,True
24,modality_and_mood,final,6645,lexical_domain,train,workplace_operations,66,0.721348764979226,0.721348764979226,0.6818181818181818,True,True,True
24,modality_and_mood,final,6645,lexical_domain,val,agriculture,25,0.2826614276801525,0.2826614276801525,0.08,True,False,True
24,modality_and_mood,final,6645,lexical_domain,val,finance,25,0.5603758707450657,0.5603758707450657,0.32,True,False,True
24,modality_and_mood,final,6645,lexical_domain,test,legal,17,0.39714755878948843,0.39714755878948843,0.23529411764705882,True,False,True
24,modality_and_mood,final,6645,lexical_domain,test,public_administration,16,0.3196428679670915,0.3196428679670915,0.1875,True,False,True
24,modality_and_mood,final,6645,lexical_domain,test,scientific_research,17,0.30187731939951923,0.30187731939951923,0.17647058823529413,True,False,True
25,epistemic_modality,mean,15221,marker_family,train,certainty_adverb,100,0.859949515400368,0.859949515400368,1.0,True,True,True
25,epistemic_modality,mean,15221,marker_family,train,possibility_adverb,200,0.7058520370312674,0.7058520370312674,1.0,True,True,True
25,epistemic_modality,mean,15221,marker_family,train,probability_adverb,100,0.8012613307095198,0.8012613307095198,1.0,True,True,True
25,epistemic_modality,mean,15221,marker_family,val,hedged_claim_phrase,50,0.5663724514050533,0.5663724514050533,0.66,True,False,True
25,epistemic_modality,mean,15221,marker_family,test,evidential_like_apparent_marker,25,0.7471609175110807,0.7471609175110807,0.68,True,False,True
25,epistemic_modality,mean,15221,marker_family,test,low_confidence_periphrasis,25,0.48373891170717237,0.48373891170717237,0.4,True,False,True
25,epistemic_modality,mean,15221,lexical_domain,train,community_services,66,0.7130749952765181,0.7130749952765181,1.0,True,True,True
25,epistemic_modality,mean,15221,lexical_domain,train,education,67,0.816866683606163,0.816866683606163,1.0,True,True,True
25,epistemic_modality,mean,15221,lexical_domain,train,engineering,67,0.8895993863191548,0.8895993863191548,1.0,True,True,True
25,epistemic_modality,mean,15221,lexical_domain,train,healthcare,67,0.8245984199973339,0.8245984199973339,1.0,True,True,True
25,epistemic_modality,mean,15221,lexical_domain,train,logistics,67,0.4929131773654304,0.4929131773654304,1.0,True,True,True
25,epistemic_modality,mean,15221,lexical_domain,train,workplace_operations,66,0.8941761365446839,0.8941761365446839,1.0,True,True,True
25,epistemic_modality,mean,15221,lexical_domain,val,agriculture,25,0.24938420141307074,0.24938420141307074,0.64,True,False,True
25,epistemic_modality,mean,15221,lexical_domain,val,finance,25,0.7648137178091767,0.7648137178091767,0.68,True,False,True
25,epistemic_modality,mean,15221,lexical_domain,test,legal,17,0.7030444489743163,0.7030444489743163,0.5882352941176471,True,False,True
25,epistemic_modality,mean,15221,lexical_domain,test,public_administration,16,0.0,0.0,0.0,False,False,True
25,epistemic_modality,mean,15221,lexical_domain,test,scientific_research,17,0.9371176452629721,0.9371176452629721,1.0,True,False,True
25,epistemic_modality,final,3874,marker_family,train,certainty_adverb,100,0.6409294715700626,0.6409294715700626,0.62,True,True,True
25,epistemic_modality,final,3874,marker_family,train,possibility_adverb,200,0.4656983662784182,0.4656983662784182,0.655,True,True,True
25,epistemic_modality,final,3874,marker_family,train,probability_adverb,100,0.606240048721685,0.606240048721685,0.51,True,True,True
25,epistemic_modality,final,3874,marker_family,val,hedged_claim_phrase,50,0.569476252423648,0.569476252423648,0.82,True,False,True
25,epistemic_modality,final,3874,marker_family,test,evidential_like_apparent_marker,25,0.08725456892977956,0.08725456892977956,0.56,True,False,True
25,epistemic_modality,final,3874,marker_family,test,low_confidence_periphrasis,25,0.731801610928522,0.731801610928522,0.72,True,False,True
25,epistemic_modality,final,3874,lexical_domain,train,community_services,66,0.3527344667988787,0.3527344667988787,0.803030303030303,True,True,True
25,epistemic_modality,final,3874,lexical_domain,train,education,67,0.6299880614061597,0.6299880614061597,0.5970149253731343,True,True,True
25,epistemic_modality,final,3874,lexical_domain,train,engineering,67,0.6519897923994759,0.6519897923994759,0.6119402985074627,True,True,True
25,epistemic_modality,final,3874,lexical_domain,train,healthcare,67,0.6669847549806599,0.6669847549806599,0.6716417910447762,True,True,True
25,epistemic_modality,final,3874,lexical_domain,train,logistics,67,0.3724582539662496,0.3724582539662496,0.5522388059701493,True,True,True
25,epistemic_modality,final,3874,lexical_domain,train,workplace_operations,66,0.5837294707009898,0.5837294707009898,0.42424242424242425,True,True,True
25,epistemic_modality,final,3874,lexical_domain,val,agriculture,25,0.7160468414905059,0.7160468414905059,0.76,True,False,True
25,epistemic_modality,final,3874,lexical_domain,val,finance,25,0.5134323558212432,0.5134323558212432,0.88,True,False,True
25,epistemic_modality,final,3874,lexical_domain,test,legal,17,0.9051738960945661,0.9051738960945661,0.8823529411764706,True,False,True
25,epistemic_modality,final,3874,lexical_domain,test,public_administration,16,-0.6916003609848328,0.6916003609848328,0.5,False,False,True
25,epistemic_modality,final,3874,lexical_domain,test,scientific_research,17,0.7190798839680348,0.7190798839680348,0.5294117647058824,True,False,True
26,evidentiality,mean,11375,marker_family,train,english_reported_source_phrase,80,0.00210861381314829,0.00210861381314829,0.2625,True,True,True
26,evidentiality,mean,11375,marker_family,train,turkish_direct_past,160,0.9831977320483127,0.9831977320483127,1.0,True,True,True
26,evidentiality,mean,11375,marker_family,train,turkish_reported_evidential,160,0.9956701344169958,0.9956701344169958,1.0,True,True,True
26,evidentiality,mean,11375,marker_family,val,turkish_inferred_evidential,50,0.027904741382949058,0.027904741382949058,0.84,True,False,True
26,evidentiality,mean,11375,marker_family,test,hearsay_source_construction,25,-0.7443336921433239,0.7443336921433239,0.84,False,False,True
26,evidentiality,mean,11375,marker_family,test,inference_source_construction,25,-0.7465547849252708,0.7465547849252708,0.8,False,False,True
26,evidentiality,mean,11375,lexical_domain,train,community_services,66,0.8662710600654767,0.8662710600654767,0.8484848484848485,True,True,True
26,evidentiality,mean,11375,lexical_domain,train,education,67,0.9012123561045355,0.9012123561045355,0.8507462686567164,True,True,True
26,evidentiality,mean,11375,lexical_domain,train,engineering,67,0.8586335809899188,0.8586335809899188,0.8656716417910447,True,True,True
26,evidentiality,mean,11375,lexical_domain,train,healthcare,67,0.8925482793738386,0.8925482793738386,0.835820895522388,True,True,True
26,evidentiality,mean,11375,lexical_domain,train,logistics,67,0.8749189782310652,0.8749189782310652,0.8507462686567164,True,True,True
26,evidentiality,mean,11375,lexical_domain,train,workplace_operations,66,0.9067670817470077,0.9067670817470077,0.8636363636363636,True,True,True
26,evidentiality,mean,11375,lexical_domain,val,agriculture,25,-0.4171700345892583,0.4171700345892583,1.0,False,False,True
26,evidentiality,mean,11375,lexical_domain,val,finance,25,0.6209013173147298,0.6209013173147298,0.68,True,False,True
26,evidentiality,mean,11375,lexical_domain,test,legal,17,-0.6765448337319331,0.6765448337319331,0.8823529411764706,False,False,True
26,evidentiality,mean,11375,lexical_domain,test,public_administration,16,-0.7744092483788376,0.7744092483788376,0.8125,False,False,True
26,evidentiality,mean,11375,lexical_domain,test,scientific_research,17,-0.782147834767491,0.782147834767491,0.7647058823529411,False,False,True
26,evidentiality,final,7700,marker_family,train,english_reported_source_phrase,80,-0.11180340222229018,0.11180340222229018,0.0125,True,True,True
26,evidentiality,final,7700,marker_family,train,turkish_direct_past,160,-0.9538271416774348,0.9538271416774348,1.0,True,True,True
26,evidentiality,final,7700,marker_family,train,turkish_reported_evidential,160,-0.9629229052675561,0.9629229052675561,1.0,True,True,True
26,evidentiality,final,7700,marker_family,val,turkish_inferred_evidential,50,-0.3879500314686672,0.3879500314686672,1.0,True,False,True
26,evidentiality,final,7700,marker_family,test,hearsay_source_construction,25,0.23957815026990253,0.23957815026990253,0.76,False,False,True
26,evidentiality,final,7700,marker_family,test,inference_source_construction,25,0.4948790194611807,0.4948790194611807,0.8,False,False,True
26,evidentiality,final,7700,lexical_domain,train,community_services,66,-0.8596627017699972,0.8596627017699972,0.803030303030303,True,True,True
26,evidentiality,final,7700,lexical_domain,train,education,67,-0.8761477419049956,0.8761477419049956,0.8059701492537313,True,True,True
26,evidentiality,final,7700,lexical_domain,train,engineering,67,-0.8797886024097303,0.8797886024097303,0.7910447761194029,True,True,True
26,evidentiality,final,7700,lexical_domain,train,healthcare,67,-0.8828512518480603,0.8828512518480603,0.7910447761194029,True,True,True
26,evidentiality,final,7700,lexical_domain,train,logistics,67,-0.8675743826841711,0.8675743826841711,0.8208955223880597,True,True,True
26,evidentiality,final,7700,lexical_domain,train,workplace_operations,66,-0.8849023490852334,0.8849023490852334,0.803030303030303,True,True,True
26,evidentiality,final,7700,lexical_domain,val,agriculture,25,-0.4592078352379524,0.4592078352379524,1.0,True,False,True
26,evidentiality,final,7700,lexical_domain,val,finance,25,-0.4680801550666349,0.4680801550666349,1.0,True,False,True
26,evidentiality,final,7700,lexical_domain,test,legal,17,0.3586656584163924,0.3586656584163924,0.8235294117647058,False,False,True
26,evidentiality,final,7700,lexical_domain,test,public_administration,16,0.48674898158035657,0.48674898158035657,0.75,False,False,True
26,evidentiality,final,7700,lexical_domain,test,scientific_research,17,0.3342243484516538,0.3342243484516538,0.7647058823529411,False,False,True
27,mirativity_stance_and_affect_marking,mean,1887,marker_family,train,sentence_final_affect,133,0.9794135768827505,0.9794135768827505,1.0,True,True,True
27,mirativity_stance_and_affect_marking,mean,1887,marker_family,train,surprise_adverbial,134,0.9757145381660575,0.9757145381660575,1.0,True,True,True
27,mirativity_stance_and_affect_marking,mean,1887,marker_family,train,unexpectedness_marker,133,0.9794172779106727,0.9794172779106727,1.0,True,True,True
27,mirativity_stance_and_affect_marking,mean,1887,marker_family,val,evaluative_stance_phrase,50,0.8548626806132583,0.8548626806132583,1.0,True,False,True
27,mirativity_stance_and_affect_marking,mean,1887,marker_family,test,mirative_reaction_construction,26,0.9366512999796547,0.9366512999796547,1.0,True,False,True
27,mirativity_stance_and_affect_marking,mean,1887,marker_family,test,speaker_attitude_particle,24,0.98790128922526,0.98790128922526,1.0,True,False,True
27,mirativity_stance_and_affect_marking,mean,1887,lexical_domain,train,community_services,66,0.9899523765266554,0.9899523765266554,1.0,True,True,True
27,mirativity_stance_and_affect_marking,mean,1887,lexical_domain,train,education,67,0.9964773946578728,0.9964773946578728,1.0,True,True,True
27,mirativity_stance_and_affect_marking,mean,1887,lexical_domain,train,engineering,67,0.9795150618289543,0.9795150618289543,1.0,True,True,True
27,mirativity_stance_and_affect_marking,mean,1887,lexical_domain,train,healthcare,67,0.9974608866161012,0.9974608866161012,1.0,True,True,True
27,mirativity_stance_and_affect_marking,mean,1887,lexical_domain,train,logistics,67,0.9974411094376904,0.9974411094376904,1.0,True,True,True
27,mirativity_stance_and_affect_marking,mean,1887,lexical_domain,train,workplace_operations,66,0.9812650988462507,0.9812650988462507,1.0,True,True,True
27,mirativity_stance_and_affect_marking,mean,1887,lexical_domain,val,agriculture,25,0.906848733717226,0.906848733717226,1.0,True,False,True
27,mirativity_stance_and_affect_marking,mean,1887,lexical_domain,val,finance,25,0.8143758267863958,0.8143758267863958,1.0,True,False,True
27,mirativity_stance_and_affect_marking,mean,1887,lexical_domain,test,legal,17,0.940782620603657,0.940782620603657,1.0,True,False,True
27,mirativity_stance_and_affect_marking,mean,1887,lexical_domain,test,public_administration,16,0.9853841449951752,0.9853841449951752,1.0,True,False,True
27,mirativity_stance_and_affect_marking,mean,1887,lexical_domain,test,scientific_research,17,0.9494225096742346,0.9494225096742346,1.0,True,False,True
27,mirativity_stance_and_affect_marking,final,6119,marker_family,train,sentence_final_affect,133,0.9328645923576304,0.9328645923576304,1.0,True,True,True
27,mirativity_stance_and_affect_marking,final,6119,marker_family,train,surprise_adverbial,134,0.943819240307383,0.943819240307383,1.0,True,True,True
27,mirativity_stance_and_affect_marking,final,6119,marker_family,train,unexpectedness_marker,133,0.982555474295997,0.982555474295997,1.0,True,True,True
27,mirativity_stance_and_affect_marking,final,6119,marker_family,val,evaluative_stance_phrase,50,0.918796478439302,0.918796478439302,0.98,True,False,True
27,mirativity_stance_and_affect_marking,final,6119,marker_family,test,mirative_reaction_construction,26,0.9755836351507756,0.9755836351507756,1.0,True,False,True
27,mirativity_stance_and_affect_marking,final,6119,marker_family,test,speaker_attitude_particle,24,0.8952140062465156,0.8952140062465156,0.9166666666666666,True,False,True
27,mirativity_stance_and_affect_marking,final,6119,lexical_domain,train,community_services,66,0.9899187269788357,0.9899187269788357,1.0,True,True,True
27,mirativity_stance_and_affect_marking,final,6119,lexical_domain,train,education,67,0.9963892002141405,0.9963892002141405,1.0,True,True,True
27,mirativity_stance_and_affect_marking,final,6119,lexical_domain,train,engineering,67,0.9802308844204384,0.9802308844204384,1.0,True,True,True
27,mirativity_stance_and_affect_marking,final,6119,lexical_domain,train,healthcare,67,0.9681565234136188,0.9681565234136188,1.0,True,True,True
27,mirativity_stance_and_affect_marking,final,6119,lexical_domain,train,logistics,67,0.9900500847190038,0.9900500847190038,1.0,True,True,True
27,mirativity_stance_and_affect_marking,final,6119,lexical_domain,train,workplace_operations,66,0.9650069205680212,0.9650069205680212,1.0,True,True,True
27,mirativity_stance_and_affect_marking,final,6119,lexical_domain,val,agriculture,25,0.9306760227004964,0.9306760227004964,1.0,True,False,True
27,mirativity_stance_and_affect_marking,final,6119,lexical_domain,val,finance,25,0.9235505639387822,0.9235505639387822,0.96,True,False,True
27,mirativity_stance_and_affect_marking,final,6119,lexical_domain,test,legal,17,0.9681827310844934,0.9681827310844934,1.0,True,False,True
27,mirativity_stance_and_affect_marking,final,6119,lexical_domain,test,public_administration,16,0.9078809446012824,0.9078809446012824,0.875,True,False,True
27,mirativity_stance_and_affect_marking,final,6119,lexical_domain,test,scientific_research,17,0.986777109960075,0.986777109960075,1.0,True,False,True
28,negation_and_polarity_structure,mean,4382,marker_family,train,denial_phrase,133,0.7047497632670288,0.7047497632670288,0.5413533834586466,True,True,True
28,negation_and_polarity_structure,mean,4382,marker_family,train,never_negation,67,0.26114961645673257,0.26114961645673257,0.07462686567164178,True,True,True
28,negation_and_polarity_structure,mean,4382,marker_family,train,simple_not_negation,200,0.631249204521233,0.631249204521233,0.485,True,True,True
28,negation_and_polarity_structure,mean,4382,marker_family,val,no_longer_negation,50,0.2816453686892626,0.2816453686892626,0.38,True,False,True
28,negation_and_polarity_structure,mean,4382,marker_family,test,failed_to_negative_predicate,16,-0.1782348515276576,0.1782348515276576,0.125,False,False,True
28,negation_and_polarity_structure,mean,4382,marker_family,test,neither_nor_construction,17,0.5714369829401512,0.5714369829401512,1.0,True,False,True
28,negation_and_polarity_structure,mean,4382,marker_family,test,without_negative_construction,17,0.6913612442359253,0.6913612442359253,0.5294117647058824,True,False,True
28,negation_and_polarity_structure,mean,4382,lexical_domain,train,community_services,66,0.6097497918618422,0.6097497918618422,0.4393939393939394,True,True,True
28,negation_and_polarity_structure,mean,4382,lexical_domain,train,education,67,0.5588781023435855,0.5588781023435855,0.34328358208955223,True,True,True
28,negation_and_polarity_structure,mean,4382,lexical_domain,train,engineering,67,0.6387717279907276,0.6387717279907276,0.6268656716417911,True,True,True
28,negation_and_polarity_structure,mean,4382,lexical_domain,train,healthcare,67,0.588975738239031,0.588975738239031,0.40298507462686567,True,True,True
28,negation_and_polarity_structure,mean,4382,lexical_domain,train,logistics,67,0.6535961393653302,0.6535961393653302,0.44776119402985076,True,True,True
28,negation_and_polarity_structure,mean,4382,lexical_domain,train,workplace_operations,66,0.5735684970707667,0.5735684970707667,0.3484848484848485,True,True,True
28,negation_and_polarity_structure,mean,4382,lexical_domain,val,agriculture,25,0.05992618665544094,0.05992618665544094,0.44,True,False,True
28,negation_and_polarity_structure,mean,4382,lexical_domain,val,finance,25,0.45710645402513,0.45710645402513,0.32,True,False,True
28,negation_and_polarity_structure,mean,4382,lexical_domain,test,legal,17,0.2822679265915717,0.2822679265915717,0.5294117647058824,True,False,True
28,negation_and_polarity_structure,mean,4382,lexical_domain,test,public_administration,17,0.437860841697676,0.437860841697676,0.5294117647058824,True,False,True
28,negation_and_polarity_structure,mean,4382,lexical_domain,test,scientific_research,16,0.43587921404177815,0.43587921404177815,0.625,True,False,True
28,negation_and_polarity_structure,final,648,marker_family,train,denial_phrase,133,0.0,0.0,0.0,False,True,True
28,negation_and_polarity_structure,final,648,marker_family,train,never_negation,67,0.0,0.0,0.0,False,True,True
28,negation_and_polarity_structure,final,648,marker_family,train,simple_not_negation,200,0.5675169798658328,0.5675169798658328,0.33,True,True,True
28,negation_and_polarity_structure,final,648,marker_family,val,no_longer_negation,50,0.37699639424747333,0.37699639424747333,0.2,True,False,True
28,negation_and_polarity_structure,final,648,marker_family,test,failed_to_negative_predicate,16,0.703323462924628,0.703323462924628,0.5,True,False,True
28,negation_and_polarity_structure,final,648,marker_family,test,neither_nor_construction,17,-0.34291282160314634,0.34291282160314634,0.11764705882352941,False,False,True
28,negation_and_polarity_structure,final,648,marker_family,test,without_negative_construction,17,0.0,0.0,0.0,False,False,True
28,negation_and_polarity_structure,final,648,lexical_domain,train,community_services,66,0.3866634704314194,0.3866634704314194,0.15151515151515152,True,True,True
28,negation_and_polarity_structure,final,648,lexical_domain,train,education,67,0.4187242581536888,0.4187242581536888,0.1791044776119403,True,True,True
28,negation_and_polarity_structure,final,648,lexical_domain,train,engineering,67,0.4021122394931349,0.4021122394931349,0.16417910447761194,True,True,True
28,negation_and_polarity_structure,final,648,lexical_domain,train,healthcare,67,0.4017722805366973,0.4017722805366973,0.16417910447761194,True,True,True
28,negation_and_polarity_structure,final,648,lexical_domain,train,logistics,67,0.40125275532483384,0.40125275532483384,0.16417910447761194,True,True,True
28,negation_and_polarity_structure,final,648,lexical_domain,train,workplace_operations,66,0.40315097383810794,0.40315097383810794,0.16666666666666666,True,True,True
28,negation_and_polarity_structure,final,648,lexical_domain,val,agriculture,25,0.35876276374573096,0.35876276374573096,0.24,True,False,True
28,negation_and_polarity_structure,final,648,lexical_domain,val,finance,25,0.39852826365332344,0.39852826365332344,0.16,True,False,True
28,negation_and_polarity_structure,final,648,lexical_domain,test,legal,17,0.41618533484470294,0.41618533484470294,0.17647058823529413,True,False,True
28,negation_and_polarity_structure,final,648,lexical_domain,test,public_administration,17,0.41971405928803235,0.41971405928803235,0.17647058823529413,True,False,True
28,negation_and_polarity_structure,final,648,lexical_domain,test,scientific_research,16,0.0666730102671553,0.0666730102671553,0.25,True,False,True
29,quantifier_scope_and_distributivity,mean,8551,marker_family,train,existential_quantifier,66,0.6041162277003551,0.6041162277003551,1.0,True,True,True
29,quantifier_scope_and_distributivity,mean,8551,marker_family,train,negative_quantifier,67,0.914759708358882,0.914759708358882,1.0,True,True,True
29,quantifier_scope_and_distributivity,mean,8551,marker_family,train,universal_quantifier,267,0.7824172884752157,0.7824172884752157,0.8764044943820225,True,True,True
29,quantifier_scope_and_distributivity,mean,8551,marker_family,val,distributive_each_marker,50,0.47481097853938165,0.47481097853938165,1.0,True,False,True
29,quantifier_scope_and_distributivity,mean,8551,marker_family,test,collective_distributive_paraphrase,8,-0.6437419994205232,0.6437419994205232,1.0,False,False,True
29,quantifier_scope_and_distributivity,mean,8551,marker_family,test,scope_reordering_quantifier,42,0.40055082586296664,0.40055082586296664,1.0,True,False,True
29,quantifier_scope_and_distributivity,mean,8551,lexical_domain,train,community_services,66,0.5937690063100489,0.5937690063100489,0.8333333333333334,True,True,True
29,quantifier_scope_and_distributivity,mean,8551,lexical_domain,train,education,67,0.7640378667294481,0.7640378667294481,1.0,True,True,True
29,quantifier_scope_and_distributivity,mean,8551,lexical_domain,train,engineering,67,0.6545845218988527,0.6545845218988527,0.835820895522388,True,True,True
29,quantifier_scope_and_distributivity,mean,8551,lexical_domain,train,healthcare,67,0.8020950332882201,0.8020950332882201,1.0,True,True,True
29,quantifier_scope_and_distributivity,mean,8551,lexical_domain,train,logistics,67,0.7010570948818295,0.7010570948818295,0.835820895522388,True,True,True
29,quantifier_scope_and_distributivity,mean,8551,lexical_domain,train,workplace_operations,66,0.752815073692847,0.752815073692847,1.0,True,True,True
29,quantifier_scope_and_distributivity,mean,8551,lexical_domain,val,agriculture,25,0.4137598926232631,0.4137598926232631,1.0,True,False,True
29,quantifier_scope_and_distributivity,mean,8551,lexical_domain,val,finance,25,0.5423462691304687,0.5423462691304687,1.0,True,False,True
29,quantifier_scope_and_distributivity,mean,8551,lexical_domain,test,legal,17,0.4668664657867303,0.4668664657867303,1.0,True,False,True
29,quantifier_scope_and_distributivity,mean,8551,lexical_domain,test,public_administration,17,0.2762206866455586,0.2762206866455586,1.0,True,False,True
29,quantifier_scope_and_distributivity,mean,8551,lexical_domain,test,scientific_research,16,0.16021141734819414,0.16021141734819414,1.0,True,False,True
29,quantifier_scope_and_distributivity,final,9467,marker_family,train,existential_quantifier,66,0.588215383323423,0.588215383323423,0.3787878787878788,True,True,True
29,quantifier_scope_and_distributivity,final,9467,marker_family,train,negative_quantifier,67,0.4000294835733662,0.4000294835733662,0.1791044776119403,True,True,True
29,quantifier_scope_and_distributivity,final,9467,marker_family,train,universal_quantifier,267,0.04542217484616332,0.04542217484616332,0.04119850187265917,True,True,True
29,quantifier_scope_and_distributivity,final,9467,marker_family,val,distributive_each_marker,50,0.24758158328350416,0.24758158328350416,0.12,True,False,True
29,quantifier_scope_and_distributivity,final,9467,marker_family,test,collective_distributive_paraphrase,8,0.3535533892833619,0.3535533892833619,0.125,True,False,True
29,quantifier_scope_and_distributivity,final,9467,marker_family,test,scope_reordering_quantifier,42,0.3315211150983979,0.3315211150983979,0.21428571428571427,True,False,True
29,quantifier_scope_and_distributivity,final,9467,lexical_domain,train,community_services,66,0.17405245462578792,0.17405245462578792,0.030303030303030304,True,True,True
29,quantifier_scope_and_distributivity,final,9467,lexical_domain,train,education,67,0.43668314217503734,0.43668314217503734,0.208955223880597,True,True,True
29,quantifier_scope_and_distributivity,final,9467,lexical_domain,train,engineering,67,0.21669726640141102,0.21669726640141102,0.11940298507462686,True,True,True
29,quantifier_scope_and_distributivity,final,9467,lexical_domain,train,healthcare,67,0.3289092264779044,0.3289092264779044,0.11940298507462686,True,True,True
29,quantifier_scope_and_distributivity,final,9467,lexical_domain,train,logistics,67,0.2873054667387432,0.2873054667387432,0.08955223880597014,True,True,True
29,quantifier_scope_and_distributivity,final,9467,lexical_domain,train,workplace_operations,66,0.16394309040487892,0.16394309040487892,0.15151515151515152,True,True,True
29,quantifier_scope_and_distributivity,final,9467,lexical_domain,val,agriculture,25,0.12013111774738702,0.12013111774738702,0.12,True,False,True
29,quantifier_scope_and_distributivity,final,9467,lexical_domain,val,finance,25,0.3453234883760106,0.3453234883760106,0.12,True,False,True
29,quantifier_scope_and_distributivity,final,9467,lexical_domain,test,legal,17,0.44541915072497784,0.44541915072497784,0.23529411764705882,True,False,True
29,quantifier_scope_and_distributivity,final,9467,lexical_domain,test,public_administration,17,0.24708863441885975,0.24708863441885975,0.11764705882352941,True,False,True
29,quantifier_scope_and_distributivity,final,9467,lexical_domain,test,scientific_research,16,0.2742857507560035,0.2742857507560035,0.25,True,False,True
30,conditional_and_counterfactual_marking,mean,15951,marker_family,train,counterfactual_if_had,201,0.8690136836376703,0.8690136836376703,1.0,True,True,True
30,conditional_and_counterfactual_marking,mean,15951,marker_family,train,hypothetical_modal_conditional,115,0.7430612310730884,0.7430612310730884,0.7130434782608696,True,True,True
30,conditional_and_counterfactual_marking,mean,15951,marker_family,train,if_then_conditional,84,-0.15352318870445247,0.15352318870445247,0.27380952380952384,False,True,True
30,conditional_and_counterfactual_marking,mean,15951,marker_family,val,concessive_conditional,50,0.17895762496855153,0.17895762496855153,0.34,True,False,True
30,conditional_and_counterfactual_marking,mean,15951,marker_family,test,sufficient_condition_paraphrase,25,0.3656299951486626,0.3656299951486626,0.16,True,False,True
30,conditional_and_counterfactual_marking,mean,15951,marker_family,test,unmarked_dependency_conditional,25,0.23422206997251294,0.23422206997251294,0.32,True,False,True
30,conditional_and_counterfactual_marking,mean,15951,lexical_domain,train,community_services,66,0.7511252425929065,0.7511252425929065,0.7424242424242424,True,True,True
30,conditional_and_counterfactual_marking,mean,15951,lexical_domain,train,education,67,0.729122197621066,0.729122197621066,0.7761194029850746,True,True,True
30,conditional_and_counterfactual_marking,mean,15951,lexical_domain,train,engineering,67,0.677746770236747,0.677746770236747,0.835820895522388,True,True,True
30,conditional_and_counterfactual_marking,mean,15951,lexical_domain,train,healthcare,67,0.70519847884083,0.70519847884083,0.8208955223880597,True,True,True
30,conditional_and_counterfactual_marking,mean,15951,lexical_domain,train,logistics,67,0.7269449258654759,0.7269449258654759,0.6865671641791045,True,True,True
30,conditional_and_counterfactual_marking,mean,15951,lexical_domain,train,workplace_operations,66,0.7263580638638134,0.7263580638638134,0.7272727272727273,True,True,True
30,conditional_and_counterfactual_marking,mean,15951,lexical_domain,val,agriculture,25,0.05211335559449226,0.05211335559449226,0.36,True,False,True
30,conditional_and_counterfactual_marking,mean,15951,lexical_domain,val,finance,25,0.2780437282113708,0.2780437282113708,0.32,True,False,True
30,conditional_and_counterfactual_marking,mean,15951,lexical_domain,test,legal,18,0.446404608906348,0.446404608906348,0.2222222222222222,True,False,True
30,conditional_and_counterfactual_marking,mean,15951,lexical_domain,test,public_administration,16,0.26317889226620444,0.26317889226620444,0.125,True,False,True
30,conditional_and_counterfactual_marking,mean,15951,lexical_domain,test,scientific_research,16,0.1751780788236597,0.1751780788236597,0.375,True,False,True
30,conditional_and_counterfactual_marking,final,5219,marker_family,train,counterfactual_if_had,201,-0.8454065797641217,0.8454065797641217,1.0,True,True,True
30,conditional_and_counterfactual_marking,final,5219,marker_family,train,hypothetical_modal_conditional,115,-0.761907748293178,0.761907748293178,1.0,True,True,True
30,conditional_and_counterfactual_marking,final,5219,marker_family,train,if_then_conditional,84,-0.8291396010992399,0.8291396010992399,1.0,True,True,True
30,conditional_and_counterfactual_marking,final,5219,marker_family,val,concessive_conditional,50,-0.503989208483346,0.503989208483346,1.0,True,False,True
30,conditional_and_counterfactual_marking,final,5219,marker_family,test,sufficient_condition_paraphrase,25,-0.6869535573363617,0.6869535573363617,1.0,True,False,True
30,conditional_and_counterfactual_marking,final,5219,marker_family,test,unmarked_dependency_conditional,25,-0.7672736875923649,0.7672736875923649,1.0,True,False,True
30,conditional_and_counterfactual_marking,final,5219,lexical_domain,train,community_services,66,-0.6971720156501663,0.6971720156501663,1.0,True,True,True
30,conditional_and_counterfactual_marking,final,5219,lexical_domain,train,education,67,-0.8333343459169267,0.8333343459169267,1.0,True,True,True
30,conditional_and_counterfactual_marking,final,5219,lexical_domain,train,engineering,67,-0.8047250764305856,0.8047250764305856,1.0,True,True,True
30,conditional_and_counterfactual_marking,final,5219,lexical_domain,train,healthcare,67,-0.810975499092559,0.810975499092559,1.0,True,True,True
30,conditional_and_counterfactual_marking,final,5219,lexical_domain,train,logistics,67,-0.8163413507381337,0.8163413507381337,1.0,True,True,True
30,conditional_and_counterfactual_marking,final,5219,lexical_domain,train,workplace_operations,66,-0.8261854910546067,0.8261854910546067,1.0,True,True,True
30,conditional_and_counterfactual_marking,final,5219,lexical_domain,val,agriculture,25,-0.4190545543535554,0.4190545543535554,1.0,True,False,True
30,conditional_and_counterfactual_marking,final,5219,lexical_domain,val,finance,25,-0.6051620637013921,0.6051620637013921,1.0,True,False,True
30,conditional_and_counterfactual_marking,final,5219,lexical_domain,test,legal,18,-0.7410794432343178,0.7410794432343178,1.0,True,False,True
30,conditional_and_counterfactual_marking,final,5219,lexical_domain,test,public_administration,16,-0.8430829643977508,0.8430829643977508,1.0,True,False,True
30,conditional_and_counterfactual_marking,final,5219,lexical_domain,test,scientific_research,16,-0.6071702060570874,0.6071702060570874,1.0,True,False,True
31,subordination_and_embedding,mean,7643,marker_family,train,belief_embedding,160,0.9916347247122506,0.9916347247122506,1.0,True,True,True
31,subordination_and_embedding,mean,7643,marker_family,train,claim_embedding,120,0.9908295746549702,0.9908295746549702,1.0,True,True,True
31,subordination_and_embedding,mean,7643,marker_family,train,reason_clause,120,0.970617828723952,0.970617828723952,1.0,True,True,True
31,subordination_and_embedding,mean,7643,marker_family,val,evidence_clause,50,0.9114087870239151,0.9114087870239151,1.0,True,False,True
31,subordination_and_embedding,mean,7643,marker_family,test,nonfinite_embedding,25,0.2,0.2,0.04,True,False,True
31,subordination_and_embedding,mean,7643,marker_family,test,recursive_embedding,25,0.9152608609049044,0.9152608609049044,1.0,True,False,True
31,subordination_and_embedding,mean,7643,lexical_domain,train,community_services,67,0.9254977516219332,0.9254977516219332,1.0,True,True,True
31,subordination_and_embedding,mean,7643,lexical_domain,train,education,66,0.9186059729555519,0.9186059729555519,1.0,True,True,True
31,subordination_and_embedding,mean,7643,lexical_domain,train,engineering,67,0.9239944789870015,0.9239944789870015,1.0,True,True,True
31,subordination_and_embedding,mean,7643,lexical_domain,train,healthcare,68,0.9328486305968243,0.9328486305968243,1.0,True,True,True
31,subordination_and_embedding,mean,7643,lexical_domain,train,logistics,66,0.9267438705493354,0.9267438705493354,1.0,True,True,True
31,subordination_and_embedding,mean,7643,lexical_domain,train,workplace_operations,66,0.93387205391278,0.93387205391278,1.0,True,True,True
31,subordination_and_embedding,mean,7643,lexical_domain,val,agriculture,25,0.9943044370272835,0.9943044370272835,1.0,True,False,True
31,subordination_and_embedding,mean,7643,lexical_domain,val,finance,25,0.9908080995194118,0.9908080995194118,1.0,True,False,True
31,subordination_and_embedding,mean,7643,lexical_domain,test,legal,17,0.6221578300583931,0.6221578300583931,0.5294117647058824,True,False,True
31,subordination_and_embedding,mean,7643,lexical_domain,test,public_administration,16,0.6701113189530001,0.6701113189530001,0.5,True,False,True
31,subordination_and_embedding,mean,7643,lexical_domain,test,scientific_research,17,0.6553566862613445,0.6553566862613445,0.5294117647058824,True,False,True
31,subordination_and_embedding,final,8006,marker_family,train,belief_embedding,160,-0.8938025710678679,0.8938025710678679,1.0,True,True,True
31,subordination_and_embedding,final,8006,marker_family,train,claim_embedding,120,-0.8982358984351889,0.8982358984351889,1.0,True,True,True
31,subordination_and_embedding,final,8006,marker_family,train,reason_clause,120,-0.8551852591414278,0.8551852591414278,1.0,True,True,True
31,subordination_and_embedding,final,8006,marker_family,val,evidence_clause,50,-0.8674732929561293,0.8674732929561293,1.0,True,False,True
31,subordination_and_embedding,final,8006,marker_family,test,nonfinite_embedding,25,0.6466975515089793,0.6466975515089793,1.0,False,False,True
31,subordination_and_embedding,final,8006,marker_family,test,recursive_embedding,25,-0.9345805472128335,0.9345805472128335,1.0,True,False,True
31,subordination_and_embedding,final,8006,lexical_domain,train,community_services,67,-0.7975106667336423,0.7975106667336423,1.0,True,True,True
31,subordination_and_embedding,final,8006,lexical_domain,train,education,66,-0.9023714584769181,0.9023714584769181,1.0,True,True,True
31,subordination_and_embedding,final,8006,lexical_domain,train,engineering,67,-0.8918683573254406,0.8918683573254406,1.0,True,True,True
31,subordination_and_embedding,final,8006,lexical_domain,train,healthcare,68,-0.9004179594257098,0.9004179594257098,1.0,True,True,True
31,subordination_and_embedding,final,8006,lexical_domain,train,logistics,66,-0.9258680675231435,0.9258680675231435,1.0,True,True,True
31,subordination_and_embedding,final,8006,lexical_domain,train,workplace_operations,66,-0.8572324239779958,0.8572324239779958,1.0,True,True,True
31,subordination_and_embedding,final,8006,lexical_domain,val,agriculture,25,-0.8828746622836238,0.8828746622836238,1.0,True,False,True
31,subordination_and_embedding,final,8006,lexical_domain,val,finance,25,-0.8598654157983772,0.8598654157983772,1.0,True,False,True
31,subordination_and_embedding,final,8006,lexical_domain,test,legal,17,-0.4868841574708874,0.4868841574708874,1.0,True,False,True
31,subordination_and_embedding,final,8006,lexical_domain,test,public_administration,16,-0.21200169577743325,0.21200169577743325,1.0,True,False,True
31,subordination_and_embedding,final,8006,lexical_domain,test,scientific_research,17,-0.18165177213933503,0.18165177213933503,1.0,True,False,True
32,quotation_and_reported_speech_structure,mean,1754,marker_family,train,english_direct_quote_punctuation,120,-0.988466206635927,0.988466206635927,1.0,True,True,True
32,quotation_and_reported_speech_structure,mean,1754,marker_family,train,english_indirect_report,140,-0.7453644630082377,0.7453644630082377,0.5857142857142857,True,True,True
32,quotation_and_reported_speech_structure,mean,1754,marker_family,train,japanese_quotative_to,140,-0.7655789979134607,0.7655789979134607,0.75,True,True,True
32,quotation_and_reported_speech_structure,mean,1754,marker_family,val,source_attribution_report,50,-0.8591979651935422,0.8591979651935422,0.82,True,False,True
32,quotation_and_reported_speech_structure,mean,1754,marker_family,test,embedded_claim_report,21,-0.7834973240097949,0.7834973240097949,0.6190476190476191,True,False,True
32,quotation_and_reported_speech_structure,mean,1754,marker_family,test,paraphrased_report,29,-0.989425517945628,0.989425517945628,1.0,True,False,True
32,quotation_and_reported_speech_structure,mean,1754,lexical_domain,train,community_services,66,-0.9464547257671027,0.9464547257671027,0.9242424242424242,True,True,True
32,quotation_and_reported_speech_structure,mean,1754,lexical_domain,train,education,67,-0.9419102100546873,0.9419102100546873,0.8955223880597015,True,True,True
32,quotation_and_reported_speech_structure,mean,1754,lexical_domain,train,engineering,67,-0.9446097514341903,0.9446097514341903,0.9253731343283582,True,True,True
32,quotation_and_reported_speech_structure,mean,1754,lexical_domain,train,healthcare,67,-0.9359689375129868,0.9359689375129868,0.9402985074626866,True,True,True
32,quotation_and_reported_speech_structure,mean,1754,lexical_domain,train,logistics,67,-0.5601338513568399,0.5601338513568399,0.6119402985074627,True,True,True
32,quotation_and_reported_speech_structure,mean,1754,lexical_domain,train,workplace_operations,66,-0.527147244660421,0.527147244660421,0.30303030303030304,True,True,True
32,quotation_and_reported_speech_structure,mean,1754,lexical_domain,val,agriculture,25,-0.8620121235196179,0.8620121235196179,0.88,True,False,True
32,quotation_and_reported_speech_structure,mean,1754,lexical_domain,val,finance,25,-0.8567708365815713,0.8567708365815713,0.76,True,False,True
32,quotation_and_reported_speech_structure,mean,1754,lexical_domain,test,legal,17,-0.9588244228432564,0.9588244228432564,0.9411764705882353,True,False,True
32,quotation_and_reported_speech_structure,mean,1754,lexical_domain,test,public_administration,16,-0.9882765317480994,0.9882765317480994,1.0,True,False,True
32,quotation_and_reported_speech_structure,mean,1754,lexical_domain,test,scientific_research,17,-0.7586214035283438,0.7586214035283438,0.5882352941176471,True,False,True
32,quotation_and_reported_speech_structure,final,10068,marker_family,train,english_direct_quote_punctuation,120,-0.9955619534503998,0.9955619534503998,1.0,True,True,True
32,quotation_and_reported_speech_structure,final,10068,marker_family,train,english_indirect_report,140,-0.7536523115881684,0.7536523115881684,0.5714285714285714,True,True,True
32,quotation_and_reported_speech_structure,final,10068,marker_family,train,japanese_quotative_to,140,0.0,0.0,0.0,False,True,True
32,quotation_and_reported_speech_structure,final,10068,marker_family,val,source_attribution_report,50,-0.7059122997348665,0.7059122997348665,0.5,True,False,True
32,quotation_and_reported_speech_structure,final,10068,marker_family,test,embedded_claim_report,21,-0.6887609474939653,0.6887609474939653,0.47619047619047616,True,False,True
32,quotation_and_reported_speech_structure,final,10068,marker_family,test,paraphrased_report,29,-0.7178996125041004,0.7178996125041004,0.5172413793103449,True,False,True
32,quotation_and_reported_speech_structure,final,10068,lexical_domain,train,community_services,66,-0.9260009792728731,0.9260009792728731,0.8636363636363636,True,True,True
32,quotation_and_reported_speech_structure,final,10068,lexical_domain,train,education,67,-0.48658831178490825,0.48658831178490825,0.23880597014925373,True,True,True
32,quotation_and_reported_speech_structure,final,10068,lexical_domain,train,engineering,67,-0.920218849723058,0.920218849723058,0.8507462686567164,True,True,True
32,quotation_and_reported_speech_structure,final,10068,lexical_domain,train,healthcare,67,-0.8453610792304,0.8453610792304,0.7164179104477612,True,True,True
32,quotation_and_reported_speech_structure,final,10068,lexical_domain,train,logistics,67,-0.297958603320055,0.297958603320055,0.08955223880597014,True,True,True
32,quotation_and_reported_speech_structure,final,10068,lexical_domain,train,workplace_operations,66,-0.4915947588611753,0.4915947588611753,0.24242424242424243,True,True,True
32,quotation_and_reported_speech_structure,final,10068,lexical_domain,val,agriculture,25,-0.7733553643502763,0.7733553643502763,0.6,True,False,True
32,quotation_and_reported_speech_structure,final,10068,lexical_domain,val,finance,25,-0.6313066522543885,0.6313066522543885,0.4,True,False,True
32,quotation_and_reported_speech_structure,final,10068,lexical_domain,test,legal,17,-0.7264637551482009,0.7264637551482009,0.5294117647058824,True,False,True
32,quotation_and_reported_speech_structure,final,10068,lexical_domain,test,public_administration,16,-0.7487032852142882,0.7487032852142882,0.5625,True,False,True
32,quotation_and_reported_speech_structure,final,10068,lexical_domain,test,scientific_research,17,-0.6405505885005555,0.6405505885005555,0.4117647058823529,True,False,True
33,discourse_relation_marking,mean,9728,marker_family,train,causal_connective,100,-0.8023516529068708,0.8023516529068708,1.0,True,True,True
33,discourse_relation_marking,mean,9728,marker_family,train,contrast_connective,100,-0.9475862921365462,0.9475862921365462,1.0,True,True,True
33,discourse_relation_marking,mean,9728,marker_family,train,result_connective,200,-0.9817241339389776,0.9817241339389776,1.0,True,True,True
33,discourse_relation_marking,mean,9728,marker_family,val,temporal_connective,50,-0.11160958691078557,0.11160958691078557,1.0,True,False,True
33,discourse_relation_marking,mean,9728,marker_family,test,concessive_relation_without_marker,25,0.8604258637873095,0.8604258637873095,1.0,False,False,True
33,discourse_relation_marking,mean,9728,marker_family,test,connective_absent_relation,25,0.9287001420154282,0.9287001420154282,1.0,False,False,True
33,discourse_relation_marking,mean,9728,lexical_domain,train,community_services,66,-0.9831965240830509,0.9831965240830509,1.0,True,True,True
33,discourse_relation_marking,mean,9728,lexical_domain,train,education,67,-0.6661304959724387,0.6661304959724387,1.0,True,True,True
33,discourse_relation_marking,mean,9728,lexical_domain,train,engineering,67,-0.9876880566927209,0.9876880566927209,1.0,True,True,True
33,discourse_relation_marking,mean,9728,lexical_domain,train,healthcare,67,-0.9669205326411483,0.9669205326411483,1.0,True,True,True
33,discourse_relation_marking,mean,9728,lexical_domain,train,logistics,67,-0.9756969755319296,0.9756969755319296,1.0,True,True,True
33,discourse_relation_marking,mean,9728,lexical_domain,train,workplace_operations,66,-0.9702753172786556,0.9702753172786556,1.0,True,True,True
33,discourse_relation_marking,mean,9728,lexical_domain,val,agriculture,25,-0.19353019647573963,0.19353019647573963,1.0,True,False,True
33,discourse_relation_marking,mean,9728,lexical_domain,val,finance,25,-0.05872264451101463,0.05872264451101463,1.0,True,False,True
33,discourse_relation_marking,mean,9728,lexical_domain,test,legal,17,0.9044439225683494,0.9044439225683494,1.0,False,False,True
33,discourse_relation_marking,mean,9728,lexical_domain,test,public_administration,16,0.892551359501053,0.892551359501053,1.0,False,False,True
33,discourse_relation_marking,mean,9728,lexical_domain,test,scientific_research,17,0.8640470824847803,0.8640470824847803,1.0,False,False,True
33,discourse_relation_marking,final,3617,marker_family,train,causal_connective,100,-0.6289088436142442,0.6289088436142442,0.86,True,True,True
33,discourse_relation_marking,final,3617,marker_family,train,contrast_connective,100,-0.7685453492309687,0.7685453492309687,0.91,True,True,True
33,discourse_relation_marking,final,3617,marker_family,train,result_connective,200,-0.2793386749416732,0.2793386749416732,0.295,True,True,True
33,discourse_relation_marking,final,3617,marker_family,val,temporal_connective,50,-0.029119087318512173,0.029119087318512173,0.14,True,False,True
33,discourse_relation_marking,final,3617,marker_family,test,concessive_relation_without_marker,25,-0.08394101534698466,0.08394101534698466,0.56,True,False,True
33,discourse_relation_marking,final,3617,marker_family,test,connective_absent_relation,25,0.07215544588867541,0.07215544588867541,0.44,False,False,True
33,discourse_relation_marking,final,3617,lexical_domain,train,community_services,66,-0.2982792534772528,0.2982792534772528,0.36363636363636365,True,True,True
33,discourse_relation_marking,final,3617,lexical_domain,train,education,67,-0.5945099867373826,0.5945099867373826,0.9552238805970149,True,True,True
33,discourse_relation_marking,final,3617,lexical_domain,train,engineering,67,-0.3587004011884627,0.3587004011884627,0.2537313432835821,True,True,True
33,discourse_relation_marking,final,3617,lexical_domain,train,healthcare,67,-0.5953202582744237,0.5953202582744237,0.8208955223880597,True,True,True
33,discourse_relation_marking,final,3617,lexical_domain,train,logistics,67,-0.17976568724624592,0.17976568724624592,0.26865671641791045,True,True,True
33,discourse_relation_marking,final,3617,lexical_domain,train,workplace_operations,66,-0.6660968584314214,0.6660968584314214,0.8787878787878788,True,True,True
33,discourse_relation_marking,final,3617,lexical_domain,val,agriculture,25,-0.22813081423275705,0.22813081423275705,0.2,True,False,True
33,discourse_relation_marking,final,3617,lexical_domain,val,finance,25,0.21618509225543894,0.21618509225543894,0.08,False,False,True
33,discourse_relation_marking,final,3617,lexical_domain,test,legal,17,-0.2739936961168556,0.2739936961168556,0.23529411764705882,True,False,True
33,discourse_relation_marking,final,3617,lexical_domain,test,public_administration,16,0.17870732219241997,0.17870732219241997,0.625,False,False,True
33,discourse_relation_marking,final,3617,lexical_domain,test,scientific_research,17,-0.10048247069589557,0.10048247069589557,0.6470588235294118,True,False,True
34,topic_comment_structure,mean,10896,marker_family,train,neutral_subject_marker,67,0.0,0.0,0.0,False,True,True
34,topic_comment_structure,mean,10896,marker_family,train,topic_fronting,133,-0.8944954468839006,0.8944954468839006,0.8796992481203008,True,True,True
34,topic_comment_structure,mean,10896,marker_family,train,wa_topic_marker,200,-0.6475374937372416,0.6475374937372416,0.86,True,True,True
34,topic_comment_structure,mean,10896,marker_family,val,contrastive_topic_marker,50,-0.2903422792370433,0.2903422792370433,0.46,True,False,True
34,topic_comment_structure,mean,10896,marker_family,test,old_new_topic_comment,42,-0.5727919159778523,0.5727919159778523,0.42857142857142855,True,False,True
34,topic_comment_structure,mean,10896,marker_family,test,topic_absent_discourse_context,8,-0.777258319984538,0.777258319984538,0.625,True,False,True
34,topic_comment_structure,mean,10896,lexical_domain,train,community_services,66,-0.8474738086689149,0.8474738086689149,0.7575757575757576,True,True,True
34,topic_comment_structure,mean,10896,lexical_domain,train,education,67,-0.8093409355918232,0.8093409355918232,0.6716417910447762,True,True,True
34,topic_comment_structure,mean,10896,lexical_domain,train,engineering,67,-0.9652729332818226,0.9652729332818226,1.0,True,True,True
34,topic_comment_structure,mean,10896,lexical_domain,train,healthcare,67,0.0,0.0,0.0,False,True,True
34,topic_comment_structure,mean,10896,lexical_domain,train,logistics,67,-0.3168447262658148,0.3168447262658148,1.0,True,True,True
34,topic_comment_structure,mean,10896,lexical_domain,train,workplace_operations,66,-0.898381066740082,0.898381066740082,0.9090909090909091,True,True,True
34,topic_comment_structure,mean,10896,lexical_domain,val,agriculture,25,-0.3395445742512676,0.3395445742512676,0.56,True,False,True
34,topic_comment_structure,mean,10896,lexical_domain,val,finance,25,-0.24294522618909176,0.24294522618909176,0.36,True,False,True
34,topic_comment_structure,mean,10896,lexical_domain,test,legal,17,0.2425356361373728,0.2425356361373728,0.058823529411764705,False,False,True
34,topic_comment_structure,mean,10896,lexical_domain,test,public_administration,16,-0.8309278089634499,0.8309278089634499,0.75,True,False,True
34,topic_comment_structure,mean,10896,lexical_domain,test,scientific_research,17,-0.7209850759006898,0.7209850759006898,0.5882352941176471,True,False,True
34,topic_comment_structure,final,12998,marker_family,train,neutral_subject_marker,67,0.8121011231670349,0.8121011231670349,1.0,True,True,True
34,topic_comment_structure,final,12998,marker_family,train,topic_fronting,133,0.9137679940953682,0.9137679940953682,1.0,True,True,True
34,topic_comment_structure,final,12998,marker_family,train,wa_topic_marker,200,0.705858322416335,0.705858322416335,1.0,True,True,True
34,topic_comment_structure,final,12998,marker_family,val,contrastive_topic_marker,50,0.6565368257059352,0.6565368257059352,1.0,True,False,True
34,topic_comment_structure,final,12998,marker_family,test,old_new_topic_comment,42,0.6258540139198635,0.6258540139198635,1.0,True,False,True
34,topic_comment_structure,final,12998,marker_family,test,topic_absent_discourse_context,8,0.9781209978093589,0.9781209978093589,1.0,True,False,True
34,topic_comment_structure,final,12998,lexical_domain,train,community_services,66,0.9019773909397938,0.9019773909397938,1.0,True,True,True
34,topic_comment_structure,final,12998,lexical_domain,train,education,67,0.917614637426184,0.917614637426184,1.0,True,True,True
34,topic_comment_structure,final,12998,lexical_domain,train,engineering,67,0.9580830799329572,0.9580830799329572,1.0,True,True,True
34,topic_comment_structure,final,12998,lexical_domain,train,healthcare,67,0.8121011231670349,0.8121011231670349,1.0,True,True,True
34,topic_comment_structure,final,12998,lexical_domain,train,logistics,67,0.6945552439401326,0.6945552439401326,1.0,True,True,True
34,topic_comment_structure,final,12998,lexical_domain,train,workplace_operations,66,0.5612719443959817,0.5612719443959817,1.0,True,True,True
34,topic_comment_structure,final,12998,lexical_domain,val,agriculture,25,0.7724864946119653,0.7724864946119653,1.0,True,False,True
34,topic_comment_structure,final,12998,lexical_domain,val,finance,25,0.5158171854462644,0.5158171854462644,1.0,True,False,True
34,topic_comment_structure,final,12998,lexical_domain,test,legal,17,0.6472436300790054,0.6472436300790054,1.0,True,False,True
34,topic_comment_structure,final,12998,lexical_domain,test,public_administration,16,0.9226103689120976,0.9226103689120976,1.0,True,False,True
34,topic_comment_structure,final,12998,lexical_domain,test,scientific_research,17,0.40902182566469636,0.40902182566469636,1.0,True,False,True
35,focus_and_given_new_marking,mean,7136,marker_family,train,english_cleft_focus,102,0.21997301006963974,0.21997301006963974,0.08823529411764706,True,True,True
35,focus_and_given_new_marking,mean,7136,marker_family,train,english_contrastive_focus,98,0.0,0.0,0.0,False,True,True
35,focus_and_given_new_marking,mean,7136,marker_family,train,japanese_ga_focus,200,0.9798746923602408,0.9798746923602408,1.0,True,True,True
35,focus_and_given_new_marking,mean,7136,marker_family,val,focus_particle_only,50,0.4188220904054258,0.4188220904054258,0.56,True,False,True
35,focus_and_given_new_marking,mean,7136,marker_family,test,given_new_information_order,23,0.510425918423442,0.510425918423442,0.2608695652173913,True,False,True
35,focus_and_given_new_marking,mean,7136,marker_family,test,plain_clause_focus_context,27,-0.27427192249085425,0.27427192249085425,0.2222222222222222,False,False,True
35,focus_and_given_new_marking,mean,7136,lexical_domain,train,community_services,66,0.698843823148571,0.698843823148571,0.5,True,True,True
35,focus_and_given_new_marking,mean,7136,lexical_domain,train,education,67,0.697141992314219,0.697141992314219,0.5223880597014925,True,True,True
35,focus_and_given_new_marking,mean,7136,lexical_domain,train,engineering,67,0.7018285302633661,0.7018285302633661,0.5522388059701493,True,True,True
35,focus_and_given_new_marking,mean,7136,lexical_domain,train,healthcare,67,0.7076821176158025,0.7076821176158025,0.5223880597014925,True,True,True
35,focus_and_given_new_marking,mean,7136,lexical_domain,train,logistics,67,0.7175798886354771,0.7175798886354771,0.5373134328358209,True,True,True
35,focus_and_given_new_marking,mean,7136,lexical_domain,train,workplace_operations,66,0.6867357992022085,0.6867357992022085,0.5,True,True,True
35,focus_and_given_new_marking,mean,7136,lexical_domain,val,agriculture,25,0.23106628973754034,0.23106628973754034,0.6,True,False,True
35,focus_and_given_new_marking,mean,7136,lexical_domain,val,finance,25,0.5866572631306354,0.5866572631306354,0.52,True,False,True
35,focus_and_given_new_marking,mean,7136,lexical_domain,test,legal,17,0.3429869715315351,0.3429869715315351,0.11764705882352941,True,False,True
35,focus_and_given_new_marking,mean,7136,lexical_domain,test,public_administration,16,-0.1580078589532388,0.1580078589532388,0.3125,False,False,True
35,focus_and_given_new_marking,mean,7136,lexical_domain,test,scientific_research,17,0.27708579144777634,0.27708579144777634,0.29411764705882354,True,False,True
35,focus_and_given_new_marking,final,9531,marker_family,train,english_cleft_focus,102,-0.6742512208511382,0.6742512208511382,0.6176470588235294,True,True,True
35,focus_and_given_new_marking,final,9531,marker_family,train,english_contrastive_focus,98,-0.521136407714686,0.521136407714686,0.7857142857142857,True,True,True
35,focus_and_given_new_marking,final,9531,marker_family,train,japanese_ga_focus,200,-0.973758227807769,0.973758227807769,0.995,True,True,True
35,focus_and_given_new_marking,final,9531,marker_family,val,focus_particle_only,50,-0.5337581176949763,0.5337581176949763,1.0,True,False,True
35,focus_and_given_new_marking,final,9531,marker_family,test,given_new_information_order,23,-0.5819960551019105,0.5819960551019105,0.8260869565217391,True,False,True
35,focus_and_given_new_marking,final,9531,marker_family,test,plain_clause_focus_context,27,-0.767989459032324,0.767989459032324,0.8888888888888888,True,False,True
35,focus_and_given_new_marking,final,9531,lexical_domain,train,community_services,66,-0.7554616636083059,0.7554616636083059,0.9090909090909091,True,True,True
35,focus_and_given_new_marking,final,9531,lexical_domain,train,education,67,-0.8095412213337816,0.8095412213337816,0.8059701492537313,True,True,True
35,focus_and_given_new_marking,final,9531,lexical_domain,train,engineering,67,-0.8273304497062387,0.8273304497062387,0.8208955223880597,True,True,True
35,focus_and_given_new_marking,final,9531,lexical_domain,train,healthcare,67,-0.7459706997976798,0.7459706997976798,0.7910447761194029,True,True,True
35,focus_and_given_new_marking,final,9531,lexical_domain,train,logistics,67,-0.7754179689879885,0.7754179689879885,0.8507462686567164,True,True,True
35,focus_and_given_new_marking,final,9531,lexical_domain,train,workplace_operations,66,-0.8687406922117547,0.8687406922117547,0.9090909090909091,True,True,True
35,focus_and_given_new_marking,final,9531,lexical_domain,val,agriculture,25,-0.6181314309715404,0.6181314309715404,1.0,True,False,True
35,focus_and_given_new_marking,final,9531,lexical_domain,val,finance,25,-0.48547301309456253,0.48547301309456253,1.0,True,False,True
35,focus_and_given_new_marking,final,9531,lexical_domain,test,legal,17,-0.7326833215254078,0.7326833215254078,0.9411764705882353,True,False,True
35,focus_and_given_new_marking,final,9531,lexical_domain,test,public_administration,16,-0.8371532551024635,0.8371532551024635,1.0,True,False,True
35,focus_and_given_new_marking,final,9531,lexical_domain,test,scientific_research,17,-0.44385439141862393,0.44385439141862393,0.6470588235294118,True,False,True
36,genericity_and_kind_level_reference,mean,5836,marker_family,train,bare_plural_generic,133,0.5619857535914592,0.5619857535914592,0.45112781954887216,True,True,True
36,genericity_and_kind_level_reference,mean,5836,marker_family,train,habitual_generalization,134,0.23942140162863818,0.23942140162863818,0.23880597014925373,True,True,True
36,genericity_and_kind_level_reference,mean,5836,marker_family,train,specific_individual_reference,133,0.21389358718084397,0.21389358718084397,0.13533834586466165,True,True,True
36,genericity_and_kind_level_reference,mean,5836,marker_family,val,norm_like_statement,50,0.23299765773950656,0.23299765773950656,0.28,True,False,True
36,genericity_and_kind_level_reference,mean,5836,marker_family,test,kind_level_statement,33,-0.42394673442882447,0.42394673442882447,0.21212121212121213,False,False,True
36,genericity_and_kind_level_reference,mean,5836,marker_family,test,statistical_generalization,17,0.8819040986652795,0.8819040986652795,0.8235294117647058,True,False,True
36,genericity_and_kind_level_reference,mean,5836,lexical_domain,train,community_services,66,0.49450493550631597,0.49450493550631597,0.3484848484848485,True,True,True
36,genericity_and_kind_level_reference,mean,5836,lexical_domain,train,education,67,0.40852270937814245,0.40852270937814245,0.26865671641791045,True,True,True
36,genericity_and_kind_level_reference,mean,5836,lexical_domain,train,engineering,67,0.38681193968673955,0.38681193968673955,0.16417910447761194,True,True,True
36,genericity_and_kind_level_reference,mean,5836,lexical_domain,train,healthcare,67,0.2933996152109413,0.2933996152109413,0.2835820895522388,True,True,True
36,genericity_and_kind_level_reference,mean,5836,lexical_domain,train,logistics,67,0.29036120539230614,0.29036120539230614,0.29850746268656714,True,True,True
36,genericity_and_kind_level_reference,mean,5836,lexical_domain,train,workplace_operations,66,0.3504562176843488,0.3504562176843488,0.2878787878787879,True,True,True
36,genericity_and_kind_level_reference,mean,5836,lexical_domain,val,agriculture,25,0.14664284608925116,0.14664284608925116,0.4,True,False,True
36,genericity_and_kind_level_reference,mean,5836,lexical_domain,val,finance,25,0.39966119017806667,0.39966119017806667,0.16,True,False,True
36,genericity_and_kind_level_reference,mean,5836,lexical_domain,test,legal,17,0.12584750754443946,0.12584750754443946,0.5294117647058824,True,False,True
36,genericity_and_kind_level_reference,mean,5836,lexical_domain,test,public_administration,17,0.49634472581429445,0.49634472581429445,0.4117647058823529,True,False,True
36,genericity_and_kind_level_reference,mean,5836,lexical_domain,test,scientific_research,16,0.395321195042412,0.395321195042412,0.3125,True,False,True
36,genericity_and_kind_level_reference,final,13305,marker_family,train,bare_plural_generic,133,0.5171052631578947,0.5171052631578947,0.2857142857142857,True,True,True
36,genericity_and_kind_level_reference,final,13305,marker_family,train,habitual_generalization,134,0.0,0.0,0.0,False,True,True
36,genericity_and_kind_level_reference,final,13305,marker_family,train,specific_individual_reference,133,0.0,0.0,0.0,False,True,True
36,genericity_and_kind_level_reference,final,13305,marker_family,val,norm_like_statement,50,0.303249357862662,0.303249357862662,0.18,True,False,True
36,genericity_and_kind_level_reference,final,13305,marker_family,test,kind_level_statement,33,0.0,0.0,0.0,False,False,True
36,genericity_and_kind_level_reference,final,13305,marker_family,test,statistical_generalization,17,0.74569920118596,0.74569920118596,0.5882352941176471,True,False,True
36,genericity_and_kind_level_reference,final,13305,lexical_domain,train,community_services,66,0.3133772690568358,0.3133772690568358,0.10606060606060606,True,True,True
36,genericity_and_kind_level_reference,final,13305,lexical_domain,train,education,67,0.2937489863620834,0.2937489863620834,0.08955223880597014,True,True,True
36,genericity_and_kind_level_reference,final,13305,lexical_domain,train,engineering,67,0.24107068665350306,0.24107068665350306,0.05970149253731343,True,True,True
36,genericity_and_kind_level_reference,final,13305,lexical_domain,train,healthcare,67,0.3604999164034061,0.3604999164034061,0.13432835820895522,True,True,True
36,genericity_and_kind_level_reference,final,13305,lexical_domain,train,logistics,67,0.2690878067124011,0.2690878067124011,0.07462686567164178,True,True,True
36,genericity_and_kind_level_reference,final,13305,lexical_domain,train,workplace_operations,66,0.3152047594036731,0.3152047594036731,0.10606060606060606,True,True,True
36,genericity_and_kind_level_reference,final,13305,lexical_domain,val,agriculture,25,0.34641018680481994,0.34641018680481994,0.12,True,False,True
36,genericity_and_kind_level_reference,final,13305,lexical_domain,val,finance,25,0.26699744113777074,0.26699744113777074,0.24,True,False,True
36,genericity_and_kind_level_reference,final,13305,lexical_domain,test,legal,17,0.4131803086290163,0.4131803086290163,0.17647058823529413,True,False,True
36,genericity_and_kind_level_reference,final,13305,lexical_domain,test,public_administration,17,0.4199632610628168,0.4199632610628168,0.17647058823529413,True,False,True
36,genericity_and_kind_level_reference,final,13305,lexical_domain,test,scientific_research,16,0.4930665038621953,0.4930665038621953,0.25,True,False,True
37,social_deixis_honorifics_status_encoding,mean,2081,marker_family,train,english_deference_phrase,67,0.0,0.0,0.0,False,True,True
37,social_deixis_honorifics_status_encoding,mean,2081,marker_family,train,formal_request_level,133,0.9100553624407655,0.9100553624407655,1.0,True,True,True
37,social_deixis_honorifics_status_encoding,mean,2081,marker_family,train,korean_honorific_speech_level,200,0.9918925084226068,0.9918925084226068,1.0,True,True,True
37,social_deixis_honorifics_status_encoding,mean,2081,marker_family,val,referent_honorific,50,0.4216081901597887,0.4216081901597887,0.38,True,False,True
37,social_deixis_honorifics_status_encoding,mean,2081,marker_family,test,speaker_humility_marker,25,-0.9841802178977839,0.9841802178977839,1.0,False,False,True
37,social_deixis_honorifics_status_encoding,mean,2081,marker_family,test,status_asymmetry_context,25,0.7993793903676117,0.7993793903676117,0.64,True,False,True
37,social_deixis_honorifics_status_encoding,mean,2081,lexical_domain,train,community_services,66,0.9949780549815229,0.9949780549815229,1.0,True,True,True
37,social_deixis_honorifics_status_encoding,mean,2081,lexical_domain,train,education,67,0.8273856710950187,0.8273856710950187,1.0,True,True,True
37,social_deixis_honorifics_status_encoding,mean,2081,lexical_domain,train,engineering,67,0.9896086188624102,0.9896086188624102,1.0,True,True,True
37,social_deixis_honorifics_status_encoding,mean,2081,lexical_domain,train,healthcare,67,0.0,0.0,0.0,False,True,True
37,social_deixis_honorifics_status_encoding,mean,2081,lexical_domain,train,logistics,67,0.9960428659466339,0.9960428659466339,1.0,True,True,True
37,social_deixis_honorifics_status_encoding,mean,2081,lexical_domain,train,workplace_operations,66,0.9886520504527745,0.9886520504527745,1.0,True,True,True
37,social_deixis_honorifics_status_encoding,mean,2081,lexical_domain,val,agriculture,25,0.4918235291725433,0.4918235291725433,0.4,True,False,True
37,social_deixis_honorifics_status_encoding,mean,2081,lexical_domain,val,finance,25,0.3621367006315163,0.3621367006315163,0.36,True,False,True
37,social_deixis_honorifics_status_encoding,mean,2081,lexical_domain,test,legal,17,-0.685242314571639,0.685242314571639,0.47058823529411764,False,False,True
37,social_deixis_honorifics_status_encoding,mean,2081,lexical_domain,test,public_administration,16,0.5885538571757556,0.5885538571757556,1.0,True,False,True
37,social_deixis_honorifics_status_encoding,mean,2081,lexical_domain,test,scientific_research,17,0.4773403138663576,0.4773403138663576,1.0,True,False,True
37,social_deixis_honorifics_status_encoding,final,13774,marker_family,train,english_deference_phrase,67,0.2244060980846463,0.2244060980846463,0.5522388059701493,True,True,True
37,social_deixis_honorifics_status_encoding,final,13774,marker_family,train,formal_request_level,133,0.8683118289869679,0.8683118289869679,0.9172932330827067,True,True,True
37,social_deixis_honorifics_status_encoding,final,13774,marker_family,train,korean_honorific_speech_level,200,0.6145771514305497,0.6145771514305497,0.495,True,True,True
37,social_deixis_honorifics_status_encoding,final,13774,marker_family,val,referent_honorific,50,0.2297855038856595,0.2297855038856595,0.22,True,False,True
37,social_deixis_honorifics_status_encoding,final,13774,marker_family,test,speaker_humility_marker,25,-0.5831628257893888,0.5831628257893888,1.0,False,False,True
37,social_deixis_honorifics_status_encoding,final,13774,marker_family,test,status_asymmetry_context,25,0.5982139574856815,0.5982139574856815,0.36,True,False,True
37,social_deixis_honorifics_status_encoding,final,13774,lexical_domain,train,community_services,66,0.3453173436078318,0.3453173436078318,0.25757575757575757,True,True,True
37,social_deixis_honorifics_status_encoding,final,13774,lexical_domain,train,education,67,0.9492298415969423,0.9492298415969423,0.9402985074626866,True,True,True
37,social_deixis_honorifics_status_encoding,final,13774,lexical_domain,train,engineering,67,0.740870797912771,0.740870797912771,0.6716417910447762,True,True,True
37,social_deixis_honorifics_status_encoding,final,13774,lexical_domain,train,healthcare,67,0.2244060980846463,0.2244060980846463,0.5522388059701493,True,True,True
37,social_deixis_honorifics_status_encoding,final,13774,lexical_domain,train,logistics,67,0.7016261965132982,0.7016261965132982,0.5522388059701493,True,True,True
37,social_deixis_honorifics_status_encoding,final,13774,lexical_domain,train,workplace_operations,66,0.7911481066415005,0.7911481066415005,0.8939393939393939,True,True,True
37,social_deixis_honorifics_status_encoding,final,13774,lexical_domain,val,agriculture,25,0.16962156590770286,0.16962156590770286,0.28,True,False,True
37,social_deixis_honorifics_status_encoding,final,13774,lexical_domain,val,finance,25,0.30766804680763055,0.30766804680763055,0.16,True,False,True
37,social_deixis_honorifics_status_encoding,final,13774,lexical_domain,test,legal,17,-0.32584333750339,0.32584333750339,0.5294117647058824,False,False,True
37,social_deixis_honorifics_status_encoding,final,13774,lexical_domain,test,public_administration,16,0.6363318212623462,0.6363318212623462,0.9375,True,False,True
37,social_deixis_honorifics_status_encoding,final,13774,lexical_domain,test,scientific_research,17,-0.11742265861360023,0.11742265861360023,0.5882352941176471,False,False,True
38,speech_act_force_and_request_directness,mean,3396,marker_family,train,direct_request,228,0.441799419447898,0.441799419447898,0.7017543859649122,True,True,True
38,speech_act_force_and_request_directness,mean,3396,marker_family,train,imperative_command,114,0.5879989632439788,0.5879989632439788,0.5789473684210527,True,True,True
38,speech_act_force_and_request_directness,mean,3396,marker_family,train,interrogative_question,58,-0.13130643338300516,0.13130643338300516,0.017241379310344827,False,True,True
38,speech_act_force_and_request_directness,mean,3396,marker_family,val,indirect_request,50,0.05731476740785781,0.05731476740785781,0.4,True,False,True
38,speech_act_force_and_request_directness,mean,3396,marker_family,test,performative_speech_act,36,0.36783350490385375,0.36783350490385375,0.25,True,False,True
38,speech_act_force_and_request_directness,mean,3396,marker_family,test,warning_threat_contrast,14,0.5799756610459327,0.5799756610459327,0.5,True,False,True
38,speech_act_force_and_request_directness,mean,3396,lexical_domain,train,community_services,69,0.46572111644587766,0.46572111644587766,0.5072463768115942,True,True,True
38,speech_act_force_and_request_directness,mean,3396,lexical_domain,train,education,65,0.4870738882696334,0.4870738882696334,0.5230769230769231,True,True,True
38,speech_act_force_and_request_directness,mean,3396,lexical_domain,train,engineering,65,0.4878510821718328,0.4878510821718328,0.5692307692307692,True,True,True
38,speech_act_force_and_request_directness,mean,3396,lexical_domain,train,healthcare,67,0.31216537302233605,0.31216537302233605,0.6865671641791045,True,True,True
38,speech_act_force_and_request_directness,mean,3396,lexical_domain,train,logistics,66,0.44209994865012936,0.44209994865012936,0.5606060606060606,True,True,True
38,speech_act_force_and_request_directness,mean,3396,lexical_domain,train,workplace_operations,68,0.46937066986746884,0.46937066986746884,0.5588235294117647,True,True,True
38,speech_act_force_and_request_directness,mean,3396,lexical_domain,val,agriculture,24,0.14286599722941606,0.14286599722941606,0.375,True,False,True
38,speech_act_force_and_request_directness,mean,3396,lexical_domain,val,finance,26,-0.025811075011131304,0.025811075011131304,0.4230769230769231,False,False,True
38,speech_act_force_and_request_directness,mean,3396,lexical_domain,test,legal,16,0.36351414059622966,0.36351414059622966,0.25,True,False,True
38,speech_act_force_and_request_directness,mean,3396,lexical_domain,test,public_administration,16,0.432161437151321,0.432161437151321,0.3125,True,False,True
38,speech_act_force_and_request_directness,mean,3396,lexical_domain,test,scientific_research,18,0.43927610931782285,0.43927610931782285,0.3888888888888889,True,False,True
38,speech_act_force_and_request_directness,final,10655,marker_family,train,direct_request,228,0.0,0.0,0.0,False,True,True
38,speech_act_force_and_request_directness,final,10655,marker_family,train,imperative_command,114,0.0,0.0,0.0,False,True,True
38,speech_act_force_and_request_directness,final,10655,marker_family,train,interrogative_question,58,0.999326406767138,0.999326406767138,1.0,True,True,True
38,speech_act_force_and_request_directness,final,10655,marker_family,val,indirect_request,50,0.5803316562825156,0.5803316562825156,0.8,True,False,True
38,speech_act_force_and_request_directness,final,10655,marker_family,test,performative_speech_act,36,0.0,0.0,0.0,False,False,True
38,speech_act_force_and_request_directness,final,10655,marker_family,test,warning_threat_contrast,14,0.0,0.0,0.0,False,False,True
38,speech_act_force_and_request_directness,final,10655,lexical_domain,train,community_services,69,0.38057819155395284,0.38057819155395284,0.14492753623188406,True,True,True
38,speech_act_force_and_request_directness,final,10655,lexical_domain,train,education,65,0.3919557513711166,0.3919557513711166,0.15384615384615385,True,True,True
38,speech_act_force_and_request_directness,final,10655,lexical_domain,train,engineering,65,0.37194155061833384,0.37194155061833384,0.13846153846153847,True,True,True
38,speech_act_force_and_request_directness,final,10655,lexical_domain,train,healthcare,67,0.3663438913469225,0.3663438913469225,0.13432835820895522,True,True,True
38,speech_act_force_and_request_directness,final,10655,lexical_domain,train,logistics,66,0.3890345488110565,0.3890345488110565,0.15151515151515152,True,True,True
38,speech_act_force_and_request_directness,final,10655,lexical_domain,train,workplace_operations,68,0.3831865780254095,0.3831865780254095,0.14705882352941177,True,True,True
38,speech_act_force_and_request_directness,final,10655,lexical_domain,val,agriculture,24,0.6072940298577381,0.6072940298577381,0.7916666666666666,True,False,True
38,speech_act_force_and_request_directness,final,10655,lexical_domain,val,finance,26,0.5571525438535279,0.5571525438535279,0.8076923076923077,True,False,True
38,speech_act_force_and_request_directness,final,10655,lexical_domain,test,legal,16,0.0,0.0,0.0,False,False,True
38,speech_act_force_and_request_directness,final,10655,lexical_domain,test,public_administration,16,0.0,0.0,0.0,False,False,True
38,speech_act_force_and_request_directness,final,10655,lexical_domain,test,scientific_research,18,0.0,0.0,0.0,False,False,True
39,deixis_and_perspective_anchoring,mean,14441,marker_family,train,demonstrative_deixis,120,0.15811388616329194,0.15811388616329194,0.025,False,True,True
39,deixis_and_perspective_anchoring,mean,14441,marker_family,train,spatial_deixis,120,-0.8078405499340233,0.8078405499340233,0.6666666666666666,True,True,True
39,deixis_and_perspective_anchoring,mean,14441,marker_family,train,temporal_deixis,160,-0.8908014805366647,0.8908014805366647,1.0,True,True,True
39,deixis_and_perspective_anchoring,mean,14441,marker_family,val,person_perspective_shift,50,-0.31622776581791034,0.31622776581791034,0.1,True,False,True
39,deixis_and_perspective_anchoring,mean,14441,marker_family,test,proximal_distal_context,31,-0.34250727313449425,0.34250727313449425,0.12903225806451613,True,False,True
39,deixis_and_perspective_anchoring,mean,14441,marker_family,test,speaker_listener_anchor_shift,19,0.0,0.0,0.0,False,False,True
39,deixis_and_perspective_anchoring,mean,14441,lexical_domain,train,community_services,66,-0.7293820460051194,0.7293820460051194,0.5909090909090909,True,True,True
39,deixis_and_perspective_anchoring,mean,14441,lexical_domain,train,education,67,-0.7244196545330894,0.7244196545330894,0.582089552238806,True,True,True
39,deixis_and_perspective_anchoring,mean,14441,lexical_domain,train,engineering,67,-0.6994646186483242,0.6994646186483242,0.6567164179104478,True,True,True
39,deixis_and_perspective_anchoring,mean,14441,lexical_domain,train,healthcare,67,-0.7622273804371182,0.7622273804371182,0.6119402985074627,True,True,True
39,deixis_and_perspective_anchoring,mean,14441,lexical_domain,train,logistics,67,-0.6116840979673128,0.6116840979673128,0.5970149253731343,True,True,True
39,deixis_and_perspective_anchoring,mean,14441,lexical_domain,train,workplace_operations,66,-0.7611513918719038,0.7611513918719038,0.6060606060606061,True,True,True
39,deixis_and_perspective_anchoring,mean,14441,lexical_domain,val,agriculture,25,0.0,0.0,0.0,False,False,True
39,deixis_and_perspective_anchoring,mean,14441,lexical_domain,val,finance,25,-0.447213619465217,0.447213619465217,0.2,True,False,True
39,deixis_and_perspective_anchoring,mean,14441,lexical_domain,test,legal,17,0.0,0.0,0.0,False,False,True
39,deixis_and_perspective_anchoring,mean,14441,lexical_domain,test,public_administration,16,-0.25,0.25,0.0625,True,False,True
39,deixis_and_perspective_anchoring,mean,14441,lexical_domain,test,scientific_research,17,-0.39958453074415073,0.39958453074415073,0.17647058823529413,True,False,True
39,deixis_and_perspective_anchoring,final,8952,marker_family,train,demonstrative_deixis,120,0.3168287478964744,0.3168287478964744,0.6583333333333333,True,True,True
39,deixis_and_perspective_anchoring,final,8952,marker_family,train,spatial_deixis,120,0.07198528719793762,0.07198528719793762,0.35833333333333334,True,True,True
39,deixis_and_perspective_anchoring,final,8952,marker_family,train,temporal_deixis,160,0.54076866081918,0.54076866081918,0.64375,True,True,True
39,deixis_and_perspective_anchoring,final,8952,marker_family,val,person_perspective_shift,50,0.6743013608449072,0.6743013608449072,0.9,True,False,True
39,deixis_and_perspective_anchoring,final,8952,marker_family,test,proximal_distal_context,31,0.2893040244755065,0.2893040244755065,0.4838709677419355,True,False,True
39,deixis_and_perspective_anchoring,final,8952,marker_family,test,speaker_listener_anchor_shift,19,0.23158797589319524,0.23158797589319524,0.5263157894736842,True,False,True
39,deixis_and_perspective_anchoring,final,8952,lexical_domain,train,community_services,66,0.3697744579872932,0.3697744579872932,0.6363636363636364,True,True,True
39,deixis_and_perspective_anchoring,final,8952,lexical_domain,train,education,67,0.500751111011319,0.500751111011319,0.4626865671641791,True,True,True
39,deixis_and_perspective_anchoring,final,8952,lexical_domain,train,engineering,67,0.39850042763435856,0.39850042763435856,0.5522388059701493,True,True,True
39,deixis_and_perspective_anchoring,final,8952,lexical_domain,train,healthcare,67,0.34871714118043723,0.34871714118043723,0.5373134328358209,True,True,True
39,deixis_and_perspective_anchoring,final,8952,lexical_domain,train,logistics,67,0.056299691864358875,0.056299691864358875,0.6119402985074627,True,True,True
39,deixis_and_perspective_anchoring,final,8952,lexical_domain,train,workplace_operations,66,0.44502326378363577,0.44502326378363577,0.5757575757575758,True,True,True
39,deixis_and_perspective_anchoring,final,8952,lexical_domain,val,agriculture,25,0.7537495407930396,0.7537495407930396,0.8,True,False,True
39,deixis_and_perspective_anchoring,final,8952,lexical_domain,val,finance,25,0.7230011797986299,0.7230011797986299,1.0,True,False,True
39,deixis_and_perspective_anchoring,final,8952,lexical_domain,test,legal,17,0.21281779819156832,0.21281779819156832,0.5882352941176471,True,False,True
39,deixis_and_perspective_anchoring,final,8952,lexical_domain,test,public_administration,16,-0.07583288535084483,0.07583288535084483,0.5,False,False,True
39,deixis_and_perspective_anchoring,final,8952,lexical_domain,test,scientific_research,17,0.42961449563029735,0.42961449563029735,0.4117647058823529,True,False,True
40,orthographic_and_tokenization_interface,mean,3132,marker_family,train,capitalization_variant,134,-0.22571490057005686,0.22571490057005686,0.05223880597014925,True,True,True
40,orthographic_and_tokenization_interface,mean,3132,marker_family,train,punctuation_variant,133,-0.7198420798067087,0.7198420798067087,0.6090225563909775,True,True,True
40,orthographic_and_tokenization_interface,mean,3132,marker_family,train,spacing_variant,133,0.0,0.0,0.0,False,True,True
40,orthographic_and_tokenization_interface,mean,3132,marker_family,val,chinese_punctuation_variant,50,-0.1414213552442627,0.1414213552442627,0.02,True,False,True
40,orthographic_and_tokenization_interface,mean,3132,marker_family,test,mandarin_segmented_control,25,-0.28175581124525595,0.28175581124525595,0.08,True,False,True
40,orthographic_and_tokenization_interface,mean,3132,marker_family,test,mandarin_unsegmented_script,25,0.39453363290122045,0.39453363290122045,0.24,False,False,True
40,orthographic_and_tokenization_interface,mean,3132,lexical_domain,train,community_services,66,0.0,0.0,0.0,False,True,True
40,orthographic_and_tokenization_interface,mean,3132,lexical_domain,train,education,67,0.0,0.0,0.0,False,True,True
40,orthographic_and_tokenization_interface,mean,3132,lexical_domain,train,engineering,67,-0.6842449514369827,0.6842449514369827,0.5522388059701493,True,True,True
40,orthographic_and_tokenization_interface,mean,3132,lexical_domain,train,healthcare,67,-0.26863750735272574,0.26863750735272574,0.07462686567164178,True,True,True
40,orthographic_and_tokenization_interface,mean,3132,lexical_domain,train,logistics,67,-0.1727736844815229,0.1727736844815229,0.029850746268656716,True,True,True
40,orthographic_and_tokenization_interface,mean,3132,lexical_domain,train,workplace_operations,66,-0.7543501494806246,0.7543501494806246,0.6666666666666666,True,True,True
40,orthographic_and_tokenization_interface,mean,3132,lexical_domain,val,agriculture,25,-0.19999999474197505,0.19999999474197505,0.04,True,False,True
40,orthographic_and_tokenization_interface,mean,3132,lexical_domain,val,finance,25,0.0,0.0,0.0,False,False,True
40,orthographic_and_tokenization_interface,mean,3132,lexical_domain,test,legal,17,0.3102990973604128,0.3102990973604128,0.29411764705882354,False,False,True
40,orthographic_and_tokenization_interface,mean,3132,lexical_domain,test,public_administration,16,0.3072195251907982,0.3072195251907982,0.1875,False,False,True
40,orthographic_and_tokenization_interface,mean,3132,lexical_domain,test,scientific_research,17,0.0,0.0,0.0,False,False,True
40,orthographic_and_tokenization_interface,final,4825,marker_family,train,capitalization_variant,134,0.6121722375293321,0.6121722375293321,1.0,True,True,True
40,orthographic_and_tokenization_interface,final,4825,marker_family,train,punctuation_variant,133,0.8446552261647501,0.8446552261647501,1.0,True,True,True
40,orthographic_and_tokenization_interface,final,4825,marker_family,train,spacing_variant,133,0.002091112439358063,0.002091112439358063,1.0,True,True,True
40,orthographic_and_tokenization_interface,final,4825,marker_family,val,chinese_punctuation_variant,50,0.44286776512101933,0.44286776512101933,1.0,True,False,True
40,orthographic_and_tokenization_interface,final,4825,marker_family,test,mandarin_segmented_control,25,-0.26826192088899803,0.26826192088899803,1.0,False,False,True
40,orthographic_and_tokenization_interface,final,4825,marker_family,test,mandarin_unsegmented_script,25,0.5995421694890332,0.5995421694890332,1.0,True,False,True
40,orthographic_and_tokenization_interface,final,4825,lexical_domain,train,community_services,66,0.3250840451034718,0.3250840451034718,1.0,True,True,True
40,orthographic_and_tokenization_interface,final,4825,lexical_domain,train,education,67,-0.19966364857530117,0.19966364857530117,1.0,False,True,True
40,orthographic_and_tokenization_interface,final,4825,lexical_domain,train,engineering,67,0.8065499861747468,0.8065499861747468,1.0,True,True,True
40,orthographic_and_tokenization_interface,final,4825,lexical_domain,train,healthcare,67,0.6036730901876793,0.6036730901876793,1.0,True,True,True
40,orthographic_and_tokenization_interface,final,4825,lexical_domain,train,logistics,67,0.6829370026962276,0.6829370026962276,1.0,True,True,True
40,orthographic_and_tokenization_interface,final,4825,lexical_domain,train,workplace_operations,66,0.8824908443947519,0.8824908443947519,1.0,True,True,True
40,orthographic_and_tokenization_interface,final,4825,lexical_domain,val,agriculture,25,0.2920287545125062,0.2920287545125062,1.0,True,False,True
40,orthographic_and_tokenization_interface,final,4825,lexical_domain,val,finance,25,0.5881165432948143,0.5881165432948143,1.0,True,False,True
40,orthographic_and_tokenization_interface,final,4825,lexical_domain,test,legal,17,0.0932609266520325,0.0932609266520325,1.0,True,False,True
40,orthographic_and_tokenization_interface,final,4825,lexical_domain,test,public_administration,16,0.27273977810818484,0.27273977810818484,1.0,True,False,True
40,orthographic_and_tokenization_interface,final,4825,lexical_domain,test,scientific_research,17,0.2752777658510451,0.2752777658510451,1.0,True,False,True
