variable_id,variable,inspection_grade,ablation_screen_category,split,dose,primary_dose,intervention_kind,target_feature,intervention_feature,feature_high_side,steering_side,train_target_activation_gap,steering_coefficient,baseline_downstream_score,steered_downstream_score,mean_attenuation,attenuation_fraction,attenuation_ci_low,attenuation_ci_high,attenuation_bootstrap_p,mean_final_repr_cosine_to_baseline
1,Subject expression / pro-drop,C,specific_positive,val,0.5,False,target,8041,8041,changed,basis,0.007096752524375895,0.0035483762621879474,0.5333303213119507,0.5327165722846985,0.0006136980652809143,0.0011506903709717184,-0.0006223614886403083,0.001833092555403709,0.30484757621189407,0.9999993403672899
1,Subject expression / pro-drop,C,specific_positive,val,0.5,False,matched_control,8041,9728,changed,basis,0.007096752524375895,0.0035483762621879474,0.5333303213119507,0.5334445238113403,-0.00011416107416152954,-0.0002140532229270263,-0.0009662448540329933,0.0007802675142884255,0.816591704147926,0.9999993749443666
1,Subject expression / pro-drop,C,specific_positive,val,0.5,False,matched_control,8041,7247,changed,basis,0.007096752524375895,0.0035483762621879474,0.5333303213119507,0.5332090258598328,0.00012136667966842651,0.00022756380955403776,-0.0009198825806379317,0.0011390114650130269,0.8495752123938031,0.9999993696366516
1,Subject expression / pro-drop,C,specific_positive,val,0.5,False,matched_control,8041,1302,changed,basis,0.007096752524375895,0.0035483762621879474,0.5333303213119507,0.5335730910301208,-0.00024278968572616577,-0.0004552332316844882,-0.0014439411610364915,0.000878796227276324,0.657671164417791,0.9999993372608997
1,Subject expression / pro-drop,C,specific_positive,val,1.0,True,target,8041,8041,changed,basis,0.007096752524375895,0.007096752524375895,0.5333303213119507,0.5333676338195801,-3.734439611434936e-05,-7.002113816159015e-05,-0.0012908679470419882,0.0010877755507826803,0.9435282358820589,0.9999993356555176
1,Subject expression / pro-drop,C,specific_positive,val,1.0,True,matched_control,8041,9728,changed,basis,0.007096752524375895,0.007096752524375895,0.5333303213119507,0.5331222414970398,0.0002080988883972168,0.00039018761934500536,-0.000932530865073204,0.0013952876627445216,0.7106446776611695,0.9999993351936375
1,Subject expression / pro-drop,C,specific_positive,val,1.0,True,matched_control,8041,7247,changed,basis,0.007096752524375895,0.007096752524375895,0.5333303213119507,0.5342376828193665,-0.0009073999524116516,-0.001701384519409133,-0.0020963066071271897,0.00031855151802301395,0.15592203898050974,0.9999993446067488
1,Subject expression / pro-drop,C,specific_positive,val,1.0,True,matched_control,8041,1302,changed,basis,0.007096752524375895,0.007096752524375895,0.5333303213119507,0.5328772068023682,0.0004530516266822815,0.0008494765974824197,-0.0006606752499938012,0.0017152740731835336,0.4407796101949025,0.9999993246452621
1,Subject expression / pro-drop,C,specific_positive,val,2.0,False,target,8041,8041,changed,basis,0.007096752524375895,0.01419350504875179,0.5333303213119507,0.5338764190673828,-0.0005461493134498596,-0.0010240357460014184,-0.0019356310665607454,0.0007714138850569724,0.463768115942029,0.9999991873191018
1,Subject expression / pro-drop,C,specific_positive,val,2.0,False,matched_control,8041,9728,changed,basis,0.007096752524375895,0.01419350504875179,0.5333303213119507,0.5329674482345581,0.0003628170490264893,0.0006802858088660473,-0.0009515049159526826,0.001652527242898941,0.6026986506746627,0.9999992056564716
1,Subject expression / pro-drop,C,specific_positive,val,2.0,False,matched_control,8041,7247,changed,basis,0.007096752524375895,0.01419350504875179,0.5333303213119507,0.5368441939353943,-0.00351383239030838,-0.006588472940493292,-0.004858143471181393,-0.0022524703666567812,0.0009995002498750624,0.9999991625525075
1,Subject expression / pro-drop,C,specific_positive,val,2.0,False,matched_control,8041,1302,changed,basis,0.007096752524375895,0.01419350504875179,0.5333303213119507,0.5329523086547852,0.0003779837489128113,0.0007087235317560813,-0.0009182029366493226,0.0015417538508772834,0.5547226386806596,0.9999992032482358
1,Subject expression / pro-drop,C,specific_positive,test,0.5,False,target,8041,8041,changed,basis,0.007096752524375895,0.0035483762621879474,0.5156303644180298,0.5151382684707642,0.0004920589923858642,0.0009542862995301496,-0.0006141670942306519,0.0016440360844135282,0.4427786106946527,0.9999992362844605
1,Subject expression / pro-drop,C,specific_positive,test,0.5,False,matched_control,8041,9728,changed,basis,0.007096752524375895,0.0035483762621879474,0.5156303644180298,0.5144729018211365,0.0011574804782867431,0.0022447872704183013,-5.8317616581916794e-05,0.0023785466551780694,0.07296351824087956,0.9999991942033505
1,Subject expression / pro-drop,C,specific_positive,test,0.5,False,matched_control,8041,7247,changed,basis,0.007096752524375895,0.0035483762621879474,0.5156303644180298,0.5139482617378235,0.0016820508241653443,0.0032621252359018925,0.0004931260645389556,0.0028046672940254197,0.0079960019990005,0.9999992260054387
1,Subject expression / pro-drop,C,specific_positive,test,0.5,False,matched_control,8041,1302,changed,basis,0.007096752524375895,0.0035483762621879474,0.5156303644180298,0.5155423283576965,8.797585964202881e-05,0.00017061807394008584,-0.0010210549980401993,0.0012535886019468293,0.8925537231384307,0.9999992433420879
1,Subject expression / pro-drop,C,specific_positive,test,1.0,True,target,8041,8041,changed,basis,0.007096752524375895,0.007096752524375895,0.5156303644180298,0.5150778293609619,0.0005524319410324097,0.0010713720121116534,-0.0006579717248678207,0.0017812451422214502,0.34382808595702147,0.9999992024954012
1,Subject expression / pro-drop,C,specific_positive,test,1.0,True,matched_control,8041,9728,changed,basis,0.007096752524375895,0.007096752524375895,0.5156303644180298,0.5140716433525085,0.0015587151050567628,0.0030229311782598734,0.0003379502445459366,0.002800463497638702,0.01199400299850075,0.9999991881510434
1,Subject expression / pro-drop,C,specific_positive,test,1.0,True,matched_control,8041,7247,changed,basis,0.007096752524375895,0.007096752524375895,0.5156303644180298,0.5163070559501648,-0.0006767749786376953,-0.0013125196368168554,-0.002063742309808731,0.0007471518218517293,0.3748125937031484,0.9999991722613369
1,Subject expression / pro-drop,C,specific_positive,test,1.0,True,matched_control,8041,1302,changed,basis,0.007096752524375895,0.007096752524375895,0.5156303644180298,0.5150551795959473,0.0005751693248748779,0.0011154682977680091,-0.0008344179391860962,0.0019103141129016847,0.39980009995002497,0.9999992192066114
1,Subject expression / pro-drop,C,specific_positive,test,2.0,False,target,8041,8041,changed,basis,0.007096752524375895,0.01419350504875179,0.5156303644180298,0.5164275169372559,-0.0007972604036331176,-0.0015461859088398563,-0.002139896109700203,0.000597776859998703,0.25487256371814093,0.9999990456352619
1,Subject expression / pro-drop,C,specific_positive,test,2.0,False,matched_control,8041,9728,changed,basis,0.007096752524375895,0.01419350504875179,0.5156303644180298,0.5144258737564087,0.0012044429779052735,0.002335865110008945,0.00013101384043693543,0.0023403519243001933,0.026986506746626688,0.9999990651257508
1,Subject expression / pro-drop,C,specific_positive,test,2.0,False,matched_control,8041,7247,changed,basis,0.007096752524375895,0.01419350504875179,0.5156303644180298,0.5188624858856201,-0.0032321500778198244,-0.00626834705800892,-0.004839123785495759,-0.001639462903141977,0.0009995002498750624,0.9999990525736178
1,Subject expression / pro-drop,C,specific_positive,test,2.0,False,matched_control,8041,1302,changed,basis,0.007096752524375895,0.01419350504875179,0.5156303644180298,0.5158485770225525,-0.0002182692289352417,-0.00042330561580017297,-0.001759026050567627,0.0011973446756601324,0.7926036981509246,0.9999990329420066
2,basic_constituent_order,C,positive_control_advantage,val,0.5,False,target,932,932,changed,basis,0.016185056505492,0.008092528252746,0.8003606200218201,0.8005053997039795,-0.00014452897012233733,-0.0001805798117833397,-0.0012970298202708364,0.001027275135740637,0.8265867066466767,0.999998913072327
2,basic_constituent_order,C,positive_control_advantage,val,0.5,False,matched_control,932,1887,changed,basis,0.016185056505492,0.008092528252746,0.8003606200218201,0.8006833791732788,-0.00032260645180940626,-0.00040307636800097826,-0.0012396489372476934,0.000610136920586228,0.5247376311844077,0.999998943155382
2,basic_constituent_order,C,positive_control_advantage,val,0.5,False,matched_control,932,1302,changed,basis,0.016185056505492,0.008092528252746,0.8003606200218201,0.8024991750717163,-0.0021384082362055777,-0.002671805911874173,-0.0033746444368734953,-0.0008969167433679117,0.001999000499750125,0.9999988629723756
2,basic_constituent_order,C,positive_control_advantage,val,0.5,False,matched_control,932,7136,changed,basis,0.016185056505492,0.008092528252746,0.8003606200218201,0.801276683807373,-0.0009159637242555619,-0.0011444387709012847,-0.001664191646501422,-0.00011564460583031185,0.01999000499750125,0.999998922546667
2,basic_constituent_order,C,positive_control_advantage,val,1.0,True,target,932,932,changed,basis,0.016185056505492,0.016185056505492,0.8003606200218201,0.7998223900794983,0.0005382733047008515,0.0006725384673301101,-0.00043011001590639354,0.0014864252004772424,0.24087956021989004,0.9999988393982346
2,basic_constituent_order,C,positive_control_advantage,val,1.0,True,matched_control,932,1887,changed,basis,0.016185056505492,0.016185056505492,0.8003606200218201,0.7990518808364868,0.001308850795030594,0.0016353263295174505,6.100166309624911e-05,0.0024975910177454353,0.04397801099450275,0.9999987548983501
2,basic_constituent_order,C,positive_control_advantage,val,1.0,True,matched_control,932,1302,changed,basis,0.016185056505492,0.016185056505492,0.8003606200218201,0.8007155656814575,-0.00035483404994010923,-0.0004433427146008701,-0.0014020810518413783,0.0007322348179295653,0.4827586206896552,0.9999987712098782
2,basic_constituent_order,C,positive_control_advantage,val,1.0,True,matched_control,932,7136,changed,basis,0.016185056505492,0.016185056505492,0.8003606200218201,0.7995871901512146,0.0007735079154372216,0.0009664492431126029,-0.00018587212171405554,0.0017533139176666734,0.10394802598700649,0.9999987785960578
2,basic_constituent_order,C,positive_control_advantage,val,2.0,False,target,932,932,changed,basis,0.016185056505492,0.032370113010984,0.8003606200218201,0.796479344367981,0.0038813553005456925,0.004849508088541232,0.002279039578512311,0.005462034605443478,0.0009995002498750624,0.9999983894934528
2,basic_constituent_order,C,positive_control_advantage,val,2.0,False,matched_control,932,1887,changed,basis,0.016185056505492,0.032370113010984,0.8003606200218201,0.7994014024734497,0.0009592797607183457,0.0011985594202425815,-0.00025167391542345286,0.002214812209829688,0.12493753123438281,0.9999979409634008
2,basic_constituent_order,C,positive_control_advantage,val,2.0,False,matched_control,932,1302,changed,basis,0.016185056505492,0.032370113010984,0.8003606200218201,0.7991266846656799,0.0012340523302555085,0.001541870376158518,2.0902942866086995e-05,0.002479954283684492,0.050974512743628186,0.9999980191976396
2,basic_constituent_order,C,positive_control_advantage,val,2.0,False,matched_control,932,7136,changed,basis,0.016185056505492,0.032370113010984,0.8003606200218201,0.800639808177948,-0.0002791265770792961,-0.00034875101310167703,-0.0013178081149235368,0.000808054683730006,0.592703648175912,0.9999982136764478
2,basic_constituent_order,C,positive_control_advantage,test,0.5,False,target,932,932,changed,basis,0.016185056505492,0.008092528252746,0.17077083885669708,0.16949032247066498,0.001280488520860672,0.007498285593919219,0.00011909957602620126,0.0024324538484215715,0.028985507246376812,0.9999987305796667
2,basic_constituent_order,C,positive_control_advantage,test,0.5,False,matched_control,932,1887,changed,basis,0.016185056505492,0.008092528252746,0.17077083885669708,0.16970735788345337,0.001063435524702072,0.00622726650417439,2.8323825448751462e-05,0.002143540903925895,0.04097951024487756,0.999998779420122
2,basic_constituent_order,C,positive_control_advantage,test,0.5,False,matched_control,932,1302,changed,basis,0.016185056505492,0.008092528252746,0.17077083885669708,0.17163141071796417,-0.0008605721592903137,-0.005039339064279386,-0.002118981033563614,0.00043496567755937514,0.1969015492253873,0.9999987260244123
2,basic_constituent_order,C,positive_control_advantage,test,0.5,False,matched_control,932,7136,changed,basis,0.016185056505492,0.008092528252746,0.17077083885669708,0.1698681116104126,0.0009026928246021271,0.0052859892862599615,-8.082586154341697e-05,0.0018717432543635358,0.08095952023988005,0.9999988066413894
2,basic_constituent_order,C,positive_control_advantage,test,1.0,True,target,932,932,changed,basis,0.016185056505492,0.016185056505492,0.17077083885669708,0.16893833875656128,0.0018324911594390868,0.01073070303868934,0.0006231272518634796,0.0031089857593178745,0.005997001499250375,0.9999986326471795
2,basic_constituent_order,C,positive_control_advantage,test,1.0,True,matched_control,932,1887,changed,basis,0.016185056505492,0.016185056505492,0.17077083885669708,0.1686888486146927,0.002081952542066574,0.012191499181037879,0.0009390072040259839,0.003212228458374738,0.0009995002498750624,0.9999985834040922
2,basic_constituent_order,C,positive_control_advantage,test,1.0,True,matched_control,932,1302,changed,basis,0.016185056505492,0.016185056505492,0.17077083885669708,0.1700347661972046,0.0007360440492630005,0.004310127268746711,-0.0004746057614684105,0.001990992948412895,0.2368815592203898,0.9999986054015383
2,basic_constituent_order,C,positive_control_advantage,test,1.0,True,matched_control,932,7136,changed,basis,0.016185056505492,0.016185056505492,0.17077083885669708,0.1696583777666092,0.0011124475300312042,0.006514271039944461,-4.1893426328897464e-05,0.00213734545186162,0.06196901549225387,0.9999986141253163
2,basic_constituent_order,C,positive_control_advantage,test,2.0,False,target,932,932,changed,basis,0.016185056505492,0.032370113010984,0.17077083885669708,0.1662525236606598,0.004518290460109711,0.02645820849952754,0.0033923831135034563,0.005590336799621582,0.0009995002498750624,0.9999982071510124
2,basic_constituent_order,C,positive_control_advantage,test,2.0,False,matched_control,932,1887,changed,basis,0.016185056505492,0.032370113010984,0.17077083885669708,0.16725580394268036,0.0035149987041950227,0.020583131919523132,0.0024441471174359323,0.004537572875618934,0.0009995002498750624,0.9999978340516378
2,basic_constituent_order,C,positive_control_advantage,test,2.0,False,matched_control,932,1302,changed,basis,0.016185056505492,0.032370113010984,0.17077083885669708,0.16943441331386566,0.001336383819580078,0.007825597324034398,0.00020294349640607835,0.0025253731682896587,0.020989505247376312,0.9999979367558324
2,basic_constituent_order,C,positive_control_advantage,test,2.0,False,matched_control,932,7136,changed,basis,0.016185056505492,0.032370113010984,0.17077083885669708,0.1693824976682663,0.001388322412967682,0.008129739376245011,0.00023545532673597338,0.0025577554926276194,0.021989005497251374,0.9999980677421186
3,nominal_modifier_order,C,positive_control_advantage,val,0.5,False,target,4426,4426,basis,changed,0.014806400751694999,0.007403200375847499,0.02239079400897026,0.021387014538049698,0.0010037770494818687,0.044829899693585355,-0.0008952874289825559,0.0030573928561061585,0.30684657671164417,0.999998610293902
3,nominal_modifier_order,C,positive_control_advantage,val,0.5,False,matched_control,4426,8685,basis,changed,0.014806400751694999,0.007403200375847499,0.02239079400897026,0.01952778734266758,0.002863005995750427,0.12786531797860504,0.0006886486113071443,0.005096592942252754,0.005997001499250375,0.9999985958079921
3,nominal_modifier_order,C,positive_control_advantage,val,0.5,False,matched_control,4426,1385,basis,changed,0.014806400751694999,0.007403200375847499,0.02239079400897026,0.019290531054139137,0.0031002575159072877,0.1384612584379658,0.0007803747318685055,0.005311662688851356,0.005997001499250375,0.9999985633526933
3,nominal_modifier_order,C,positive_control_advantage,val,0.5,False,matched_control,4426,12995,basis,changed,0.014806400751694999,0.007403200375847499,0.02239079400897026,0.019578292965888977,0.002812497429549694,0.12560954419137366,0.0011084393355995416,0.004583306663669645,0.004997501249375313,0.9999986253795072
3,nominal_modifier_order,C,positive_control_advantage,val,1.0,True,target,4426,4426,basis,changed,0.014806400751694999,0.014806400751694999,0.02239079400897026,0.021869592368602753,0.0005211998522281646,0.02327741713935469,-0.001669191863387823,0.00266838190332055,0.6596701649175413,0.999998528744267
3,nominal_modifier_order,C,positive_control_advantage,val,1.0,True,matched_control,4426,8685,basis,changed,0.014806400751694999,0.014806400751694999,0.02239079400897026,0.020057907328009605,0.002332884818315506,0.10418946364210663,0.000376553038135171,0.004324771255254741,0.0239880059970015,0.9999985632174204
3,nominal_modifier_order,C,positive_control_advantage,val,1.0,True,matched_control,4426,1385,basis,changed,0.014806400751694999,0.014806400751694999,0.02239079400897026,0.020727500319480896,0.001663288101553917,0.074284462662984,-0.0005272896736860274,0.0037558458866551476,0.12893553223388307,0.9999984703200313
3,nominal_modifier_order,C,positive_control_advantage,val,1.0,True,matched_control,4426,12995,basis,changed,0.014806400751694999,0.014806400751694999,0.02239079400897026,0.017625631764531136,0.004765157550573349,0.2128177119875391,0.0034771336372941735,0.006134588444605469,0.0009995002498750624,0.9999985437814273
3,nominal_modifier_order,C,positive_control_advantage,val,2.0,False,target,4426,4426,basis,changed,0.014806400751694999,0.029612801503389997,0.02239079400897026,0.019663603976368904,0.0027271862141788005,0.12179944190841235,0.00030652896128594877,0.005087115055415776,0.028985507246376812,0.9999980856911194
3,nominal_modifier_order,C,positive_control_advantage,val,2.0,False,matched_control,4426,8685,basis,changed,0.014806400751694999,0.029612801503389997,0.02239079400897026,0.02349216863512993,-0.0011013788357377052,-0.0491889137694924,-0.0034114179220050573,0.0012205917965620705,0.36081959020489757,0.9999981392420687
3,nominal_modifier_order,C,positive_control_advantage,val,2.0,False,matched_control,4426,1385,basis,changed,0.014806400751694999,0.029612801503389997,0.02239079400897026,0.020571038126945496,0.0018197564408183099,0.08127252834755544,-0.0004273806512355804,0.004124677713029082,0.12893553223388307,0.9999978040616229
3,nominal_modifier_order,C,positive_control_advantage,val,2.0,False,matched_control,4426,12995,basis,changed,0.014806400751694999,0.029612801503389997,0.02239079400897026,0.012272214516997337,0.010118575245141983,0.45190783502756765,0.008068936547264456,0.012333049952052534,0.0009995002498750624,0.9999979761474895
3,nominal_modifier_order,C,positive_control_advantage,test,0.5,False,target,4426,4426,basis,changed,0.014806400751694999,0.007403200375847499,0.11259298026561737,0.11258793622255325,5.047563463449478e-06,4.4830179035511835e-05,-0.0022176571106538178,0.0022585083660669586,0.992503748125937,0.9999986682613107
3,nominal_modifier_order,C,positive_control_advantage,test,0.5,False,matched_control,4426,8685,basis,changed,0.014806400751694999,0.007403200375847499,0.11259298026561737,0.11316104978322983,-0.0005680589377880097,-0.005045242931201443,-0.003066128382459283,0.002008926890790462,0.6146926536731634,0.9999986825069206
3,nominal_modifier_order,C,positive_control_advantage,test,0.5,False,matched_control,4426,1385,basis,changed,0.014806400751694999,0.007403200375847499,0.11259298026561737,0.11338149756193161,-0.0007885061390697956,-0.007003155411728475,-0.0031476765344850715,0.0015959235937334556,0.5037481259370314,0.9999986697512747
3,nominal_modifier_order,C,positive_control_advantage,test,0.5,False,matched_control,4426,12995,basis,changed,0.014806400751694999,0.007403200375847499,0.11259298026561737,0.11015677452087402,0.0024362076073884964,0.02163729569677661,0.000245969133451581,0.004735922459512948,0.025987006496751622,0.9999986653306228
3,nominal_modifier_order,C,positive_control_advantage,test,1.0,True,target,4426,4426,basis,changed,0.014806400751694999,0.014806400751694999,0.11259298026561737,0.11178603768348694,0.0008069534972310066,0.0071669965154783875,-0.001557575878687203,0.0031361939208582016,0.4877561219390305,0.9999985459323721
3,nominal_modifier_order,C,positive_control_advantage,test,1.0,True,matched_control,4426,8685,basis,changed,0.014806400751694999,0.014806400751694999,0.11259298026561737,0.11122637987136841,0.0013666095584630967,0.012137608892127527,-0.0014218887202441693,0.0044627146422863,0.3638180909545227,0.9999984648113276
3,nominal_modifier_order,C,positive_control_advantage,test,1.0,True,matched_control,4426,1385,basis,changed,0.014806400751694999,0.014806400751694999,0.11259298026561737,0.1123955175280571,0.00019746787846088408,0.001753820513455092,-0.0024272421076893804,0.002802649538964031,0.8995502248875562,0.9999984880299633
3,nominal_modifier_order,C,positive_control_advantage,test,1.0,True,matched_control,4426,12995,basis,changed,0.014806400751694999,0.014806400751694999,0.11259298026561737,0.10996775329113007,0.002625235840678215,0.02331615909344471,0.0008491737768054009,0.0044135022684931744,0.0029985007496251873,0.9999985422981124
3,nominal_modifier_order,C,positive_control_advantage,test,2.0,False,target,4426,4426,basis,changed,0.014806400751694999,0.029612801503389997,0.11259298026561737,0.11016259342432022,0.0024303977563977243,0.021585695224197714,-0.00011023247335106132,0.004886633059941231,0.06996501749125437,0.9999981634946609
3,nominal_modifier_order,C,positive_control_advantage,test,2.0,False,matched_control,4426,8685,basis,changed,0.014806400751694999,0.029612801503389997,0.11259298026561737,0.1168888509273529,-0.004295851029455662,-0.03815380869501231,-0.006687676359899342,-0.0017970899427309653,0.0009995002498750624,0.9999981866209273
3,nominal_modifier_order,C,positive_control_advantage,test,2.0,False,matched_control,4426,1385,basis,changed,0.014806400751694999,0.029612801503389997,0.11259298026561737,0.11261852085590363,-2.553654834628105e-05,-0.00022680408926060882,-0.00243408563034609,0.0022154240556992583,0.992503748125937,0.9999978756020212
3,nominal_modifier_order,C,positive_control_advantage,test,2.0,False,matched_control,4426,12995,basis,changed,0.014806400751694999,0.029612801503389997,0.11259298026561737,0.10519731789827347,0.007395659610629082,0.06568490853676694,0.005556603397242725,0.00940771168284118,0.0009995002498750624,0.9999980476885365
4,case_marking,B,null_or_reverse,val,0.5,False,target,13269,13269,changed,basis,0.0063829266000539,0.00319146330002695,1.016333818435669,1.017082691192627,-0.0007487253844738007,-0.0007366923848172557,-0.0022586658112704753,0.0008252478428184979,0.35082458770614694,0.9999985275341203
4,case_marking,B,null_or_reverse,val,0.5,False,matched_control,13269,6618,changed,basis,0.0063829266000539,0.00319146330002695,1.016333818435669,1.0162047147750854,0.00012928217649459838,0.0001272044422309869,-0.0015815489217638969,0.0018842133134603484,0.8645677161419291,0.9999983754975134
4,case_marking,B,null_or_reverse,val,0.5,False,matched_control,13269,4814,changed,basis,0.0063829266000539,0.00319146330002695,1.016333818435669,1.0155571699142456,0.0007767222821712493,0.0007642393356218065,-0.0008743716776371002,0.002492295566946267,0.3598200899550225,0.9999983836651186
4,case_marking,B,null_or_reverse,val,0.5,False,matched_control,13269,12995,changed,basis,0.0063829266000539,0.00319146330002695,1.016333818435669,1.0156171321868896,0.0007168485224246979,0.0007053278257807697,-0.0011286473236978055,0.0023949015922844403,0.3938030984507746,0.9999983682644047
4,case_marking,B,null_or_reverse,val,1.0,True,target,13269,13269,changed,basis,0.0063829266000539,0.0063829266000539,1.016333818435669,1.0158463716506958,0.0004876472055912018,0.00047981007494347043,-0.0011712569817900658,0.0021512825600802877,0.6006996501749126,0.9999984402582824
4,case_marking,B,null_or_reverse,val,1.0,True,matched_control,13269,6618,changed,basis,0.0063829266000539,0.0063829266000539,1.016333818435669,1.0148773193359375,0.001456616520881653,0.0014332067815313503,-0.0002675820589065552,0.003230893343687056,0.10094952523738131,0.9999983765145782
4,case_marking,B,null_or_reverse,val,1.0,True,matched_control,13269,4814,changed,basis,0.0063829266000539,0.0063829266000539,1.016333818435669,1.0188655853271484,-0.0025316357612609865,-0.0024909490517177274,-0.00456769061088562,-0.0004621192291378983,0.017991004497751123,0.9999984226899258
4,case_marking,B,null_or_reverse,val,1.0,True,matched_control,13269,12995,changed,basis,0.0063829266000539,0.0063829266000539,1.016333818435669,1.016186237335205,0.00014758944511413573,0.0001452174890148829,-0.0016630701869726182,0.0018736626654863354,0.8445777111444278,0.9999983976131493
4,case_marking,B,null_or_reverse,val,2.0,False,target,13269,13269,changed,basis,0.0063829266000539,0.0127658532001078,1.016333818435669,1.0172802209854126,-0.0009463295340538025,-0.0009311207763512029,-0.0028457452207803725,0.0009040706530213347,0.3378310844577711,0.999998130104489
4,case_marking,B,null_or_reverse,val,2.0,False,matched_control,13269,6618,changed,basis,0.0063829266000539,0.0127658532001078,1.016333818435669,1.0181586742401123,-0.0018246763944625855,-0.00179535144985248,-0.00393989098072052,0.0001501662731170647,0.07296351824087956,0.9999980852550917
4,case_marking,B,null_or_reverse,val,2.0,False,matched_control,13269,4814,changed,basis,0.0063829266000539,0.0127658532001078,1.016333818435669,1.020613670349121,-0.004279686212539673,-0.004210906037867483,-0.0058658446818590166,-0.0027252555340528503,0.0009995002498750624,0.9999982247580834
4,case_marking,B,null_or_reverse,val,2.0,False,matched_control,13269,12995,changed,basis,0.0063829266000539,0.0127658532001078,1.016333818435669,1.0178062915802002,-0.001472296267747879,-0.0014486345342852244,-0.0033824167139828204,0.0005806049257516855,0.15092453773113443,0.9999981840984506
4,case_marking,B,null_or_reverse,test,0.5,False,target,13269,13269,changed,basis,0.0063829266000539,0.00319146330002695,0.836494505405426,0.8392767906188965,-0.002782292366027832,-0.0033261334629799285,-0.0045180805623531335,-0.0012778704911470416,0.0009995002498750624,0.9999983735387952
4,case_marking,B,null_or_reverse,test,0.5,False,matched_control,13269,6618,changed,basis,0.0063829266000539,0.00319146330002695,0.836494505405426,0.836824893951416,-0.0003303462266921997,-0.0003949173898423755,-0.001833561435341835,0.0010748658776283256,0.623688155922039,0.9999983840858839
4,case_marking,B,null_or_reverse,test,0.5,False,matched_control,13269,4814,changed,basis,0.0063829266000539,0.00319146330002695,0.836494505405426,0.8384494781494141,-0.001954999566078186,-0.0023371337808497034,-0.003422141522169113,-0.0005202111899852756,0.008995502248875561,0.9999984057052153
4,case_marking,B,null_or_reverse,test,0.5,False,matched_control,13269,12995,changed,basis,0.0063829266000539,0.00319146330002695,0.836494505405426,0.8368736505508423,-0.00037910163402557376,-0.0004532027784711312,-0.0019110886752605437,0.0010994379371404642,0.6136931534232883,0.9999983594591018
4,case_marking,B,null_or_reverse,test,1.0,True,target,13269,13269,changed,basis,0.0063829266000539,0.0063829266000539,0.836494505405426,0.8376346826553345,-0.00114016592502594,-0.0013630285885420524,-0.002637923032045364,0.00037231627106666415,0.15292353823088456,0.9999984114763799
4,case_marking,B,null_or_reverse,test,1.0,True,matched_control,13269,6618,changed,basis,0.0063829266000539,0.0063829266000539,0.836494505405426,0.8376137614250183,-0.0011193180084228516,-0.0013381056315251573,-0.0027950202375650406,0.0005087482333183287,0.1519240379810095,0.999998274596325
4,case_marking,B,null_or_reverse,test,1.0,True,matched_control,13269,4814,changed,basis,0.0063829266000539,0.0063829266000539,0.836494505405426,0.8391160368919373,-0.002621617317199707,-0.003134052047274454,-0.0039005316346883774,-0.001271547153592112,0.0009995002498750624,0.9999983399743674
4,case_marking,B,null_or_reverse,test,1.0,True,matched_control,13269,12995,changed,basis,0.0063829266000539,0.0063829266000539,0.836494505405426,0.83625328540802,0.00024124324321746825,0.00028839788146671,-0.0015583176910877227,0.0019782047271728483,0.7926036981509246,0.9999983421094457
4,case_marking,B,null_or_reverse,test,2.0,False,target,13269,13269,changed,basis,0.0063829266000539,0.0127658532001078,0.836494505405426,0.8362811207771301,0.00021328985691070556,0.0002549805832942439,-0.0014728438705205917,0.0019185893237590775,0.7976011994002998,0.9999980752960761
4,case_marking,B,null_or_reverse,test,2.0,False,matched_control,13269,6618,changed,basis,0.0063829266000539,0.0127658532001078,0.836494505405426,0.8381821513175964,-0.0016876482963562012,-0.0020175246644785123,-0.0032712416648864747,-0.00011727634072303807,0.030984507746126936,0.9999980921285192
4,case_marking,B,null_or_reverse,test,2.0,False,matched_control,13269,4814,changed,basis,0.0063829266000539,0.0127658532001078,0.836494505405426,0.8407378196716309,-0.004243274331092835,-0.005072686435682247,-0.005934632435441017,-0.002788216382265091,0.0009995002498750624,0.9999981534264352
4,case_marking,B,null_or_reverse,test,2.0,False,matched_control,13269,12995,changed,basis,0.0063829266000539,0.0127658532001078,0.836494505405426,0.837221622467041,-0.000727195143699646,-0.0008693364260022178,-0.0023379216045141217,0.0009402686059474939,0.3918040979510245,0.9999981738349751
5,morphosyntactic_alignment,D,null_or_reverse,val,0.5,False,target,7247,7247,basis,changed,0.018862634897232,0.009431317448616,0.7789384722709656,0.7779380083084106,0.001000436395406723,0.0012843586894482032,-0.001984536800533533,0.004000977741554378,0.5367316341829086,0.999998629320444
5,morphosyntactic_alignment,D,null_or_reverse,val,0.5,False,matched_control,7247,1302,basis,changed,0.018862634897232,0.009431317448616,0.7789384722709656,0.7748293280601501,0.004109156802296638,0.005275329115939731,0.0013017777316272259,0.006613855419680475,0.0029985007496251873,0.9999986329411966
5,morphosyntactic_alignment,D,null_or_reverse,val,0.5,False,matched_control,7247,8041,basis,changed,0.018862634897232,0.009431317448616,0.7789384722709656,0.7762744426727295,0.0026640602201223372,0.003420116369853155,-0.0003974838629364967,0.005686720542609691,0.09495252373813093,0.9999985926615321
5,morphosyntactic_alignment,D,null_or_reverse,val,0.5,False,matched_control,7247,9728,basis,changed,0.018862634897232,0.009431317448616,0.7789384722709656,0.7772372364997864,0.0017012572288513184,0.0021840713861408945,-0.001121084712445736,0.004494310338050126,0.223888055972014,0.999998606245039
5,morphosyntactic_alignment,D,null_or_reverse,val,1.0,True,target,7247,7247,basis,changed,0.018862634897232,0.018862634897232,0.7789384722709656,0.7781685590744019,0.0007699435949325562,0.0009884523904536578,-0.0018320126589387654,0.003419893173500893,0.5417291354322838,0.9999984662703215
5,morphosyntactic_alignment,D,null_or_reverse,val,1.0,True,matched_control,7247,1302,basis,changed,0.018862634897232,0.018862634897232,0.7789384722709656,0.7796812653541565,-0.0007426767796278,-0.0009534472953461317,-0.0037728881631046533,0.002314593523740764,0.6426786606696652,0.9999983211047498
5,morphosyntactic_alignment,D,null_or_reverse,val,1.0,True,matched_control,7247,8041,basis,changed,0.018862634897232,0.018862634897232,0.7789384722709656,0.7773129343986511,0.00162561297416687,0.002086959409550612,-0.0014690498821437357,0.004636548925191163,0.2958520739630185,0.9999983807685615
5,morphosyntactic_alignment,D,null_or_reverse,val,1.0,True,matched_control,7247,9728,basis,changed,0.018862634897232,0.018862634897232,0.7789384722709656,0.7763276696205139,0.0026108644902706145,0.0033518237745514584,-0.0004580870736390352,0.00581273772381246,0.10394802598700649,0.9999983043689366
5,morphosyntactic_alignment,D,null_or_reverse,val,2.0,False,target,7247,7247,basis,changed,0.018862634897232,0.037725269794464,0.7789384722709656,0.7806658744812012,-0.0017273423448204994,-0.0022175594174781202,-0.005077425510622562,0.00149789662938565,0.31284357821089454,0.9999975752320874
5,morphosyntactic_alignment,D,null_or_reverse,val,2.0,False,matched_control,7247,1302,basis,changed,0.018862634897232,0.037725269794464,0.7789384722709656,0.7761151194572449,0.0028233131021261214,0.0036245649722433907,-0.0002200256735086441,0.005954408833757039,0.0769615192403798,0.9999972265089212
5,morphosyntactic_alignment,D,null_or_reverse,val,2.0,False,matched_control,7247,8041,basis,changed,0.018862634897232,0.037725269794464,0.7789384722709656,0.7773389220237732,0.001599503383040428,0.002053439957044536,-0.002078126868233085,0.005042130259796976,0.40679660169915044,0.9999973570959915
5,morphosyntactic_alignment,D,null_or_reverse,val,2.0,False,matched_control,7247,9728,basis,changed,0.018862634897232,0.037725269794464,0.7789384722709656,0.7708006501197815,0.008137842640280724,0.01044734973297076,0.004733784528449178,0.011568586111068726,0.0009995002498750624,0.9999972437686054
5,morphosyntactic_alignment,D,null_or_reverse,test,0.5,False,target,7247,7247,basis,changed,0.018862634897232,0.009431317448616,1.038769245147705,1.038692593574524,7.651515305042267e-05,7.365943245609163e-05,-0.002592471143230796,0.0027372367195785045,0.9705147426286856,0.999998630132205
5,morphosyntactic_alignment,D,null_or_reverse,test,0.5,False,matched_control,7247,1302,basis,changed,0.018862634897232,0.009431317448616,1.038769245147705,1.0380957126617432,0.0006734896451234818,0.0006483534704839251,-0.002395119408145547,0.003765345888212323,0.6756621689155422,0.9999985574511341
5,morphosyntactic_alignment,D,null_or_reverse,test,0.5,False,matched_control,7247,8041,basis,changed,0.018862634897232,0.009431317448616,1.038769245147705,1.0383714437484741,0.00039778679609298707,0.0003829404826443671,-0.0025441852807998656,0.0034246099106967445,0.8115942028985508,0.9999985833197171
5,morphosyntactic_alignment,D,null_or_reverse,test,0.5,False,matched_control,7247,9728,basis,changed,0.018862634897232,0.009431317448616,1.038769245147705,1.0381290912628174,0.0006401291489601135,0.000616238064373086,-0.002145602308213711,0.0033187650870531793,0.6476761619190404,0.999998570914478
5,morphosyntactic_alignment,D,null_or_reverse,test,1.0,True,target,7247,7247,basis,changed,0.018862634897232,0.018862634897232,1.038769245147705,1.0435662269592285,-0.004797209426760674,-0.004618166593947,-0.008356815446168186,-0.0013123587798327208,0.00399800099950025,0.9999983499440259
5,morphosyntactic_alignment,D,null_or_reverse,test,1.0,True,matched_control,7247,1302,basis,changed,0.018862634897232,0.018862634897232,1.038769245147705,1.0425812005996704,-0.003812045976519585,-0.00366977169792656,-0.0071788002569228414,-0.0004705302603542818,0.0239880059970015,0.9999982733401334
5,morphosyntactic_alignment,D,null_or_reverse,test,1.0,True,matched_control,7247,8041,basis,changed,0.018862634897232,0.018862634897232,1.038769245147705,1.0437192916870117,-0.004950098320841789,-0.004765349324659609,-0.008052544100210071,-0.0018143891487270617,0.00399800099950025,0.9999982622436677
5,morphosyntactic_alignment,D,null_or_reverse,test,1.0,True,matched_control,7247,9728,basis,changed,0.018862634897232,0.018862634897232,1.038769245147705,1.0386686325073242,0.00010064482688903808,9.68885316533675e-05,-0.0040086438469588755,0.004115071393549439,0.9665167416291854,0.9999982804158626
5,morphosyntactic_alignment,D,null_or_reverse,test,2.0,False,target,7247,7247,basis,changed,0.018862634897232,0.037725269794464,1.038769245147705,1.041856050491333,-0.003086834326386452,-0.002971626606010585,-0.005822965268045664,-0.0002200239524245302,0.04297851074462768,0.9999975529044771
5,morphosyntactic_alignment,D,null_or_reverse,test,2.0,False,matched_control,7247,1302,basis,changed,0.018862634897232,0.037725269794464,1.038769245147705,1.0444061756134033,-0.0056370701640844345,-0.005426681806778835,-0.009339782485738397,-0.0019623610042035586,0.001999000499750125,0.9999970499329683
5,morphosyntactic_alignment,D,null_or_reverse,test,2.0,False,matched_control,7247,8041,basis,changed,0.018862634897232,0.037725269794464,1.038769245147705,1.0387787818908691,-9.760186076164246e-06,-9.39591359847819e-06,-0.0035216765701770784,0.0031465150583535385,0.9985007496251874,0.9999974172291728
5,morphosyntactic_alignment,D,null_or_reverse,test,2.0,False,matched_control,7247,9728,basis,changed,0.018862634897232,0.037725269794464,1.038769245147705,1.03568696975708,0.003082233965396881,0.0029671979410197218,-0.0005514646284282207,0.006319307964295144,0.09195402298850575,0.9999974225791725
6,transitivity_valency,C,specific_positive,val,0.5,False,target,164,164,changed,basis,0.11584952473640447,0.05792476236820224,0.34587356448173523,0.3504568040370941,-0.004583280980587006,-0.0132513191271345,-0.006840863846242428,-0.0022462277486920363,0.0009995002498750624,0.9999960721321106
6,transitivity_valency,C,specific_positive,val,0.5,False,matched_control,164,7247,changed,basis,0.11584952473640447,0.05792476236820224,0.34587356448173523,0.3442716598510742,0.0016018669307231903,0.004631365606456405,-0.0005843649953603744,0.003886403862386942,0.1549225387306347,0.9999963570878162
6,transitivity_valency,C,specific_positive,val,0.5,False,matched_control,164,8041,changed,basis,0.11584952473640447,0.05792476236820224,0.34587356448173523,0.3600710928440094,-0.014197555296123028,-0.04104839673826176,-0.016214591653086245,-0.012130974796600642,0.0009995002498750624,0.9999962634466486
6,transitivity_valency,C,specific_positive,val,0.5,False,matched_control,164,9728,changed,basis,0.11584952473640447,0.05792476236820224,0.34587356448173523,0.3434295952320099,0.002443923279643059,0.007065944121242943,0.000393175108358264,0.0043989821206778254,0.022988505747126436,0.9999962224117579
6,transitivity_valency,C,specific_positive,val,1.0,True,target,164,164,changed,basis,0.11584952473640447,0.11584952473640447,0.34587356448173523,0.34693458676338196,-0.001061043068766594,-0.0030677194724508215,-0.004358401358127594,0.0024441070742905135,0.5407296351824088,0.9999900610356549
6,transitivity_valency,C,specific_positive,val,1.0,True,matched_control,164,7247,changed,basis,0.11584952473640447,0.11584952473640447,0.34587356448173523,0.3438928723335266,0.0019807230681180956,0.005726725808276373,-0.0012380852047353984,0.005234926268458367,0.24687656171914044,0.9999904051862974
6,transitivity_valency,C,specific_positive,val,1.0,True,matched_control,164,8041,changed,basis,0.11584952473640447,0.11584952473640447,0.34587356448173523,0.38187175989151,-0.03599821403622627,-0.10407911367891562,-0.038617054186761375,-0.033259147725999354,0.0009995002498750624,0.99998948431945
6,transitivity_valency,C,specific_positive,val,1.0,True,matched_control,164,9728,changed,basis,0.11584952473640447,0.11584952473640447,0.34587356448173523,0.3326256275177002,0.013247953802347183,0.03830288048234683,0.010448398389853538,0.015898955876007675,0.0009995002498750624,0.9999891762636528
6,transitivity_valency,C,specific_positive,val,2.0,False,target,164,164,changed,basis,0.11584952473640447,0.23169904947280895,0.34587356448173523,0.34212857484817505,0.0037450305372476577,0.010827744360455232,-0.0021957766115665435,0.009626329448074095,0.23388305847076463,0.999965469417551
6,transitivity_valency,C,specific_positive,val,2.0,False,matched_control,164,7247,changed,basis,0.11584952473640447,0.23169904947280895,0.34587356448173523,0.34258314967155457,0.0032903991639614107,0.0095133005290295,-0.0020553955882787705,0.009027323864400385,0.24287856071964017,0.9999675544999763
6,transitivity_valency,C,specific_positive,val,2.0,False,matched_control,164,8041,changed,basis,0.11584952473640447,0.23169904947280895,0.34587356448173523,0.4176619052886963,-0.07178835414350032,-0.2075566377877697,-0.07653937643021345,-0.06674148055911064,0.0009995002498750624,0.9999636491925697
6,transitivity_valency,C,specific_positive,val,2.0,False,matched_control,164,9728,changed,basis,0.11584952473640447,0.23169904947280895,0.34587356448173523,0.31311991810798645,0.03275362703949213,0.09469826665871649,0.028788982373662293,0.03683497272804379,0.0009995002498750624,0.9999654441134962
6,transitivity_valency,C,specific_positive,test,0.5,False,target,164,164,changed,basis,0.11584952473640447,0.05792476236820224,0.849962055683136,0.8493082523345947,0.0006538283824920654,0.0007692442011032681,-0.0013171781599521637,0.002478140786290168,0.4897551224387806,0.9999960145026197
6,transitivity_valency,C,specific_positive,test,0.5,False,matched_control,164,7247,changed,basis,0.11584952473640447,0.05792476236820224,0.849962055683136,0.8479514122009277,0.002010585069656372,0.002365499796388456,-3.688223659992217e-05,0.00412542852759361,0.057971014492753624,0.999996380720336
6,transitivity_valency,C,specific_positive,test,0.5,False,matched_control,164,8041,changed,basis,0.11584952473640447,0.05792476236820224,0.849962055683136,0.8646946549415588,-0.014732540845870971,-0.01733317475452484,-0.016950791656970977,-0.012624232470989228,0.0009995002498750624,0.9999963027203289
6,transitivity_valency,C,specific_positive,test,0.5,False,matched_control,164,9728,changed,basis,0.11584952473640447,0.05792476236820224,0.849962055683136,0.847425103187561,0.0025369518995285033,0.002984782535367995,0.00036430822312831875,0.004742889419198035,0.01699150424787606,0.9999959536493718
6,transitivity_valency,C,specific_positive,test,1.0,True,target,164,164,changed,basis,0.11584952473640447,0.11584952473640447,0.849962055683136,0.8459089398384094,0.004053013324737549,0.004768463836282715,0.001937034100294113,0.006245796635746956,0.0009995002498750624,0.99998975325136
6,transitivity_valency,C,specific_positive,test,1.0,True,matched_control,164,7247,changed,basis,0.11584952473640447,0.11584952473640447,0.849962055683136,0.8483662605285645,0.0015958091616630555,0.0018775063557166247,-0.0014617932364344595,0.0047542451545596115,0.3498250874562719,0.9999904436462019
6,transitivity_valency,C,specific_positive,test,1.0,True,matched_control,164,8041,changed,basis,0.11584952473640447,0.11584952473640447,0.849962055683136,0.8787872195243835,-0.028825141191482544,-0.03391344472232358,-0.032406308978796004,-0.025274424806237223,0.0009995002498750624,0.9999900952775047
6,transitivity_valency,C,specific_positive,test,1.0,True,matched_control,164,9728,changed,basis,0.11584952473640447,0.11584952473640447,0.849962055683136,0.8340131640434265,0.015948897898197173,0.01876424693497481,0.013313394755125045,0.01880010314285755,0.0009995002498750624,0.9999889570963678
6,transitivity_valency,C,specific_positive,test,2.0,False,target,164,164,changed,basis,0.11584952473640447,0.23169904947280895,0.849962055683136,0.8374081254005432,0.0125539231300354,0.014769980666896354,0.008662494853138924,0.016082170531153676,0.0009995002498750624,0.999964543116907
6,transitivity_valency,C,specific_positive,test,2.0,False,matched_control,164,7247,changed,basis,0.11584952473640447,0.23169904947280895,0.849962055683136,0.8462965488433838,0.0036656159162521363,0.004312681832962517,-0.0017043603211641311,0.008854407757520675,0.18990504747626186,0.9999678401867054
6,transitivity_valency,C,specific_positive,test,2.0,False,matched_control,164,8041,changed,basis,0.11584952473640447,0.23169904947280895,0.849962055683136,0.9132504463195801,-0.06328835248947144,-0.07446020921322775,-0.06829072305560112,-0.05844866947829724,0.0009995002498750624,0.9999656186563621
6,transitivity_valency,C,specific_positive,test,2.0,False,matched_control,164,9728,changed,basis,0.11584952473640447,0.23169904947280895,0.849962055683136,0.8167012929916382,0.033260753750801085,0.03913204539944854,0.02841963243484497,0.03802208560705184,0.0009995002498750624,0.9999639062827858
7,voice_and_agent_prominence,A,positive_control_advantage,val,0.5,False,target,8235,8235,changed,basis,0.0332987844012677,0.01664939220063385,1.0125477313995361,1.0104882717132568,0.0020594561100006105,0.00203393484192004,0.001332541137933731,0.00283159102499485,0.0009995002498750624,0.9999988495339589
7,voice_and_agent_prominence,A,positive_control_advantage,val,0.5,False,matched_control,8235,9728,changed,basis,0.0332987844012677,0.01664939220063385,1.0125477313995361,1.0149147510528564,-0.0023671060800552366,-0.002337772340651477,-0.003167762488126755,-0.0015700717121362694,0.0009995002498750624,0.9999988044297219
7,voice_and_agent_prominence,A,positive_control_advantage,val,0.5,False,matched_control,8235,8041,changed,basis,0.0332987844012677,0.01664939220063385,1.0125477313995361,1.0097054243087769,0.0028423470258712768,0.0028071239880638568,0.001954939916729927,0.003633970722556113,0.0009995002498750624,0.9999987613538263
7,voice_and_agent_prominence,A,positive_control_advantage,val,0.5,False,matched_control,8235,7247,changed,basis,0.0332987844012677,0.01664939220063385,1.0125477313995361,1.0102511644363403,0.0022965443134307863,0.0022680849921578703,0.0014946194589138032,0.0030837013423442835,0.0009995002498750624,0.9999987671195169
7,voice_and_agent_prominence,A,positive_control_advantage,val,1.0,True,target,8235,8235,changed,basis,0.0332987844012677,0.0332987844012677,1.0125477313995361,1.0110036134719849,0.0015441453456878662,0.0015250099306958692,0.0006668375730514527,0.0024632549583911887,0.0009995002498750624,0.9999984026572923
7,voice_and_agent_prominence,A,positive_control_advantage,val,1.0,True,matched_control,8235,9728,changed,basis,0.0332987844012677,0.0332987844012677,1.0125477313995361,1.01759672164917,-0.0050488471984863285,-0.004986280687733949,-0.005833306580781936,-0.004248619645833969,0.0009995002498750624,0.9999982221894976
7,voice_and_agent_prominence,A,positive_control_advantage,val,1.0,True,matched_control,8235,8041,changed,basis,0.0332987844012677,0.0332987844012677,1.0125477313995361,1.0087238550186157,0.0038239514827728273,0.003776564169955118,0.003026587188243866,0.004591921210289002,0.0009995002498750624,0.9999980838060398
7,voice_and_agent_prominence,A,positive_control_advantage,val,1.0,True,matched_control,8235,7247,changed,basis,0.0332987844012677,0.0332987844012677,1.0125477313995361,1.008350133895874,0.004197552800178528,0.00414553573131481,0.003400104522705078,0.005045246973633765,0.0009995002498750624,0.9999981409841706
7,voice_and_agent_prominence,A,positive_control_advantage,val,2.0,False,target,8235,8235,changed,basis,0.0332987844012677,0.0665975688025354,1.0125477313995361,1.0068970918655396,0.0056505328416824345,0.005580510099876782,0.004742139279842377,0.006535769775509834,0.0009995002498750624,0.9999967913900702
7,voice_and_agent_prominence,A,positive_control_advantage,val,2.0,False,matched_control,8235,9728,changed,basis,0.0332987844012677,0.0665975688025354,1.0125477313995361,1.0202467441558838,-0.007698997259140015,-0.007603589460912145,-0.008869759261608124,-0.006574786335229875,0.0009995002498750624,0.9999960526253102
7,voice_and_agent_prominence,A,positive_control_advantage,val,2.0,False,matched_control,8235,8041,changed,basis,0.0332987844012677,0.0665975688025354,1.0125477313995361,1.0061005353927612,0.006447184681892395,0.006367289641724981,0.0054161824136972425,0.007455295607447623,0.0009995002498750624,0.9999957370279869
7,voice_and_agent_prominence,A,positive_control_advantage,val,2.0,False,matched_control,8235,7247,changed,basis,0.0332987844012677,0.0665975688025354,1.0125477313995361,1.0019221305847168,0.010625702142715455,0.01049402592411983,0.009602163538336754,0.011636094614863396,0.0009995002498750624,0.9999958473484579
7,voice_and_agent_prominence,A,positive_control_advantage,test,0.5,False,target,8235,8235,changed,basis,0.0332987844012677,0.01664939220063385,0.5840420722961426,0.5829157829284668,0.0011262652277946473,0.0019283974241218135,0.00015138098970055578,0.0021271966397762294,0.026986506746626688,0.9999985335239227
7,voice_and_agent_prominence,A,positive_control_advantage,test,0.5,False,matched_control,8235,9728,changed,basis,0.0332987844012677,0.01664939220063385,0.5840420722961426,0.5857111811637878,-0.0016690955311059951,-0.0028578344100177577,-0.0025096774771809576,-0.0008300587367266421,0.0009995002498750624,0.9999984992617807
7,voice_and_agent_prominence,A,positive_control_advantage,test,0.5,False,matched_control,8235,8041,changed,basis,0.0332987844012677,0.01664939220063385,0.5840420722961426,0.5821201801300049,0.0019218797981739044,0.0032906530014491864,0.0010892150811851024,0.0028159957453608503,0.0009995002498750624,0.9999985207802377
7,voice_and_agent_prominence,A,positive_control_advantage,test,0.5,False,matched_control,8235,7247,changed,basis,0.0332987844012677,0.01664939220063385,0.5840420722961426,0.5821877717971802,0.001854311302304268,0.003174961856795869,0.0009050704427063465,0.0027577150873839855,0.0009995002498750624,0.9999985016145824
7,voice_and_agent_prominence,A,positive_control_advantage,test,1.0,True,target,8235,8235,changed,basis,0.0332987844012677,0.0332987844012677,0.5840420722961426,0.581754207611084,0.0022878076136112215,0.003917196589308677,0.001025719217956066,0.0033863653168082234,0.0009995002498750624,0.9999980023585651
7,voice_and_agent_prominence,A,positive_control_advantage,test,1.0,True,matched_control,8235,9728,changed,basis,0.0332987844012677,0.0332987844012677,0.5840420722961426,0.5885418057441711,-0.004499756172299385,-0.007704506893841978,-0.00541343910805881,-0.0035931822713464504,0.0009995002498750624,0.9999977590659823
7,voice_and_agent_prominence,A,positive_control_advantage,test,1.0,True,matched_control,8235,8041,changed,basis,0.0332987844012677,0.0332987844012677,0.5840420722961426,0.5812336802482605,0.002808383330702782,0.004808529152123773,0.001740053690969944,0.003909895040094852,0.0009995002498750624,0.9999979268671821
7,voice_and_agent_prominence,A,positive_control_advantage,test,1.0,True,matched_control,8235,7247,changed,basis,0.0332987844012677,0.0332987844012677,0.5840420722961426,0.5786545872688293,0.005387481823563575,0.009224475562835507,0.0043995996564626695,0.006358967434614896,0.0009995002498750624,0.9999978752101305
7,voice_and_agent_prominence,A,positive_control_advantage,test,2.0,False,target,8235,8235,changed,basis,0.0332987844012677,0.0665975688025354,0.5840420722961426,0.5780653357505798,0.005976730436086655,0.010233390229216419,0.004739193893969059,0.007308755755424499,0.0009995002498750624,0.9999963667933323
7,voice_and_agent_prominence,A,positive_control_advantage,test,2.0,False,matched_control,8235,9728,changed,basis,0.0332987844012677,0.0665975688025354,0.5840420722961426,0.591389536857605,-0.007347486987709999,-0.012580407022431775,-0.0087206143848598,-0.006017994379624725,0.0009995002498750624,0.9999954737950054
7,voice_and_agent_prominence,A,positive_control_advantage,test,2.0,False,matched_control,8235,8041,changed,basis,0.0332987844012677,0.0665975688025354,0.5840420722961426,0.5797498226165771,0.004292216673493385,0.007349156639724042,0.0030354478154331443,0.00544499278627336,0.0009995002498750624,0.9999956690865869
7,voice_and_agent_prominence,A,positive_control_advantage,test,2.0,False,matched_control,8235,7247,changed,basis,0.0332987844012677,0.0665975688025354,0.5840420722961426,0.574561595916748,0.0094804947078228,0.01623255439552589,0.008299773391336203,0.010620097499340772,0.0009995002498750624,0.9999958026604743
8,causativity_and_valency_change,D,positive_control_advantage,val,0.5,False,target,8182,8182,changed,basis,0.13819611072540283,0.06909805536270142,1.4140639305114746,1.416713833808899,-0.0026501768827438352,-0.0018741563415631795,-0.005860231339931488,0.0007048284262418722,0.12593703148425786,0.9999951072260618
8,causativity_and_valency_change,D,positive_control_advantage,val,0.5,False,matched_control,8182,164,changed,basis,0.13819611072540283,0.06909805536270142,1.4140639305114746,1.422927737236023,-0.008863844871520997,-0.006268348043015916,-0.011253349512815475,-0.006255112171173095,0.0009995002498750624,0.9999947424640869
8,causativity_and_valency_change,D,positive_control_advantage,val,0.5,False,matched_control,8182,7247,changed,basis,0.13819611072540283,0.06909805536270142,1.4140639305114746,1.4090614318847656,0.005002167224884033,0.0035374406467426987,0.0020750300288200378,0.008012180835008618,0.0009995002498750624,0.9999948786614269
8,causativity_and_valency_change,D,positive_control_advantage,val,0.5,False,matched_control,8182,8041,changed,basis,0.13819611072540283,0.06909805536270142,1.4140639305114746,1.4150280952453613,-0.0009643197059631348,-0.0006819491574290669,-0.0037804262042045594,0.0019457469284534454,0.4927536231884058,0.9999946675754045
8,causativity_and_valency_change,D,positive_control_advantage,val,1.0,True,target,8182,8182,changed,basis,0.13819611072540283,0.13819611072540283,1.4140639305114746,1.4130051136016846,0.0010586953163146972,0.0007486898530335622,-0.002705783247947693,0.00466063097119331,0.6026986506746627,0.999986294671707
8,causativity_and_valency_change,D,positive_control_advantage,val,1.0,True,matched_control,8182,164,changed,basis,0.13819611072540283,0.13819611072540283,1.4140639305114746,1.4263185262680054,-0.012254762053489686,-0.008666342298298402,-0.015395408481359481,-0.009199200615286828,0.0009995002498750624,0.9999854429998578
8,causativity_and_valency_change,D,positive_control_advantage,val,1.0,True,matched_control,8182,7247,changed,basis,0.13819611072540283,0.13819611072540283,1.4140639305114746,1.4040738344192505,0.009989842772483826,0.007064633045883891,0.005641726911067963,0.014211502194404601,0.0009995002498750624,0.9999855259352403
8,causativity_and_valency_change,D,positive_control_advantage,val,1.0,True,matched_control,8182,8041,changed,basis,0.13819611072540283,0.13819611072540283,1.4140639305114746,1.417502760887146,-0.0034389227628707887,-0.0024319429190354297,-0.008047148928046225,0.0011233091801404903,0.15092453773113443,0.9999846133394107
8,causativity_and_valency_change,D,positive_control_advantage,val,2.0,False,target,8182,8182,changed,basis,0.13819611072540283,0.27639222145080566,1.4140639305114746,1.4211043119430542,-0.007040509581565857,-0.004978918866150038,-0.013186516195535661,-0.0005345703363418589,0.038980509745127435,0.9999515039399702
8,causativity_and_valency_change,D,positive_control_advantage,val,2.0,False,matched_control,8182,164,changed,basis,0.13819611072540283,0.27639222145080566,1.4140639305114746,1.4382213354110718,-0.02415758192539215,-0.017083797559742733,-0.028246356755495073,-0.020172917917370796,0.0009995002498750624,0.9999470343467207
8,causativity_and_valency_change,D,positive_control_advantage,val,2.0,False,matched_control,8182,7247,changed,basis,0.13819611072540283,0.27639222145080566,1.4140639305114746,1.4017550945281982,0.012308660745620727,0.008704458461908874,0.005375338762998581,0.01917891710996626,0.0009995002498750624,0.9999494321121694
8,causativity_and_valency_change,D,positive_control_advantage,val,2.0,False,matched_control,8182,8041,changed,basis,0.13819611072540283,0.27639222145080566,1.4140639305114746,1.4233064651489258,-0.009242629408836365,-0.006536217500076715,-0.015037328615784645,-0.0029568119347095564,0.008995502248875561,0.9999451273311464
8,causativity_and_valency_change,D,positive_control_advantage,test,0.5,False,target,8182,8182,changed,basis,0.13819611072540283,0.06909805536270142,0.9448300004005432,0.9474599957466125,-0.0026300278306007384,-0.0027835989855167454,-0.005575717700645327,0.00048519121855497294,0.08695652173913043,0.9999948711898062
8,causativity_and_valency_change,D,positive_control_advantage,test,0.5,False,matched_control,8182,164,changed,basis,0.13819611072540283,0.06909805536270142,0.9448300004005432,0.9519467353820801,-0.007116653397679329,-0.007532205152950643,-0.009653141755610705,-0.004676634822040799,0.0009995002498750624,0.999994900963148
8,causativity_and_valency_change,D,positive_control_advantage,test,0.5,False,matched_control,8182,7247,changed,basis,0.13819611072540283,0.06909805536270142,0.9448300004005432,0.9407939910888672,0.004036056436598301,0.004271727649299122,0.00136079765483737,0.006942277184687554,0.001999000499750125,0.9999952090750698
8,causativity_and_valency_change,D,positive_control_advantage,test,0.5,False,matched_control,8182,8041,changed,basis,0.13819611072540283,0.06909805536270142,0.9448300004005432,0.9488164782524109,-0.003986457213759422,-0.004219232255611525,-0.006584189722314476,-0.0013664933666586887,0.0009995002498750624,0.9999947555574482
8,causativity_and_valency_change,D,positive_control_advantage,test,1.0,True,target,8182,8182,changed,basis,0.13819611072540283,0.13819611072540283,0.9448300004005432,0.9457641839981079,-0.0009341183304786683,-0.0009886628600728872,-0.003989871880039573,0.0021339727621525473,0.559720139930035,0.9999852427730529
8,causativity_and_valency_change,D,positive_control_advantage,test,1.0,True,matched_control,8182,164,changed,basis,0.13819611072540283,0.13819611072540283,0.9448300004005432,0.9554253220558167,-0.010595259964466095,-0.011213932622772807,-0.014906812733039261,-0.006126706209033727,0.0009995002498750624,0.9999852918114827
8,causativity_and_valency_change,D,positive_control_advantage,test,1.0,True,matched_control,8182,7247,changed,basis,0.13819611072540283,0.13819611072540283,0.9448300004005432,0.9353960156440735,0.009434040561318397,0.009984907927689649,0.005952592004090548,0.012930270833894605,0.0009995002498750624,0.9999862825662242
8,causativity_and_valency_change,D,positive_control_advantage,test,1.0,True,matched_control,8182,8041,changed,basis,0.13819611072540283,0.13819611072540283,0.9448300004005432,0.9534787535667419,-0.008648854196071625,-0.00915387338717558,-0.011826871071010828,-0.0053601486813277,0.0009995002498750624,0.9999845423962515
8,causativity_and_valency_change,D,positive_control_advantage,test,2.0,False,target,8182,8182,changed,basis,0.13819611072540283,0.27639222145080566,0.9448300004005432,0.9527819156646729,-0.007951837107539177,-0.00841615645583665,-0.01366902469098568,-0.0026119731124490523,0.00399800099950025,0.999947664297904
8,causativity_and_valency_change,D,positive_control_advantage,test,2.0,False,matched_control,8182,164,changed,basis,0.13819611072540283,0.27639222145080566,0.9448300004005432,0.9632936120033264,-0.01846350893378258,-0.0195416201072736,-0.02455797030776739,-0.012939972188323736,0.0009995002498750624,0.9999469379719741
8,causativity_and_valency_change,D,positive_control_advantage,test,2.0,False,matched_control,8182,7247,changed,basis,0.13819611072540283,0.27639222145080566,0.9448300004005432,0.9308059811592102,0.014024088978767396,0.014842975956333037,0.008527730364352466,0.01992249237000942,0.0009995002498750624,0.9999517242685774
8,causativity_and_valency_change,D,positive_control_advantage,test,2.0,False,matched_control,8182,8041,changed,basis,0.13819611072540283,0.27639222145080566,0.9448300004005432,0.9615294933319092,-0.01669950060546398,-0.01767460876388825,-0.0215606951136142,-0.011583410087972885,0.0009995002498750624,0.9999437686020382
9,analytic_vs_synthetic_encoding,C,specific_positive,val,0.5,False,target,144,144,basis,changed,0.010161088313907399,0.005080544156953699,0.18110539019107819,0.18286167085170746,-0.0017562947422266008,-0.009697639260618325,-0.0031973712239414453,-0.0003239526432007569,0.015992003998001,0.9999987484310384
9,analytic_vs_synthetic_encoding,C,specific_positive,val,0.5,False,matched_control,144,758,basis,changed,0.010161088313907399,0.005080544156953699,0.18110539019107819,0.1822153925895691,-0.0011100108921527864,-0.006129088101583566,-0.0028091129567474125,0.0004918291326612218,0.18190904547726136,0.9999988205387141
9,analytic_vs_synthetic_encoding,C,specific_positive,val,0.5,False,matched_control,144,6216,basis,changed,0.010161088313907399,0.005080544156953699,0.18110539019107819,0.18242217600345612,-0.001316799223423004,-0.007270900231261442,-0.003097150159999728,0.0002635173853486761,0.10194902548725637,0.9999987343194588
9,analytic_vs_synthetic_encoding,C,specific_positive,val,0.5,False,matched_control,144,6900,basis,changed,0.010161088313907399,0.005080544156953699,0.18110539019107819,0.18251915276050568,-0.001413770392537117,-0.0078063407778503745,-0.002961530040949583,7.598589546978468e-05,0.06096951524237881,0.9999987849647773
9,analytic_vs_synthetic_encoding,C,specific_positive,val,1.0,True,target,144,144,basis,changed,0.010161088313907399,0.010161088313907399,0.18110539019107819,0.18108072876930237,2.464085817337036e-05,0.00013605811592560897,-0.0015850431323051453,0.0015550278108566985,0.9855072463768116,0.9999987379350505
9,analytic_vs_synthetic_encoding,C,specific_positive,val,1.0,True,matched_control,144,758,basis,changed,0.010161088313907399,0.010161088313907399,0.18110539019107819,0.18030406534671783,0.0008013005554676056,0.004424498655849947,-0.00045057360082864764,0.002041790468618273,0.23888055972013994,0.9999987030052532
9,analytic_vs_synthetic_encoding,C,specific_positive,val,1.0,True,matched_control,144,6216,basis,changed,0.010161088313907399,0.010161088313907399,0.18110539019107819,0.18341931700706482,-0.0023139648139476774,-0.01277689643310059,-0.004055915160104632,-0.0005586510896682745,0.0079960019990005,0.9999986653846143
9,analytic_vs_synthetic_encoding,C,specific_positive,val,1.0,True,matched_control,144,6900,basis,changed,0.010161088313907399,0.010161088313907399,0.18110539019107819,0.18215157091617584,-0.0010461796820163726,-0.005776634703763282,-0.0025443263575434683,0.0004115545004606242,0.1969015492253873,0.9999986193802336
9,analytic_vs_synthetic_encoding,C,specific_positive,val,2.0,False,target,144,144,basis,changed,0.010161088313907399,0.020322176627814798,0.18110539019107819,0.18191389739513397,-0.0008085145056247711,-0.004464331540721868,-0.0026088704094290737,0.0008942690249532458,0.37181409295352325,0.9999984991005639
9,analytic_vs_synthetic_encoding,C,specific_positive,val,2.0,False,matched_control,144,758,basis,changed,0.010161088313907399,0.020322176627814798,0.18110539019107819,0.1791190356016159,0.001986338123679161,0.01096785756394905,0.00031026463024318217,0.003580560045316814,0.02498750624687656,0.9999984871647573
9,analytic_vs_synthetic_encoding,C,specific_positive,val,2.0,False,matched_control,144,6216,basis,changed,0.010161088313907399,0.020322176627814798,0.18110539019107819,0.1837938129901886,-0.0026884268224239348,-0.01484454338762345,-0.004112764509394765,-0.0013117019999772355,0.0009995002498750624,0.9999984448583134
9,analytic_vs_synthetic_encoding,C,specific_positive,val,2.0,False,matched_control,144,6900,basis,changed,0.010161088313907399,0.020322176627814798,0.18110539019107819,0.1799737960100174,0.0011315720528364181,0.006248141215689575,-0.0004855637513101101,0.0028469385970383856,0.19790104947526238,0.999998346743236
9,analytic_vs_synthetic_encoding,C,specific_positive,test,0.5,False,target,144,144,basis,changed,0.010161088313907399,0.005080544156953699,0.7025106549263,0.7021290063858032,0.0003817451000213623,0.0005434011531987525,-0.0010885778181254865,0.001810992874205109,0.6046976511744128,0.9999987229701013
9,analytic_vs_synthetic_encoding,C,specific_positive,test,0.5,False,matched_control,144,758,basis,changed,0.010161088313907399,0.005080544156953699,0.7025106549263,0.7016063928604126,0.0009042833000421524,0.0012872164908830034,-0.0009734577126801014,0.0027573740780353524,0.33183408295852074,0.9999986965757269
9,analytic_vs_synthetic_encoding,C,specific_positive,test,0.5,False,matched_control,144,6216,basis,changed,0.010161088313907399,0.005080544156953699,0.7025106549263,0.7047713398933411,-0.002260751649737358,-0.003218103005106068,-0.0041138642001897095,-0.00045729012601077853,0.014992503748125937,0.9999986681589931
9,analytic_vs_synthetic_encoding,C,specific_positive,test,0.5,False,matched_control,144,6900,basis,changed,0.010161088313907399,0.005080544156953699,0.7025106549263,0.7023165225982666,0.00019426725804805756,0.0002765328279162371,-0.0013481152355670927,0.001812326615676282,0.8285857071464268,0.9999987006196364
9,analytic_vs_synthetic_encoding,C,specific_positive,test,1.0,True,target,144,144,basis,changed,0.010161088313907399,0.010161088313907399,0.7025106549263,0.7027223706245422,-0.0002118302136659622,-0.00030153309729969173,-0.002409226167947054,0.001797374930232763,0.8255872063968016,0.999998559181725
9,analytic_vs_synthetic_encoding,C,specific_positive,test,1.0,True,matched_control,144,758,basis,changed,0.010161088313907399,0.010161088313907399,0.7025106549263,0.7004110217094421,0.002099626064300537,0.0029887462198289467,0.0005501513611525298,0.0037026831787079564,0.0079960019990005,0.9999985937497641
9,analytic_vs_synthetic_encoding,C,specific_positive,test,1.0,True,matched_control,144,6216,basis,changed,0.010161088313907399,0.010161088313907399,0.7025106549263,0.702864408493042,-0.000353701263666153,-0.0005034817069119892,-0.001983516490086913,0.0012489522006362667,0.6956521739130435,0.9999986141139948
9,analytic_vs_synthetic_encoding,C,specific_positive,test,1.0,True,matched_control,144,6900,basis,changed,0.010161088313907399,0.010161088313907399,0.7025106549263,0.7012503743171692,0.001260259374976158,0.00179393631418782,-0.0004984823781996965,0.0029777099546045038,0.14992503748125938,0.9999986173680866
9,analytic_vs_synthetic_encoding,C,specific_positive,test,2.0,False,target,144,144,basis,changed,0.010161088313907399,0.020322176627814798,0.7025106549263,0.7013730406761169,0.0011375807970762254,0.0016193075351939939,-0.0009971593413501977,0.0032380472477525454,0.29685157421289354,0.999998359430788
9,analytic_vs_synthetic_encoding,C,specific_positive,test,2.0,False,matched_control,144,758,basis,changed,0.010161088313907399,0.020322176627814798,0.7025106549263,0.7016298770904541,0.0008808001130819321,0.0012537889737406706,-0.0010291543286293744,0.0028017441481351844,0.3728135932033983,0.9999981897576091
9,analytic_vs_synthetic_encoding,C,specific_positive,test,2.0,False,matched_control,144,6216,basis,changed,0.010161088313907399,0.020322176627814798,0.7025106549263,0.7028814554214478,-0.00037081502377986906,-0.000527842561788292,-0.002343481000512838,0.001483993289992213,0.7066466766616691,0.9999982832424531
9,analytic_vs_synthetic_encoding,C,specific_positive,test,2.0,False,matched_control,144,6900,basis,changed,0.010161088313907399,0.020322176627814798,0.7025106549263,0.7005006670951843,0.0020100293308496476,0.0028612083201222313,0.00021414426155388357,0.0037959533985704183,0.03398300849575212,0.9999982910055089
10,morphological_segmentation_type,B,specific_positive,val,0.5,False,target,15843,15843,changed,basis,0.025248312391340698,0.012624156195670349,0.07811879366636276,0.07646999508142471,0.0016487930715084077,0.021106228016656674,0.0004918361753225327,0.0027918262407183626,0.00399800099950025,0.9999990575066988
10,morphological_segmentation_type,B,specific_positive,val,0.5,False,matched_control,15843,8685,changed,basis,0.025248312391340698,0.012624156195670349,0.07811879366636276,0.0799771398305893,-0.001858345866203308,-0.023788716888539136,-0.00324768902733922,-0.0004956790991127494,0.01199400299850075,0.9999990610441835
10,morphological_segmentation_type,B,specific_positive,val,0.5,False,matched_control,15843,6618,changed,basis,0.025248312391340698,0.012624156195670349,0.07811879366636276,0.07985267043113708,-0.0017338746786117554,-0.022195359109319503,-0.002893568392843008,-0.0005502445176243783,0.001999000499750125,0.9999989438410748
10,morphological_segmentation_type,B,specific_positive,val,0.5,False,matched_control,15843,5205,changed,basis,0.025248312391340698,0.012624156195670349,0.07811879366636276,0.07730076462030411,0.0008180086314678192,0.010471342337433536,-0.000251295480877161,0.0018966554440557953,0.12393803098450774,0.9999991100558168
10,morphological_segmentation_type,B,specific_positive,val,1.0,True,target,15843,15843,changed,basis,0.025248312391340698,0.025248312391340698,0.07811879366636276,0.07365646958351135,0.004462325423955918,0.05712230328356126,0.0031566492840647696,0.005860604841262102,0.0009995002498750624,0.999998624864309
10,morphological_segmentation_type,B,specific_positive,val,1.0,True,matched_control,15843,8685,changed,basis,0.025248312391340698,0.025248312391340698,0.07811879366636276,0.08282802253961563,-0.00470922127366066,-0.0602828212347115,-0.005981790546327829,-0.0033532503284513953,0.0009995002498750624,0.9999987352752469
10,morphological_segmentation_type,B,specific_positive,val,1.0,True,matched_control,15843,6618,changed,basis,0.025248312391340698,0.025248312391340698,0.07811879366636276,0.07963704317808151,-0.001518254429101944,-0.019435200645650658,-0.0028923627510666844,-9.420114755630522e-05,0.03398300849575212,0.999997790272588
10,morphological_segmentation_type,B,specific_positive,val,1.0,True,matched_control,15843,5205,changed,basis,0.025248312391340698,0.025248312391340698,0.07811879366636276,0.07664486765861511,0.001473921239376068,0.018867690733564476,0.00033188498020172123,0.0025772743858397,0.012993503248375811,0.9999987984626632
10,morphological_segmentation_type,B,specific_positive,val,2.0,False,target,15843,15843,changed,basis,0.025248312391340698,0.050496624782681396,0.07811879366636276,0.06984870135784149,0.008270087391138077,0.10586552867750057,0.006393408540636301,0.010120656196027995,0.0009995002498750624,0.9999970478090212
10,morphological_segmentation_type,B,specific_positive,val,2.0,False,matched_control,15843,8685,changed,basis,0.025248312391340698,0.050496624782681396,0.07811879366636276,0.08605647832155228,-0.00793769583106041,-0.10161057869072432,-0.009449540171772242,-0.006471590682864189,0.0009995002498750624,0.999997556803701
10,morphological_segmentation_type,B,specific_positive,val,2.0,False,matched_control,15843,6618,changed,basis,0.025248312391340698,0.050496624782681396,0.07811879366636276,0.07880883663892746,-0.0006900414824485779,-0.008833232696803707,-0.0021022236235439776,0.000825512304902076,0.3778110944527736,0.9999940026209315
10,morphological_segmentation_type,B,specific_positive,val,2.0,False,matched_control,15843,5205,changed,basis,0.025248312391340698,0.050496624782681396,0.07811879366636276,0.07361743599176407,0.004501356482505798,0.05762194052471705,0.0031607285402715205,0.005822619304060935,0.0009995002498750624,0.9999975059340318
10,morphological_segmentation_type,B,specific_positive,test,0.5,False,target,15843,15843,changed,basis,0.025248312391340698,0.012624156195670349,0.47371602058410645,0.4744402766227722,-0.0007242006063461304,-0.0015287652831609299,-0.001964723621495068,0.00044951780699193375,0.25687156421789104,0.9999991116162132
10,morphological_segmentation_type,B,specific_positive,test,0.5,False,matched_control,15843,8685,changed,basis,0.025248312391340698,0.012624156195670349,0.47371602058410645,0.4754974842071533,-0.0017814449593424797,-0.003760575707669551,-0.0031006655488163234,-0.00044209479633718746,0.010994502748625687,0.9999991398920796
10,morphological_segmentation_type,B,specific_positive,test,0.5,False,matched_control,15843,6618,changed,basis,0.025248312391340698,0.012624156195670349,0.47371602058410645,0.4730289578437805,0.0006871203705668449,0.0014504900419445481,-0.0007163576353341341,0.002080429044552147,0.30684657671164417,0.9999990300259739
10,morphological_segmentation_type,B,specific_positive,test,0.5,False,matched_control,15843,5205,changed,basis,0.025248312391340698,0.012624156195670349,0.47371602058410645,0.47298991680145264,0.0007261984795331955,0.0015329827322237708,-0.0005064632296562195,0.001934327024035155,0.24987506246876562,0.9999991328850187
10,morphological_segmentation_type,B,specific_positive,test,1.0,True,target,15843,15843,changed,basis,0.025248312391340698,0.025248312391340698,0.47371602058410645,0.4696410298347473,0.004075041823089123,0.008602288388018776,0.0025710596134886146,0.005500284630805253,0.0009995002498750624,0.9999986186631673
10,morphological_segmentation_type,B,specific_positive,test,1.0,True,matched_control,15843,8685,changed,basis,0.025248312391340698,0.025248312391340698,0.47371602058410645,0.4782574474811554,-0.004541395045816898,-0.009586745747414702,-0.005990426177158952,-0.00309608279168606,0.0009995002498750624,0.9999987495702264
10,morphological_segmentation_type,B,specific_positive,test,1.0,True,matched_control,15843,6618,changed,basis,0.025248312391340698,0.025248312391340698,0.47371602058410645,0.47348204255104065,0.00023401446640491485,0.0004939973660092133,-0.0010765244234353303,0.0015737472232431173,0.6936531734132934,0.999998073717936
10,morphological_segmentation_type,B,specific_positive,test,1.0,True,matched_control,15843,5205,changed,basis,0.025248312391340698,0.025248312391340698,0.47371602058410645,0.4709972143173218,0.002718838080763817,0.005739383855777995,0.0013231773627921939,0.004169806752353906,0.0009995002498750624,0.9999987473477863
10,morphological_segmentation_type,B,specific_positive,test,2.0,False,target,15843,15843,changed,basis,0.025248312391340698,0.050496624782681396,0.47371602058410645,0.4656052887439728,0.008110714033246041,0.017121468729821045,0.006315277243033052,0.009896312400698661,0.0009995002498750624,0.9999969622047604
10,morphological_segmentation_type,B,specific_positive,test,2.0,False,matched_control,15843,8685,changed,basis,0.025248312391340698,0.050496624782681396,0.47371602058410645,0.48214900493621826,-0.008432994280010462,-0.017801792452812385,-0.009748812217265366,-0.007111963767092677,0.0009995002498750624,0.9999975470906076
10,morphological_segmentation_type,B,specific_positive,test,2.0,False,matched_control,15843,6618,changed,basis,0.025248312391340698,0.050496624782681396,0.47371602058410645,0.472055047750473,0.0016610175371170044,0.003506357110466559,3.452752158045769e-05,0.0033272310700267547,0.04297851074462768,0.9999944487693568
10,morphological_segmentation_type,B,specific_positive,test,2.0,False,matched_control,15843,5205,changed,basis,0.025248312391340698,0.050496624782681396,0.47371602058410645,0.4702058434486389,0.003510204404592514,0.007409933909907298,0.0019705837946385144,0.0049600693844258775,0.0009995002498750624,0.9999973113102197
11,agreement_indexing_density,C,specific_positive,val,0.5,False,target,758,758,changed,basis,0.06319031026214361,0.031595155131071806,1.4826420545578003,1.482447862625122,0.0001940155029296875,0.00013085795208173348,-0.0008037556409835816,0.0011230056881904598,0.7116441779110445,0.9999981131752174
11,agreement_indexing_density,C,specific_positive,val,0.5,False,matched_control,758,7247,changed,basis,0.06319031026214361,0.031595155131071806,1.4826420545578003,1.4849696159362793,-0.0023277783393859863,-0.0015700204457509798,-0.0036366944313049317,-0.0010317310094833392,0.001999000499750125,0.99999798410968
11,agreement_indexing_density,C,specific_positive,val,0.5,False,matched_control,758,5205,changed,basis,0.06319031026214361,0.031595155131071806,1.4826420545578003,1.4824784994125366,0.0001635289192199707,0.0001102956163406166,-0.0008443342447280884,0.0011186434626579281,0.7766116941529235,0.9999979421592917
11,agreement_indexing_density,C,specific_positive,val,0.5,False,matched_control,758,8041,changed,basis,0.06319031026214361,0.031595155131071806,1.4826420545578003,1.4838520288467407,-0.0012102055549621583,-0.0008162493106423475,-0.0020504162907600404,-0.00035023152828216595,0.0079960019990005,0.9999979702862043
11,agreement_indexing_density,C,specific_positive,val,1.0,True,target,758,758,changed,basis,0.06319031026214361,0.06319031026214361,1.4826420545578003,1.4825799465179443,6.201267242431641e-05,4.1825788114995676e-05,-0.0012454087734222411,0.001289915144443511,0.9445277361319341,0.9999968181289645
11,agreement_indexing_density,C,specific_positive,val,1.0,True,matched_control,758,7247,changed,basis,0.06319031026214361,0.06319031026214361,1.4826420545578003,1.4867557287216187,-0.0041138195991516115,-0.0027746546015643423,-0.005636078417301178,-0.0025454252958297748,0.0009995002498750624,0.9999961686805137
11,agreement_indexing_density,C,specific_positive,val,1.0,True,matched_control,758,5205,changed,basis,0.06319031026214361,0.06319031026214361,1.4826420545578003,1.4838283061981201,-0.0011863827705383301,-0.0008001815184529958,-0.0022478052377700804,-0.000116645395755768,0.02798600699650175,0.9999961970723795
11,agreement_indexing_density,C,specific_positive,val,1.0,True,matched_control,758,8041,changed,basis,0.06319031026214361,0.06319031026214361,1.4826420545578003,1.483730435371399,-0.0010884857177734374,-0.0007341527339166698,-0.0020875210762023927,-9.00117158889779e-05,0.026986506746626688,0.9999961445812094
11,agreement_indexing_density,C,specific_positive,val,2.0,False,target,758,758,changed,basis,0.06319031026214361,0.12638062052428722,1.4826420545578003,1.4816720485687256,0.0009699058532714844,0.0006541739796803213,-0.0010696972012519837,0.002953039586544033,0.39980009995002497,0.999991058423169
11,agreement_indexing_density,C,specific_positive,val,2.0,False,matched_control,758,7247,changed,basis,0.06319031026214361,0.12638062052428722,1.4826420545578003,1.4924675226211548,-0.009825565814971925,-0.006627065369397209,-0.012216400265693664,-0.007647999167442322,0.0009995002498750624,0.9999892915103318
11,agreement_indexing_density,C,specific_positive,val,2.0,False,matched_control,758,5205,changed,basis,0.06319031026214361,0.12638062052428722,1.4826420545578003,1.4845739603042603,-0.0019320535659790039,-0.0013031153136656717,-0.003440923571586609,-0.0004732382297515872,0.010994502748625687,0.9999893931346564
11,agreement_indexing_density,C,specific_positive,val,2.0,False,matched_control,758,8041,changed,basis,0.06319031026214361,0.12638062052428722,1.4826420545578003,1.4848521947860718,-0.002210202217102051,-0.0014907186871623212,-0.0038814226388931275,-0.00039097481966018693,0.015992003998001,0.9999890838760728
11,agreement_indexing_density,C,specific_positive,test,0.5,False,target,758,758,changed,basis,0.06319031026214361,0.031595155131071806,1.262274146080017,1.2611757516860962,0.001098289266228676,0.0008700877457083352,-2.753447927534578e-05,0.002118844786658882,0.054972513743128434,0.999997977006667
11,agreement_indexing_density,C,specific_positive,test,0.5,False,matched_control,758,7247,changed,basis,0.06319031026214361,0.031595155131071806,1.262274146080017,1.2642297744750977,-0.0019556105509400366,-0.0015492756126021994,-0.0028066557114943863,-0.0010411872081458593,0.0009995002498750624,0.9999979497667248
11,agreement_indexing_density,C,specific_positive,test,0.5,False,matched_control,758,5205,changed,basis,0.06319031026214361,0.031595155131071806,1.262274146080017,1.2618855237960815,0.00038865331560373307,0.00030789929177484386,-0.0007558201234787702,0.0016122615234926338,0.5187406296851574,0.9999978189467403
11,agreement_indexing_density,C,specific_positive,test,0.5,False,matched_control,758,8041,changed,basis,0.06319031026214361,0.031595155131071806,1.262274146080017,1.2630505561828613,-0.0007763623073697091,-0.0006150504704391644,-0.0015831935070455075,6.027825828641589e-05,0.07396301849075462,0.9999979240591053
11,agreement_indexing_density,C,specific_positive,test,1.0,True,target,758,758,changed,basis,0.06319031026214361,0.06319031026214361,1.262274146080017,1.2600899934768677,0.002184028662741184,0.0017302332219380938,0.0010025759898126126,0.003350616020150482,0.001999000499750125,0.9999968460012858
11,agreement_indexing_density,C,specific_positive,test,1.0,True,matched_control,758,7247,changed,basis,0.06319031026214361,0.06319031026214361,1.262274146080017,1.2652114629745483,-0.00293742835521698,-0.0023270922282129774,-0.00413430380448699,-0.001620338049717248,0.0009995002498750624,0.9999960810367334
11,agreement_indexing_density,C,specific_positive,test,1.0,True,matched_control,758,5205,changed,basis,0.06319031026214361,0.06319031026214361,1.262274146080017,1.2623300552368164,-5.59408962726593e-05,-4.431754896223086e-05,-0.0010893094139173627,0.0010260177142918103,0.9435282358820589,0.99999575468807
11,agreement_indexing_density,C,specific_positive,test,1.0,True,matched_control,758,8041,changed,basis,0.06319031026214361,0.06319031026214361,1.262274146080017,1.2635390758514404,-0.0012649371102452277,-0.0010021096559519028,-0.0023341765413060784,-0.00026576645113527905,0.017991004497751123,0.9999963097901917
11,agreement_indexing_density,C,specific_positive,test,2.0,False,target,758,758,changed,basis,0.06319031026214361,0.12638062052428722,1.262274146080017,1.2588772773742676,0.0033967604115605356,0.0026909846978242797,0.0013886785246431828,0.005389921951107679,0.0009995002498750624,0.9999912480573593
11,agreement_indexing_density,C,specific_positive,test,2.0,False,matched_control,758,7247,changed,basis,0.06319031026214361,0.12638062052428722,1.262274146080017,1.2706308364868164,-0.008356815315783023,-0.0066204440150620615,-0.009898799709044398,-0.006755612340755761,0.0009995002498750624,0.9999895026569108
11,agreement_indexing_density,C,specific_positive,test,2.0,False,matched_control,758,5205,changed,basis,0.06319031026214361,0.12638062052428722,1.262274146080017,1.2633345127105713,-0.0010604001954197884,-0.0008400712307329222,-0.002629070167429745,0.00044614687375724296,0.16491754122938532,0.9999875011625977
11,agreement_indexing_density,C,specific_positive,test,2.0,False,matched_control,758,8041,changed,basis,0.06319031026214361,0.12638062052428722,1.262274146080017,1.2659142017364502,-0.003639974184334278,-0.0028836637394802,-0.005230347287841141,-0.002040663286112252,0.0009995002498750624,0.9999899815580366
12,optionality_vs_obligatoriness_of_marking,D,null_or_reverse,val,0.5,False,target,9607,9607,changed,basis,0.0020566713064909,0.00102833565324545,0.30549106001853943,0.30547231435775757,1.875191926956177e-05,6.138287407960078e-05,-0.000582695946097374,0.0005887923166155812,0.9665167416291854,0.999999340026702
12,optionality_vs_obligatoriness_of_marking,D,null_or_reverse,val,0.5,False,matched_control,9607,12995,changed,basis,0.0020566713064909,0.00102833565324545,0.30549106001853943,0.30613839626312256,-0.000647299587726593,-0.0021188822602118376,-0.001144970953464508,-0.00010990346968173989,0.01999000499750125,0.9999993617967452
12,optionality_vs_obligatoriness_of_marking,D,null_or_reverse,val,0.5,False,matched_control,9607,6216,changed,basis,0.0020566713064909,0.00102833565324545,0.30549106001853943,0.30555737018585205,-6.632655858993531e-05,-0.000217114564943112,-0.0005726864859461785,0.00042270004749297974,0.783608195902049,0.9999993492053275
12,optionality_vs_obligatoriness_of_marking,D,null_or_reverse,val,0.5,False,matched_control,9607,8551,changed,basis,0.0020566713064909,0.00102833565324545,0.30549106001853943,0.30625489354133606,-0.000763818621635437,-0.002500297788056655,-0.0012678751200437546,-0.0002698743268847466,0.004997501249375313,0.9999993737653021
12,optionality_vs_obligatoriness_of_marking,D,null_or_reverse,val,1.0,True,target,9607,9607,changed,basis,0.0020566713064909,0.0020566713064909,0.30549106001853943,0.3057944178581238,-0.0003033658862113953,-0.0009930434173523273,-0.0007934467270970344,0.0002386103942990303,0.26186906546726635,0.9999993710846558
12,optionality_vs_obligatoriness_of_marking,D,null_or_reverse,val,1.0,True,matched_control,9607,12995,changed,basis,0.0020566713064909,0.0020566713064909,0.30549106001853943,0.3052702248096466,0.00022086173295974732,0.0007229728193890317,-0.00030467573553323747,0.0007304328605532645,0.42778610694652675,0.9999993357086955
12,optionality_vs_obligatoriness_of_marking,D,null_or_reverse,val,1.0,True,matched_control,9607,6216,changed,basis,0.0020566713064909,0.0020566713064909,0.30549106001853943,0.30534058809280396,0.00015045493841171266,0.0004925019357443127,-0.00036049534380435945,0.0006613842919468876,0.5697151424287856,0.9999993389698325
12,optionality_vs_obligatoriness_of_marking,D,null_or_reverse,val,1.0,True,matched_control,9607,8551,changed,basis,0.0020566713064909,0.0020566713064909,0.30549106001853943,0.3052550256252289,0.00023603886365890502,0.0007726539154519954,-0.00034863699227571487,0.0008251413851976383,0.4687656171914043,0.9999993298264885
12,optionality_vs_obligatoriness_of_marking,D,null_or_reverse,val,2.0,False,target,9607,9607,changed,basis,0.0020566713064909,0.0041133426129818,0.30549106001853943,0.3060062527656555,-0.0005151641368865967,-0.0016863476687511993,-0.0010875585153698921,4.287208616733453e-05,0.07296351824087956,0.9999993265194541
12,optionality_vs_obligatoriness_of_marking,D,null_or_reverse,val,2.0,False,matched_control,9607,12995,changed,basis,0.0020566713064909,0.0041133426129818,0.30549106001853943,0.30598118901252747,-0.0004901081323623657,-0.0016043288871779827,-0.001072750374674797,0.00013207002729177423,0.12193903048475763,0.9999993162674518
12,optionality_vs_obligatoriness_of_marking,D,null_or_reverse,val,2.0,False,matched_control,9607,6216,changed,basis,0.0020566713064909,0.0041133426129818,0.30549106001853943,0.30566975474357605,-0.0001786753535270691,-0.000584879156582277,-0.0006992140635848046,0.0003376247882843008,0.5497251374312844,0.9999993123083003
12,optionality_vs_obligatoriness_of_marking,D,null_or_reverse,val,2.0,False,matched_control,9607,8551,changed,basis,0.0020566713064909,0.0041133426129818,0.30549106001853943,0.3055573105812073,-6.626665592193603e-05,-0.00021691847845863146,-0.000722484864294529,0.0005162349268794046,0.7886056971514243,0.9999993396089478
12,optionality_vs_obligatoriness_of_marking,D,null_or_reverse,test,0.5,False,target,9607,9607,changed,basis,0.0020566713064909,0.00102833565324545,0.05489514395594597,0.05495551601052284,-6.0372091829776765e-05,-0.001099771081358783,-0.0008063312405720352,0.0007493661381304258,0.8745627186406797,0.9999990940930098
12,optionality_vs_obligatoriness_of_marking,D,null_or_reverse,test,0.5,False,matched_control,9607,12995,changed,basis,0.0020566713064909,0.00102833565324545,0.05489514395594597,0.05529497563838959,-0.00039984438568353654,-0.007283784263402544,-0.00095372892357409,0.00018418479617685076,0.16391804097951024,0.9999990572178103
12,optionality_vs_obligatoriness_of_marking,D,null_or_reverse,test,0.5,False,matched_control,9607,6216,changed,basis,0.0020566713064909,0.00102833565324545,0.05489514395594597,0.05486225709319115,3.2880306243896484e-05,0.0005989656620680936,-0.0005499455202370881,0.0006506738699972628,0.9725137431284357,0.9999990450326223
12,optionality_vs_obligatoriness_of_marking,D,null_or_reverse,test,0.5,False,matched_control,9607,8551,changed,basis,0.0020566713064909,0.00102833565324545,0.05489514395594597,0.05480207875370979,9.306151419878005e-05,0.001695259498243835,-0.0006068264031782746,0.0007939655361697075,0.7996001999000499,0.9999990901582595
12,optionality_vs_obligatoriness_of_marking,D,null_or_reverse,test,1.0,True,target,9607,9607,changed,basis,0.0020566713064909,0.0020566713064909,0.05489514395594597,0.054216451942920685,0.0006786851584911347,0.012363300459432038,8.251025155186654e-05,0.0013108844514936207,0.026986506746626688,0.9999990550805764
12,optionality_vs_obligatoriness_of_marking,D,null_or_reverse,test,1.0,True,matched_control,9607,12995,changed,basis,0.0020566713064909,0.0020566713064909,0.05489514395594597,0.05416758358478546,0.0007275531068444252,0.01325350576415822,9.663676470518112e-05,0.0013981637088581918,0.02498750624687656,0.9999990443584926
12,optionality_vs_obligatoriness_of_marking,D,null_or_reverse,test,1.0,True,matched_control,9607,6216,changed,basis,0.0020566713064909,0.0020566713064909,0.05489514395594597,0.054793257266283035,0.00010187802836298942,0.0018558659477193064,-0.00045544644771143794,0.0006414154311642047,0.7156421789105447,0.9999990508664435
12,optionality_vs_obligatoriness_of_marking,D,null_or_reverse,test,1.0,True,matched_control,9607,8551,changed,basis,0.0020566713064909,0.0020566713064909,0.05489514395594597,0.05414839833974838,0.0007467376813292503,0.013602982477439471,4.4150534085929395e-05,0.0014755780464038248,0.038980509745127435,0.9999990037537692
12,optionality_vs_obligatoriness_of_marking,D,null_or_reverse,test,2.0,False,target,9607,9607,changed,basis,0.0020566713064909,0.0041133426129818,0.05489514395594597,0.05520026385784149,-0.00030512087047100065,-0.005558248844667643,-0.0008682359550148249,0.00020955234766006467,0.2768615692153923,0.9999990795363645
12,optionality_vs_obligatoriness_of_marking,D,null_or_reverse,test,2.0,False,matched_control,9607,12995,changed,basis,0.0020566713064909,0.0041133426129818,0.05489514395594597,0.05453250929713249,0.00036262698471546174,0.006605811709073472,-0.0002502071876078844,0.0009949423260986801,0.2698650674662669,0.9999990790803222
12,optionality_vs_obligatoriness_of_marking,D,null_or_reverse,test,2.0,False,matched_control,9607,6216,changed,basis,0.0020566713064909,0.0041133426129818,0.05489514395594597,0.055535707622766495,-0.0006405682489275933,-0.01166894196400427,-0.0012603204045444727,-5.9128708206117326e-05,0.03498250874562719,0.9999990553328034
12,optionality_vs_obligatoriness_of_marking,D,null_or_reverse,test,2.0,False,matched_control,9607,8551,changed,basis,0.0020566713064909,0.0041133426129818,0.05489514395594597,0.054434094578027725,0.0004610380157828331,0.00839852093571012,-0.00026615566201508047,0.0011568909576162693,0.19890054972513743,0.9999990685325477
13,redundancy_cumulative_exponence,B,null_or_reverse,val,0.5,False,target,4814,4814,changed,basis,0.02246557921171191,0.011232789605855956,0.5984931588172913,0.6000534296035767,-0.0015603058785200118,-0.002607057166039126,-0.0024269356466829774,-0.0006945441700518132,0.0009995002498750624,0.9999988897923542
13,redundancy_cumulative_exponence,B,null_or_reverse,val,0.5,False,matched_control,4814,7247,changed,basis,0.02246557921171191,0.011232789605855956,0.5984931588172913,0.5982187390327454,0.0002743624895811081,0.0004584220981293886,-0.0007522405106574296,0.0013056716565042733,0.6126936531734133,0.999998883961106
13,redundancy_cumulative_exponence,B,null_or_reverse,val,0.5,False,matched_control,4814,8041,changed,basis,0.02246557921171191,0.011232789605855956,0.5984931588172913,0.5980255603790283,0.00046757429838180544,0.0007812525364630727,-0.0004090420249849558,0.0014007317870855327,0.3268365817091454,0.9999989101943517
13,redundancy_cumulative_exponence,B,null_or_reverse,val,0.5,False,matched_control,4814,5205,changed,basis,0.02246557921171191,0.011232789605855956,0.5984931588172913,0.5962696671485901,0.0022234522551298143,0.0037150838273969184,0.0012521713040769102,0.003189338656142353,0.0009995002498750624,0.999998779197439
13,redundancy_cumulative_exponence,B,null_or_reverse,val,1.0,True,target,4814,4814,changed,basis,0.02246557921171191,0.02246557921171191,0.5984931588172913,0.6020583510398865,-0.003565210849046707,-0.005956978449164026,-0.004591827435418963,-0.0024683204255998136,0.0009995002498750624,0.9999985058416168
13,redundancy_cumulative_exponence,B,null_or_reverse,val,1.0,True,matched_control,4814,7247,changed,basis,0.02246557921171191,0.02246557921171191,0.5984931588172913,0.5979908108711243,0.0005023143440485001,0.0008392983890428182,-0.0005739863533526659,0.0015469663739204388,0.3548225887056472,0.9999984679659559
13,redundancy_cumulative_exponence,B,null_or_reverse,val,1.0,True,matched_control,4814,8041,changed,basis,0.02246557921171191,0.02246557921171191,0.5984931588172913,0.5978590250015259,0.0006340748816728592,0.001059452179747355,-0.0005033421479165554,0.001790592810139059,0.303848075962019,0.9999984857593917
13,redundancy_cumulative_exponence,B,null_or_reverse,val,1.0,True,matched_control,4814,5205,changed,basis,0.02246557921171191,0.02246557921171191,0.5984931588172913,0.5964961051940918,0.001996995210647583,0.00333670515899285,0.0008849285934120416,0.003043651638552546,0.0009995002498750624,0.9999983841532472
13,redundancy_cumulative_exponence,B,null_or_reverse,val,2.0,False,target,4814,4814,changed,basis,0.02246557921171191,0.04493115842342382,0.5984931588172913,0.6034814119338989,-0.004988290444016457,-0.008334749312546927,-0.006148430729284883,-0.003923705184832216,0.0009995002498750624,0.9999972820455797
13,redundancy_cumulative_exponence,B,null_or_reverse,val,2.0,False,matched_control,4814,7247,changed,basis,0.02246557921171191,0.04493115842342382,0.5984931588172913,0.5980802774429321,0.0004128638654947281,0.0006898389052777255,-0.0005309759452939033,0.001332210972905159,0.3618190904547726,0.9999973031682563
13,redundancy_cumulative_exponence,B,null_or_reverse,val,2.0,False,matched_control,4814,8041,changed,basis,0.02246557921171191,0.04493115842342382,0.5984931588172913,0.5980539321899414,0.0004391894489526749,0.0007338253453399142,-0.0006440832149237394,0.0014763414468616242,0.44177911044477763,0.9999972259875983
13,redundancy_cumulative_exponence,B,null_or_reverse,val,2.0,False,matched_control,4814,5205,changed,basis,0.02246557921171191,0.04493115842342382,0.5984931588172913,0.5956359505653381,0.002857172526419163,0.004773943501819382,0.0014547076197341084,0.004195700468495487,0.0009995002498750624,0.9999966587267464
13,redundancy_cumulative_exponence,B,null_or_reverse,test,0.5,False,target,4814,4814,changed,basis,0.02246557921171191,0.011232789605855956,0.04938895255327225,0.04998083412647247,-0.000591881051659584,-0.011984077836458775,-0.0014718967247754336,0.00020566785335540422,0.13993003498250875,0.9999988245747025
13,redundancy_cumulative_exponence,B,null_or_reverse,test,0.5,False,matched_control,4814,7247,changed,basis,0.02246557921171191,0.011232789605855956,0.04938895255327225,0.048977069556713104,0.00041188590228557586,0.008339636315252984,-0.0006468621827661991,0.0014329572226852178,0.4527736131934033,0.9999988396538864
13,redundancy_cumulative_exponence,B,null_or_reverse,test,0.5,False,matched_control,4814,8041,changed,basis,0.02246557921171191,0.011232789605855956,0.04938895255327225,0.0498223751783371,-0.0004334195330739021,-0.008775637276502355,-0.001153972504660487,0.00034792490117251806,0.26786606696651677,0.9999988527346835
13,redundancy_cumulative_exponence,B,null_or_reverse,test,0.5,False,matched_control,4814,5205,changed,basis,0.02246557921171191,0.011232789605855956,0.04938895255327225,0.048582691699266434,0.0008062615990638733,0.01632473574316479,-0.0001544299032539129,0.0017602192256599663,0.10794602698650675,0.9999987478033867
13,redundancy_cumulative_exponence,B,null_or_reverse,test,1.0,True,target,4814,4814,changed,basis,0.02246557921171191,0.02246557921171191,0.04938895255327225,0.050802163779735565,-0.001413212977349758,-0.02861394915847686,-0.002262391809374094,-0.0004968748157843951,0.00399800099950025,0.9999984500490083
13,redundancy_cumulative_exponence,B,null_or_reverse,test,1.0,True,matched_control,4814,7247,changed,basis,0.02246557921171191,0.02246557921171191,0.04938895255327225,0.05121879652142525,-0.0018298480287194253,-0.03704974359894963,-0.0026943093007430435,-0.0008306950619444253,0.001999000499750125,0.999998448645617
13,redundancy_cumulative_exponence,B,null_or_reverse,test,1.0,True,matched_control,4814,8041,changed,basis,0.02246557921171191,0.02246557921171191,0.04938895255327225,0.05125689506530762,-0.0018679378554224968,-0.03782096519272582,-0.002785345520824194,-0.000996418794617059,0.0009995002498750624,0.9999984828388968
13,redundancy_cumulative_exponence,B,null_or_reverse,test,1.0,True,matched_control,4814,5205,changed,basis,0.02246557921171191,0.02246557921171191,0.04938895255327225,0.04732729494571686,0.0020616538263857364,0.04174321826651378,0.001122008544392884,0.003025325705762952,0.0009995002498750624,0.9999983482823949
13,redundancy_cumulative_exponence,B,null_or_reverse,test,2.0,False,target,4814,4814,changed,basis,0.02246557921171191,0.04493115842342382,0.04938895255327225,0.05340220034122467,-0.004013241939246654,-0.08125788727586121,-0.004985833278857171,-0.00307528856676072,0.0009995002498750624,0.9999970074450316
13,redundancy_cumulative_exponence,B,null_or_reverse,test,2.0,False,matched_control,4814,7247,changed,basis,0.02246557921171191,0.04493115842342382,0.04938895255327225,0.050792183727025986,-0.0014032380282878877,-0.028411981946252406,-0.0024713537618517877,-0.0003579112384468321,0.0069965017491254375,0.9999973622874794
13,redundancy_cumulative_exponence,B,null_or_reverse,test,2.0,False,matched_control,4814,8041,changed,basis,0.02246557921171191,0.04493115842342382,0.04938895255327225,0.05039374530315399,-0.001004785280674696,-0.020344332664089356,-0.0018281416553072632,-8.449244126677547e-05,0.028985507246376812,0.9999969179618898
13,redundancy_cumulative_exponence,B,null_or_reverse,test,2.0,False,matched_control,4814,5205,changed,basis,0.02246557921171191,0.04493115842342382,0.04938895255327225,0.04508662223815918,0.00430232523009181,0.08711108471983096,0.003295750701799989,0.00533695140434429,0.0009995002498750624,0.9999966267158047
14,definiteness_and_specificity,C,specific_positive,val,0.5,False,target,12995,12995,basis,changed,0.0107368240132928,0.0053684120066464,0.5651381611824036,0.5647457242012024,0.0003924541175365448,0.0006944392442291233,-0.0008523236662149429,0.0016395435966551272,0.5777111444277861,0.9999990454120181
14,definiteness_and_specificity,C,specific_positive,val,0.5,False,matched_control,12995,3132,basis,changed,0.0107368240132928,0.0053684120066464,0.5651381611824036,0.5660884976387024,-0.000950293019413948,-0.0016815233595723015,-0.0020761411488056185,7.355235703289491e-05,0.07096451774112944,0.9999990246671269
14,definiteness_and_specificity,C,specific_positive,val,0.5,False,matched_control,12995,13197,basis,changed,0.0107368240132928,0.0053684120066464,0.5651381611824036,0.5660566091537476,-0.0009184203296899795,-0.0016251253105407455,-0.0020045634694397453,0.0002424131613224741,0.11694152923538231,0.9999990358060055
14,definiteness_and_specificity,C,specific_positive,val,0.5,False,matched_control,12995,15325,basis,changed,0.0107368240132928,0.0053684120066464,0.5651381611824036,0.5668516755104065,-0.0017135435342788697,-0.003032078971085104,-0.003117310918867588,-0.000259705483913422,0.014992503748125937,0.9999990790940203
14,definiteness_and_specificity,C,specific_positive,val,1.0,True,target,12995,12995,basis,changed,0.0107368240132928,0.0107368240132928,0.5651381611824036,0.5653313994407654,-0.00019323393702507018,-0.0003419233566191651,-0.0012786953598260878,0.0008557757809758185,0.7226386806596702,0.9999989616760587
14,definiteness_and_specificity,C,specific_positive,val,1.0,True,matched_control,12995,3132,basis,changed,0.0107368240132928,0.0107368240132928,0.5651381611824036,0.5656503438949585,-0.0005122180283069611,-0.0009063589463420397,-0.0016355500780045986,0.0005610041432082645,0.367816091954023,0.9999990228232261
14,definiteness_and_specificity,C,specific_positive,val,1.0,True,matched_control,12995,13197,basis,changed,0.0107368240132928,0.0107368240132928,0.5651381611824036,0.5673243403434753,-0.002186175659298897,-0.003868391500451672,-0.0034172941390424967,-0.0008858239427208916,0.0009995002498750624,0.9999989295762914
14,definiteness_and_specificity,C,specific_positive,val,1.0,True,matched_control,12995,15325,basis,changed,0.0107368240132928,0.0107368240132928,0.5651381611824036,0.5666015148162842,-0.0014633847028017045,-0.0025894282200656124,-0.002673991834744811,-0.00030727221816778243,0.010994502748625687,0.9999989927340962
14,definiteness_and_specificity,C,specific_positive,val,2.0,False,target,12995,12995,basis,changed,0.0107368240132928,0.0214736480265856,0.5651381611824036,0.5624731183052063,0.0026650410890579224,0.004715733730459862,0.0012744162566959857,0.004018818445503712,0.0009995002498750624,0.9999986820122929
14,definiteness_and_specificity,C,specific_positive,val,2.0,False,matched_control,12995,3132,basis,changed,0.0107368240132928,0.0214736480265856,0.5651381611824036,0.5670827627182007,-0.0019446350634098053,-0.0034409905346706117,-0.003152028534561396,-0.0007189213149249562,0.00399800099950025,0.9999987869472647
14,definiteness_and_specificity,C,specific_positive,val,2.0,False,matched_control,12995,13197,basis,changed,0.0107368240132928,0.0214736480265856,0.5651381611824036,0.5653399229049683,-0.0002017717808485031,-0.0003570308903336991,-0.0018008991144597532,0.0012857754528522482,0.8185907046476761,0.9999985855939524
14,definiteness_and_specificity,C,specific_positive,val,2.0,False,matched_control,12995,15325,basis,changed,0.0107368240132928,0.0214736480265856,0.5651381611824036,0.56504225730896,9.586706757545471e-05,0.00016963474449305986,-0.0009853993840515613,0.001104861252009868,0.8345827086456772,0.9999986336204482
14,definiteness_and_specificity,C,specific_positive,test,0.5,False,target,12995,12995,basis,changed,0.0107368240132928,0.0053684120066464,0.5032537579536438,0.5017188787460327,0.0015348849818110466,0.0030499225441500415,0.00040174626186490056,0.002707464803941548,0.0079960019990005,0.9999990888559392
14,definiteness_and_specificity,C,specific_positive,test,0.5,False,matched_control,12995,3132,basis,changed,0.0107368240132928,0.0053684120066464,0.5032537579536438,0.5033310055732727,-7.727425545454026e-05,-0.0001535492864847285,-0.001523453581146896,0.0014208545181900263,0.9035482258870565,0.9999991155800342
14,definiteness_and_specificity,C,specific_positive,test,0.5,False,matched_control,12995,13197,basis,changed,0.0107368240132928,0.0053684120066464,0.5032537579536438,0.5019776821136475,0.0012761158123612403,0.002535730319332831,-9.225937630981207e-05,0.002745103791356086,0.07196401799100449,0.9999991225554099
14,definiteness_and_specificity,C,specific_positive,test,0.5,False,matched_control,12995,15325,basis,changed,0.0107368240132928,0.0053684120066464,0.5032537579536438,0.5032218098640442,3.195304423570633e-05,6.349290736672377e-05,-0.0012297057127580045,0.0012681101411581037,0.95952023988006,0.999999114809714
14,definiteness_and_specificity,C,specific_positive,test,1.0,True,target,12995,12995,basis,changed,0.0107368240132928,0.0107368240132928,0.5032537579536438,0.5008171200752258,0.0024366260319948195,0.004841744335706013,0.0011261090422049166,0.003741456730291247,0.0009995002498750624,0.999999059231852
14,definiteness_and_specificity,C,specific_positive,test,1.0,True,matched_control,12995,3132,basis,changed,0.0107368240132928,0.0107368240132928,0.5032537579536438,0.5027582049369812,0.0004955459386110306,0.0009846840302316765,-0.000789691912010312,0.0018351554218679663,0.45577211394302847,0.9999991004678499
14,definiteness_and_specificity,C,specific_positive,test,1.0,True,matched_control,12995,13197,basis,changed,0.0107368240132928,0.0107368240132928,0.5032537579536438,0.5035569667816162,-0.00030316095799207685,-0.0006024017768387969,-0.001777017601765692,0.0012394430851563809,0.704647676161919,0.9999990080031074
14,definiteness_and_specificity,C,specific_positive,test,1.0,True,matched_control,12995,15325,basis,changed,0.0107368240132928,0.0107368240132928,0.5032537579536438,0.5038478970527649,-0.0005941293388605118,-0.0011805760602293183,-0.002223062854260206,0.0009873746335506432,0.511744127936032,0.9999990215018744
14,definiteness_and_specificity,C,specific_positive,test,2.0,False,target,12995,12995,basis,changed,0.0107368240132928,0.0214736480265856,0.5032537579536438,0.49957606196403503,0.0036777013912796972,0.0073078468529160215,0.0023831014167517424,0.004915487089194356,0.0009995002498750624,0.9999988118606759
14,definiteness_and_specificity,C,specific_positive,test,2.0,False,matched_control,12995,3132,basis,changed,0.0107368240132928,0.0214736480265856,0.5032537579536438,0.5029907822608948,0.00026293370872735976,0.0005224674521984978,-0.000869984706863761,0.0013506054133176797,0.6426786606696652,0.999998886897491
14,definiteness_and_specificity,C,specific_positive,test,2.0,False,matched_control,12995,13197,basis,changed,0.0107368240132928,0.0214736480265856,0.5032537579536438,0.5031852722167969,6.845865398645401e-05,0.00013603207706748996,-0.0014860947504639625,0.0015278984941542134,0.8995502248875562,0.9999987034426525
14,definiteness_and_specificity,C,specific_positive,test,2.0,False,matched_control,12995,15325,basis,changed,0.0107368240132928,0.0214736480265856,0.5032537579536438,0.503372311592102,-0.00011854995042085647,-0.00023556694519860188,-0.0014308907454833389,0.001261266731657087,0.8925537231384307,0.9999987559439454
15,number_marking,B,positive_nonspecific,val,0.5,False,target,8685,8685,changed,basis,0.0219481493113563,0.01097407465567815,0.17852850258350372,0.1761344075202942,0.002394087091088295,0.01341011130684021,0.0008669613599777222,0.0038961804136633865,0.0009995002498750624,0.9999986994032146
15,number_marking,B,positive_nonspecific,val,0.5,False,matched_control,8685,5205,changed,basis,0.0219481493113563,0.01097407465567815,0.17852850258350372,0.17544850707054138,0.0030799753963947295,0.01725200935326348,0.0016291899178177119,0.004457232486456632,0.0009995002498750624,0.9999986832224041
15,number_marking,B,positive_nonspecific,val,0.5,False,matched_control,8685,758,changed,basis,0.0219481493113563,0.01097407465567815,0.17852850258350372,0.17665952444076538,0.0018689509481191636,0.010468641819504384,0.00044558059424161913,0.003354072328656911,0.008995502248875561,0.9999985576127528
15,number_marking,B,positive_nonspecific,val,0.5,False,matched_control,8685,9728,changed,basis,0.0219481493113563,0.01097407465567815,0.17852850258350372,0.17960822582244873,-0.0010797353833913803,-0.006047971991958831,-0.002354055017232895,0.00014161133393645112,0.08995502248875563,0.99999859950263
15,number_marking,B,positive_nonspecific,val,1.0,True,target,8685,8685,changed,basis,0.0219481493113563,0.0219481493113563,0.17852850258350372,0.1734239012002945,0.0051045618951320645,0.02859241981679923,0.0036769676655530933,0.006612280005589126,0.0009995002498750624,0.9999983850563194
15,number_marking,B,positive_nonspecific,val,1.0,True,matched_control,8685,5205,changed,basis,0.0219481493113563,0.0219481493113563,0.17852850258350372,0.17100757360458374,0.007520917430520057,0.04212726439579178,0.005746268104761839,0.009245813561603426,0.0009995002498750624,0.999997807117104
15,number_marking,B,positive_nonspecific,val,1.0,True,matched_control,8685,758,changed,basis,0.0219481493113563,0.0219481493113563,0.17852850258350372,0.17666473984718323,0.0018637806177139282,0.010439681007474848,-0.00016021766141057013,0.0038714843392372127,0.06896551724137931,0.9999983196913884
15,number_marking,B,positive_nonspecific,val,1.0,True,matched_control,8685,9728,changed,basis,0.0219481493113563,0.0219481493113563,0.17852850258350372,0.1809508353471756,-0.002422315329313278,-0.013568227449733303,-0.003716625278815627,-0.0010939331389963633,0.0009995002498750624,0.999998319680038
15,number_marking,B,positive_nonspecific,val,2.0,False,target,8685,8685,changed,basis,0.0219481493113563,0.0438962986227126,0.17852850258350372,0.1682029515504837,0.01032554604113102,0.05783696099899465,0.008973566697910428,0.011671490430831908,0.0009995002498750624,0.9999972897934317
15,number_marking,B,positive_nonspecific,val,2.0,False,matched_control,8685,5205,changed,basis,0.0219481493113563,0.0438962986227126,0.17852850258350372,0.16107894480228424,0.017449534609913827,0.09774088931122972,0.015517688347026706,0.01944659280031919,0.0009995002498750624,0.9999953556849697
15,number_marking,B,positive_nonspecific,val,2.0,False,matched_control,8685,758,changed,basis,0.0219481493113563,0.0438962986227126,0.17852850258350372,0.18392141163349152,-0.005392938405275344,-0.030207716567570982,-0.007333886485546828,-0.0035377664715051656,0.0009995002498750624,0.9999971208178051
15,number_marking,B,positive_nonspecific,val,2.0,False,matched_control,8685,9728,changed,basis,0.0219481493113563,0.0438962986227126,0.17852850258350372,0.18696977198123932,-0.008441283851861953,-0.04728255561273015,-0.010437502272427082,-0.006412507088854909,0.0009995002498750624,0.9999969076182758
15,number_marking,B,positive_nonspecific,test,0.5,False,target,8685,8685,changed,basis,0.0219481493113563,0.01097407465567815,0.13530294597148895,0.13429947197437286,0.0010034727677702903,0.007416488684449947,-0.0009151295917108655,0.0028410139614716166,0.30884557721139433,0.9999986103388824
15,number_marking,B,positive_nonspecific,test,0.5,False,matched_control,8685,5205,changed,basis,0.0219481493113563,0.01097407465567815,0.13530294597148895,0.1320023536682129,0.0033006055653095247,0.024394188475430748,0.0017424426171928644,0.004840742191299795,0.0009995002498750624,0.9999984765149058
15,number_marking,B,positive_nonspecific,test,0.5,False,matched_control,8685,758,changed,basis,0.0219481493113563,0.01097407465567815,0.13530294597148895,0.133534237742424,0.0017687159031629562,0.0130722645428257,0.00015818789042532444,0.003250549485906958,0.029985007496251874,0.9999986102550587
15,number_marking,B,positive_nonspecific,test,0.5,False,matched_control,8685,9728,changed,basis,0.0219481493113563,0.01097407465567815,0.13530294597148895,0.1367446333169937,-0.0014416982978582382,-0.010655335606380906,-0.003096413979306817,0.00020275704190134906,0.095952023988006,0.9999985027700978
15,number_marking,B,positive_nonspecific,test,1.0,True,target,8685,8685,changed,basis,0.0219481493113563,0.0219481493113563,0.13530294597148895,0.13142000138759613,0.003882937878370285,0.028698102990222383,0.0019065176863223314,0.005927875412628055,0.0009995002498750624,0.9999982629218036
15,number_marking,B,positive_nonspecific,test,1.0,True,matched_control,8685,5205,changed,basis,0.0219481493113563,0.0219481493113563,0.13530294597148895,0.12980327010154724,0.005499672442674637,0.040647100498709975,0.00415057079307735,0.006981797974556684,0.0009995002498750624,0.999997955348793
15,number_marking,B,positive_nonspecific,test,1.0,True,matched_control,8685,758,changed,basis,0.0219481493113563,0.0219481493113563,0.13530294597148895,0.13437071442604065,0.0009322280436754227,0.0068899316048289284,-0.0006363064702600241,0.0025894216317683457,0.2518740629685157,0.9999982048402791
15,number_marking,B,positive_nonspecific,test,1.0,True,matched_control,8685,9728,changed,basis,0.0219481493113563,0.0219481493113563,0.13530294597148895,0.1360890418291092,-0.0007860963046550751,-0.0058098979221097025,-0.00230524905025959,0.0005878501608967777,0.2658670664667666,0.999998172762836
15,number_marking,B,positive_nonspecific,test,2.0,False,target,8685,8685,changed,basis,0.0219481493113563,0.0438962986227126,0.13530294597148895,0.12620162963867188,0.009101310595870018,0.06726616727020746,0.007583116682246327,0.010638611447066064,0.0009995002498750624,0.9999971788466426
15,number_marking,B,positive_nonspecific,test,2.0,False,matched_control,8685,5205,changed,basis,0.0219481493113563,0.0438962986227126,0.13530294597148895,0.11755727976560593,0.01774567298591137,0.13115511165330235,0.016071922363713385,0.019436475498601793,0.0009995002498750624,0.9999955303867831
15,number_marking,B,positive_nonspecific,test,2.0,False,matched_control,8685,758,changed,basis,0.0219481493113563,0.0438962986227126,0.13530294597148895,0.1371898353099823,-0.0018868907168507576,-0.013945673564627066,-0.003953809930942953,0.0001889104358851892,0.07096451774112944,0.9999969565682253
15,number_marking,B,positive_nonspecific,test,2.0,False,matched_control,8685,9728,changed,basis,0.0219481493113563,0.0438962986227126,0.13530294597148895,0.14403392374515533,-0.008730975799262524,-0.06452908868002265,-0.010766360206529497,-0.006769441928714514,0.0009995002498750624,0.9999968737498824
16,gender_noun_class,A,specific_positive,val,0.5,False,target,5205,5205,changed,basis,0.1237051449716091,0.06185257248580455,1.7015348672866821,1.6641284227371216,0.03740637242794037,0.021983900034672623,0.03467677253484726,0.040137110039591785,0.0009995002498750624,0.999995589229719
16,gender_noun_class,A,specific_positive,val,0.5,False,matched_control,5205,7247,changed,basis,0.1237051449716091,0.06185257248580455,1.7015348672866821,1.695505976676941,0.006029036045074463,0.003543292682969549,0.004531297385692597,0.007585867911577224,0.0009995002498750624,0.9999960571826157
16,gender_noun_class,A,specific_positive,val,0.5,False,matched_control,5205,8041,changed,basis,0.1237051449716091,0.06185257248580455,1.7015348672866821,1.7043843269348145,-0.0028492176532745363,-0.0016744985413187465,-0.0045157458782196045,-0.000998394161462786,0.005997001499250375,0.9999960539020714
16,gender_noun_class,A,specific_positive,val,0.5,False,matched_control,5205,9728,changed,basis,0.1237051449716091,0.06185257248580455,1.7015348672866821,1.7002737522125244,0.0012612515687942505,0.0007412434461630984,-0.00021554516255855558,0.0026912782341241837,0.09195402298850575,0.9999962492100276
16,gender_noun_class,A,specific_positive,val,1.0,True,target,5205,5205,changed,basis,0.1237051449716091,0.1237051449716091,1.7015348672866821,1.6181358098983765,0.0833989542722702,0.04901395550316324,0.07819505164027213,0.08819520911574363,0.0009995002498750624,0.9999866872405834
16,gender_noun_class,A,specific_positive,val,1.0,True,matched_control,5205,7247,changed,basis,0.1237051449716091,0.1237051449716091,1.7015348672866821,1.6915134191513062,0.010021644830703735,0.005889767540693742,0.008051227539777755,0.012053670555353163,0.0009995002498750624,0.9999891601959721
16,gender_noun_class,A,specific_positive,val,1.0,True,matched_control,5205,8041,changed,basis,0.1237051449716091,0.1237051449716091,1.7015348672866821,1.7057368755340576,-0.004201886653900147,-0.00246946843975087,-0.006305501729249954,-0.002188254609704018,0.0009995002498750624,0.9999892432544278
16,gender_noun_class,A,specific_positive,val,1.0,True,matched_control,5205,9728,changed,basis,0.1237051449716091,0.1237051449716091,1.7015348672866821,1.7005493640899658,0.000985722541809082,0.0005793137482871241,-0.0012628573924303053,0.003195780739188193,0.3598200899550225,0.9999895833519696
16,gender_noun_class,A,specific_positive,val,2.0,False,target,5205,5205,changed,basis,0.1237051449716091,0.2474102899432182,1.7015348672866821,1.5102428197860718,0.19129218876361848,0.11242331405683074,0.1800984963029623,0.20239236587285991,0.0009995002498750624,0.9999448627085273
16,gender_noun_class,A,specific_positive,val,2.0,False,matched_control,5205,7247,changed,basis,0.1237051449716091,0.2474102899432182,1.7015348672866821,1.6744557619094849,0.027079321146011352,0.015914643694132955,0.024293898954987528,0.029826248958706853,0.0009995002498750624,0.9999610701446484
16,gender_noun_class,A,specific_positive,val,2.0,False,matched_control,5205,8041,changed,basis,0.1237051449716091,0.2474102899432182,1.7015348672866821,1.7109205722808838,-0.009385517835617065,-0.0055159127303594365,-0.012371394634246826,-0.006400228977203372,0.0009995002498750624,0.9999633638658392
16,gender_noun_class,A,specific_positive,val,2.0,False,matched_control,5205,9728,changed,basis,0.1237051449716091,0.2474102899432182,1.7015348672866821,1.699031114578247,0.002503824234008789,0.0014715092133265897,-0.0007173043936491013,0.0058581982403993595,0.1409295352323838,0.9999634565771857
16,gender_noun_class,A,specific_positive,test,0.5,False,target,5205,5205,changed,basis,0.1237051449716091,0.06185257248580455,1.259529709815979,1.2238941192626953,0.035635564923286435,0.028292754546054254,0.03359291835129261,0.03757959707081318,0.0009995002498750624,0.9999955734001615
16,gender_noun_class,A,specific_positive,test,0.5,False,matched_control,5205,7247,changed,basis,0.1237051449716091,0.06185257248580455,1.259529709815979,1.2578409910202026,0.0016886764764785767,0.001340719844334039,-0.00024954134225845334,0.0036083817705512018,0.09295352323838081,0.9999959744692383
16,gender_noun_class,A,specific_positive,test,0.5,False,matched_control,5205,8041,changed,basis,0.1237051449716091,0.06185257248580455,1.259529709815979,1.2636934518814087,-0.004163788557052612,-0.0033058279805570872,-0.00571223609149456,-0.0026100100055336953,0.0009995002498750624,0.9999961220271425
16,gender_noun_class,A,specific_positive,test,0.5,False,matched_control,5205,9728,changed,basis,0.1237051449716091,0.06185257248580455,1.259529709815979,1.260133981704712,-0.0006042689085006714,-0.0004797575664880163,-0.0021564395129680634,0.0009184737280011158,0.4397801099450275,0.9999962534960346
16,gender_noun_class,A,specific_positive,test,1.0,True,target,5205,5205,changed,basis,0.1237051449716091,0.1237051449716091,1.259529709815979,1.1809024810791016,0.078627188205719,0.06242583052463817,0.07454092618077993,0.08293977842479945,0.0009995002498750624,0.9999869203550916
16,gender_noun_class,A,specific_positive,test,1.0,True,matched_control,5205,7247,changed,basis,0.1237051449716091,0.1237051449716091,1.259529709815979,1.2539422512054443,0.00558740884065628,0.0044361072209028055,0.003436769999563694,0.007646514892578125,0.0009995002498750624,0.9999891678624561
16,gender_noun_class,A,specific_positive,test,1.0,True,matched_control,5205,8041,changed,basis,0.1237051449716091,0.1237051449716091,1.259529709815979,1.2640080451965332,-0.004478374719619751,-0.003555592761900039,-0.006458227142691612,-0.0024408649355173117,0.0009995002498750624,0.9999898012418251
16,gender_noun_class,A,specific_positive,test,1.0,True,matched_control,5205,9728,changed,basis,0.1237051449716091,0.1237051449716091,1.259529709815979,1.2613368034362793,-0.0018071001768112183,-0.0014347420015008944,-0.0036398531347513197,0.00024039918184280319,0.08095952023988005,0.9999900019196075
16,gender_noun_class,A,specific_positive,test,2.0,False,target,5205,5205,changed,basis,0.1237051449716091,0.2474102899432182,1.259529709815979,1.0810441970825195,0.17848546028137208,0.1417080191839614,0.1670276385471225,0.18953623120486734,0.0009995002498750624,0.9999465147314737
16,gender_noun_class,A,specific_positive,test,2.0,False,matched_control,5205,7247,changed,basis,0.1237051449716091,0.2474102899432182,1.259529709815979,1.242647647857666,0.01688204735517502,0.013403453069512378,0.013472868166863917,0.02046489831060171,0.0009995002498750624,0.9999620953554311
16,gender_noun_class,A,specific_positive,test,2.0,False,matched_control,5205,8041,changed,basis,0.1237051449716091,0.2474102899432182,1.259529709815979,1.2704216241836548,-0.010891920924186706,-0.008647609373008,-0.014180983379483222,-0.0076914795711636565,0.0009995002498750624,0.9999657441428706
16,gender_noun_class,A,specific_positive,test,2.0,False,matched_control,5205,9728,changed,basis,0.1237051449716091,0.2474102899432182,1.259529709815979,1.262224555015564,-0.002694762349128723,-0.002139498836849538,-0.0059033484458923344,0.0006643081679940203,0.11294352823588207,0.9999652286737356
17,animacy_and_humanness,D,specific_positive,val,0.5,False,target,6618,6618,changed,basis,0.021168870851397497,0.010584435425698748,0.4498804807662964,0.44192323088645935,0.007957237623631954,0.017687448030815043,0.007090655254200101,0.008714155855588615,0.0009995002498750624,0.9999991217659495
17,animacy_and_humanness,D,specific_positive,val,0.5,False,matched_control,6618,5205,changed,basis,0.021168870851397497,0.010584435425698748,0.4498804807662964,0.4494556486606598,0.00042482566088438036,0.0009443078307393125,-0.0005573226697742939,0.0014478097660467018,0.4047976011994003,0.9999991735317044
17,animacy_and_humanness,D,specific_positive,val,0.5,False,matched_control,6618,7247,changed,basis,0.021168870851397497,0.010584435425698748,0.4498804807662964,0.44995835423469543,-7.784478366374969e-05,-0.0001730343657745588,-0.000950008338317275,0.0008199859075248241,0.8765617191404298,0.9999991930094453
17,animacy_and_humanness,D,specific_positive,val,0.5,False,matched_control,6618,8041,changed,basis,0.021168870851397497,0.010584435425698748,0.4498804807662964,0.449222594499588,0.0006578505784273148,0.0014622785529765062,-0.00016962274350225924,0.0015158680230379098,0.11894052973513243,0.9999991917060204
17,animacy_and_humanness,D,specific_positive,val,1.0,True,target,6618,6618,changed,basis,0.021168870851397497,0.021168870851397497,0.4498804807662964,0.42720451951026917,0.022675907984375954,0.05040429392658096,0.020870479939505457,0.024674665454775094,0.0009995002498750624,0.9999983675904331
17,animacy_and_humanness,D,specific_positive,val,1.0,True,matched_control,6618,5205,changed,basis,0.021168870851397497,0.021168870851397497,0.4498804807662964,0.4486168622970581,0.001263599321246147,0.0028087444894115353,0.00020670167170464993,0.0023432501573115577,0.021989005497251374,0.9999989352121474
17,animacy_and_humanness,D,specific_positive,val,1.0,True,matched_control,6618,7247,changed,basis,0.021168870851397497,0.021168870851397497,0.4498804807662964,0.45106419920921326,-0.0011836856231093407,-0.0026311113144831923,-0.0023405746920034287,1.355384476482857e-05,0.053973013493253376,0.9999988880519313
17,animacy_and_humanness,D,specific_positive,val,1.0,True,matched_control,6618,8041,changed,basis,0.021168870851397497,0.021168870851397497,0.4498804807662964,0.44688698649406433,0.0029934966936707498,0.006653982161154952,0.001919099099934101,0.004102845185436309,0.0009995002498750624,0.9999988924447245
17,animacy_and_humanness,D,specific_positive,val,2.0,False,target,6618,6618,changed,basis,0.021168870851397497,0.042337741702794994,0.4498804807662964,0.4026283621788025,0.047252087220549584,0.10503253473025442,0.04367992790415883,0.051296357033774255,0.0009995002498750624,0.9999954506434362
17,animacy_and_humanness,D,specific_positive,val,2.0,False,matched_control,6618,5205,changed,basis,0.021168870851397497,0.042337741702794994,0.4498804807662964,0.44875797629356384,0.0011224532872438431,0.0024950033069492837,0.00010554881952703,0.002121964402496814,0.03398300849575212,0.999998086850478
17,animacy_and_humanness,D,specific_positive,val,2.0,False,matched_control,6618,7247,changed,basis,0.021168870851397497,0.042337741702794994,0.4498804807662964,0.4532749652862549,-0.003394511565566063,-0.007545363070173835,-0.004864368736743927,-0.0019540677443146705,0.0009995002498750624,0.9999979928566283
17,animacy_and_humanness,D,specific_positive,val,2.0,False,matched_control,6618,8041,changed,basis,0.021168870851397497,0.042337741702794994,0.4498804807662964,0.44342559576034546,0.006454873904585838,0.01434797503014809,0.005066148677840829,0.007799770481884479,0.0009995002498750624,0.9999977766564401
17,animacy_and_humanness,D,specific_positive,test,0.5,False,target,6618,6618,changed,basis,0.021168870851397497,0.010584435425698748,0.7751635909080505,0.76683509349823,0.008328519687056541,0.010744209073726304,0.007524972595274448,0.009175627533346414,0.0009995002498750624,0.9999991700685846
17,animacy_and_humanness,D,specific_positive,test,0.5,False,matched_control,6618,5205,changed,basis,0.021168870851397497,0.010584435425698748,0.7751635909080505,0.7735369801521301,0.0016266918182373047,0.002098514219858737,0.0006723932325839997,0.0025879371259361493,0.001999000499750125,0.9999992620651688
17,animacy_and_humanness,D,specific_positive,test,0.5,False,matched_control,6618,7247,changed,basis,0.021168870851397497,0.010584435425698748,0.7751635909080505,0.7750818133354187,8.193589746952057e-05,0.0001057014266801906,-0.0008218192048370838,0.0009658965617418269,0.8655672163918041,0.9999992717534577
17,animacy_and_humanness,D,specific_positive,test,0.5,False,matched_control,6618,8041,changed,basis,0.021168870851397497,0.010584435425698748,0.7751635909080505,0.7752236127853394,-5.9940218925476074e-05,-7.732589562837987e-05,-0.0009889632612466812,0.0007580417953431598,0.927536231884058,0.9999992525277612
17,animacy_and_humanness,D,specific_positive,test,1.0,True,target,6618,6618,changed,basis,0.021168870851397497,0.021168870851397497,0.7751635909080505,0.7534201741218567,0.021743429526686668,0.02805011713877808,0.02020630549825728,0.02331834930367768,0.0009995002498750624,0.9999984323755997
17,animacy_and_humanness,D,specific_positive,test,1.0,True,matched_control,6618,5205,changed,basis,0.021168870851397497,0.021168870851397497,0.7751635909080505,0.7734382152557373,0.0017255092412233352,0.002225993663095064,0.0008637973070144653,0.002615493459627031,0.0009995002498750624,0.9999990338397378
17,animacy_and_humanness,D,specific_positive,test,1.0,True,matched_control,6618,7247,changed,basis,0.021168870851397497,0.021168870851397497,0.7751635909080505,0.7768876552581787,-0.0017239710688591004,-0.002224009343420771,-0.0027996483258903027,-0.0006639184765517716,0.00399800099950025,0.9999990150465878
17,animacy_and_humanness,D,specific_positive,test,1.0,True,matched_control,6618,8041,changed,basis,0.021168870851397497,0.021168870851397497,0.7751635909080505,0.7740715146064758,0.0010921741276979447,0.0014089595286828915,-1.5849962830543508e-05,0.002142867213115096,0.053973013493253376,0.9999989556655079
17,animacy_and_humanness,D,specific_positive,test,2.0,False,target,6618,6618,changed,basis,0.021168870851397497,0.042337741702794994,0.7751635909080505,0.7285477519035339,0.04661599598824978,0.06013697822628945,0.04382751592621207,0.0494399788994342,0.0009995002498750624,0.9999954372577009
17,animacy_and_humanness,D,specific_positive,test,2.0,False,matched_control,6618,5205,changed,basis,0.021168870851397497,0.042337741702794994,0.7751635909080505,0.7742108106613159,0.000952858105301857,0.0012292348563296808,-6.545443087816239e-05,0.0020718558393418786,0.07196401799100449,0.9999981708966367
17,animacy_and_humanness,D,specific_positive,test,2.0,False,matched_control,6618,7247,changed,basis,0.021168870851397497,0.042337741702794994,0.7751635909080505,0.7783676385879517,-0.003203983083367348,-0.004133299242827057,-0.00449482492916286,-0.001989184655249119,0.0009995002498750624,0.9999981486706025
17,animacy_and_humanness,D,specific_positive,test,2.0,False,matched_control,6618,8041,changed,basis,0.021168870851397497,0.042337741702794994,0.7751635909080505,0.7700721025466919,0.0050915548950433735,0.0065683617687448004,0.003834778219461441,0.006307498859241603,0.0009995002498750624,0.9999979074487704
18,person_marking_and_person_hierarchy,B,null_or_reverse,val,0.5,False,target,13235,13235,changed,basis,0.0016332971863449,0.00081664859317245,0.5336594581604004,0.5321922898292542,0.0014671746641397477,0.0027492713596744003,-0.00018478587456047534,0.0030388677455484856,0.0769615192403798,0.9999990896190422
18,person_marking_and_person_hierarchy,B,null_or_reverse,val,0.5,False,matched_control,13235,12995,changed,basis,0.0016332971863449,0.00081664859317245,0.5336594581604004,0.5331485271453857,0.0005109422653913498,0.0009574312936430284,-0.0009011141080409289,0.0019127919599413858,0.46776611694152925,0.9999991491902419
18,person_marking_and_person_hierarchy,B,null_or_reverse,val,0.5,False,matched_control,13235,6944,changed,basis,0.0016332971863449,0.00081664859317245,0.5336594581604004,0.533196210861206,0.0004632700234651566,0.0008681004644087334,-0.0014937067329883575,0.002280924228951334,0.6336831584207896,0.9999990928895061
18,person_marking_and_person_hierarchy,B,null_or_reverse,val,0.5,False,matched_control,13235,6216,changed,basis,0.0016332971863449,0.00081664859317245,0.5336594581604004,0.5319596529006958,0.0016998382657766342,0.003185249019358182,-0.0001560488026589155,0.0035273043885827053,0.06996501749125437,0.9999990912266093
18,person_marking_and_person_hierarchy,B,null_or_reverse,val,1.0,True,target,13235,13235,changed,basis,0.0016332971863449,0.0016332971863449,0.5336594581604004,0.5324398279190063,0.0012196929007768631,0.0022855266258773282,-0.0006667211223393679,0.003086889803409576,0.2098950524737631,0.9999990709809332
18,person_marking_and_person_hierarchy,B,null_or_reverse,val,1.0,True,matched_control,13235,12995,changed,basis,0.0016332971863449,0.0016332971863449,0.5336594581604004,0.5325376391410828,0.001121823936700821,0.0021021344596194483,-0.0004360185712575913,0.002813317138701676,0.18790604697651175,0.9999991039838712
18,person_marking_and_person_hierarchy,B,null_or_reverse,val,1.0,True,matched_control,13235,6944,changed,basis,0.0016332971863449,0.0016332971863449,0.5336594581604004,0.5326867699623108,0.0009726960957050323,0.001822690633195284,-0.000619330070912838,0.002551919892430305,0.21889055472263869,0.9999990955262301
18,person_marking_and_person_hierarchy,B,null_or_reverse,val,1.0,True,matched_control,13235,6216,changed,basis,0.0016332971863449,0.0016332971863449,0.5336594581604004,0.5332997441291809,0.00035969078540802,0.0006740080774505993,-0.001452574234455824,0.002281761661171913,0.7136431784107946,0.999999091749823
18,person_marking_and_person_hierarchy,B,null_or_reverse,val,2.0,False,target,13235,13235,changed,basis,0.0016332971863449,0.0032665943726898,0.5336594581604004,0.5322893857955933,0.0013701235502958297,0.0025674117254828378,-0.00037368612736463547,0.0032550249770283684,0.1199400299850075,0.999999080783338
18,person_marking_and_person_hierarchy,B,null_or_reverse,val,2.0,False,matched_control,13235,12995,changed,basis,0.0016332971863449,0.0032665943726898,0.5336594581604004,0.5321360230445862,0.001523488461971283,0.0028547952044604683,-0.00017233598232269288,0.0032070432007312777,0.08295852073963018,0.9999990776295787
18,person_marking_and_person_hierarchy,B,null_or_reverse,val,2.0,False,matched_control,13235,6944,changed,basis,0.0016332971863449,0.0032665943726898,0.5336594581604004,0.5326650738716125,0.0009944313019514084,0.0018634192400137602,-0.0002982643991708755,0.0023265507761389016,0.12493753123438281,0.9999991197205547
18,person_marking_and_person_hierarchy,B,null_or_reverse,val,2.0,False,matched_control,13235,6216,changed,basis,0.0016332971863449,0.0032665943726898,0.5336594581604004,0.5325021147727966,0.001157369241118431,0.002168741176457448,-0.000392736991867423,0.0027457598280161612,0.14992503748125938,0.9999991181053072
18,person_marking_and_person_hierarchy,B,null_or_reverse,test,0.5,False,target,13235,13235,changed,basis,0.0016332971863449,0.00081664859317245,0.374948114156723,0.3744830787181854,0.0004650592431426048,0.0012403295965057624,-0.0012136392286047337,0.002160617905668911,0.6006996501749126,0.9999990407833166
18,person_marking_and_person_hierarchy,B,null_or_reverse,test,0.5,False,matched_control,13235,12995,changed,basis,0.0016332971863449,0.00081664859317245,0.374948114156723,0.37452206015586853,0.00042613014578819276,0.0011365043047264838,-0.0011832987740635873,0.0021709787007421254,0.6206896551724138,0.9999990584345099
18,person_marking_and_person_hierarchy,B,null_or_reverse,test,0.5,False,matched_control,13235,6944,changed,basis,0.0016332971863449,0.00081664859317245,0.374948114156723,0.37484005093574524,0.00010804262012243271,0.0002881535232292765,-0.0018996117897331715,0.002055693380534646,0.9305347326336831,0.9999990015294747
18,person_marking_and_person_hierarchy,B,null_or_reverse,test,0.5,False,matched_control,13235,6216,changed,basis,0.0016332971863449,0.00081664859317245,0.374948114156723,0.37571704387664795,-0.0007689495384693146,-0.0020508158580787115,-0.002900235675275326,0.0012099972628057,0.4367816091954023,0.9999990542505295
18,person_marking_and_person_hierarchy,B,null_or_reverse,test,1.0,True,target,13235,13235,changed,basis,0.0016332971863449,0.0016332971863449,0.374948114156723,0.37425506114959717,0.0006930451840162277,0.0018483762362024965,-0.001293876800686121,0.0026186098027974366,0.4917541229385307,0.9999989930104991
18,person_marking_and_person_hierarchy,B,null_or_reverse,test,1.0,True,matched_control,13235,12995,changed,basis,0.0016332971863449,0.0016332971863449,0.374948114156723,0.37442511320114136,0.0005230394378304481,0.0013949648446873505,-0.0012081734724342823,0.0022896539345383634,0.5777111444277861,0.9999990294180943
18,person_marking_and_person_hierarchy,B,null_or_reverse,test,1.0,True,matched_control,13235,6944,changed,basis,0.0016332971863449,0.0016332971863449,0.374948114156723,0.37477347254753113,0.0001746709644794464,0.0004658536951767049,-0.0014635364059358835,0.0017393582593649617,0.8385807096451774,0.9999990411468545
18,person_marking_and_person_hierarchy,B,null_or_reverse,test,1.0,True,matched_control,13235,6216,changed,basis,0.0016332971863449,0.0016332971863449,0.374948114156723,0.3737141489982605,0.0012340030819177627,0.0032911302532967718,-0.0005548999458551406,0.003115239329636097,0.2128935532233883,0.9999990386560939
18,person_marking_and_person_hierarchy,B,null_or_reverse,test,2.0,False,target,13235,13235,changed,basis,0.0016332971863449,0.0032665943726898,0.374948114156723,0.3738534450531006,0.0010946991294622421,0.002919601641214478,-0.0007681926861405372,0.0028736854474991544,0.26786606696651677,0.9999990079048535
18,person_marking_and_person_hierarchy,B,null_or_reverse,test,2.0,False,matched_control,13235,12995,changed,basis,0.0016332971863449,0.0032665943726898,0.374948114156723,0.37444907426834106,0.0004990429431200028,0.0013309653370103627,-0.0013432773239910603,0.002340226547792554,0.6036981509245377,0.9999990025858213
18,person_marking_and_person_hierarchy,B,null_or_reverse,test,2.0,False,matched_control,13235,6944,changed,basis,0.0016332971863449,0.0032665943726898,0.374948114156723,0.3751261532306671,-0.00017805576324462892,-0.0004748810742656626,-0.0018689131215214728,0.001537857323884963,0.8275862068965517,0.9999990286956089
18,person_marking_and_person_hierarchy,B,null_or_reverse,test,2.0,False,matched_control,13235,6216,changed,basis,0.0016332971863449,0.0032665943726898,0.374948114156723,0.3739139437675476,0.0010341784358024596,0.002758190791620271,-0.0011797534488141536,0.003057227170094846,0.367816091954023,0.9999990092282638
19,inclusive_exclusive_distinction,C,specific_positive,val,0.5,False,target,6062,6062,basis,changed,0.0077425763010978005,0.0038712881505489002,0.22609743475914001,0.22451741993427277,0.0015799806360155344,0.0069880520214600245,0.0007162446428555996,0.002415022504283115,0.0009995002498750624,0.999999394852351
19,inclusive_exclusive_distinction,C,specific_positive,val,0.5,False,matched_control,6062,9728,basis,changed,0.0077425763010978005,0.0038712881505489002,0.22609743475914001,0.2245960384607315,0.001501350849866867,0.006640282546620865,0.0006388994166627527,0.0023466103160753845,0.0029985007496251873,0.999999412802834
19,inclusive_exclusive_distinction,C,specific_positive,val,0.5,False,matched_control,6062,8041,basis,changed,0.0077425763010978005,0.0038712881505489002,0.22609743475914001,0.22504429519176483,0.0010531420074403287,0.004657912233998733,0.00021512455446645617,0.00196605529403314,0.020989505247376312,0.9999993860255872
19,inclusive_exclusive_distinction,C,specific_positive,val,0.5,False,matched_control,6062,15325,basis,changed,0.0077425763010978005,0.0038712881505489002,0.22609743475914001,0.22549165785312653,0.0006057452782988549,0.0026791337944375663,-0.0004406262468546629,0.0016830735844559966,0.2608695652173913,0.99999939300371
19,inclusive_exclusive_distinction,C,specific_positive,val,1.0,True,target,6062,6062,basis,changed,0.0077425763010978005,0.0077425763010978005,0.22609743475914001,0.2234567254781723,0.0026406983844935892,0.0116794707879225,0.0018238370567560196,0.0034267697683535506,0.0009995002498750624,0.9999993202231455
19,inclusive_exclusive_distinction,C,specific_positive,val,1.0,True,matched_control,6062,9728,basis,changed,0.0077425763010978005,0.0077425763010978005,0.22609743475914001,0.2254725694656372,0.0006248369999229908,0.002763574034303508,-0.0004858850659802556,0.00178812536643818,0.2938530734632684,0.9999993555420801
19,inclusive_exclusive_distinction,C,specific_positive,val,1.0,True,matched_control,6062,8041,basis,changed,0.0077425763010978005,0.0077425763010978005,0.22609743475914001,0.22615939378738403,-6.197649985551834e-05,-0.00027411412217719967,-0.0009365325425751507,0.0008739207568578409,0.8875562218890555,0.9999993750386483
19,inclusive_exclusive_distinction,C,specific_positive,val,1.0,True,matched_control,6062,15325,basis,changed,0.0077425763010978005,0.0077425763010978005,0.22609743475914001,0.22478871047496796,0.0013087069056928159,0.005788243051439181,0.00028815938485786315,0.002383475571870803,0.01899050474762619,0.9999993393784038
19,inclusive_exclusive_distinction,C,specific_positive,val,2.0,False,target,6062,6062,basis,changed,0.0077425763010978005,0.015485152602195601,0.22609743475914001,0.22375939786434174,0.0023380295746028425,0.010340805401412575,0.0013839569748379291,0.0032960494104772808,0.0009995002498750624,0.9999991496999923
19,inclusive_exclusive_distinction,C,specific_positive,val,2.0,False,matched_control,6062,9728,basis,changed,0.0077425763010978005,0.015485152602195601,0.22609743475914001,0.22682175040245056,-0.0007243284955620766,-0.003203612178677297,-0.0017586152912117542,0.00032993640098720727,0.15992003998001,0.999999231191854
19,inclusive_exclusive_distinction,C,specific_positive,val,2.0,False,matched_control,6062,8041,basis,changed,0.0077425763010978005,0.015485152602195601,0.22609743475914001,0.22390329837799072,0.0021941287629306315,0.009704350539262071,0.001199533517472446,0.003248698796611279,0.0009995002498750624,0.9999992045520384
19,inclusive_exclusive_distinction,C,specific_positive,val,2.0,False,matched_control,6062,15325,basis,changed,0.0077425763010978005,0.015485152602195601,0.22609743475914001,0.22484764456748962,0.0012497735023498536,0.005527588155439395,0.00011824924126267433,0.002340063797309993,0.03298350824587706,0.9999991543373432
19,inclusive_exclusive_distinction,C,specific_positive,test,0.5,False,target,6062,6062,basis,changed,0.0077425763010978005,0.0038712881505489002,0.15161389112472534,0.1496734768152237,0.0019404111988842487,0.012798373450411396,0.0010030761812813579,0.0029321091333404186,0.0009995002498750624,0.9999993929750761
19,inclusive_exclusive_distinction,C,specific_positive,test,0.5,False,matched_control,6062,9728,basis,changed,0.0077425763010978005,0.0038712881505489002,0.15161389112472534,0.1505834460258484,0.0010304506681859493,0.006796545227760482,8.806422166526319e-05,0.001998300435021519,0.028985507246376812,0.9999994382975248
19,inclusive_exclusive_distinction,C,specific_positive,test,0.5,False,matched_control,6062,8041,basis,changed,0.0077425763010978005,0.0038712881505489002,0.15161389112472534,0.15072882175445557,0.0008850623108446598,0.005837606991542499,-2.3253490682691333e-05,0.0017050235457718372,0.06196901549225387,0.9999994362693644
19,inclusive_exclusive_distinction,C,specific_positive,test,0.5,False,matched_control,6062,15325,basis,changed,0.0077425763010978005,0.0038712881505489002,0.15161389112472534,0.150294229388237,0.0013196632452309133,0.008704105114915168,0.0004484037654474378,0.002211314282845706,0.004997501249375313,0.9999994116064852
19,inclusive_exclusive_distinction,C,specific_positive,test,1.0,True,target,6062,6062,basis,changed,0.0077425763010978005,0.0077425763010978005,0.15161389112472534,0.1491784006357193,0.0024354866333305835,0.01606374333686237,0.0015866049150936306,0.003255324621684849,0.0009995002498750624,0.9999993797475619
19,inclusive_exclusive_distinction,C,specific_positive,test,1.0,True,matched_control,6062,9728,basis,changed,0.0077425763010978005,0.0077425763010978005,0.15161389112472534,0.1509164273738861,0.0006974369473755359,0.004600086062046839,-0.0003316434533335268,0.0017803589953109622,0.18590704647676162,0.999999379323821
19,inclusive_exclusive_distinction,C,specific_positive,test,1.0,True,matched_control,6062,8041,basis,changed,0.0077425763010978005,0.0077425763010978005,0.15161389112472534,0.1514616459608078,0.00015223056077957154,0.0010040673690931057,-0.0007527910638600588,0.0010774405058473348,0.783608195902049,0.9999993836934324
19,inclusive_exclusive_distinction,C,specific_positive,test,1.0,True,matched_control,6062,15325,basis,changed,0.0077425763010978005,0.0077425763010978005,0.15161389112472534,0.15046577155590057,0.001148110870271921,0.007572596823119765,4.826049599796534e-05,0.0022729721968062213,0.038980509745127435,0.9999993884993663
19,inclusive_exclusive_distinction,C,specific_positive,test,2.0,False,target,6062,6062,basis,changed,0.0077425763010978005,0.015485152602195601,0.15161389112472534,0.1486079841852188,0.003005904331803322,0.01982604832251493,0.0019711382370442153,0.003974022625014185,0.0009995002498750624,0.9999991947951099
19,inclusive_exclusive_distinction,C,specific_positive,test,2.0,False,matched_control,6062,9728,basis,changed,0.0077425763010978005,0.015485152602195601,0.15161389112472534,0.15259437263011932,-0.0009804839827120303,-0.006466979875250574,-0.0019059170186519622,7.322035590186713e-05,0.06696651674162919,0.9999992725323358
19,inclusive_exclusive_distinction,C,specific_positive,test,2.0,False,matched_control,6062,8041,basis,changed,0.0077425763010978005,0.015485152602195601,0.15161389112472534,0.14985418319702148,0.0017596989125013352,0.011606449115231248,0.0007836595429107547,0.0027695306399837124,0.0009995002498750624,0.9999992408839736
19,inclusive_exclusive_distinction,C,specific_positive,test,2.0,False,matched_control,6062,15325,basis,changed,0.0077425763010978005,0.015485152602195601,0.15161389112472534,0.1512892097234726,0.0003246735967695713,0.0021414501953681683,-0.0007801223141141236,0.0013660609764046948,0.56071964017991,0.9999991878662096
20,pronoun_richness_and_reduction,A,specific_positive,val,0.5,False,target,6944,6944,basis,changed,0.0237159398384392,0.0118579699192196,0.46069127321243286,0.46008479595184326,0.0006064566969871521,0.0013164058714598317,-0.0006196351498365402,0.0018325367346405978,0.2988505747126437,0.999999201533886
20,pronoun_richness_and_reduction,A,specific_positive,val,0.5,False,matched_control,6944,8041,basis,changed,0.0237159398384392,0.0118579699192196,0.46069127321243286,0.4614601135253906,-0.0007688501477241517,-0.0016689053872518686,-0.001750288113951683,0.00011732377111911732,0.10094952523738131,0.999999137128168
20,pronoun_richness_and_reduction,A,specific_positive,val,0.5,False,matched_control,6944,9728,basis,changed,0.0237159398384392,0.0118579699192196,0.46069127321243286,0.4588831961154938,0.0018080642819404602,0.003924676648056951,0.0008346849977970124,0.0027930612862110123,0.0009995002498750624,0.9999991700605304
20,pronoun_richness_and_reduction,A,specific_positive,val,0.5,False,matched_control,6944,6618,basis,changed,0.0237159398384392,0.0118579699192196,0.46069127321243286,0.46085456013679504,-0.00016326844692230225,-0.000354398827188151,-0.001238969385623932,0.000890737250447273,0.7786106946526736,0.99999912236023
20,pronoun_richness_and_reduction,A,specific_positive,val,1.0,True,target,6944,6944,basis,changed,0.0237159398384392,0.0237159398384392,0.46069127321243286,0.4582149386405945,0.0024762752652168272,0.0053751295264387895,0.0015055619105696677,0.0034488564133644097,0.0009995002498750624,0.9999989679599837
20,pronoun_richness_and_reduction,A,specific_positive,val,1.0,True,matched_control,6944,8041,basis,changed,0.0237159398384392,0.0237159398384392,0.46069127321243286,0.46200031042099,-0.0013090345263481141,-0.0028414571806844174,-0.0023114405870437622,-0.0003541120439767844,0.0069965017491254375,0.9999988720038406
20,pronoun_richness_and_reduction,A,specific_positive,val,1.0,True,matched_control,6944,9728,basis,changed,0.0237159398384392,0.0237159398384392,0.46069127321243286,0.4571062922477722,0.00358501136302948,0.0077818087111373785,0.0021455496326088907,0.004894949726760386,0.0009995002498750624,0.9999988711721882
20,pronoun_richness_and_reduction,A,specific_positive,val,1.0,True,matched_control,6944,6618,basis,changed,0.0237159398384392,0.0237159398384392,0.46069127321243286,0.4627760052680969,-0.0020847475528717042,-0.004525259483069023,-0.0035651371479034424,-0.0006328895911574367,0.008995502248875561,0.999998342499461
20,pronoun_richness_and_reduction,A,specific_positive,val,2.0,False,target,6944,6944,basis,changed,0.0237159398384392,0.0474318796768784,0.46069127321243286,0.45313265919685364,0.007558628618717193,0.016407145214647416,0.00633418756723404,0.00887226381897926,0.0009995002498750624,0.9999981142124565
20,pronoun_richness_and_reduction,A,specific_positive,val,2.0,False,matched_control,6944,8041,basis,changed,0.0237159398384392,0.0474318796768784,0.46069127321243286,0.4654698669910431,-0.004778577983379364,-0.010372625359403927,-0.006255339846014976,-0.003393296539783479,0.0009995002498750624,0.9999977113209587
20,pronoun_richness_and_reduction,A,specific_positive,val,2.0,False,matched_control,6944,9728,basis,changed,0.0237159398384392,0.0474318796768784,0.46069127321243286,0.4546537399291992,0.006037503182888031,0.013105312676726202,0.004723076015710831,0.007246484100818634,0.0009995002498750624,0.9999978750430984
20,pronoun_richness_and_reduction,A,specific_positive,val,2.0,False,matched_control,6944,6618,basis,changed,0.0237159398384392,0.0474318796768784,0.46069127321243286,0.4632653295993805,-0.002574073076248169,-0.005587414448506861,-0.0044329558908939365,-0.0007650707066059113,0.001999000499750125,0.9999954931299346
20,pronoun_richness_and_reduction,A,specific_positive,test,0.5,False,target,6944,6944,basis,changed,0.0237159398384392,0.0118579699192196,0.4315686523914337,0.4306306540966034,0.0009379844926297665,0.0021734305479143385,-0.00024570032814517613,0.002091399129014462,0.13793103448275862,0.9999991980773152
20,pronoun_richness_and_reduction,A,specific_positive,test,0.5,False,matched_control,6944,8041,basis,changed,0.0237159398384392,0.0118579699192196,0.4315686523914337,0.4316767156124115,-0.00010811219923198223,-0.00025050985198508865,-0.001160261375596747,0.000890073877060784,0.8445777111444278,0.9999991513357886
20,pronoun_richness_and_reduction,A,specific_positive,test,0.5,False,matched_control,6944,9728,basis,changed,0.0237159398384392,0.0118579699192196,0.4315686523914337,0.43011555075645447,0.001453073574230075,0.00336695811009029,0.0004531694024335593,0.0023685558252036568,0.004997501249375313,0.9999991801706879
20,pronoun_richness_and_reduction,A,specific_positive,test,0.5,False,matched_control,6944,6618,basis,changed,0.0237159398384392,0.0118579699192196,0.4315686523914337,0.4317568838596344,-0.0001882148813456297,-0.00043611805515225043,-0.0012506694074254482,0.0007891509884502737,0.7226386806596702,0.9999991323757864
20,pronoun_richness_and_reduction,A,specific_positive,test,1.0,True,target,6944,6944,basis,changed,0.0237159398384392,0.0237159398384392,0.4315686523914337,0.42903369665145874,0.0025349219143390657,0.005873739671063704,0.0014428748665377498,0.0035480607636272903,0.0009995002498750624,0.9999989671339722
20,pronoun_richness_and_reduction,A,specific_positive,test,1.0,True,matched_control,6944,8041,basis,changed,0.0237159398384392,0.0237159398384392,0.4315686523914337,0.43196946382522583,-0.0004008011892437935,-0.0009287078359905203,-0.0016122028306126595,0.0007163356309756621,0.526736631684158,0.9999988801483238
20,pronoun_richness_and_reduction,A,specific_positive,test,1.0,True,matched_control,6944,9728,basis,changed,0.0237159398384392,0.0237159398384392,0.4315686523914337,0.4288193881511688,0.002749256081879139,0.006370379467194383,0.001623564868234098,0.0038314910549670455,0.0009995002498750624,0.999998886890561
20,pronoun_richness_and_reduction,A,specific_positive,test,1.0,True,matched_control,6944,6618,basis,changed,0.0237159398384392,0.0237159398384392,0.4315686523914337,0.43162041902542114,-5.17536886036396e-05,-0.00011991994394601879,-0.0011519653229042888,0.0011090179011225697,0.9335332333833083,0.9999983143321787
20,pronoun_richness_and_reduction,A,specific_positive,test,2.0,False,target,6944,6944,basis,changed,0.0237159398384392,0.0474318796768784,0.4315686523914337,0.42589864134788513,0.005669977553188801,0.013138066265401776,0.004679312272928655,0.006625907883048057,0.0009995002498750624,0.9999981703110887
20,pronoun_richness_and_reduction,A,specific_positive,test,2.0,False,matched_control,6944,8041,basis,changed,0.0237159398384392,0.0474318796768784,0.4315686523914337,0.43465909361839294,-0.0030904952622950077,-0.00716107447834724,-0.004336349337361753,-0.0018454811167903248,0.0009995002498750624,0.9999978128144568
20,pronoun_richness_and_reduction,A,specific_positive,test,2.0,False,matched_control,6944,9728,basis,changed,0.0237159398384392,0.0474318796768784,0.4315686523914337,0.42434489727020264,0.007223735116422176,0.016738322110268176,0.005781000989489258,0.008679539221338928,0.0009995002498750624,0.9999978456188857
20,pronoun_richness_and_reduction,A,specific_positive,test,2.0,False,matched_control,6944,6618,basis,changed,0.0237159398384392,0.0474318796768784,0.4315686523914337,0.43291032314300537,-0.0013417170941829681,-0.0031089308427481145,-0.0031400247672572733,0.0003957226946949949,0.13093453273363317,0.9999953818485914
21,possession_and_alienability,C,specific_positive,val,0.5,False,target,15325,15325,changed,basis,0.0507176965475083,0.02535884827375415,0.6561417579650879,0.653340756893158,0.0028009987249970436,0.0042688926455220055,0.000610981079749763,0.0050633287839591465,0.013993003498250875,0.9999983405804203
21,possession_and_alienability,C,specific_positive,val,0.5,False,matched_control,15325,4426,changed,basis,0.0507176965475083,0.02535884827375415,0.6561417579650879,0.6569612622261047,-0.000819568894803524,-0.0012490729097097517,-0.002741569060832262,0.0011007410930469624,0.3828085957021489,0.9999985460786168
21,possession_and_alienability,C,specific_positive,val,0.5,False,matched_control,15325,7247,changed,basis,0.0507176965475083,0.02535884827375415,0.6561417579650879,0.6570478081703186,-0.0009060131013393402,-0.001380819145163365,-0.0025613705217838287,0.0007671015262603744,0.2988505747126437,0.9999985555302948
21,possession_and_alienability,C,specific_positive,val,0.5,False,matched_control,15325,8041,changed,basis,0.0507176965475083,0.02535884827375415,0.6561417579650879,0.6538894176483154,0.002252417840063572,0.0034328219667790435,0.0004913036730140448,0.004021271621808409,0.013993003498250875,0.9999984744412077
21,possession_and_alienability,C,specific_positive,val,1.0,True,target,15325,15325,changed,basis,0.0507176965475083,0.0507176965475083,0.6561417579650879,0.646144688129425,0.009997053314000368,0.015236118098937232,0.0075172654213383795,0.012387671407777816,0.0009995002498750624,0.9999965088799866
21,possession_and_alienability,C,specific_positive,val,1.0,True,matched_control,15325,4426,changed,basis,0.0507176965475083,0.0507176965475083,0.6561417579650879,0.6600497364997864,-0.003908003680408001,-0.005956035617254433,-0.005944842315278947,-0.0016539335642009978,0.0009995002498750624,0.9999973480193975
21,possession_and_alienability,C,specific_positive,val,1.0,True,matched_control,15325,7247,changed,basis,0.0507176965475083,0.0507176965475083,0.6561417579650879,0.6602495312690735,-0.004107840433716774,-0.0062605989999120655,-0.006646975964307785,-0.0016593098528683195,0.001999000499750125,0.999997333656533
21,possession_and_alienability,C,specific_positive,val,1.0,True,matched_control,15325,8041,changed,basis,0.0507176965475083,0.0507176965475083,0.6561417579650879,0.6510442495346069,0.005097566023468971,0.007769001075740409,0.0024714067168533803,0.007525746745057401,0.0009995002498750624,0.9999971274256113
21,possession_and_alienability,C,specific_positive,val,2.0,False,target,15325,15325,changed,basis,0.0507176965475083,0.1014353930950166,0.6561417579650879,0.6399675607681274,0.016174317374825477,0.02465064474022713,0.013255235449410976,0.019173989241942763,0.0009995002498750624,0.9999897323519106
21,possession_and_alienability,C,specific_positive,val,2.0,False,matched_control,15325,4426,changed,basis,0.0507176965475083,0.1014353930950166,0.6561417579650879,0.6598159074783325,-0.0036740847304463386,-0.00559952889119706,-0.006582155019044876,-0.0007645343141630306,0.015992003998001,0.9999930748090649
21,possession_and_alienability,C,specific_positive,val,2.0,False,matched_control,15325,7247,changed,basis,0.0507176965475083,0.1014353930950166,0.6561417579650879,0.6621015071868896,-0.005959758460521698,-0.009083034859730428,-0.008827444318681956,-0.0030759314885362987,0.0009995002498750624,0.9999925429629276
21,possession_and_alienability,C,specific_positive,val,2.0,False,matched_control,15325,8041,changed,basis,0.0507176965475083,0.1014353930950166,0.6561417579650879,0.6429862380027771,0.013155619986355305,0.020049966073116918,0.009991155300289392,0.016250714850611983,0.0009995002498750624,0.9999916092978293
21,possession_and_alienability,C,specific_positive,test,0.5,False,target,15325,15325,changed,basis,0.0507176965475083,0.02535884827375415,0.5295239090919495,0.5226979851722717,0.006825981866568327,0.012890790669440811,0.005172599320765585,0.008504342710599301,0.0009995002498750624,0.999998338980929
21,possession_and_alienability,C,specific_positive,test,0.5,False,matched_control,15325,4426,changed,basis,0.0507176965475083,0.02535884827375415,0.5295239090919495,0.528146505355835,0.0013774978928267957,0.0026013894163702425,-0.0006364827337674796,0.0034767595329321917,0.18690654672663667,0.9999985368200118
21,possession_and_alienability,C,specific_positive,test,0.5,False,matched_control,15325,7247,changed,basis,0.0507176965475083,0.02535884827375415,0.5295239090919495,0.527687668800354,0.0018362672068178653,0.0034677701521859056,6.339745968580247e-05,0.0036230152579955753,0.04597701149425287,0.9999985724206888
21,possession_and_alienability,C,specific_positive,test,0.5,False,matched_control,15325,8041,changed,basis,0.0507176965475083,0.02535884827375415,0.5295239090919495,0.5267360210418701,0.002787883933633566,0.00526488773361405,0.0008721183901652693,0.004673474594950675,0.009995002498750625,0.9999984842250678
21,possession_and_alienability,C,specific_positive,test,1.0,True,target,15325,15325,changed,basis,0.0507176965475083,0.0507176965475083,0.5295239090919495,0.5153241753578186,0.014199788048863411,0.0268161414528266,0.011963580630719662,0.01630159525573253,0.0009995002498750624,0.9999965087068141
21,possession_and_alienability,C,specific_positive,test,1.0,True,matched_control,15325,4426,changed,basis,0.0507176965475083,0.0507176965475083,0.5295239090919495,0.5327414274215698,-0.0032175095938146115,-0.006076231004058224,-0.0053431175500154495,-0.0011392834549769758,0.0029985007496251873,0.9999973318037949
21,possession_and_alienability,C,specific_positive,test,1.0,True,matched_control,15325,7247,changed,basis,0.0507176965475083,0.0507176965475083,0.5295239090919495,0.5302858948707581,-0.0007619315944612026,-0.0014388993232955162,-0.0025350375520065424,0.0008878530911169942,0.3918040979510245,0.9999974360975847
21,possession_and_alienability,C,specific_positive,test,1.0,True,matched_control,15325,8041,changed,basis,0.0507176965475083,0.0507176965475083,0.5295239090919495,0.522965669631958,0.006558305714279413,0.012385287239486276,0.004109975306782872,0.008881469776388255,0.0009995002498750624,0.9999970043997741
21,possession_and_alienability,C,specific_positive,test,2.0,False,target,15325,15325,changed,basis,0.0507176965475083,0.1014353930950166,0.5295239090919495,0.5051387548446655,0.02438522346317768,0.04605122270115153,0.02164674091152847,0.02729129018075764,0.0009995002498750624,0.9999895838262117
21,possession_and_alienability,C,specific_positive,test,2.0,False,matched_control,15325,4426,changed,basis,0.0507176965475083,0.1014353930950166,0.5295239090919495,0.5345346927642822,-0.005010784212499857,-0.00946281013277109,-0.007841658618301153,-0.002281487658619881,0.0009995002498750624,0.9999930538069621
21,possession_and_alienability,C,specific_positive,test,2.0,False,matched_control,15325,7247,changed,basis,0.0507176965475083,0.1014353930950166,0.5295239090919495,0.5331396460533142,-0.003615689482539892,-0.006828189285617401,-0.0063132627010345456,-0.0007576308953575795,0.01899050474762619,0.9999929455882877
21,possession_and_alienability,C,specific_positive,test,2.0,False,matched_control,15325,8041,changed,basis,0.0507176965475083,0.1014353930950166,0.5295239090919495,0.5156719088554382,0.013852015137672424,0.026159376186481287,0.010305718705058099,0.017191746234893796,0.0009995002498750624,0.9999912243707766
22,tense_prominence,C,null_or_reverse,val,0.5,False,target,1385,1385,basis,changed,0.0135760980192572,0.0067880490096286,0.4957769513130188,0.49424904584884644,0.0015278960019350053,0.0030818213672267657,0.0002327508665621281,0.002972591584548354,0.02498750624687656,0.9999987561614592
22,tense_prominence,C,null_or_reverse,val,0.5,False,matched_control,1385,8551,basis,changed,0.0135760980192572,0.0067880490096286,0.4957769513130188,0.4957192540168762,5.763605237007141e-05,0.0001162539973216337,-0.001077033068984747,0.0013619538452476253,0.9225387306346826,0.9999988660531005
22,tense_prominence,C,null_or_reverse,val,0.5,False,matched_control,1385,3132,basis,changed,0.0135760980192572,0.0067880490096286,0.4957769513130188,0.49642395973205566,-0.0006470289826393127,-0.0013050808048371693,-0.001774537453427911,0.0004187457486987107,0.23388305847076463,0.9999988007242152
22,tense_prominence,C,null_or_reverse,val,0.5,False,matched_control,1385,758,basis,changed,0.0135760980192572,0.0067880490096286,0.4957769513130188,0.49697890877723694,-0.001202029064297676,-0.0024245359957017257,-0.0023882213160395624,3.672879934310668e-05,0.05697151424287856,0.9999988242684846
22,tense_prominence,C,null_or_reverse,val,1.0,True,target,1385,1385,basis,changed,0.0135760980192572,0.0135760980192572,0.4957769513130188,0.492424875497818,0.0033520033955574038,0.006761111799731587,0.002001296462491155,0.0046621334906667465,0.0009995002498750624,0.9999986054063444
22,tense_prominence,C,null_or_reverse,val,1.0,True,matched_control,1385,8551,basis,changed,0.0135760980192572,0.0135760980192572,0.4957769513130188,0.49665752053260803,-0.000880567878484726,-0.0017761371845799296,-0.0021916873697191475,0.0004163835141807786,0.17891054472763618,0.9999987332917704
22,tense_prominence,C,null_or_reverse,val,1.0,True,matched_control,1385,3132,basis,changed,0.0135760980192572,0.0135760980192572,0.4957769513130188,0.4978988766670227,-0.002121947929263115,-0.0042800455399214,-0.003463035112246871,-0.0007640060931444179,0.004997501249375313,0.9999987060109671
22,tense_prominence,C,null_or_reverse,val,1.0,True,matched_control,1385,758,basis,changed,0.0135760980192572,0.0135760980192572,0.4957769513130188,0.4975614845752716,-0.001784602552652359,-0.0035996077428085476,-0.003058012202382088,-0.0005500536728650335,0.004997501249375313,0.9999987278322601
22,tense_prominence,C,null_or_reverse,val,2.0,False,target,1385,1385,basis,changed,0.0135760980192572,0.0271521960385144,0.4957769513130188,0.4853113889694214,0.010465555861592292,0.02110940380321281,0.00897360102646053,0.011913365673273802,0.0009995002498750624,0.9999980469776125
22,tense_prominence,C,null_or_reverse,val,2.0,False,matched_control,1385,8551,basis,changed,0.0135760980192572,0.0271521960385144,0.4957769513130188,0.49451133608818054,0.0012656321376562118,0.0025528256896660963,-0.0002260225862264633,0.002693917075172066,0.09795102448775612,0.9999983551174401
22,tense_prominence,C,null_or_reverse,val,2.0,False,matched_control,1385,3132,basis,changed,0.0135760980192572,0.0271521960385144,0.4957769513130188,0.49859973788261414,-0.0028227783739566805,-0.005693645835049041,-0.004434400252997875,-0.001284199452027679,0.0009995002498750624,0.9999983588660508
22,tense_prominence,C,null_or_reverse,val,2.0,False,matched_control,1385,758,basis,changed,0.0135760980192572,0.0271521960385144,0.4957769513130188,0.4996148645877838,-0.003837997764348984,-0.007741379977799304,-0.005423034435138106,-0.0022373518142849214,0.0009995002498750624,0.9999984325531409
22,tense_prominence,C,null_or_reverse,test,0.5,False,target,1385,1385,basis,changed,0.0135760980192572,0.0067880490096286,0.570666491985321,0.5687564611434937,0.001909963432699442,0.0033468995630964275,0.0005844293236732483,0.0031878400663845237,0.0029985007496251873,0.9999988166271229
22,tense_prominence,C,null_or_reverse,test,0.5,False,matched_control,1385,8551,basis,changed,0.0135760980192572,0.0067880490096286,0.570666491985321,0.5699383020401001,0.0007281605526804923,0.0012759826674723044,-0.0005993347642943263,0.0020658005084842434,0.27586206896551724,0.9999988211903592
22,tense_prominence,C,null_or_reverse,test,0.5,False,matched_control,1385,3132,basis,changed,0.0135760980192572,0.0067880490096286,0.570666491985321,0.5707410573959351,-7.459219545125961e-05,-0.00013071066288079572,-0.0015267328824847938,0.0014422183334827415,0.9505247376311844,0.9999987578926767
22,tense_prominence,C,null_or_reverse,test,0.5,False,matched_control,1385,758,basis,changed,0.0135760980192572,0.0067880490096286,0.570666491985321,0.5704734325408936,0.000193063635379076,0.00033831254873125104,-0.0013067893953993917,0.001781350773759185,0.8055972013993004,0.9999987587476048
22,tense_prominence,C,null_or_reverse,test,1.0,True,target,1385,1385,basis,changed,0.0135760980192572,0.0135760980192572,0.570666491985321,0.5662211179733276,0.004445300959050655,0.007789665279953039,0.002668228511698544,0.0060769862765446304,0.0009995002498750624,0.9999986091163455
22,tense_prominence,C,null_or_reverse,test,1.0,True,matched_control,1385,8551,basis,changed,0.0135760980192572,0.0135760980192572,0.570666491985321,0.5699986815452576,0.0006677563488483429,0.0011701341470483943,-0.0006475537158548832,0.001921812197193503,0.3308345827086457,0.9999986506752288
22,tense_prominence,C,null_or_reverse,test,1.0,True,matched_control,1385,3132,basis,changed,0.0135760980192572,0.0135760980192572,0.570666491985321,0.5714648962020874,-0.0007984496653079987,-0.0013991528791715648,-0.002210993841290474,0.0006207714844495054,0.2748625687156422,0.99999867240336
22,tense_prominence,C,null_or_reverse,test,1.0,True,matched_control,1385,758,basis,changed,0.0135760980192572,0.0135760980192572,0.570666491985321,0.5712323784828186,-0.0005659590847790241,-0.0009917510362490005,-0.0020922965318895875,0.000938273232430216,0.4607696151924038,0.9999986771758067
22,tense_prominence,C,null_or_reverse,test,2.0,False,target,1385,1385,basis,changed,0.0135760980192572,0.0271521960385144,0.570666491985321,0.5613062977790833,0.00936011403799057,0.01640207401248878,0.007591708684340119,0.01113709341548383,0.0009995002498750624,0.9999979107085903
22,tense_prominence,C,null_or_reverse,test,2.0,False,matched_control,1385,8551,basis,changed,0.0135760980192572,0.0271521960385144,0.570666491985321,0.5691993832588196,0.0014670905843377114,0.002570837091264592,-0.00030745887104421856,0.0032693732148036353,0.10094952523738131,0.9999982728143361
22,tense_prominence,C,null_or_reverse,test,2.0,False,matched_control,1385,3132,basis,changed,0.0135760980192572,0.0271521960385144,0.570666491985321,0.5728464722633362,-0.002180003244429827,-0.0038201003126111387,-0.0037110027167946103,-0.0005361150722019378,0.004997501249375313,0.9999982996207692
22,tense_prominence,C,null_or_reverse,test,2.0,False,matched_control,1385,758,basis,changed,0.0135760980192572,0.0271521960385144,0.570666491985321,0.5709601044654846,-0.0002936462499201298,-0.000514567184238466,-0.0017372549697756768,0.0011715528857894242,0.6956521739130435,0.9999982253807767
23,aspect_and_event_structure,B,specific_positive,val,0.5,False,target,6216,6216,basis,changed,0.021952417679131,0.0109762088395655,-0.0463641919195652,-0.04763982445001602,0.0012756299786269665,0.027513258094522382,-0.00032981888111680745,0.0028399086445569984,0.11494252873563218,0.9999987644956886
23,aspect_and_event_structure,B,specific_positive,val,0.5,False,matched_control,6216,8685,basis,changed,0.021952417679131,0.0109762088395655,-0.0463641919195652,-0.04824718460440636,0.0018829982727766037,0.040613201585467475,0.0004405666757375002,0.0033653178890235723,0.012993503248375811,0.9999987549388715
23,aspect_and_event_structure,B,specific_positive,val,0.5,False,matched_control,6216,6618,basis,changed,0.021952417679131,0.0109762088395655,-0.0463641919195652,-0.04659339413046837,0.00022920863702893257,0.004943656462870626,-0.0011105284127406775,0.0016081400900147848,0.7606196901549226,0.9999987420474353
23,aspect_and_event_structure,B,specific_positive,val,0.5,False,matched_control,6216,758,basis,changed,0.021952417679131,0.0109762088395655,-0.0463641919195652,-0.04382729157805443,-0.0025368893891572954,-0.05471656647350635,-0.004225353884510696,-0.0010007340647280216,0.0009995002498750624,0.9999986717143675
23,aspect_and_event_structure,B,specific_positive,val,1.0,True,target,6216,6216,basis,changed,0.021952417679131,0.021952417679131,-0.0463641919195652,-0.04781751707196236,0.0014533310197293759,0.031345979721822466,-0.00022968846140429376,0.003166039834730327,0.09895052473763119,0.9999984699789348
23,aspect_and_event_structure,B,specific_positive,val,1.0,True,matched_control,6216,8685,basis,changed,0.021952417679131,0.021952417679131,-0.0463641919195652,-0.048454828560352325,0.0020906459726393223,0.04509182379941559,0.00041000872058793904,0.004072954582050443,0.012993503248375811,0.9999984861910537
23,aspect_and_event_structure,B,specific_positive,val,1.0,True,matched_control,6216,6618,basis,changed,0.021952417679131,0.021952417679131,-0.0463641919195652,-0.04247064143419266,-0.0038935445807874204,-0.08397740626089475,-0.005676219796296208,-0.002241460574790838,0.0009995002498750624,0.9999980037597748
23,aspect_and_event_structure,B,specific_positive,val,1.0,True,matched_control,6216,758,basis,changed,0.021952417679131,0.021952417679131,-0.0463641919195652,-0.043786339461803436,-0.0025778467021882532,-0.05559994891446451,-0.0038268096335232257,-0.001375189027283341,0.0009995002498750624,0.9999984571595028
23,aspect_and_event_structure,B,specific_positive,val,2.0,False,target,6216,6216,basis,changed,0.021952417679131,0.043904835358262,-0.0463641919195652,-0.05406160652637482,0.0076974167115986345,0.16602072403100387,0.005617522516753524,0.00969929651916027,0.0009995002498750624,0.9999972721188181
23,aspect_and_event_structure,B,specific_positive,val,2.0,False,matched_control,6216,8685,basis,changed,0.021952417679131,0.043904835358262,-0.0463641919195652,-0.04888661205768585,0.0025224306434392927,0.05440471491049224,0.0010623644655570388,0.004027979305945336,0.00399800099950025,0.9999975302237653
23,aspect_and_event_structure,B,specific_positive,val,2.0,False,matched_control,6216,6618,basis,changed,0.021952417679131,0.043904835358262,-0.0463641919195652,-0.03657103702425957,-0.009793145880103112,-0.2112221840745704,-0.011882265761494636,-0.007626621477305889,0.0009995002498750624,0.9999956768185027
23,aspect_and_event_structure,B,specific_positive,val,2.0,False,matched_control,6216,758,basis,changed,0.021952417679131,0.043904835358262,-0.0463641919195652,-0.039729174226522446,-0.006635015811771155,-0.14310646939090182,-0.00829321173625067,-0.004839129589032382,0.0009995002498750624,0.9999975477749681
23,aspect_and_event_structure,B,specific_positive,test,0.5,False,target,6216,6216,basis,changed,0.021952417679131,0.0109762088395655,-0.2285914421081543,-0.22997891902923584,0.0013874569907784463,0.0060695928858176314,-0.0003867154605686664,0.0029894613241776818,0.12093953023488256,0.9999986571385222
23,aspect_and_event_structure,B,specific_positive,test,0.5,False,matched_control,6216,8685,basis,changed,0.021952417679131,0.0109762088395655,-0.2285914421081543,-0.229370579123497,0.0007791115343570709,0.0034083145334393014,-0.0012573734372854234,0.0028988217264413804,0.4617691154422789,0.9999986154890719
23,aspect_and_event_structure,B,specific_positive,test,0.5,False,matched_control,6216,6618,basis,changed,0.021952417679131,0.0109762088395655,-0.2285914421081543,-0.2283308357000351,-0.00026061534881591795,-0.0011400923254712748,-0.0022132366187870506,0.0015604371130466456,0.7716141929035483,0.9999985785374864
23,aspect_and_event_structure,B,specific_positive,test,0.5,False,matched_control,6216,758,basis,changed,0.021952417679131,0.0109762088395655,-0.2285914421081543,-0.22739176452159882,-0.0011997102573513985,-0.005248272841219381,-0.003004682483151555,0.0007555813034996389,0.23388305847076463,0.9999986419314996
23,aspect_and_event_structure,B,specific_positive,test,1.0,True,target,6216,6216,basis,changed,0.021952417679131,0.021952417679131,-0.2285914421081543,-0.23049066960811615,0.0018992307409644127,0.008308407014055332,-0.00038548300322145223,0.004143142007291316,0.09395302348825588,0.9999982816259202
23,aspect_and_event_structure,B,specific_positive,test,1.0,True,matched_control,6216,8685,basis,changed,0.021952417679131,0.021952417679131,-0.2285914421081543,-0.22848904132843018,-0.0001024658977985382,-0.0004482490545296011,-0.0021671579591929914,0.0019587936103343958,0.9305347326336831,0.9999983887545497
23,aspect_and_event_structure,B,specific_positive,test,1.0,True,matched_control,6216,6618,basis,changed,0.021952417679131,0.021952417679131,-0.2285914421081543,-0.22516579926013947,-0.0034256547689437864,-0.01498592745796229,-0.00541800126992166,-0.0015801657214760817,0.001999000499750125,0.999998026458333
23,aspect_and_event_structure,B,specific_positive,test,1.0,True,matched_control,6216,758,basis,changed,0.021952417679131,0.021952417679131,-0.2285914421081543,-0.22527243196964264,-0.003319050520658493,-0.014519574705198888,-0.005088425111025572,-0.0016567119248211393,0.0009995002498750624,0.9999983908248976
23,aspect_and_event_structure,B,specific_positive,test,2.0,False,target,6216,6216,basis,changed,0.021952417679131,0.043904835358262,-0.2285914421081543,-0.2325354516506195,0.003943982422351837,0.017253412402402215,0.0015500610470771789,0.006310917809605597,0.0009995002498750624,0.9999973581035445
23,aspect_and_event_structure,B,specific_positive,test,2.0,False,matched_control,6216,8685,basis,changed,0.021952417679131,0.043904835358262,-0.2285914421081543,-0.22950084507465363,0.0009093809127807617,0.0039781931659125845,-0.0009928689077496528,0.002929362006485462,0.36081959020489757,0.9999974337569519
23,aspect_and_event_structure,B,specific_positive,test,2.0,False,matched_control,6216,6618,basis,changed,0.021952417679131,0.043904835358262,-0.2285914421081543,-0.21756969392299652,-0.011021755784749985,-0.04821595980629591,-0.013723138162866235,-0.008430919192731381,0.0009995002498750624,0.9999955783348237
23,aspect_and_event_structure,B,specific_positive,test,2.0,False,matched_control,6216,758,basis,changed,0.021952417679131,0.043904835358262,-0.2285914421081543,-0.21941117942333221,-0.00918025191873312,-0.04016008575854574,-0.011281004850752653,-0.00698354590125382,0.0009995002498750624,0.9999974750837016
24,modality_and_mood,A,specific_positive,val,0.5,False,target,13197,13197,changed,basis,0.021928828675299897,0.010964414337649948,0.20187726616859436,0.19795244932174683,0.00392479307949543,0.01944148122264399,0.003024654746055603,0.004792190385982394,0.0009995002498750624,0.9999987755767116
24,modality_and_mood,A,specific_positive,val,0.5,False,matched_control,13197,15325,changed,basis,0.021928828675299897,0.010964414337649948,0.20187726616859436,0.2010149359703064,0.0008623163402080536,0.004271488100536812,1.0619834065437321e-05,0.0017396304011344887,0.04897551224387806,0.9999987955834981
24,modality_and_mood,A,specific_positive,val,0.5,False,matched_control,13197,6618,changed,basis,0.021928828675299897,0.010964414337649948,0.20187726616859436,0.2035371959209442,-0.0016599514335393906,-0.00822257733643525,-0.0024906076043844224,-0.0008831043392419816,0.0009995002498750624,0.9999987814424663
24,modality_and_mood,A,specific_positive,val,0.5,False,matched_control,13197,5205,changed,basis,0.021928828675299897,0.010964414337649948,0.20187726616859436,0.20210322737693787,-0.00022597983479499817,-0.0011193921885502202,-0.0009116084165871144,0.00044782093912363,0.5307346326836582,0.9999988498938437
24,modality_and_mood,A,specific_positive,val,1.0,True,target,13197,13197,changed,basis,0.021928828675299897,0.021928828675299897,0.20187726616859436,0.19266344606876373,0.009213808476924896,0.04564064419829294,0.008277124606072904,0.010148044664412737,0.0009995002498750624,0.9999984063748169
24,modality_and_mood,A,specific_positive,val,1.0,True,matched_control,13197,15325,changed,basis,0.021928828675299897,0.021928828675299897,0.20187726616859436,0.20340870320796967,-0.001531446948647499,-0.007586029758142936,-0.0023406671453267336,-0.0007259864602237942,0.0009995002498750624,0.9999984662448564
24,modality_and_mood,A,specific_positive,val,1.0,True,matched_control,13197,6618,changed,basis,0.021928828675299897,0.021928828675299897,0.20187726616859436,0.20869991183280945,-0.006822648271918297,-0.03379602072786382,-0.007702254408970476,-0.0059540259167551995,0.0009995002498750624,0.9999981778383371
24,modality_and_mood,A,specific_positive,val,1.0,True,matched_control,13197,5205,changed,basis,0.021928828675299897,0.021928828675299897,0.20187726616859436,0.20106329023838043,0.0008139559626579285,0.004031934739883822,-5.9207566082477515e-06,0.0016529392674565304,0.05297351324337831,0.9999986459660092
24,modality_and_mood,A,specific_positive,val,2.0,False,target,13197,13197,changed,basis,0.021928828675299897,0.043857657350599794,0.20187726616859436,0.18113499879837036,0.020742232501506804,0.1027467475420649,0.01944543534517288,0.022006122924387455,0.0009995002498750624,0.9999969738894454
24,modality_and_mood,A,specific_positive,val,2.0,False,matched_control,13197,15325,changed,basis,0.021928828675299897,0.043857657350599794,0.20187726616859436,0.20033401250839233,0.001543220654129982,0.007644350864357295,0.0007947198543697596,0.0023205476216971864,0.0009995002498750624,0.9999972954099772
24,modality_and_mood,A,specific_positive,val,2.0,False,matched_control,13197,6618,changed,basis,0.021928828675299897,0.043857657350599794,0.20187726616859436,0.2179359495639801,-0.01605870634317398,-0.07954687839770341,-0.017342119466513397,-0.014824971105903388,0.0009995002498750624,0.9999960880823461
24,modality_and_mood,A,specific_positive,val,2.0,False,matched_control,13197,5205,changed,basis,0.021928828675299897,0.043857657350599794,0.20187726616859436,0.20124958455562592,0.0006276851147413254,0.0031092412070665,-9.640134498476981e-05,0.0013199122343212366,0.095952023988006,0.9999978043642581
24,modality_and_mood,A,specific_positive,test,0.5,False,target,13197,13197,changed,basis,0.021928828675299897,0.010964414337649948,0.16647379100322723,0.16382408142089844,0.002649711025878787,0.015916685803277104,0.0017678904954809694,0.003589634943986311,0.0009995002498750624,0.9999990116199711
24,modality_and_mood,A,specific_positive,test,0.5,False,matched_control,13197,15325,changed,basis,0.021928828675299897,0.010964414337649948,0.16647379100322723,0.16679538786411285,-0.00032160010188817976,-0.0019318362365037104,-0.001096295827999711,0.0004783273888751859,0.447776111944028,0.9999989792437262
24,modality_and_mood,A,specific_positive,test,0.5,False,matched_control,13197,6618,changed,basis,0.021928828675299897,0.010964414337649948,0.16647379100322723,0.16856610774993896,-0.0020923155173659326,-0.012568437979077267,-0.0029231960372999312,-0.0012419495610520245,0.0009995002498750624,0.9999989476906416
24,modality_and_mood,A,specific_positive,test,0.5,False,matched_control,13197,5205,changed,basis,0.021928828675299897,0.010964414337649948,0.16647379100322723,0.16739347577095032,-0.0009196931775659323,-0.0055245523756235195,-0.0019753575276117773,0.0001900594227481626,0.095952023988006,0.9999990089490752
24,modality_and_mood,A,specific_positive,test,1.0,True,target,13197,13197,changed,basis,0.021928828675299897,0.021928828675299897,0.16647379100322723,0.1593574583530426,0.007116337977349758,0.04274749757583043,0.006309985912404954,0.007931447175331412,0.0009995002498750624,0.9999985914298538
24,modality_and_mood,A,specific_positive,test,1.0,True,matched_control,13197,15325,changed,basis,0.021928828675299897,0.021928828675299897,0.16647379100322723,0.16878026723861694,-0.0023064910620450973,-0.013854980103146591,-0.00324857777543366,-0.0013077167328447118,0.0009995002498750624,0.9999986566370533
24,modality_and_mood,A,specific_positive,test,1.0,True,matched_control,13197,6618,changed,basis,0.021928828675299897,0.021928828675299897,0.16647379100322723,0.1744033247232437,-0.007929549142718316,-0.04763241766125573,-0.008942432004958391,-0.006847904529422522,0.0009995002498750624,0.9999983864638027
24,modality_and_mood,A,specific_positive,test,1.0,True,matched_control,13197,5205,changed,basis,0.021928828675299897,0.021928828675299897,0.16647379100322723,0.16760574281215668,-0.0011319458857178687,-0.006799544113799421,-0.002172131351195276,-6.0800516977906435e-05,0.04097951024487756,0.999998793387964
24,modality_and_mood,A,specific_positive,test,2.0,False,target,13197,13197,changed,basis,0.021928828675299897,0.043857657350599794,0.16647379100322723,0.14978206157684326,0.01669171644374728,0.10026633227463233,0.015793710281141102,0.017624086149968205,0.0009995002498750624,0.9999973330556312
24,modality_and_mood,A,specific_positive,test,2.0,False,matched_control,13197,15325,changed,basis,0.021928828675299897,0.043857657350599794,0.16647379100322723,0.16772644221782684,-0.0012526706978678703,-0.007524732213514536,-0.002454313130117953,-1.4399420470001327e-06,0.04997501249375312,0.9999975845323319
24,modality_and_mood,A,specific_positive,test,2.0,False,matched_control,13197,6618,changed,basis,0.021928828675299897,0.043857657350599794,0.16647379100322723,0.18193796277046204,-0.015464178211987019,-0.09289256956782604,-0.016865822247229517,-0.014065739658661187,0.0009995002498750624,0.9999964576016842
24,modality_and_mood,A,specific_positive,test,2.0,False,matched_control,13197,5205,changed,basis,0.021928828675299897,0.043857657350599794,0.16647379100322723,0.16760078072547913,-0.0011269882880151271,-0.006769764064502378,-0.0022081630001775923,-4.6023717150092975e-05,0.0399800099950025,0.9999978254223675
25,epistemic_modality,A,positive_nonspecific,val,0.5,False,target,15221,15221,changed,basis,0.027596618980169303,0.013798309490084652,0.3104548156261444,0.3105437755584717,-8.891262114048004e-05,-0.00028639472369322274,-0.002208092851564288,0.0019502548258751625,0.9685157421289355,0.9999989261536821
25,epistemic_modality,A,positive_nonspecific,val,0.5,False,matched_control,15221,8041,changed,basis,0.027596618980169303,0.013798309490084652,0.3104548156261444,0.31036844849586487,8.635208010673523e-05,0.0002781470145102276,-0.0017067713104188442,0.0018748034536838528,0.9675162418790605,0.9999989688933678
25,epistemic_modality,A,positive_nonspecific,val,0.5,False,matched_control,15221,9728,changed,basis,0.027596618980169303,0.013798309490084652,0.3104548156261444,0.3148145377635956,-0.004359719827771186,-0.014043009186306982,-0.006245016226544975,-0.0025454192906618155,0.0009995002498750624,0.9999989139262847
25,epistemic_modality,A,positive_nonspecific,val,0.5,False,matched_control,15221,7247,changed,basis,0.027596618980169303,0.013798309490084652,0.3104548156261444,0.3090650141239166,0.0013898217678070068,0.004476728006308836,-0.000277626883238554,0.003070332856848835,0.09095452273863068,0.9999989285440776
25,epistemic_modality,A,positive_nonspecific,val,1.0,True,target,15221,15221,changed,basis,0.027596618980169303,0.027596618980169303,0.3104548156261444,0.30557534098625183,0.004879471063613892,0.01571716983604417,0.00318959997035563,0.006585486406460403,0.0009995002498750624,0.9999985795914195
25,epistemic_modality,A,positive_nonspecific,val,1.0,True,matched_control,15221,8041,changed,basis,0.027596618980169303,0.027596618980169303,0.3104548156261444,0.3080887198448181,0.002366117388010025,0.0076214549393859255,0.00015224429778754712,0.004536866897717118,0.0399800099950025,0.9999985753535381
25,epistemic_modality,A,positive_nonspecific,val,1.0,True,matched_control,15221,9728,changed,basis,0.027596618980169303,0.027596618980169303,0.3104548156261444,0.3147571384906769,-0.004302290454506874,-0.013858024543216538,-0.006411005636677146,-0.002227828837931158,0.0009995002498750624,0.9999984358895218
25,epistemic_modality,A,positive_nonspecific,val,1.0,True,matched_control,15221,7247,changed,basis,0.027596618980169303,0.027596618980169303,0.3104548156261444,0.30037978291511536,0.010075036734342575,0.032452505895334945,0.008127003954723476,0.011916850551962848,0.0009995002498750624,0.9999985561432204
25,epistemic_modality,A,positive_nonspecific,val,2.0,False,target,15221,15221,changed,basis,0.027596618980169303,0.055193237960338606,0.3104548156261444,0.2950884699821472,0.015366367623209953,0.04949630944592731,0.01322910901531577,0.01743551185913384,0.0009995002498750624,0.9999972685966315
25,epistemic_modality,A,positive_nonspecific,val,2.0,False,matched_control,15221,8041,changed,basis,0.027596618980169303,0.055193237960338606,0.3104548156261444,0.30400192737579346,0.006452883780002594,0.0207852590947511,0.0038464138936251404,0.008906135208904742,0.0009995002498750624,0.9999971910847181
25,epistemic_modality,A,positive_nonspecific,val,2.0,False,matched_control,15221,9728,changed,basis,0.027596618980169303,0.055193237960338606,0.3104548156261444,0.32172518968582153,-0.011270393654704093,-0.0363028469440014,-0.013802485028281809,-0.008860739653930073,0.0009995002498750624,0.999996810200865
25,epistemic_modality,A,positive_nonspecific,val,2.0,False,matched_control,15221,7247,changed,basis,0.027596618980169303,0.055193237960338606,0.3104548156261444,0.28892192244529724,0.021532921046018602,0.0693592753669795,0.019164170134812596,0.024146174270659685,0.0009995002498750624,0.9999971586128623
25,epistemic_modality,A,positive_nonspecific,test,0.5,False,target,15221,15221,changed,basis,0.027596618980169303,0.013798309490084652,0.255950927734375,0.2543894052505493,0.0015615259110927581,0.006100880058982652,-8.61285924911499e-05,0.003039277646690605,0.06696651674162919,0.999998989443935
25,epistemic_modality,A,positive_nonspecific,test,0.5,False,matched_control,15221,8041,changed,basis,0.027596618980169303,0.013798309490084652,0.255950927734375,0.2533068060874939,0.002644132226705551,0.010330621772348574,0.0011198641248047353,0.004199824180454015,0.0029985007496251873,0.9999989173701017
25,epistemic_modality,A,positive_nonspecific,test,0.5,False,matched_control,15221,9728,changed,basis,0.027596618980169303,0.013798309490084652,0.255950927734375,0.25822678208351135,-0.0022758600860834123,-0.008891782914126773,-0.003533921668305993,-0.0011072868797928096,0.0009995002498750624,0.99999891219597
25,epistemic_modality,A,positive_nonspecific,test,0.5,False,matched_control,15221,7247,changed,basis,0.027596618980169303,0.013798309490084652,0.255950927734375,0.250573992729187,0.0053769412636756895,0.021007703747242756,0.00394754033908248,0.006797481868416069,0.0009995002498750624,0.9999989810976417
25,epistemic_modality,A,positive_nonspecific,test,1.0,True,target,15221,15221,changed,basis,0.027596618980169303,0.027596618980169303,0.255950927734375,0.24931716918945312,0.006633768975734711,0.025918128269568977,0.005331312954425812,0.007913019232451914,0.0009995002498750624,0.9999986501575203
25,epistemic_modality,A,positive_nonspecific,test,1.0,True,matched_control,15221,8041,changed,basis,0.027596618980169303,0.027596618980169303,0.255950927734375,0.24895524978637695,0.0069957198202610016,0.027332269830727614,0.005324366733431817,0.008817958384752272,0.0009995002498750624,0.9999984952836088
25,epistemic_modality,A,positive_nonspecific,test,1.0,True,matched_control,15221,9728,changed,basis,0.027596618980169303,0.027596618980169303,0.255950927734375,0.26095321774482727,-0.005002227574586868,-0.019543697766073984,-0.0063911045417189595,-0.003613147657364611,0.0009995002498750624,0.9999984698426403
25,epistemic_modality,A,positive_nonspecific,test,1.0,True,matched_control,15221,7247,changed,basis,0.027596618980169303,0.027596618980169303,0.255950927734375,0.2477194219827652,0.00823154091835022,0.03216062153481578,0.00676466815546155,0.0097162496894598,0.0009995002498750624,0.9999985816409694
25,epistemic_modality,A,positive_nonspecific,test,2.0,False,target,15221,15221,changed,basis,0.027596618980169303,0.055193237960338606,0.255950927734375,0.24211862683296204,0.013832336217164993,0.05404292275713157,0.012311579965054989,0.015282378420233726,0.0009995002498750624,0.9999973632393029
25,epistemic_modality,A,positive_nonspecific,test,2.0,False,matched_control,15221,8041,changed,basis,0.027596618980169303,0.055193237960338606,0.255950927734375,0.24439643323421478,0.011554516702890396,0.04514348435916448,0.009637980606406927,0.013434907399117946,0.0009995002498750624,0.9999970350735424
25,epistemic_modality,A,positive_nonspecific,test,2.0,False,matched_control,15221,9728,changed,basis,0.027596618980169303,0.055193237960338606,0.255950927734375,0.2657431960105896,-0.009792260974645615,-0.0382583531199699,-0.011248861581087113,-0.008288116391748191,0.0009995002498750624,0.9999968232467279
25,epistemic_modality,A,positive_nonspecific,test,2.0,False,matched_control,15221,7247,changed,basis,0.027596618980169303,0.055193237960338606,0.255950927734375,0.23568777740001678,0.02026317112147808,0.07916818782742265,0.01874782922677696,0.021639940213412045,0.0009995002498750624,0.9999972967895678
26,evidentiality,B,positive_control_advantage,val,0.5,False,target,6900,6900,changed,basis,0.0339163499884308,0.0169581749942154,1.1929889917373657,1.189944863319397,0.003044125586748123,0.0025516795274991787,-0.0002658571675419807,0.006132128309458493,0.08295852073963018,0.9999985539089964
26,evidentiality,B,positive_control_advantage,val,0.5,False,matched_control,6900,6618,changed,basis,0.0339163499884308,0.0169581749942154,1.1929889917373657,1.1962826251983643,-0.0032937553524971007,-0.002760926861278377,-0.006398446097970009,8.672237396238998e-06,0.05297351324337831,0.9999983191672943
26,evidentiality,B,positive_control_advantage,val,0.5,False,matched_control,6900,1302,changed,basis,0.0339163499884308,0.0169581749942154,1.1929889917373657,1.1869025230407715,0.006086400300264358,0.005101807596229913,0.003369675636291504,0.00891839337348938,0.0009995002498750624,0.9999985290491381
26,evidentiality,B,positive_control_advantage,val,0.5,False,matched_control,6900,11461,changed,basis,0.0339163499884308,0.0169581749942154,1.1929889917373657,1.1941536664962769,-0.0011646927893161775,-0.0009762812543810818,-0.004426982343196869,0.0021313934661448,0.4987506246876562,0.9999985617136997
26,evidentiality,B,positive_control_advantage,val,1.0,True,target,6900,6900,changed,basis,0.0339163499884308,0.0339163499884308,1.1929889917373657,1.187240481376648,0.0057484529912471775,0.004818529786159744,0.0027636531367897987,0.008834776543080803,0.001999000499750125,0.9999976380667018
26,evidentiality,B,positive_control_advantage,val,1.0,True,matched_control,6900,6618,changed,basis,0.0339163499884308,0.0339163499884308,1.1929889917373657,1.1985328197479248,-0.005543830543756485,-0.004647008968358485,-0.009057394806295633,-0.0020542114078998626,0.001999000499750125,0.9999966939864935
26,evidentiality,B,positive_control_advantage,val,1.0,True,matched_control,6900,1302,changed,basis,0.0339163499884308,0.0339163499884308,1.1929889917373657,1.1766862869262695,0.016302712708711625,0.013665434318023143,0.013806507498025894,0.01882094554230571,0.0009995002498750624,0.9999976142973973
26,evidentiality,B,positive_control_advantage,val,1.0,True,matched_control,6900,11461,changed,basis,0.0339163499884308,0.0339163499884308,1.1929889917373657,1.1978825330734253,-0.004893578588962555,-0.004101947815826843,-0.008270930074155332,-0.001636305280029774,0.004997501249375313,0.9999977404436372
26,evidentiality,B,positive_control_advantage,val,2.0,False,target,6900,6900,changed,basis,0.0339163499884308,0.0678326999768616,1.1929889917373657,1.1790558099746704,0.013933044970035552,0.01167910606597021,0.010409259349107743,0.017321793764829636,0.0009995002498750624,0.9999944437143438
26,evidentiality,B,positive_control_advantage,val,2.0,False,matched_control,6900,6618,changed,basis,0.0339163499884308,0.0678326999768616,1.1929889917373657,1.203346848487854,-0.010357910692691803,-0.008682318750994877,-0.01400292119383812,-0.006563645087182525,0.0009995002498750624,0.9999908582018446
26,evidentiality,B,positive_control_advantage,val,2.0,False,matched_control,6900,1302,changed,basis,0.0339163499884308,0.0678326999768616,1.1929889917373657,1.1565316915512085,0.036457278430461884,0.030559610091094525,0.03188721352815628,0.04130184679478407,0.0009995002498750624,0.9999941412977933
26,evidentiality,B,positive_control_advantage,val,2.0,False,matched_control,6900,11461,changed,basis,0.0339163499884308,0.0678326999768616,1.1929889917373657,1.1985594034194946,-0.005570405423641205,-0.004669284848579323,-0.008802288345992566,-0.0024702358022332216,0.0009995002498750624,0.9999947360838499
26,evidentiality,B,positive_control_advantage,test,0.5,False,target,6900,6900,changed,basis,0.0339163499884308,0.0169581749942154,-0.3860616385936737,-0.3884316682815552,0.0023699963837862017,0.0061389067103882885,-0.00044141822494566437,0.005011981345713137,0.10294852573713144,0.9999987552313059
26,evidentiality,B,positive_control_advantage,test,0.5,False,matched_control,6900,6618,changed,basis,0.0339163499884308,0.0169581749942154,-0.3860616385936737,-0.38180431723594666,-0.004257349520921707,-0.011027641949690133,-0.006700748059898615,-0.0019116692803800108,0.0009995002498750624,0.9999986111948848
26,evidentiality,B,positive_control_advantage,test,0.5,False,matched_control,6900,1302,changed,basis,0.0339163499884308,0.0169581749942154,-0.3860616385936737,-0.3886403739452362,0.0025787218660116196,0.0066795599671732745,0.0003356456477195025,0.004875926421955228,0.03298350824587706,0.9999988620244764
26,evidentiality,B,positive_control_advantage,test,0.5,False,matched_control,6900,11461,changed,basis,0.0339163499884308,0.0169581749942154,-0.3860616385936737,-0.3832724094390869,-0.0027892373502254484,-0.007224849794416106,-0.005542038869112731,7.5118213891982e-05,0.06296851574212893,0.9999987840087371
26,evidentiality,B,positive_control_advantage,test,1.0,True,target,6900,6900,changed,basis,0.0339163499884308,0.0339163499884308,-0.3860616385936737,-0.3874456286430359,0.001383989080786705,0.0035848914847593566,-0.0014089719112962485,0.004373440893366928,0.3428285857071464,0.999997884741929
26,evidentiality,B,positive_control_advantage,test,1.0,True,matched_control,6900,6618,changed,basis,0.0339163499884308,0.0339163499884308,-0.3860616385936737,-0.37688881158828735,-0.009172818437218667,-0.023759984210378834,-0.012011282300576567,-0.006772491941228511,0.0009995002498750624,0.9999972459381786
26,evidentiality,B,positive_control_advantage,test,1.0,True,matched_control,6900,1302,changed,basis,0.0339163499884308,0.0339163499884308,-0.3860616385936737,-0.39097845554351807,0.004916828759014606,0.012735864606816123,0.001755908432416618,0.007964752370491624,0.0069965017491254375,0.9999979925381826
26,evidentiality,B,positive_control_advantage,test,1.0,True,matched_control,6900,11461,changed,basis,0.0339163499884308,0.0339163499884308,-0.3860616385936737,-0.37976211309432983,-0.006299548223614693,-0.01631746745561765,-0.008970008848235012,-0.003658682258799673,0.0009995002498750624,0.9999980034214171
26,evidentiality,B,positive_control_advantage,test,2.0,False,target,6900,6900,changed,basis,0.0339163499884308,0.0678326999768616,-0.3860616385936737,-0.3880292773246765,0.001967649459838867,0.005096723587991087,-0.001413028195500374,0.005391720071434973,0.24887556221889057,0.9999950351185677
26,evidentiality,B,positive_control_advantage,test,2.0,False,matched_control,6900,6618,changed,basis,0.0339163499884308,0.0678326999768616,-0.3860616385936737,-0.37070325016975403,-0.015358403399586678,-0.03978225719481871,-0.017886626712977888,-0.013054969079792502,0.0009995002498750624,0.9999921565801493
26,evidentiality,B,positive_control_advantage,test,2.0,False,matched_control,6900,1302,changed,basis,0.0339163499884308,0.0678326999768616,-0.3860616385936737,-0.40198078751564026,0.015919129587709902,0.041234683781841995,0.012918940659612417,0.019094348742626607,0.0009995002498750624,0.9999952555712669
26,evidentiality,B,positive_control_advantage,test,2.0,False,matched_control,6900,11461,changed,basis,0.0339163499884308,0.0678326999768616,-0.3860616385936737,-0.3787543475627899,-0.007307287380099297,-0.01892777383093001,-0.009627788407728075,-0.004998207975178958,0.0009995002498750624,0.9999950991506589
27,mirativity_stance_and_affect_marking,C,specific_positive,val,0.5,False,target,1887,1887,changed,basis,0.0355112140532583,0.01775560702662915,1.3242765665054321,1.3213037252426147,0.002972980737686157,0.0022449847810351344,0.001580594688653946,0.004413477033376694,0.0009995002498750624,0.9999986792883873
27,mirativity_stance_and_affect_marking,C,specific_positive,val,0.5,False,matched_control,1887,8041,changed,basis,0.0355112140532583,0.01775560702662915,1.3242765665054321,1.326890230178833,-0.0026135689020156862,-0.0019735823831063507,-0.003764883682131767,-0.0013383018970489504,0.0009995002498750624,0.9999987269641761
27,mirativity_stance_and_affect_marking,C,specific_positive,val,0.5,False,matched_control,1887,9728,changed,basis,0.0355112140532583,0.01775560702662915,1.3242765665054321,1.3200767040252686,0.004199874997138977,0.0031714485503748055,0.0027834583073854447,0.005651383757591247,0.0009995002498750624,0.9999987172594663
27,mirativity_stance_and_affect_marking,C,specific_positive,val,0.5,False,matched_control,1887,7247,changed,basis,0.0355112140532583,0.01775560702662915,1.3242765665054321,1.3228442668914795,0.0014324688911437988,0.0010816991913734984,0.00020279206335544587,0.0026454320698976485,0.0239880059970015,0.9999987588318919
27,mirativity_stance_and_affect_marking,C,specific_positive,val,1.0,True,target,1887,1887,changed,basis,0.0355112140532583,0.0355112140532583,1.3242765665054321,1.3180088996887207,0.006267874836921692,0.004733055764523326,0.005013601914048195,0.007527532488107681,0.0009995002498750624,0.9999979753763587
27,mirativity_stance_and_affect_marking,C,specific_positive,val,1.0,True,matched_control,1887,8041,changed,basis,0.0355112140532583,0.0355112140532583,1.3242765665054321,1.3265539407730103,-0.002277252674102783,-0.0017196201546570537,-0.003693304777145386,-0.0008268338143825531,0.00399800099950025,0.9999981234755531
27,mirativity_stance_and_affect_marking,C,specific_positive,val,1.0,True,matched_control,1887,9728,changed,basis,0.0355112140532583,0.0355112140532583,1.3242765665054321,1.3157289028167725,0.008547806739807129,0.006454699083261371,0.00718598598241806,0.009859938263893126,0.0009995002498750624,0.9999982217985065
27,mirativity_stance_and_affect_marking,C,specific_positive,val,1.0,True,matched_control,1887,7247,changed,basis,0.0355112140532583,0.0355112140532583,1.3242765665054321,1.3218647241592407,0.0024120330810546873,0.0018213967852800431,0.001134111538529396,0.003665891095995902,0.0009995002498750624,0.9999981367933962
27,mirativity_stance_and_affect_marking,C,specific_positive,val,2.0,False,target,1887,1887,changed,basis,0.0355112140532583,0.0710224281065166,1.3242765665054321,1.3115909099578857,0.012685776352882386,0.009579401066016182,0.011082677155733108,0.0142714599519968,0.0009995002498750624,0.9999950244998851
27,mirativity_stance_and_affect_marking,C,specific_positive,val,2.0,False,matched_control,1887,8041,changed,basis,0.0355112140532583,0.0710224281065166,1.3242765665054321,1.3320578336715698,-0.007781182527542114,-0.005875798699719872,-0.009673755198717118,-0.005880699515342713,0.0009995002498750624,0.9999958577184153
27,mirativity_stance_and_affect_marking,C,specific_positive,val,2.0,False,matched_control,1887,9728,changed,basis,0.0355112140532583,0.0710224281065166,1.3242765665054321,1.3093829154968262,0.014893780946731567,0.011246729968222596,0.013453399166464805,0.01649262648820877,0.0009995002498750624,0.99999609979296
27,mirativity_stance_and_affect_marking,C,specific_positive,val,2.0,False,matched_control,1887,7247,changed,basis,0.0355112140532583,0.0710224281065166,1.3242765665054321,1.3143408298492432,0.009935801029205322,0.0075028142009825145,0.008425725668668746,0.011617749109864234,0.0009995002498750624,0.9999956945331415
27,mirativity_stance_and_affect_marking,C,specific_positive,test,0.5,False,target,1887,1887,changed,basis,0.0355112140532583,0.01775560702662915,0.7793334126472473,0.7763026356697083,0.003030768036842346,0.0038889235180452533,0.0017559774816036226,0.004477367877960205,0.0009995002498750624,0.999998737368985
27,mirativity_stance_and_affect_marking,C,specific_positive,test,0.5,False,matched_control,1887,8041,changed,basis,0.0355112140532583,0.01775560702662915,0.7793334126472473,0.781830906867981,-0.0024974399805068968,-0.0032045847643354186,-0.0038202312737703322,-0.0011723277717828754,0.0029985007496251873,0.999998705188607
27,mirativity_stance_and_affect_marking,C,specific_positive,test,0.5,False,matched_control,1887,9728,changed,basis,0.0355112140532583,0.01775560702662915,0.7793334126472473,0.7764653563499451,0.0028681117296218872,0.003680211425658573,0.0016369008421897888,0.004071246966719624,0.0009995002498750624,0.9999987253291436
27,mirativity_stance_and_affect_marking,C,specific_positive,test,0.5,False,matched_control,1887,7247,changed,basis,0.0355112140532583,0.01775560702662915,0.7793334126472473,0.7774630188941956,0.0018705374002456665,0.002400176060579524,0.0004985949844121934,0.0032669968008995054,0.0069965017491254375,0.9999987171125245
27,mirativity_stance_and_affect_marking,C,specific_positive,test,1.0,True,target,1887,1887,changed,basis,0.0355112140532583,0.0355112140532583,0.7793334126472473,0.7730713486671448,0.006262122988700867,0.008035229706666402,0.0048441096693277366,0.007665516316890716,0.0009995002498750624,0.999997858502952
27,mirativity_stance_and_affect_marking,C,specific_positive,test,1.0,True,matched_control,1887,8041,changed,basis,0.0355112140532583,0.0355112140532583,0.7793334126472473,0.7816910743713379,-0.0023574984073638917,-0.003025019034351316,-0.003724439188838005,-0.000962942272424698,0.0009995002498750624,0.9999980788030512
27,mirativity_stance_and_affect_marking,C,specific_positive,test,1.0,True,matched_control,1887,9728,changed,basis,0.0355112140532583,0.0355112140532583,0.7793334126472473,0.7709977030754089,0.00833579957485199,0.010696063378749366,0.006720206096768379,0.00995385870337486,0.0009995002498750624,0.9999981730494512
27,mirativity_stance_and_affect_marking,C,specific_positive,test,1.0,True,matched_control,1887,7247,changed,basis,0.0355112140532583,0.0355112140532583,0.7793334126472473,0.777858555316925,0.0014748042821884156,0.001892391957350816,-0.00022685471177101135,0.0031337195485830302,0.07896051974012994,0.9999980906609808
27,mirativity_stance_and_affect_marking,C,specific_positive,test,2.0,False,target,1887,1887,changed,basis,0.0355112140532583,0.0710224281065166,0.7793334126472473,0.7660674452781677,0.013266062140464783,0.017022319234847757,0.011551905110478402,0.014874831467866896,0.0009995002498750624,0.9999947482688083
27,mirativity_stance_and_affect_marking,C,specific_positive,test,2.0,False,matched_control,1887,8041,changed,basis,0.0355112140532583,0.0710224281065166,0.7793334126472473,0.7851656079292297,-0.005832188129425049,-0.007483559712413992,-0.007463488131761551,-0.004156075552105905,0.0009995002498750624,0.9999957383438849
27,mirativity_stance_and_affect_marking,C,specific_positive,test,2.0,False,matched_control,1887,9728,changed,basis,0.0355112140532583,0.0710224281065166,0.7793334126472473,0.7631449699401855,0.016188434958457946,0.020772155659884918,0.014598490953445434,0.01772407963871956,0.0009995002498750624,0.9999959340573951
27,mirativity_stance_and_affect_marking,C,specific_positive,test,2.0,False,matched_control,1887,7247,changed,basis,0.0355112140532583,0.0710224281065166,0.7793334126472473,0.7688095569610596,0.010523794293403626,0.013503584117683725,0.00829335330426693,0.012860992997884749,0.0009995002498750624,0.9999954708738588
28,negation_and_polarity_structure,D,null_or_reverse,val,0.5,False,target,4382,4382,changed,basis,0.0022940805647523005,0.0011470402823761502,0.26806697249412537,0.267711341381073,0.0003556254878640175,0.0013266292544554736,-0.0016631683968007566,0.0024280628152191634,0.750624687656172,0.9999992443095596
28,negation_and_polarity_structure,D,null_or_reverse,val,0.5,False,matched_control,4382,1385,changed,basis,0.0022940805647523005,0.0011470402823761502,0.26806697249412537,0.2671211063861847,0.0009458809904754162,0.0035285249117966034,-0.0008837617277167738,0.002672799603082239,0.2888555722138931,0.999999244176852
28,negation_and_polarity_structure,D,null_or_reverse,val,0.5,False,matched_control,4382,6900,changed,basis,0.0022940805647523005,0.0011470402823761502,0.26806697249412537,0.26674580574035645,0.0013211707025766373,0.004928509805905278,-0.0005809655422344803,0.0031666799234226343,0.16591704147926037,0.9999992233547421
28,negation_and_polarity_structure,D,null_or_reverse,val,0.5,False,matched_control,4382,8685,changed,basis,0.0022940805647523005,0.0011470402823761502,0.26806697249412537,0.26779404282569885,0.0002729238756000996,0.0010181182450817608,-0.0015012038270942865,0.0018766261320561158,0.7296351824087957,0.9999992414481694
28,negation_and_polarity_structure,D,null_or_reverse,val,1.0,True,target,4382,4382,changed,basis,0.0022940805647523005,0.0022940805647523005,0.26806697249412537,0.2669108211994171,0.0011561593227088452,0.004312949528812925,-0.000756350513547659,0.0030959795000962908,0.22188905547226387,0.999999232249429
28,negation_and_polarity_structure,D,null_or_reverse,val,1.0,True,matched_control,4382,1385,changed,basis,0.0022940805647523005,0.0022940805647523005,0.26806697249412537,0.26776981353759766,0.0002971815131604671,0.0011086092046157599,-0.001772048474755138,0.002198595291934907,0.7986006996501749,0.999999226682729
28,negation_and_polarity_structure,D,null_or_reverse,val,1.0,True,matched_control,4382,6900,changed,basis,0.0022940805647523005,0.0022940805647523005,0.26806697249412537,0.2662152349948883,0.00185174610465765,0.0069077741559461624,-0.00013689180277287957,0.0040314908511936655,0.07196401799100449,0.9999992215988466
28,negation_and_polarity_structure,D,null_or_reverse,val,1.0,True,matched_control,4382,8685,changed,basis,0.0022940805647523005,0.0022940805647523005,0.26806697249412537,0.2670624256134033,0.0010045379400253295,0.0037473394453594756,-0.0008566625397652387,0.0028757773190736767,0.30884557721139433,0.9999992120909832
28,negation_and_polarity_structure,D,null_or_reverse,val,2.0,False,target,4382,4382,changed,basis,0.0022940805647523005,0.004588161129504601,0.26806697249412537,0.2672445774078369,0.0008224277757108211,0.003067993673591567,-0.0008985863197594881,0.002472563218325376,0.3468265867066467,0.9999991937378309
28,negation_and_polarity_structure,D,null_or_reverse,val,2.0,False,matched_control,4382,1385,changed,basis,0.0022940805647523005,0.004588161129504601,0.26806697249412537,0.26818761229515076,-0.0001205982081592083,-0.0004498808899774148,-0.0021082925852388143,0.0018516331408172833,0.88055972013993,0.9999991786024566
28,negation_and_polarity_structure,D,null_or_reverse,val,2.0,False,matched_control,4382,6900,changed,basis,0.0022940805647523005,0.004588161129504601,0.26806697249412537,0.2688570022583008,-0.000790022648870945,-0.002947109229908053,-0.002760304383002222,0.0010494319843128291,0.4207896051974013,0.9999991989833554
28,negation_and_polarity_structure,D,null_or_reverse,val,2.0,False,matched_control,4382,8685,changed,basis,0.0022940805647523005,0.004588161129504601,0.26806697249412537,0.2682550549507141,-0.00018806817010045052,-0.0007015715824692727,-0.0018360458798706532,0.0014340548291802405,0.8295852073963018,0.999999221578516
28,negation_and_polarity_structure,D,null_or_reverse,test,0.5,False,target,4382,4382,changed,basis,0.0022940805647523005,0.0011470402823761502,0.2558494806289673,0.2578124403953552,-0.001962956711649895,-0.00767231071497297,-0.0034584028394892812,-0.0005301568889990454,0.0069965017491254375,0.9999992287912753
28,negation_and_polarity_structure,D,null_or_reverse,test,0.5,False,matched_control,4382,1385,changed,basis,0.0022940805647523005,0.0011470402823761502,0.2558494806289673,0.2568593919277191,-0.0010099216178059579,-0.00394732721490471,-0.002901454391889274,0.0010313079655170402,0.3378310844577711,0.9999992333245922
28,negation_and_polarity_structure,D,null_or_reverse,test,0.5,False,matched_control,4382,6900,changed,basis,0.0022940805647523005,0.0011470402823761502,0.2558494806289673,0.25453630089759827,0.0013131969049572944,0.005132693260619479,-0.0005673011299222707,0.00313999219983816,0.1549225387306347,0.9999992555209909
28,negation_and_polarity_structure,D,null_or_reverse,test,0.5,False,matched_control,4382,8685,changed,basis,0.0022940805647523005,0.0011470402823761502,0.2558494806289673,0.2577298879623413,-0.0018804086372256278,-0.007349667595974506,-0.003697152475826442,-3.114232979714894e-05,0.04297851074462768,0.9999992347174437
28,negation_and_polarity_structure,D,null_or_reverse,test,1.0,True,target,4382,4382,changed,basis,0.0022940805647523005,0.0022940805647523005,0.2558494806289673,0.255146861076355,0.0007026185467839241,0.0027462183822169295,-0.0008899896843358874,0.0023622464500367593,0.3868065967016492,0.9999992433217706
28,negation_and_polarity_structure,D,null_or_reverse,test,1.0,True,matched_control,4382,1385,changed,basis,0.0022940805647523005,0.0022940805647523005,0.2558494806289673,0.25674882531166077,-0.0008993517607450485,-0.0035151596107763365,-0.002242368720471859,0.0004917046763002871,0.20389805097451275,0.9999992466111756
28,negation_and_polarity_structure,D,null_or_reverse,test,1.0,True,matched_control,4382,6900,changed,basis,0.0022940805647523005,0.0022940805647523005,0.2558494806289673,0.25970232486724854,-0.0038528551533818247,-0.015059069668268086,-0.0050382296377792955,-0.002677396669983865,0.0009995002498750624,0.9999991974043805
28,negation_and_polarity_structure,D,null_or_reverse,test,1.0,True,matched_control,4382,8685,changed,basis,0.0022940805647523005,0.0022940805647523005,0.2558494806289673,0.2570950388908386,-0.0012455728650093078,-0.004868381448136049,-0.0027450281307101246,0.00027561533451080187,0.111944027986007,0.9999991991483712
28,negation_and_polarity_structure,D,null_or_reverse,test,2.0,False,target,4382,4382,changed,basis,0.0022940805647523005,0.004588161129504601,0.2558494806289673,0.25602683424949646,-0.0001773511618375778,-0.0006931855456637503,-0.0019310732129961252,0.0016092697689309712,0.8445777111444278,0.9999991493045424
28,negation_and_polarity_structure,D,null_or_reverse,test,2.0,False,matched_control,4382,1385,changed,basis,0.0022940805647523005,0.004588161129504601,0.2558494806289673,0.2576024532318115,-0.0017529543861746788,-0.006851506525888992,-0.003385268362239003,-8.550434000790158e-05,0.04097951024487756,0.9999992034233715
28,negation_and_polarity_structure,D,null_or_reverse,test,2.0,False,matched_control,4382,6900,changed,basis,0.0022940805647523005,0.004588161129504601,0.2558494806289673,0.256745845079422,-0.0008963724225759507,-0.0035035147242525352,-0.0025566391739994285,0.000829192111268639,0.33183408295852074,0.9999992282842932
28,negation_and_polarity_structure,D,null_or_reverse,test,2.0,False,matched_control,4382,8685,changed,basis,0.0022940805647523005,0.004588161129504601,0.2558494806289673,0.257426381111145,-0.0015769113600254058,-0.006163433891477159,-0.0031375231556594373,2.089265733957288e-05,0.05297351324337831,0.9999992138176442
29,quantifier_scope_and_distributivity,B,specific_positive,val,0.5,False,target,8551,8551,changed,basis,0.023095207288861302,0.011547603644430651,0.32321128249168396,0.3219459056854248,0.0012654276192188263,0.0039151715542336775,0.000593403723090887,0.0019459400214254853,0.0009995002498750624,0.9999987902031172
29,quantifier_scope_and_distributivity,B,specific_positive,val,0.5,False,matched_control,8551,1858,changed,basis,0.023095207288861302,0.011547603644430651,0.32321128249168396,0.32523098587989807,-0.002019665166735649,-0.006248745870397064,-0.002887785317376256,-0.0011417221650481227,0.0009995002498750624,0.9999986957306755
29,quantifier_scope_and_distributivity,B,specific_positive,val,0.5,False,matched_control,8551,7247,changed,basis,0.023095207288861302,0.011547603644430651,0.32321128249168396,0.3231392204761505,7.213085889816284e-05,0.00022316937187989014,-0.0006975051071494817,0.0008315198626369236,0.8265867066466767,0.9999987277097451
29,quantifier_scope_and_distributivity,B,specific_positive,val,0.5,False,matched_control,8551,9728,changed,basis,0.023095207288861302,0.011547603644430651,0.32321128249168396,0.3233306109905243,-0.00011926412582397461,-0.00036899740907727507,-0.0007874329127371311,0.0005445254761725647,0.7616191904047976,0.9999987051182048
29,quantifier_scope_and_distributivity,B,specific_positive,val,1.0,True,target,8551,8551,changed,basis,0.023095207288861302,0.023095207288861302,0.32321128249168396,0.3199025094509125,0.0033088013529777526,0.010237270578767268,0.0024618257097899915,0.004147064134478568,0.0009995002498750624,0.9999984171978666
29,quantifier_scope_and_distributivity,B,specific_positive,val,1.0,True,matched_control,8551,1858,changed,basis,0.023095207288861302,0.023095207288861302,0.32321128249168396,0.3289467692375183,-0.005735427774488926,-0.017745134793172003,-0.006687486597336829,-0.004772130309604109,0.0009995002498750624,0.999998342862655
29,quantifier_scope_and_distributivity,B,specific_positive,val,1.0,True,matched_control,8551,7247,changed,basis,0.023095207288861302,0.023095207288861302,0.32321128249168396,0.3234787881374359,-0.0002674538642168045,-0.0008274892576613131,-0.0009855942353606223,0.00044539430737495367,0.4577711144427786,0.9999984659674385
29,quantifier_scope_and_distributivity,B,specific_positive,val,1.0,True,matched_control,8551,9728,changed,basis,0.023095207288861302,0.023095207288861302,0.32321128249168396,0.3224268853664398,0.0007844310253858567,0.0024269914692908023,-3.966722264885901e-05,0.00158062294870615,0.06696651674162919,0.9999983670367363
29,quantifier_scope_and_distributivity,B,specific_positive,val,2.0,False,target,8551,8551,changed,basis,0.023095207288861302,0.046190414577722605,0.32321128249168396,0.3168169856071472,0.00639435850083828,0.019783834436543232,0.005426615888252855,0.0073976095132529725,0.0009995002498750624,0.999997390739664
29,quantifier_scope_and_distributivity,B,specific_positive,val,2.0,False,matched_control,8551,1858,changed,basis,0.023095207288861302,0.046190414577722605,0.32321128249168396,0.33407723903656006,-0.010865879841148854,-0.03361850414806738,-0.011957033330574632,-0.009700588896870614,0.0009995002498750624,0.9999969973060538
29,quantifier_scope_and_distributivity,B,specific_positive,val,2.0,False,matched_control,8551,7247,changed,basis,0.023095207288861302,0.046190414577722605,0.32321128249168396,0.3225694000720978,0.0006419382244348526,0.0019861256682813023,-0.0002798777166754007,0.0014858562480658279,0.16691654172913542,0.999997305595758
29,quantifier_scope_and_distributivity,B,specific_positive,val,2.0,False,matched_control,8551,9728,changed,basis,0.023095207288861302,0.046190414577722605,0.32321128249168396,0.32099297642707825,0.0022183794528245924,0.006863558214065965,0.0010213735904544593,0.0032309001591056584,0.0009995002498750624,0.999997248761158
29,quantifier_scope_and_distributivity,B,specific_positive,test,0.5,False,target,8551,8551,changed,basis,0.023095207288861302,0.011547603644430651,0.38418513536453247,0.38292521238327026,0.001259914543479681,0.0032794463593293797,0.0005658763931132853,0.0019069824041798708,0.0009995002498750624,0.9999989329958432
29,quantifier_scope_and_distributivity,B,specific_positive,test,0.5,False,matched_control,8551,1858,changed,basis,0.023095207288861302,0.011547603644430651,0.38418513536453247,0.3870408236980438,-0.0028556757792830467,-0.007433072017670466,-0.003588987823575735,-0.0021114203883335,0.0009995002498750624,0.9999989375732955
29,quantifier_scope_and_distributivity,B,specific_positive,test,0.5,False,matched_control,8551,7247,changed,basis,0.023095207288861302,0.011547603644430651,0.38418513536453247,0.38409385085105896,9.128598496317864e-05,0.00023760936215442668,-0.0006387577839195728,0.0008092394587583814,0.782608695652174,0.9999989295120822
29,quantifier_scope_and_distributivity,B,specific_positive,test,0.5,False,matched_control,8551,9728,changed,basis,0.023095207288861302,0.011547603644430651,0.38418513536453247,0.3834809362888336,0.0007042030990123748,0.0018329785152780434,-0.00020169145613908765,0.0015401229783892625,0.12493753123438281,0.999998912451981
29,quantifier_scope_and_distributivity,B,specific_positive,test,1.0,True,target,8551,8551,changed,basis,0.023095207288861302,0.023095207288861302,0.38418513536453247,0.3807160556316376,0.003469066917896271,0.00902967501489786,0.0025197868961840866,0.004407687684521078,0.0009995002498750624,0.9999986409316207
29,quantifier_scope_and_distributivity,B,specific_positive,test,1.0,True,matched_control,8551,1858,changed,basis,0.023095207288861302,0.023095207288861302,0.38418513536453247,0.3891853094100952,-0.005000214334577322,-0.013015116604740288,-0.005829958256334066,-0.0042555023133754736,0.0009995002498750624,0.9999985712333873
29,quantifier_scope_and_distributivity,B,specific_positive,test,1.0,True,matched_control,8551,7247,changed,basis,0.023095207288861302,0.023095207288861302,0.38418513536453247,0.38364166021347046,0.0005434810183942318,0.0014146331244142285,-0.00017145267548039555,0.0012018209947273133,0.12693653173413294,0.9999986541249646
29,quantifier_scope_and_distributivity,B,specific_positive,test,1.0,True,matched_control,8551,9728,changed,basis,0.023095207288861302,0.023095207288861302,0.38418513536453247,0.38298752903938293,0.0011976261623203755,0.003117315200610281,0.0004062275500036776,0.001954635091125964,0.0029985007496251873,0.9999986401943866
29,quantifier_scope_and_distributivity,B,specific_positive,test,2.0,False,target,8551,8551,changed,basis,0.023095207288861302,0.046190414577722605,0.38418513536453247,0.37770870327949524,0.006476449836045503,0.01685762732569117,0.005602757124230266,0.007376019963994622,0.0009995002498750624,0.9999978051145578
29,quantifier_scope_and_distributivity,B,specific_positive,test,2.0,False,matched_control,8551,1858,changed,basis,0.023095207288861302,0.046190414577722605,0.38418513536453247,0.39390358328819275,-0.00971843173727393,-0.025296220084237868,-0.01058385166246444,-0.008870527110993863,0.0009995002498750624,0.9999973203683834
29,quantifier_scope_and_distributivity,B,specific_positive,test,2.0,False,matched_control,8551,7247,changed,basis,0.023095207288861302,0.046190414577722605,0.38418513536453247,0.3835139572620392,0.0006711751781404018,0.001747009752221569,-0.00026545925810933117,0.001528540323022753,0.17491254372813594,0.9999974822783986
29,quantifier_scope_and_distributivity,B,specific_positive,test,2.0,False,matched_control,8551,9728,changed,basis,0.023095207288861302,0.046190414577722605,0.38418513536453247,0.3819827735424042,0.0022023888304829597,0.005732623747645083,0.0014214679319411517,0.0030398502890020603,0.0009995002498750624,0.999997346128096
30,conditional_and_counterfactual_marking,B,positive_control_advantage,val,0.5,False,target,11810,11810,changed,basis,0.0153300108504482,0.0076650054252241,0.3433053195476532,0.3446969985961914,-0.00139174222946167,-0.004053948920149157,-0.0024321136809885503,-0.0003448787815868857,0.010994502748625687,0.9999990003791432
30,conditional_and_counterfactual_marking,B,positive_control_advantage,val,0.5,False,matched_control,11810,6944,changed,basis,0.0153300108504482,0.0076650054252241,0.3433053195476532,0.3428637683391571,0.00044152773916721343,0.00128610806191113,-0.0005385567154735327,0.0014472692124545567,0.37381309345327335,0.9999989882133501
30,conditional_and_counterfactual_marking,B,positive_control_advantage,val,0.5,False,matched_control,11810,758,changed,basis,0.0153300108504482,0.0076650054252241,0.3433053195476532,0.3432252109050751,8.011028170585632e-05,0.0002333499574414152,-0.0006867988295853138,0.0008348400928080075,0.815592203898051,0.999998982455988
30,conditional_and_counterfactual_marking,B,positive_control_advantage,val,0.5,False,matched_control,11810,6216,changed,basis,0.0153300108504482,0.0076650054252241,0.3433053195476532,0.3437889516353607,-0.0004837050288915634,-0.0014089645611343978,-0.0013737846668809652,0.0004024649336934089,0.31284357821089454,0.999998994218968
30,conditional_and_counterfactual_marking,B,positive_control_advantage,val,1.0,True,target,11810,11810,changed,basis,0.0153300108504482,0.0153300108504482,0.3433053195476532,0.342460036277771,0.0008452426642179489,0.0024620727267834347,-3.921390138566493e-05,0.0017716892678290603,0.06796601699150424,0.9999989134526266
30,conditional_and_counterfactual_marking,B,positive_control_advantage,val,1.0,True,matched_control,11810,6944,changed,basis,0.0153300108504482,0.0153300108504482,0.3433053195476532,0.34150752425193787,0.0017977546900510787,0.00523660598216142,0.000913908664137125,0.0026838873159140343,0.0009995002498750624,0.9999988806398663
30,conditional_and_counterfactual_marking,B,positive_control_advantage,val,1.0,True,matched_control,11810,758,changed,basis,0.0153300108504482,0.0153300108504482,0.3433053195476532,0.3434407413005829,-0.00013547413051128387,-0.00039461704435511696,-0.0011211088411509991,0.0008112485185265538,0.7776111944027986,0.9999988844652262
30,conditional_and_counterfactual_marking,B,positive_control_advantage,val,1.0,True,matched_control,11810,6216,changed,basis,0.0153300108504482,0.0153300108504482,0.3433053195476532,0.3438028395175934,-0.0004975377768278122,-0.0014492574058665305,-0.001470679011195898,0.00041363196074962517,0.303848075962019,0.9999988822258657
30,conditional_and_counterfactual_marking,B,positive_control_advantage,val,2.0,False,target,11810,11810,changed,basis,0.0153300108504482,0.0306600217008964,0.3433053195476532,0.34162893891334534,0.0016763433814048767,0.004882951955459544,0.0006466848906129599,0.0027399558667093506,0.001999000499750125,0.9999984293650723
30,conditional_and_counterfactual_marking,B,positive_control_advantage,val,2.0,False,matched_control,11810,6944,changed,basis,0.0153300108504482,0.0306600217008964,0.3433053195476532,0.3392913341522217,0.004013910964131355,0.011691956796417179,0.0030170346442610027,0.005057556582614778,0.0009995002498750624,0.999998510482664
30,conditional_and_counterfactual_marking,B,positive_control_advantage,val,2.0,False,matched_control,11810,758,changed,basis,0.0153300108504482,0.0306600217008964,0.3433053195476532,0.34419432282447815,-0.0008890127390623093,-0.0025895687845259503,-0.001886126423254609,8.435718156397224e-05,0.08095952023988005,0.9999984471156589
30,conditional_and_counterfactual_marking,B,positive_control_advantage,val,2.0,False,matched_control,11810,6216,changed,basis,0.0153300108504482,0.0306600217008964,0.3433053195476532,0.34556180238723755,-0.0022565162181854247,-0.006572913641881987,-0.0031582888923585416,-0.0013562954887747789,0.0009995002498750624,0.9999984186086398
30,conditional_and_counterfactual_marking,B,positive_control_advantage,test,0.5,False,target,11810,11810,changed,basis,0.0153300108504482,0.0076650054252241,0.47108420729637146,0.47207221388816833,-0.0009880197420716287,-0.002097331489293674,-0.0018772330759093164,-7.003744598478181e-05,0.03498250874562719,0.9999988724652717
30,conditional_and_counterfactual_marking,B,positive_control_advantage,test,0.5,False,matched_control,11810,6944,changed,basis,0.0153300108504482,0.0076650054252241,0.47108420729637146,0.4696527421474457,0.001431422047317028,0.0030385693792033294,0.0004610037636011839,0.0024005610682070254,0.0029985007496251873,0.9999988614124278
30,conditional_and_counterfactual_marking,B,positive_control_advantage,test,0.5,False,matched_control,11810,758,changed,basis,0.0153300108504482,0.0076650054252241,0.47108420729637146,0.47105979919433594,2.439841628074646e-05,5.179204885846826e-05,-0.0008955137450248003,0.000915191328153014,0.9355322338830585,0.9999988493823392
30,conditional_and_counterfactual_marking,B,positive_control_advantage,test,0.5,False,matched_control,11810,6216,changed,basis,0.0153300108504482,0.0076650054252241,0.47108420729637146,0.4707723557949066,0.0003118496388196945,0.0006619827920138738,-0.0005770609341561794,0.0012565440721809863,0.4657671164417791,0.9999988385855927
30,conditional_and_counterfactual_marking,B,positive_control_advantage,test,1.0,True,target,11810,11810,changed,basis,0.0153300108504482,0.0153300108504482,0.47108420729637146,0.47046154737472534,0.0006226709112524987,0.001321782606184376,-0.00036883662361651654,0.0015622580014169214,0.21389305347326337,0.9999987862853663
30,conditional_and_counterfactual_marking,B,positive_control_advantage,test,1.0,True,matched_control,11810,6944,changed,basis,0.0153300108504482,0.0153300108504482,0.47108420729637146,0.4693383276462555,0.0017458534240722657,0.0037060325882966893,0.0006384295206516981,0.002766113886609673,0.0029985007496251873,0.999998751560872
30,conditional_and_counterfactual_marking,B,positive_control_advantage,test,1.0,True,matched_control,11810,758,changed,basis,0.0153300108504482,0.0153300108504482,0.47108420729637146,0.4700692892074585,0.0010149189457297324,0.0021544321164033847,3.414800483733416e-05,0.0019571710014715787,0.038980509745127435,0.999998765322537
30,conditional_and_counterfactual_marking,B,positive_control_advantage,test,1.0,True,matched_control,11810,6216,changed,basis,0.0153300108504482,0.0153300108504482,0.47108420729637146,0.4712141752243042,-0.00012997154146432877,-0.00027589874474938673,-0.0010855200458317995,0.0008361079050227994,0.8045977011494253,0.9999987291721468
30,conditional_and_counterfactual_marking,B,positive_control_advantage,test,2.0,False,target,11810,11810,changed,basis,0.0153300108504482,0.0306600217008964,0.47108420729637146,0.4682161808013916,0.0028679877892136573,0.006088057601577229,0.001779780935496092,0.003878200134262442,0.0009995002498750624,0.9999982835434911
30,conditional_and_counterfactual_marking,B,positive_control_advantage,test,2.0,False,matched_control,11810,6944,changed,basis,0.0153300108504482,0.0306600217008964,0.47108420729637146,0.4673469066619873,0.003737259544432163,0.007933315289597375,0.0026792796477675437,0.004860553074628113,0.0009995002498750624,0.9999983976331724
30,conditional_and_counterfactual_marking,B,positive_control_advantage,test,2.0,False,matched_control,11810,758,changed,basis,0.0153300108504482,0.0306600217008964,0.47108420729637146,0.4721554219722748,-0.0010712483897805213,-0.0022740061610823027,-0.0021084511699154974,-3.370160795748261e-05,0.038980509745127435,0.9999982813135888
30,conditional_and_counterfactual_marking,B,positive_control_advantage,test,2.0,False,matched_control,11810,6216,changed,basis,0.0153300108504482,0.0306600217008964,0.47108420729637146,0.47336632013320923,-0.0022821469604969026,-0.004844456522103582,-0.0033843098524957895,-0.0011522272452712072,0.0009995002498750624,0.9999983325532412
31,subordination_and_embedding,B,positive_nonspecific,val,0.5,False,target,11461,11461,changed,basis,0.0647963978117332,0.0323981989058666,1.0476709604263306,1.0407071113586426,0.006963938474655151,0.00664706643374109,0.005619082108139992,0.008420747682452202,0.0009995002498750624,0.9999979545668279
31,subordination_and_embedding,B,positive_nonspecific,val,0.5,False,matched_control,11461,7247,changed,basis,0.0647963978117332,0.0323981989058666,1.0476709604263306,1.0483258962631226,-0.0006549113988876343,-0.0006251117226930964,-0.002179080381989479,0.0010854780972003894,0.4337831084457771,0.9999980820675894
31,subordination_and_embedding,B,positive_nonspecific,val,0.5,False,matched_control,11461,8041,changed,basis,0.0647963978117332,0.0323981989058666,1.0476709604263306,1.0494518280029297,-0.0017808246612548827,-0.001699793855630215,-0.003050009936094284,-0.000516522690653801,0.004997501249375313,0.9999980962011672
31,subordination_and_embedding,B,positive_nonspecific,val,0.5,False,matched_control,11461,9728,changed,basis,0.0647963978117332,0.0323981989058666,1.0476709604263306,1.0437722206115723,0.003898764252662659,0.0037213632905088137,0.0021526259183883667,0.0054687778651714295,0.0009995002498750624,0.9999979454728376
31,subordination_and_embedding,B,positive_nonspecific,val,1.0,True,target,11461,11461,changed,basis,0.0647963978117332,0.0647963978117332,1.0476709604263306,1.0379910469055176,0.009679983854293823,0.009239526740680805,0.00787807133793831,0.011540842980146406,0.0009995002498750624,0.9999953567831942
31,subordination_and_embedding,B,positive_nonspecific,val,1.0,True,matched_control,11461,7247,changed,basis,0.0647963978117332,0.0647963978117332,1.0476709604263306,1.0509155988693237,-0.003244573473930359,-0.0030969393984252836,-0.005032069519162178,-0.00150953869521618,0.0009995002498750624,0.9999961847700937
31,subordination_and_embedding,B,positive_nonspecific,val,1.0,True,matched_control,11461,8041,changed,basis,0.0647963978117332,0.0647963978117332,1.0476709604263306,1.053380012512207,-0.005708951950073243,-0.005449184110009204,-0.0076147325038909905,-0.003855185553431512,0.0009995002498750624,0.999996002794272
31,subordination_and_embedding,B,positive_nonspecific,val,1.0,True,matched_control,11461,9728,changed,basis,0.0647963978117332,0.0647963978117332,1.0476709604263306,1.0380667448043823,0.009604284167289734,0.009167271529012741,0.00743109829723835,0.01163404071331024,0.0009995002498750624,0.9999957229170995
31,subordination_and_embedding,B,positive_nonspecific,val,2.0,False,target,11461,11461,changed,basis,0.0647963978117332,0.1295927956234664,1.0476709604263306,1.0281927585601807,0.019478291869163514,0.018591993674461665,0.01712750954926014,0.021977932527661323,0.0009995002498750624,0.9999856708682118
31,subordination_and_embedding,B,positive_nonspecific,val,2.0,False,matched_control,11461,7247,changed,basis,0.0647963978117332,0.1295927956234664,1.0476709604263306,1.0506482124328613,-0.002977128028869629,-0.0028416632142386966,-0.005050929740071297,-0.0007671781182289143,0.008995502248875561,0.9999888395536637
31,subordination_and_embedding,B,positive_nonspecific,val,2.0,False,matched_control,11461,8041,changed,basis,0.0647963978117332,0.1295927956234664,1.0476709604263306,1.0591473579406738,-0.011476405858993531,-0.010954208231870259,-0.014330165907740592,-0.008595656201243404,0.0009995002498750624,0.9999878205390879
31,subordination_and_embedding,B,positive_nonspecific,val,2.0,False,matched_control,11461,9728,changed,basis,0.0647963978117332,0.1295927956234664,1.0476709604263306,1.0280224084854126,0.019648587107658388,0.018754540165609585,0.01605534890294075,0.023095466017723082,0.0009995002498750624,0.9999871499809516
31,subordination_and_embedding,B,positive_nonspecific,test,0.5,False,target,11461,11461,changed,basis,0.0647963978117332,0.0323981989058666,0.024890372529625893,0.02037387154996395,0.004516501426696778,0.18145575849943543,0.003389117956161499,0.005626479566097259,0.0009995002498750624,0.9999981511210979
31,subordination_and_embedding,B,positive_nonspecific,test,0.5,False,matched_control,11461,7247,changed,basis,0.0647963978117332,0.0323981989058666,0.024890372529625893,0.02790013700723648,-0.0030097556114196777,-0.12092047267823335,-0.004679896116256714,-0.0013965120613574993,0.0009995002498750624,0.99999829758057
31,subordination_and_embedding,B,positive_nonspecific,test,0.5,False,matched_control,11461,8041,changed,basis,0.0647963978117332,0.0323981989058666,0.024890372529625893,0.026953790336847305,-0.0020634067058563233,-0.0828997920139742,-0.0034289514422416686,-0.0006809088587760937,0.0069965017491254375,0.9999982426903431
31,subordination_and_embedding,B,positive_nonspecific,test,0.5,False,matched_control,11461,9728,changed,basis,0.0647963978117332,0.0323981989058666,0.024890372529625893,0.02021440491080284,0.004675966501235962,0.1878624554803416,0.003132305830717087,0.006180431306362152,0.0009995002498750624,0.9999982365006503
31,subordination_and_embedding,B,positive_nonspecific,test,1.0,True,target,11461,11461,changed,basis,0.0647963978117332,0.0647963978117332,0.024890372529625893,0.016123618930578232,0.00876675009727478,0.35221449927437254,0.006971846967935563,0.01053469181060791,0.0009995002498750624,0.9999957929867446
31,subordination_and_embedding,B,positive_nonspecific,test,1.0,True,matched_control,11461,7247,changed,basis,0.0647963978117332,0.0647963978117332,0.024890372529625893,0.027962831780314445,-0.0030724525451660155,-0.12343939575468439,-0.004853428930044174,-0.0013023220598697676,0.0009995002498750624,0.9999966152874054
31,subordination_and_embedding,B,positive_nonspecific,test,1.0,True,matched_control,11461,8041,changed,basis,0.0647963978117332,0.0647963978117332,0.024890372529625893,0.034109655767679214,-0.009219307899475098,-0.37039654141382455,-0.010660827726125718,-0.007796277403831483,0.0009995002498750624,0.999996397910015
31,subordination_and_embedding,B,positive_nonspecific,test,1.0,True,matched_control,11461,9728,changed,basis,0.0647963978117332,0.0647963978117332,0.024890372529625893,0.012699507176876068,0.012190861701965332,0.48978221147373735,0.009980538338422777,0.01428732323646545,0.0009995002498750624,0.9999963386988157
31,subordination_and_embedding,B,positive_nonspecific,test,2.0,False,target,11461,11461,changed,basis,0.0647963978117332,0.1295927956234664,0.024890372529625893,0.008588002063333988,0.016302360296249388,0.6549665046935486,0.01358310130238533,0.018962494552135466,0.0009995002498750624,0.9999869003184162
31,subordination_and_embedding,B,positive_nonspecific,test,2.0,False,matched_control,11461,7247,changed,basis,0.0647963978117332,0.1295927956234664,0.024890372529625893,0.031555503606796265,-0.006665130853652954,-0.26777947359846654,-0.008807212203741073,-0.004477493196725847,0.0009995002498750624,0.9999902296951614
31,subordination_and_embedding,B,positive_nonspecific,test,2.0,False,matched_control,11461,8041,changed,basis,0.0647963978117332,0.1295927956234664,0.024890372529625893,0.04158525913953781,-0.0166948938369751,-0.6707370015094759,-0.019097570210695265,-0.01427929359674454,0.0009995002498750624,0.9999892134511785
31,subordination_and_embedding,B,positive_nonspecific,test,2.0,False,matched_control,11461,9728,changed,basis,0.0647963978117332,0.1295927956234664,0.024890372529625893,0.0013174271443858743,0.023572946786880492,0.9470708708285773,0.02076723763346672,0.02623613741993904,0.0009995002498750624,0.9999893183738803
32,quotation_and_reported_speech_structure,B,specific_positive,val,0.5,False,target,1754,1754,basis,changed,0.042380368104204605,0.021190184052102302,0.9825429320335388,0.9804521203041077,0.002090754583477974,0.0021279015046709497,0.0011482653748244047,0.003082430707290768,0.0009995002498750624,0.9999987523254028
32,quotation_and_reported_speech_structure,B,specific_positive,val,0.5,False,matched_control,1754,6618,basis,changed,0.042380368104204605,0.021190184052102302,0.9825429320335388,0.9865797162055969,-0.004036837369203568,-0.004108560794232828,-0.005230350509285927,-0.0028414695970714094,0.0009995002498750624,0.9999983984055204
32,quotation_and_reported_speech_structure,B,specific_positive,val,0.5,False,matched_control,1754,5205,basis,changed,0.042380368104204605,0.021190184052102302,0.9825429320335388,0.9817930459976196,0.0007498082146048545,0.0007631302309131669,-0.000181182324886322,0.001682701746933162,0.11294352823588207,0.999998805074254
32,quotation_and_reported_speech_structure,B,specific_positive,val,0.5,False,matched_control,1754,11461,basis,changed,0.042380368104204605,0.021190184052102302,0.9825429320335388,0.9853874444961548,-0.0028445462882518767,-0.002895086001346126,-0.003820177834481001,-0.001844045341014862,0.0009995002498750624,0.9999986225734719
32,quotation_and_reported_speech_structure,B,specific_positive,val,1.0,True,target,1754,1754,basis,changed,0.042380368104204605,0.042380368104204605,0.9825429320335388,0.9768674373626709,0.005675351545214653,0.005776186831315914,0.004459910912439227,0.006938594872131943,0.0009995002498750624,0.9999978482289132
32,quotation_and_reported_speech_structure,B,specific_positive,val,1.0,True,matched_control,1754,6618,basis,changed,0.042380368104204605,0.042380368104204605,0.9825429320335388,0.988737165927887,-0.006194321811199189,-0.006304377762281585,-0.007389427348971367,-0.004950946487486362,0.0009995002498750624,0.9999962406936644
32,quotation_and_reported_speech_structure,B,specific_positive,val,1.0,True,matched_control,1754,5205,basis,changed,0.042380368104204605,0.042380368104204605,0.9825429320335388,0.9822518229484558,0.00029103539884090424,0.0002962062922162162,-0.000720421377569437,0.0012349801324307915,0.5177411294352824,0.9999981053413269
32,quotation_and_reported_speech_structure,B,specific_positive,val,1.0,True,matched_control,1754,11461,basis,changed,0.042380368104204605,0.042380368104204605,0.9825429320335388,0.9885166883468628,-0.0059736955165863035,-0.006079831549164707,-0.007018956754356623,-0.004952238008379937,0.0009995002498750624,0.9999975805286035
32,quotation_and_reported_speech_structure,B,specific_positive,val,2.0,False,target,1754,1754,basis,changed,0.042380368104204605,0.08476073620840921,0.9825429320335388,0.9714899659156799,0.01105291284620762,0.011249292510131589,0.00935941929742694,0.012877173691987992,0.0009995002498750624,0.9999943018075511
32,quotation_and_reported_speech_structure,B,specific_positive,val,2.0,False,matched_control,1754,6618,basis,changed,0.042380368104204605,0.08476073620840921,0.9825429320335388,0.9918198585510254,-0.009276903197169305,-0.009441728086089006,-0.011192927239462733,-0.007199230818077922,0.0009995002498750624,0.9999881691033488
32,quotation_and_reported_speech_structure,B,specific_positive,val,2.0,False,matched_control,1754,5205,basis,changed,0.042380368104204605,0.08476073620840921,0.9825429320335388,0.9797565937042236,0.0027863336727023125,0.002835839108765989,0.0013613520162180067,0.004290936169214543,0.0009995002498750624,0.9999953458025077
32,quotation_and_reported_speech_structure,B,specific_positive,val,2.0,False,matched_control,1754,11461,basis,changed,0.042380368104204605,0.08476073620840921,0.9825429320335388,0.9950774908065796,-0.012534613870084286,-0.012757319259466639,-0.014040023766458033,-0.011155238846316935,0.0009995002498750624,0.9999935059838754
32,quotation_and_reported_speech_structure,B,specific_positive,test,0.5,False,target,1754,1754,basis,changed,0.042380368104204605,0.021190184052102302,1.1416685581207275,1.1389570236206055,0.0027113980054855346,0.002374943223406888,0.0015669236183166505,0.0037475118339061735,0.0009995002498750624,0.9999987928205905
32,quotation_and_reported_speech_structure,B,specific_positive,test,0.5,False,matched_control,1754,6618,basis,changed,0.042380368104204605,0.021190184052102302,1.1416685581207275,1.1432164907455444,-0.001548040509223938,-0.0013559456448306935,-0.002522782355546951,-0.0005274165421724321,0.001999000499750125,0.9999984395149467
32,quotation_and_reported_speech_structure,B,specific_positive,test,0.5,False,matched_control,1754,5205,basis,changed,0.042380368104204605,0.021190184052102302,1.1416685581207275,1.1404680013656616,0.0012005114555358888,0.0010515411386225974,6.21356070041657e-06,0.0023428796827793122,0.04997501249375312,0.9999988412770122
32,quotation_and_reported_speech_structure,B,specific_positive,test,0.5,False,matched_control,1754,11461,basis,changed,0.042380368104204605,0.021190184052102302,1.1416685581207275,1.1420297622680664,-0.00036128878593444825,-0.0003164568064562948,-0.0015633444041013717,0.0008047197759151457,0.5247376311844077,0.9999987484029214
32,quotation_and_reported_speech_structure,B,specific_positive,test,1.0,True,target,1754,1754,basis,changed,0.042380368104204605,0.042380368104204605,1.1416685581207275,1.1350919008255005,0.006576579809188843,0.005760498318368676,0.005393087387084961,0.007795750215649604,0.0009995002498750624,0.9999979520373908
32,quotation_and_reported_speech_structure,B,specific_positive,test,1.0,True,matched_control,1754,6618,basis,changed,0.042380368104204605,0.042380368104204605,1.1416685581207275,1.1450457572937012,-0.003377269506454468,-0.0029581873674560223,-0.004531445756554604,-0.002214179933071137,0.0009995002498750624,0.9999960880842035
32,quotation_and_reported_speech_structure,B,specific_positive,test,1.0,True,matched_control,1754,5205,basis,changed,0.042380368104204605,0.042380368104204605,1.1416685581207275,1.1401277780532837,0.001540769934654236,0.0013495772688970776,0.0007399332970380784,0.0024215373247861854,0.0009995002498750624,0.9999980503984449
32,quotation_and_reported_speech_structure,B,specific_positive,test,1.0,True,matched_control,1754,11461,basis,changed,0.042380368104204605,0.042380368104204605,1.1416685581207275,1.144343376159668,-0.0026748502254486085,-0.0023429306223967604,-0.0038287050426006317,-0.0014889815002679834,0.0009995002498750624,0.9999977218389132
32,quotation_and_reported_speech_structure,B,specific_positive,test,2.0,False,target,1754,1754,basis,changed,0.042380368104204605,0.08476073620840921,1.1416685581207275,1.1305203437805176,0.011148221492767334,0.009764849363214615,0.009709432110190392,0.012639212936162948,0.0009995002498750624,0.9999945980530315
32,quotation_and_reported_speech_structure,B,specific_positive,test,2.0,False,matched_control,1754,6618,basis,changed,0.042380368104204605,0.08476073620840921,1.1416685581207275,1.148461103439331,-0.006792614459991455,-0.005949725436226965,-0.008844286948442458,-0.0046902451217174556,0.0009995002498750624,0.9999873870937571
32,quotation_and_reported_speech_structure,B,specific_positive,test,2.0,False,matched_control,1754,5205,basis,changed,0.042380368104204605,0.08476073620840921,1.1416685581207275,1.1371787786483765,0.004489744901657104,0.003932616756169201,0.0034202392548322675,0.00556384089589119,0.0009995002498750624,0.9999951787350845
32,quotation_and_reported_speech_structure,B,specific_positive,test,2.0,False,matched_control,1754,11461,basis,changed,0.042380368104204605,0.08476073620840921,1.1416685581207275,1.1479052305221558,-0.006236768364906311,-0.005462853750805314,-0.007985329881310463,-0.004455582544207574,0.0009995002498750624,0.9999938861889841
33,discourse_relation_marking,D,null_or_reverse,val,0.5,False,target,9728,9728,basis,changed,0.0019506383687258044,0.0009753191843629022,0.05460305139422417,0.0547650009393692,-0.00016194321215152742,-0.0029658271473205168,-0.0009675249736756086,0.0006440841387957333,0.6696651674162919,0.9999990450959814
33,discourse_relation_marking,D,null_or_reverse,val,0.5,False,matched_control,9728,8041,basis,changed,0.0019506383687258044,0.0009753191843629022,0.05460305139422417,0.054736461490392685,-0.00013340894132852555,-0.002443250659479396,-0.0009537354055792094,0.0006765217436477541,0.7626186906546727,0.9999990091456064
33,discourse_relation_marking,D,null_or_reverse,val,0.5,False,matched_control,9728,7247,basis,changed,0.0019506383687258044,0.0009753191843629022,0.05460305139422417,0.05407439172267914,0.0005286654829978943,0.009681976913360117,-0.00028966213949024677,0.0012859423905611025,0.17891054472763618,0.9999990102082983
33,discourse_relation_marking,D,null_or_reverse,val,0.5,False,matched_control,9728,6618,basis,changed,0.0019506383687258044,0.0009753191843629022,0.05460305139422417,0.05511750280857086,-0.0005144518241286277,-0.009421668038556645,-0.0012823037803173065,0.0003005629731342196,0.22688655672163918,0.9999990443849768
33,discourse_relation_marking,D,null_or_reverse,val,1.0,True,target,9728,9728,basis,changed,0.0019506383687258044,0.0019506383687258044,0.05460305139422417,0.05480843037366867,-0.00020537346601486205,-0.0037612085912947014,-0.000915980925783515,0.0005286299418658011,0.591704147926037,0.999999033284077
33,discourse_relation_marking,D,null_or_reverse,val,1.0,True,matched_control,9728,8041,basis,changed,0.0019506383687258044,0.0019506383687258044,0.05460305139422417,0.05499403178691864,-0.00039097815752029417,-0.007160371948767158,-0.0012141336537897585,0.00036956358328461646,0.33183408295852074,0.9999990222061841
33,discourse_relation_marking,D,null_or_reverse,val,1.0,True,matched_control,9728,7247,basis,changed,0.0019506383687258044,0.0019506383687258044,0.05460305139422417,0.05430823937058449,0.00029481071978807447,0.005399161992973512,-0.0005097014950588345,0.001137709860689938,0.47476261869065467,0.9999990482368382
33,discourse_relation_marking,D,null_or_reverse,val,1.0,True,matched_control,9728,6618,basis,changed,0.0019506383687258044,0.0019506383687258044,0.05460305139422417,0.05407183617353439,0.0005312203615903855,0.00972876694665048,-0.0003097959794104099,0.0014110129568725822,0.1969015492253873,0.9999989996076855
33,discourse_relation_marking,D,null_or_reverse,val,2.0,False,target,9728,9728,basis,changed,0.0019506383687258044,0.003901276737451609,0.05460305139422417,0.055045779794454575,-0.0004427250474691391,-0.0081080642228718,-0.001235708437860012,0.00034441353939473516,0.29485257371314344,0.9999989726104127
33,discourse_relation_marking,D,null_or_reverse,val,2.0,False,matched_control,9728,8041,basis,changed,0.0019506383687258044,0.003901276737451609,0.05460305139422417,0.0554647296667099,-0.000861678272485733,-0.015780771412655523,-0.0015072308499366046,-0.00019663592055440014,0.01199400299850075,0.9999990002421019
33,discourse_relation_marking,D,null_or_reverse,val,2.0,False,matched_control,9728,7247,basis,changed,0.0019506383687258044,0.003901276737451609,0.05460305139422417,0.054358500987291336,0.0002445582300424576,0.004478838156439122,-0.0004240331631153822,0.0009135298896580929,0.46676661669165415,0.9999989698678274
33,discourse_relation_marking,D,null_or_reverse,val,2.0,False,matched_control,9728,6618,basis,changed,0.0019506383687258044,0.003901276737451609,0.05460305139422417,0.05629321560263634,-0.001690157577395439,-0.030953537105331472,-0.002417721848934889,-0.0009688207581639299,0.0009995002498750624,0.9999990126471849
33,discourse_relation_marking,D,null_or_reverse,test,0.5,False,target,9728,9728,basis,changed,0.0019506383687258044,0.0009753191843629022,-0.12750738859176636,-0.12774313986301422,0.00023573748767375947,0.0018488143336423248,-0.00039058795198798185,0.0008624584823846815,0.4897551224387806,0.9999990159595243
33,discourse_relation_marking,D,null_or_reverse,test,0.5,False,matched_control,9728,8041,basis,changed,0.0019506383687258044,0.0009753191843629022,-0.12750738859176636,-0.12692895531654358,-0.0005784280598163605,-0.004536427780418929,-0.0012126958705484868,0.0001036375667899845,0.09795102448775612,0.9999989805981264
33,discourse_relation_marking,D,null_or_reverse,test,0.5,False,matched_control,9728,7247,basis,changed,0.0019506383687258044,0.0009753191843629022,-0.12750738859176636,-0.12768317759037018,0.00017579890787601472,0.0013787350663957267,-0.000562217703089118,0.0009700187258422371,0.657671164417791,0.9999989758309807
33,discourse_relation_marking,D,null_or_reverse,test,0.5,False,matched_control,9728,6618,basis,changed,0.0019506383687258044,0.0009753191843629022,-0.12750738859176636,-0.12758868932724,8.131243288516998e-05,0.000637707616658229,-0.0005333640836179257,0.0006843223161995399,0.7906046976511744,0.999999050031876
33,discourse_relation_marking,D,null_or_reverse,test,1.0,True,target,9728,9728,basis,changed,0.0019506383687258044,0.0019506383687258044,-0.12750738859176636,-0.12792104482650757,0.0004136556014418602,0.0032441696595813707,-0.00018029615096747876,0.0010704880505800238,0.1619190404797601,0.9999989981579795
33,discourse_relation_marking,D,null_or_reverse,test,1.0,True,matched_control,9728,8041,basis,changed,0.0019506383687258044,0.0019506383687258044,-0.12750738859176636,-0.12739238142967224,-0.00011500008404254913,-0.0009019091780691925,-0.0008924863282591105,0.000637587049975991,0.7526236881559221,0.9999989952309332
33,discourse_relation_marking,D,null_or_reverse,test,1.0,True,matched_control,9728,7247,basis,changed,0.0019506383687258044,0.0019506383687258044,-0.12750738859176636,-0.12757118046283722,6.379410624504089e-05,0.0005003169380975019,-0.0005033365003764629,0.0006391759403049943,0.7536231884057971,0.9999989815828095
33,discourse_relation_marking,D,null_or_reverse,test,1.0,True,matched_control,9728,6618,basis,changed,0.0019506383687258044,0.0019506383687258044,-0.12750738859176636,-0.12665493786334991,-0.0008524534106254578,-0.006685521678706108,-0.0015600398890674113,-0.00010593005828559412,0.02798600699650175,0.999998992848394
33,discourse_relation_marking,D,null_or_reverse,test,2.0,False,target,9728,9728,basis,changed,0.0019506383687258044,0.003901276737451609,-0.12750738859176636,-0.12637557089328766,-0.0011318235844373704,-0.008876533328284763,-0.0019230420719832182,-0.00039727052487432995,0.004997501249375313,0.99999893975036
33,discourse_relation_marking,D,null_or_reverse,test,2.0,False,matched_control,9728,8041,basis,changed,0.0019506383687258044,0.003901276737451609,-0.12750738859176636,-0.12687963247299194,-0.0006277516484260559,-0.004923257039134376,-0.0013723418973386288,8.811233565211206e-05,0.09195402298850575,0.9999989848734003
33,discourse_relation_marking,D,null_or_reverse,test,2.0,False,matched_control,9728,7247,basis,changed,0.0019506383687258044,0.003901276737451609,-0.12750738859176636,-0.12745781242847443,-4.957623779773712e-05,-0.0003888107061502352,-0.0008420446775853634,0.0007543734423816204,0.8915542228885557,0.9999989655695622
33,discourse_relation_marking,D,null_or_reverse,test,2.0,False,matched_control,9728,6618,basis,changed,0.0019506383687258044,0.003901276737451609,-0.12750738859176636,-0.12654370069503784,-0.0009636873006820679,-0.0075578937920801935,-0.0017136043068021536,-0.00019445635378360885,0.013993003498250875,0.9999989972197308
34,topic_comment_structure,D,positive_nonspecific,val,0.5,False,target,1302,1302,changed,basis,0.0049818903207779,0.00249094516038895,0.7107378244400024,0.709372878074646,0.0013650527596473694,0.0019206136393865182,0.00022547258995473388,0.002559677172452211,0.01699150424787606,0.9999990800305798
34,topic_comment_structure,D,positive_nonspecific,val,0.5,False,matched_control,1302,1887,changed,basis,0.0049818903207779,0.00249094516038895,0.7107378244400024,0.7093293070793152,0.0014086785167455674,0.0019819945812726085,0.00023077374510467052,0.0025768004525452853,0.021989005497251374,0.9999991341988048
34,topic_comment_structure,D,positive_nonspecific,val,0.5,False,matched_control,1302,8041,changed,basis,0.0049818903207779,0.00249094516038895,0.7107378244400024,0.7107115983963013,2.6360824704170228e-05,3.7089379230576605e-05,-0.0010955167617648842,0.0012209666687995192,0.9565217391304348,0.9999991534991765
34,topic_comment_structure,D,positive_nonspecific,val,0.5,False,matched_control,1302,7247,changed,basis,0.0049818903207779,0.00249094516038895,0.7107378244400024,0.7093179225921631,0.0014199438691139222,0.0019978448033671353,0.0002357970289885998,0.002638841098174449,0.01899050474762619,0.9999991459037821
34,topic_comment_structure,D,positive_nonspecific,val,1.0,True,target,1302,1302,changed,basis,0.0049818903207779,0.0049818903207779,0.7107378244400024,0.7109284996986389,-0.0001906001567840576,-0.0002681722433081895,-0.0012465922571718692,0.0008682399839162821,0.7576211894052973,0.9999991479217014
34,topic_comment_structure,D,positive_nonspecific,val,1.0,True,matched_control,1302,1887,changed,basis,0.0049818903207779,0.0049818903207779,0.7107378244400024,0.7100781798362732,0.0006596730649471283,0.0009281524667227208,-0.0005755581948906183,0.0018188061155378816,0.3118440779610195,0.9999991141772813
34,topic_comment_structure,D,positive_nonspecific,val,1.0,True,matched_control,1302,8041,changed,basis,0.0049818903207779,0.0049818903207779,0.7107378244400024,0.7096328139305115,0.0011051299050450325,0.0015549051521435145,-0.0002705053258687257,0.002464495938271284,0.11794102948525736,0.9999991316456538
34,topic_comment_structure,D,positive_nonspecific,val,1.0,True,matched_control,1302,7247,changed,basis,0.0049818903207779,0.0049818903207779,0.7107378244400024,0.7090789675712585,0.0016589731350541116,0.00233415625003669,0.0005825558211654424,0.0027809821357950557,0.00399800099950025,0.9999991046836239
34,topic_comment_structure,D,positive_nonspecific,val,2.0,False,target,1302,1302,changed,basis,0.0049818903207779,0.0099637806415558,0.7107378244400024,0.7104479074478149,0.0002899627387523651,0.00040797426108682156,-0.0008573867585510015,0.0013657465688884248,0.6146926536731634,0.9999990808367448
34,topic_comment_structure,D,positive_nonspecific,val,2.0,False,matched_control,1302,1887,changed,basis,0.0049818903207779,0.0099637806415558,0.7107378244400024,0.709882915019989,0.0008550363034009933,0.0012030263115301134,-0.00040468263626098635,0.0020360578075051304,0.1839080459770115,0.9999990521029791
34,topic_comment_structure,D,positive_nonspecific,val,2.0,False,matched_control,1302,8041,changed,basis,0.0049818903207779,0.0099637806415558,0.7107378244400024,0.7117401957511902,-0.0010022488236427307,-0.0014101526458542048,-0.0019911420326679946,-1.7557861283421554e-05,0.04597701149425287,0.9999990883072555
34,topic_comment_structure,D,positive_nonspecific,val,2.0,False,matched_control,1302,7247,changed,basis,0.0049818903207779,0.0099637806415558,0.7107378244400024,0.7082740664482117,0.0024638189747929573,0.0034665651525359934,0.00118563081137836,0.003626923721283674,0.0009995002498750624,0.999999045243451
34,topic_comment_structure,D,positive_nonspecific,test,0.5,False,target,1302,1302,changed,basis,0.0049818903207779,0.00249094516038895,0.6247079968452454,0.6229255795478821,0.0017824125289916991,0.002853193072592032,0.00096620861440897,0.0025890693217515944,0.0009995002498750624,0.9999993997157363
34,topic_comment_structure,D,positive_nonspecific,test,0.5,False,matched_control,1302,1887,changed,basis,0.0049818903207779,0.00249094516038895,0.6247079968452454,0.6235240697860718,0.0011839348077774048,0.0018951811306342104,0.00036465934291481973,0.002060699358582496,0.001999000499750125,0.9999994252675397
34,topic_comment_structure,D,positive_nonspecific,test,0.5,False,matched_control,1302,8041,changed,basis,0.0049818903207779,0.00249094516038895,0.6247079968452454,0.6246283650398254,7.961735129356384e-05,0.00012744730609441342,-0.0007610164433717728,0.0009256712868809698,0.8275862068965517,0.9999994097447602
34,topic_comment_structure,D,positive_nonspecific,test,0.5,False,matched_control,1302,7247,changed,basis,0.0049818903207779,0.00249094516038895,0.6247079968452454,0.6227778196334839,0.0019301608204841613,0.003089700836601115,0.000826039407402277,0.0030031173452734934,0.0029985007496251873,0.9999993860250794
34,topic_comment_structure,D,positive_nonspecific,test,1.0,True,target,1302,1302,changed,basis,0.0049818903207779,0.0049818903207779,0.6247079968452454,0.6244064569473267,0.00030150890350341794,0.0004826397373269238,-0.0005676876492798329,0.001169769387692213,0.48575712143928035,0.9999993754507069
34,topic_comment_structure,D,positive_nonspecific,test,1.0,True,matched_control,1302,1887,changed,basis,0.0049818903207779,0.0049818903207779,0.6247079968452454,0.6239467263221741,0.0007612422108650207,0.00121855685329669,-9.956883266568184e-05,0.001652053479105232,0.09295352323838081,0.999999397634144
34,topic_comment_structure,D,positive_nonspecific,test,1.0,True,matched_control,1302,8041,changed,basis,0.0049818903207779,0.0049818903207779,0.6247079968452454,0.6233079433441162,0.001400054544210434,0.0022411343400127147,0.00046182047575712206,0.0024008590392768365,0.001999000499750125,0.9999993745400749
34,topic_comment_structure,D,positive_nonspecific,test,1.0,True,matched_control,1302,7247,changed,basis,0.0049818903207779,0.0049818903207779,0.6247079968452454,0.622607946395874,0.0021000571548938753,0.0033616620333005087,0.0010219106562435625,0.003171144820749758,0.0009995002498750624,0.9999993943657762
34,topic_comment_structure,D,positive_nonspecific,test,2.0,False,target,1302,1302,changed,basis,0.0049818903207779,0.0099637806415558,0.6247079968452454,0.623309314250946,0.0013987332582473754,0.0022390192943117933,0.00035095534101128585,0.0024505084790289395,0.004997501249375313,0.9999993567951816
34,topic_comment_structure,D,positive_nonspecific,test,2.0,False,matched_control,1302,1887,changed,basis,0.0049818903207779,0.0099637806415558,0.6247079968452454,0.6234894394874573,0.0012185367941856384,0.0019505701869340696,0.0003578127510845661,0.002040166083723306,0.008995502248875561,0.9999993071857929
34,topic_comment_structure,D,positive_nonspecific,test,2.0,False,matched_control,1302,8041,changed,basis,0.0049818903207779,0.0099637806415558,0.6247079968452454,0.6250401735305786,-0.0003321993350982666,-0.000531767380561578,-0.0013101116195321082,0.0006852390915155399,0.5197401299350325,0.999999351016205
34,topic_comment_structure,D,positive_nonspecific,test,2.0,False,matched_control,1302,7247,changed,basis,0.0049818903207779,0.0099637806415558,0.6247079968452454,0.6231208443641663,0.0015871602296829224,0.0025406433688987956,0.0006505115777254105,0.0026013863757252693,0.0009995002498750624,0.9999993389321343
35,focus_and_given_new_marking,B,null_or_reverse,val,0.5,False,target,7136,7136,changed,basis,0.0097061826381833,0.00485309131909165,0.32183727622032166,0.32158005237579346,0.0002572234906256199,0.0007992346121197322,-0.0007069038399495184,0.0013192253536544734,0.5997001499250375,0.9999990848443713
35,focus_and_given_new_marking,B,null_or_reverse,val,0.5,False,matched_control,7136,1385,changed,basis,0.0097061826381833,0.00485309131909165,0.32183727622032166,0.32156646251678467,0.0002707836404442787,0.0008413681709725479,-0.0007272356036119162,0.001237082644831389,0.5567216391804098,0.9999990134121933
35,focus_and_given_new_marking,B,null_or_reverse,val,0.5,False,matched_control,7136,1887,changed,basis,0.0097061826381833,0.00485309131909165,0.32183727622032166,0.32187432050704956,-3.703361377120018e-05,-0.00011506937358569959,-0.001288865391165018,0.0012355819111689909,0.9515242378810594,0.9999990461572306
35,focus_and_given_new_marking,B,null_or_reverse,val,0.5,False,matched_control,7136,932,changed,basis,0.0097061826381833,0.00485309131909165,0.32183727622032166,0.32138630747795105,0.0004509720019996166,0.0014012422901904396,-0.0006761630969122053,0.0016099011646583674,0.41179410294852575,0.999999062218304
35,focus_and_given_new_marking,B,null_or_reverse,val,1.0,True,target,7136,7136,changed,basis,0.0097061826381833,0.0097061826381833,0.32183727622032166,0.32300224900245667,-0.001164946611970663,-0.003619675836347714,-0.0023474883418530225,-1.8048160243780444e-05,0.04697651174412794,0.9999990215115905
35,focus_and_given_new_marking,B,null_or_reverse,val,1.0,True,matched_control,7136,1385,changed,basis,0.0097061826381833,0.0097061826381833,0.32183727622032166,0.320755273103714,0.0010819841548800467,0.003361898185278413,-0.00025583371985703706,0.0024244663370773193,0.10594702648675662,0.9999989902324947
35,focus_and_given_new_marking,B,null_or_reverse,val,1.0,True,matched_control,7136,1887,changed,basis,0.0097061826381833,0.0097061826381833,0.32183727622032166,0.3223314583301544,-0.0004942141473293305,-0.0015356025664068943,-0.0015220759543590247,0.0005303901797160504,0.3748125937031484,0.9999990031492249
35,focus_and_given_new_marking,B,null_or_reverse,val,1.0,True,matched_control,7136,932,changed,basis,0.0097061826381833,0.0097061826381833,0.32183727622032166,0.3204009532928467,0.00143630750477314,0.004462837622916868,0.00029221117449924346,0.002577824644278735,0.012993503248375811,0.9999989831748664
35,focus_and_given_new_marking,B,null_or_reverse,val,2.0,False,target,7136,7136,changed,basis,0.0097061826381833,0.0194123652763666,0.32183727622032166,0.32278183102607727,-0.0009445811435580254,-0.00293496500669919,-0.0018845804119482638,2.9274906497448155e-05,0.06096951524237881,0.9999987861344279
35,focus_and_given_new_marking,B,null_or_reverse,val,2.0,False,matched_control,7136,1385,changed,basis,0.0097061826381833,0.0194123652763666,0.32183727622032166,0.31740185618400574,0.004435414280742407,0.013781543060618108,0.003482033353764564,0.005452738015446812,0.0009995002498750624,0.9999986246410886
35,focus_and_given_new_marking,B,null_or_reverse,val,2.0,False,matched_control,7136,1887,changed,basis,0.0097061826381833,0.0194123652763666,0.32183727622032166,0.32157623767852783,0.00026106096804142,0.0008111582695060601,-0.0008578689945861697,0.001308485709130764,0.6426786606696652,0.9999987442687118
35,focus_and_given_new_marking,B,null_or_reverse,val,2.0,False,matched_control,7136,932,changed,basis,0.0097061826381833,0.0194123652763666,0.32183727622032166,0.3197190761566162,0.002118202429264784,0.00658159444468675,0.0007705809408798814,0.003463597841095178,0.004997501249375313,0.9999988446928707
35,focus_and_given_new_marking,B,null_or_reverse,test,0.5,False,target,7136,7136,changed,basis,0.0097061826381833,0.00485309131909165,0.832622230052948,0.8323814272880554,0.00024070817977190018,0.00028909650869709917,-0.0009837496187537907,0.001531818302348256,0.7326336831584208,0.9999990692506232
35,focus_and_given_new_marking,B,null_or_reverse,test,0.5,False,matched_control,7136,1385,changed,basis,0.0097061826381833,0.00485309131909165,0.832622230052948,0.833289384841919,-0.000667196586728096,-0.0008013196893453923,-0.0015610045418143273,0.00019610691256821,0.12893553223388307,0.9999990661388057
35,focus_and_given_new_marking,B,null_or_reverse,test,0.5,False,matched_control,7136,1887,changed,basis,0.0097061826381833,0.00485309131909165,0.832622230052948,0.8324200510978699,0.0002021291106939316,0.00024276208753287528,-0.0011078490857034922,0.0015569530185312033,0.7576211894052973,0.9999990851380919
35,focus_and_given_new_marking,B,null_or_reverse,test,0.5,False,matched_control,7136,932,changed,basis,0.0097061826381833,0.00485309131909165,0.832622230052948,0.8322020173072815,0.0004202685132622719,0.0005047529336750308,-0.0006497587990015746,0.0016165481638163322,0.48375812093953025,0.9999990667291925
35,focus_and_given_new_marking,B,null_or_reverse,test,1.0,True,target,7136,7136,changed,basis,0.0097061826381833,0.0097061826381833,0.832622230052948,0.8341913819313049,-0.0015691298618912698,-0.0018845639778215938,-0.002893944861367345,-0.00030313545931130747,0.01699150424787606,0.9999990534952583
35,focus_and_given_new_marking,B,null_or_reverse,test,1.0,True,matched_control,7136,1385,changed,basis,0.0097061826381833,0.0097061826381833,0.832622230052948,0.8316421508789062,0.000980110764503479,0.0011771373969214729,-0.00017475671879947185,0.002303865050897001,0.09295352323838081,0.999999001370317
35,focus_and_given_new_marking,B,null_or_reverse,test,1.0,True,matched_control,7136,1887,changed,basis,0.0097061826381833,0.0097061826381833,0.832622230052948,0.8325706720352173,5.1591284573078157e-05,6.196241550000097e-05,-0.0010514920577406883,0.0011707168873399496,0.9185407296351824,0.9999990569426092
35,focus_and_given_new_marking,B,null_or_reverse,test,1.0,True,matched_control,7136,932,changed,basis,0.0097061826381833,0.0097061826381833,0.832622230052948,0.8317819237709045,0.0008403017371892929,0.0010092232790083644,-0.0002982253599911928,0.0019744206871837363,0.15992003998001,0.9999990310978
35,focus_and_given_new_marking,B,null_or_reverse,test,2.0,False,target,7136,7136,changed,basis,0.0097061826381833,0.0194123652763666,0.832622230052948,0.8335794806480408,-0.0009572584182024002,-0.0011496911608299557,-0.0020942633375525474,0.0003102044966071834,0.12693653173413294,0.9999988003198795
35,focus_and_given_new_marking,B,null_or_reverse,test,2.0,False,matched_control,7136,1385,changed,basis,0.0097061826381833,0.0194123652763666,0.832622230052948,0.8284627795219421,0.004159430302679539,0.004995579210532288,0.0029844265757128594,0.005480267337523401,0.0009995002498750624,0.9999986457607812
35,focus_and_given_new_marking,B,null_or_reverse,test,2.0,False,matched_control,7136,1887,changed,basis,0.0097061826381833,0.0194123652763666,0.832622230052948,0.8318924903869629,0.0007297892123460769,0.0008764949889695693,-0.0003062387686222792,0.0017786848377436396,0.19790104947526238,0.9999987973088018
35,focus_and_given_new_marking,B,null_or_reverse,test,2.0,False,matched_control,7136,932,changed,basis,0.0097061826381833,0.0194123652763666,0.832622230052948,0.8307508826255798,0.0018712467700242996,0.0022474138961018414,0.0007472463436424732,0.0030403455737978216,0.0009995002498750624,0.9999988466431411
36,genericity_and_kind_level_reference,D,specific_positive,val,0.5,False,target,1858,1858,changed,basis,0.0060619679279626,0.0030309839639813,0.6072861552238464,0.6073262691497803,-4.0068179368972776e-05,-6.59790759665904e-05,-0.001255172833800316,0.0010909346938133239,0.9435282358820589,0.9999988271187482
36,genericity_and_kind_level_reference,D,specific_positive,val,0.5,False,matched_control,1858,6944,changed,basis,0.0060619679279626,0.0030309839639813,0.6072861552238464,0.6062521934509277,0.001033925712108612,0.0017025346341503632,-0.00047658441960811616,0.002521138198673724,0.191904047976012,0.9999987674883541
36,genericity_and_kind_level_reference,D,specific_positive,val,0.5,False,matched_control,1858,4426,changed,basis,0.0060619679279626,0.0030309839639813,0.6072861552238464,0.60622638463974,0.0010598048567771912,0.0017451490498520354,-0.0005378820449113846,0.0027659552097320543,0.175912043978011,0.9999987181073513
36,genericity_and_kind_level_reference,D,specific_positive,val,0.5,False,matched_control,1858,14441,changed,basis,0.0060619679279626,0.0030309839639813,0.6072861552238464,0.609010636806488,-0.00172449991106987,-0.002839682571775767,-0.003252282653003931,-6.912997364997982e-05,0.04397801099450275,0.9999987985749691
36,genericity_and_kind_level_reference,D,specific_positive,val,1.0,True,target,1858,1858,changed,basis,0.0060619679279626,0.0060619679279626,0.6072861552238464,0.6062034368515015,0.0010827673971652984,0.0017829607802703636,-0.0005721763633191586,0.0026813492588698847,0.18790604697651175,0.9999987713363713
36,genericity_and_kind_level_reference,D,specific_positive,val,1.0,True,matched_control,1858,6944,changed,basis,0.0060619679279626,0.0060619679279626,0.6072861552238464,0.6078835129737854,-0.0005973505973815917,-0.000983639413220951,-0.0021485717073082924,0.0009389473050832723,0.4397801099450275,0.9999987296367935
36,genericity_and_kind_level_reference,D,specific_positive,val,1.0,True,matched_control,1858,4426,changed,basis,0.0060619679279626,0.0060619679279626,0.6072861552238464,0.6083524823188782,-0.0010663530230522157,-0.001755931719963477,-0.003003806971013546,0.0008030355870723708,0.25287356321839083,0.9999986751544399
36,genericity_and_kind_level_reference,D,specific_positive,val,1.0,True,matched_control,1858,14441,changed,basis,0.0060619679279626,0.0060619679279626,0.6072861552238464,0.607288122177124,-1.964867115020752e-06,-3.235488077768708e-06,-0.0014621731154620646,0.0016267584897577748,0.9805097451274363,0.9999987660356006
36,genericity_and_kind_level_reference,D,specific_positive,val,2.0,False,target,1858,1858,changed,basis,0.0060619679279626,0.0121239358559252,0.6072861552238464,0.6083787679672241,-0.0010925543308258057,-0.0017990766320419222,-0.0022895239666104314,0.0001095234639942638,0.06696651674162919,0.9999986768672408
36,genericity_and_kind_level_reference,D,specific_positive,val,2.0,False,matched_control,1858,6944,changed,basis,0.0060619679279626,0.0121239358559252,0.6072861552238464,0.606959879398346,0.0003263390064239502,0.0005373727090874667,-0.0011813400909304619,0.0017904043272137641,0.672663668165917,0.9999986666593607
36,genericity_and_kind_level_reference,D,specific_positive,val,2.0,False,matched_control,1858,4426,changed,basis,0.0060619679279626,0.0121239358559252,0.6072861552238464,0.607338011264801,-5.1818788051605225e-05,-8.532845283209981e-05,-0.0016859733834862708,0.0015471806079149241,0.9695152423788106,0.9999986926123303
36,genericity_and_kind_level_reference,D,specific_positive,val,2.0,False,matched_control,1858,14441,changed,basis,0.0060619679279626,0.0121239358559252,0.6072861552238464,0.6087161898612976,-0.0014300306141376495,-0.0023547887628206153,-0.0032208689115941526,0.00022732001543044944,0.09995002498750624,0.9999986365245284
36,genericity_and_kind_level_reference,D,specific_positive,test,0.5,False,target,1858,1858,changed,basis,0.0060619679279626,0.0030309839639813,0.6099789142608643,0.610319197177887,-0.00034023255109786986,-0.0005577775610656037,-0.0017487170845270157,0.0011312915533781046,0.6526736631684158,0.9999989002253605
36,genericity_and_kind_level_reference,D,specific_positive,test,0.5,False,matched_control,1858,6944,changed,basis,0.0060619679279626,0.0030309839639813,0.6099789142608643,0.6101723313331604,-0.00019336298108100892,-0.0003169994512274486,-0.0014329292885959148,0.001091092009097337,0.7716141929035483,0.9999989417898754
36,genericity_and_kind_level_reference,D,specific_positive,test,0.5,False,matched_control,1858,4426,changed,basis,0.0060619679279626,0.0030309839639813,0.6099789142608643,0.6103864908218384,-0.00040759161114692686,-0.0006682060668290835,-0.0016821069642901421,0.000937925353646278,0.5497251374312844,0.9999989462092533
36,genericity_and_kind_level_reference,D,specific_positive,test,0.5,False,matched_control,1858,14441,changed,basis,0.0060619679279626,0.0030309839639813,0.6099789142608643,0.6104175448417664,-0.0004385213553905487,-0.0007189123183412372,-0.0017904636785387993,0.0010959791876375671,0.5617191404297851,0.999998927632356
36,genericity_and_kind_level_reference,D,specific_positive,test,1.0,True,target,1858,1858,changed,basis,0.0060619679279626,0.0060619679279626,0.6099789142608643,0.6105258464813232,-0.0005468526482582093,-0.0008965107407374113,-0.001997632887214422,0.0007953072488307929,0.44677661169415295,0.9999988703772938
36,genericity_and_kind_level_reference,D,specific_positive,test,1.0,True,matched_control,1858,6944,changed,basis,0.0060619679279626,0.0060619679279626,0.6099789142608643,0.6100187301635742,-3.975465893745422e-05,-6.51738248782362e-05,-0.0015512475967407228,0.001481832418590782,0.9655172413793104,0.9999988880576294
36,genericity_and_kind_level_reference,D,specific_positive,test,1.0,True,matched_control,1858,4426,changed,basis,0.0060619679279626,0.0060619679279626,0.6099789142608643,0.608778178691864,0.0012007839977741241,0.001968566404019329,-0.0003382856771349907,0.002717415589839219,0.1199400299850075,0.9999989179441839
36,genericity_and_kind_level_reference,D,specific_positive,test,1.0,True,matched_control,1858,14441,changed,basis,0.0060619679279626,0.0060619679279626,0.6099789142608643,0.609555721282959,0.0004232443869113922,0.000693867241991888,-0.0014245625510811806,0.0021510953903198238,0.6066966516741629,0.9999989050855994
36,genericity_and_kind_level_reference,D,specific_positive,test,2.0,False,target,1858,1858,changed,basis,0.0060619679279626,0.0121239358559252,0.6099789142608643,0.6095823645591736,0.000396602600812912,0.0006501906730554632,-0.0010791442804038525,0.0019344191737472975,0.5767116441779111,0.999998839126118
36,genericity_and_kind_level_reference,D,specific_positive,test,2.0,False,matched_control,1858,6944,changed,basis,0.0060619679279626,0.0121239358559252,0.6099789142608643,0.6104149222373962,-0.00043598026037216186,-0.0007147464448020413,-0.0021053665466606616,0.0012309138625860208,0.6286856571714143,0.9999988426839928
36,genericity_and_kind_level_reference,D,specific_positive,test,2.0,False,matched_control,1858,4426,changed,basis,0.0060619679279626,0.0121239358559252,0.6099789142608643,0.606911301612854,0.003067624866962433,0.005029067063210859,0.0014788951463997363,0.004673096112906933,0.0009995002498750624,0.9999988307763661
36,genericity_and_kind_level_reference,D,specific_positive,test,2.0,False,matched_control,1858,14441,changed,basis,0.0060619679279626,0.0121239358559252,0.6099789142608643,0.6095625162124634,0.0004164719581604004,0.0006827645159915996,-0.0007641293480992316,0.0016340523064136492,0.46776611694152925,0.999998811503879
37,social_deixis_honorifics_status_encoding,A,specific_positive,val,0.5,False,target,2081,2081,changed,basis,0.0285831007640809,0.01429155038204045,0.662452757358551,0.6593384742736816,0.0031142063438892365,0.004701024049332592,0.0017669712901115418,0.004533169243484735,0.0009995002498750624,0.9999987089113604
37,social_deixis_honorifics_status_encoding,A,specific_positive,val,0.5,False,matched_control,2081,8551,changed,basis,0.0285831007640809,0.01429155038204045,0.662452757358551,0.6637850999832153,-0.0013323578983545302,-0.002011249683173097,-0.002684962606057525,-8.646830171346724e-05,0.035982008995502246,0.9999987739126226
37,social_deixis_honorifics_status_encoding,A,specific_positive,val,0.5,False,matched_control,2081,1302,changed,basis,0.0285831007640809,0.01429155038204045,0.662452757358551,0.6613750457763672,0.0010776717960834503,0.0016267904150335704,-3.57689745724201e-05,0.002250525314360857,0.06596701649175413,0.9999987512757588
37,social_deixis_honorifics_status_encoding,A,specific_positive,val,0.5,False,matched_control,2081,5205,changed,basis,0.0285831007640809,0.01429155038204045,0.662452757358551,0.6632611155509949,-0.0008083684742450714,-0.0012202658457764466,-0.0020774524062871936,0.00046983725950121665,0.21989005497251374,0.9999987517064032
37,social_deixis_honorifics_status_encoding,A,specific_positive,val,1.0,True,target,2081,2081,changed,basis,0.0285831007640809,0.0285831007640809,0.662452757358551,0.6557995080947876,0.006653257831931114,0.010043369520356685,0.005412121167406439,0.007906941505149007,0.0009995002498750624,0.9999982208321414
37,social_deixis_honorifics_status_encoding,A,specific_positive,val,1.0,True,matched_control,2081,8551,changed,basis,0.0285831007640809,0.0285831007640809,0.662452757358551,0.6631370782852173,-0.000684325098991394,-0.0010330172097404444,-0.002527109630405903,0.0010866607353091238,0.4567716141929036,0.9999983114040545
37,social_deixis_honorifics_status_encoding,A,specific_positive,val,1.0,True,matched_control,2081,1302,changed,basis,0.0285831007640809,0.0285831007640809,0.662452757358551,0.6607374548912048,0.0017152512818574906,0.002589243176670959,0.00012525899335741995,0.0031520554367452857,0.026986506746626688,0.999998246156605
37,social_deixis_honorifics_status_encoding,A,specific_positive,val,1.0,True,matched_control,2081,5205,changed,basis,0.0285831007640809,0.0285831007640809,0.662452757358551,0.6632933616638184,-0.0008406525105237961,-0.0012689999417857278,-0.002356909900903702,0.0007744146976619955,0.30184907546226886,0.999998330321453
37,social_deixis_honorifics_status_encoding,A,specific_positive,val,2.0,False,target,2081,2081,changed,basis,0.0285831007640809,0.0571662015281618,0.662452757358551,0.6481420397758484,0.014310760349035263,0.02160268817673529,0.012730051659047604,0.015877441465854646,0.0009995002498750624,0.9999963739947765
37,social_deixis_honorifics_status_encoding,A,specific_positive,val,2.0,False,matched_control,2081,8551,changed,basis,0.0285831007640809,0.0571662015281618,0.662452757358551,0.6672044992446899,-0.0047518030554056165,-0.007173044421088754,-0.007453403202816844,-0.0023459684792906063,0.0009995002498750624,0.9999968087397396
37,social_deixis_honorifics_status_encoding,A,specific_positive,val,2.0,False,matched_control,2081,1302,changed,basis,0.0285831007640809,0.0571662015281618,0.662452757358551,0.657474160194397,0.0049785757064819336,0.007515367173250803,0.003465847507119179,0.006576208144426346,0.0009995002498750624,0.9999963644735543
37,social_deixis_honorifics_status_encoding,A,specific_positive,val,2.0,False,matched_control,2081,5205,changed,basis,0.0285831007640809,0.0571662015281618,0.662452757358551,0.6643092632293701,-0.001856454312801361,-0.0028023950269355728,-0.003573588542640209,-0.00010398702323436837,0.030984507746126936,0.9999969237875729
37,social_deixis_honorifics_status_encoding,A,specific_positive,test,0.5,False,target,2081,2081,changed,basis,0.0285831007640809,0.01429155038204045,0.8211658000946045,0.8163689374923706,0.004796976931393146,0.005841666726549618,0.003561509283259511,0.006101407255046068,0.0009995002498750624,0.9999987494605436
37,social_deixis_honorifics_status_encoding,A,specific_positive,test,0.5,False,matched_control,2081,8551,changed,basis,0.0285831007640809,0.01429155038204045,0.8211658000946045,0.8219406604766846,-0.0007747738435864448,-0.0009435047629810996,-0.0024790938012301924,0.0009662833344191309,0.36281859070464767,0.9999987888046208
37,social_deixis_honorifics_status_encoding,A,specific_positive,test,0.5,False,matched_control,2081,1302,changed,basis,0.0285831007640809,0.01429155038204045,0.8211658000946045,0.816802978515625,0.004362914003431797,0.005313073197798979,0.0032880427427589894,0.005469756002537905,0.0009995002498750624,0.9999987541319808
37,social_deixis_honorifics_status_encoding,A,specific_positive,test,0.5,False,matched_control,2081,5205,changed,basis,0.0285831007640809,0.01429155038204045,0.8211658000946045,0.8222492933273315,-0.001083397027105093,-0.0013193401709865138,-0.002239600735716522,0.00014968678588047601,0.07896051974012994,0.999998800588338
37,social_deixis_honorifics_status_encoding,A,specific_positive,test,1.0,True,target,2081,2081,changed,basis,0.0285831007640809,0.0285831007640809,0.8211658000946045,0.8153740167617798,0.005791796632111073,0.007053139124210743,0.00426332191331312,0.007317511415109038,0.0009995002498750624,0.9999983055986778
37,social_deixis_honorifics_status_encoding,A,specific_positive,test,1.0,True,matched_control,2081,8551,changed,basis,0.0285831007640809,0.0285831007640809,0.8211658000946045,0.8223892450332642,-0.0012232748605310916,-0.0014896807202518189,-0.002695838989224285,0.00015850484278053043,0.08095952023988005,0.9999983950318839
37,social_deixis_honorifics_status_encoding,A,specific_positive,test,1.0,True,matched_control,2081,1302,changed,basis,0.0285831007640809,0.0285831007640809,0.8211658000946045,0.8202931880950928,0.0008726141043007374,0.0010626527605024536,-0.0014989248625934123,0.0032686004377901544,0.5087456271864068,0.9999982052184043
37,social_deixis_honorifics_status_encoding,A,specific_positive,test,1.0,True,matched_control,2081,5205,changed,basis,0.0285831007640809,0.0285831007640809,0.8211658000946045,0.8208190202713013,0.0003468606248497963,0.00042240023246198924,-0.0006532554402947426,0.0013582501532509905,0.5307346326836582,0.9999983572128569
37,social_deixis_honorifics_status_encoding,A,specific_positive,test,2.0,False,target,2081,2081,changed,basis,0.0285831007640809,0.0571662015281618,0.8211658000946045,0.8056871294975281,0.015478758551180362,0.01884973600872941,0.014132742431014776,0.016808085738681252,0.0009995002498750624,0.9999963644261407
37,social_deixis_honorifics_status_encoding,A,specific_positive,test,2.0,False,matched_control,2081,8551,changed,basis,0.0285831007640809,0.0571662015281618,0.8211658000946045,0.8240492939949036,-0.002883366979658604,-0.003511309140403093,-0.004103720073588193,-0.0015803001560270786,0.0009995002498750624,0.9999970396306377
37,social_deixis_honorifics_status_encoding,A,specific_positive,test,2.0,False,matched_control,2081,1302,changed,basis,0.0285831007640809,0.0571662015281618,0.8211658000946045,0.8143529295921326,0.006812905818223953,0.00829662635418944,0.003807466208003461,0.009958044993691146,0.0009995002498750624,0.9999964241833641
37,social_deixis_honorifics_status_encoding,A,specific_positive,test,2.0,False,matched_control,2081,5205,changed,basis,0.0285831007640809,0.0571662015281618,0.8211658000946045,0.8228878974914551,-0.0017220341414213181,-0.002097060229764716,-0.0028291046847589312,-0.0006058184052817532,0.0009995002498750624,0.9999969171203799
38,speech_act_force_and_request_directness,C,specific_positive,val,0.5,False,target,14406,14406,changed,basis,0.008002341724932199,0.0040011708624660995,0.4819525480270386,0.48206937313079834,-0.00011681236326694489,-0.00024237316255539635,-0.0011024466454982757,0.0008803140576928852,0.7926036981509246,0.9999988370157069
38,speech_act_force_and_request_directness,C,specific_positive,val,0.5,False,matched_control,14406,11810,changed,basis,0.008002341724932199,0.0040011708624660995,0.4819525480270386,0.48225200176239014,-0.00029941968619823456,-0.000621263830690312,-0.0012567097954452038,0.0006280557289719572,0.5467266366816592,0.9999988417377794
38,speech_act_force_and_request_directness,C,specific_positive,val,0.5,False,matched_control,14406,758,changed,basis,0.008002341724932199,0.0040011708624660995,0.4819525480270386,0.4818921685218811,6.0371458530426026e-05,0.00012526432068378453,-0.0008609354496002196,0.0009629129320383064,0.9085457271364318,0.9999988477934822
38,speech_act_force_and_request_directness,C,specific_positive,val,0.5,False,matched_control,14406,4426,changed,basis,0.008002341724932199,0.0040011708624660995,0.4819525480270386,0.4818875193595886,6.503313779830933e-05,0.00013493680667222207,-0.0009777191579341889,0.0011064839512109736,0.9005497251374313,0.9999988259329878
38,speech_act_force_and_request_directness,C,specific_positive,val,1.0,True,target,14406,14406,changed,basis,0.008002341724932199,0.008002341724932199,0.4819525480270386,0.48156464099884033,0.00038794249296188356,0.0008049391886192894,-0.0006094721704721451,0.0013477108217775802,0.4337831084457771,0.9999988042339502
38,speech_act_force_and_request_directness,C,specific_positive,val,1.0,True,matched_control,14406,11810,changed,basis,0.008002341724932199,0.008002341724932199,0.4819525480270386,0.4826395809650421,-0.0006870600581169128,-0.0014255761504519888,-0.0016958602033555507,0.0003513043485581875,0.19090454772613694,0.9999988127040162
38,speech_act_force_and_request_directness,C,specific_positive,val,1.0,True,matched_control,14406,758,changed,basis,0.008002341724932199,0.008002341724932199,0.4819525480270386,0.4819011390209198,5.1407590508461e-05,0.00010666525308125754,-0.0009005015641450881,0.0010340585578233004,0.8775612193903048,0.9999988275637279
38,speech_act_force_and_request_directness,C,specific_positive,val,1.0,True,matched_control,14406,4426,changed,basis,0.008002341724932199,0.008002341724932199,0.4819525480270386,0.4825221598148346,-0.0005695731937885285,-0.0011818034703212613,-0.0015157934315502644,0.00033182279765605905,0.21889055472263869,0.999998822509383
38,speech_act_force_and_request_directness,C,specific_positive,val,2.0,False,target,14406,14406,changed,basis,0.008002341724932199,0.016004683449864398,0.4819525480270386,0.4821646809577942,-0.00021210350096225738,-0.0004400920834022812,-0.0011439387705177069,0.0007341815643012517,0.6426786606696652,0.9999986660715143
38,speech_act_force_and_request_directness,C,specific_positive,val,2.0,False,matched_control,14406,11810,changed,basis,0.008002341724932199,0.016004683449864398,0.4819525480270386,0.4828203618526459,-0.0008677975088357925,-0.001800587033699233,-0.0019751525819301607,0.00020642317645251583,0.11094452773613193,0.9999986078284293
38,speech_act_force_and_request_directness,C,specific_positive,val,2.0,False,matched_control,14406,758,changed,basis,0.008002341724932199,0.016004683449864398,0.4819525480270386,0.4828638732433319,-0.0009113313257694245,-0.0018909150485875155,-0.0018959557339549063,8.59448499977588e-05,0.07196401799100449,0.9999987369890464
38,speech_act_force_and_request_directness,C,specific_positive,val,2.0,False,matched_control,14406,4426,changed,basis,0.008002341724932199,0.016004683449864398,0.4819525480270386,0.47974520921707153,0.002207341343164444,0.004579997247033141,0.001100595995783806,0.003351486790925264,0.0009995002498750624,0.99999869177946
38,speech_act_force_and_request_directness,C,specific_positive,test,0.5,False,target,14406,14406,changed,basis,0.008002341724932199,0.0040011708624660995,0.32096996903419495,0.3208068907260895,0.0001630900800228119,0.0005081163216407853,-0.0006472480259835721,0.0009108529537916184,0.6456771614192903,0.9999989104169069
38,speech_act_force_and_request_directness,C,specific_positive,test,0.5,False,matched_control,14406,11810,changed,basis,0.008002341724932199,0.0040011708624660995,0.32096996903419495,0.32189562916755676,-0.0009256570786237716,-0.002883936716600286,-0.0018029817435890436,-3.625865653157281e-05,0.038980509745127435,0.9999988516638106
38,speech_act_force_and_request_directness,C,specific_positive,test,0.5,False,matched_control,14406,758,changed,basis,0.008002341724932199,0.0040011708624660995,0.32096996903419495,0.3219003975391388,-0.0009304273128509521,-0.002898798649763486,-0.001639514112845063,-0.00022664930485188968,0.0069965017491254375,0.999998871881679
38,speech_act_force_and_request_directness,C,specific_positive,test,0.5,False,matched_control,14406,4426,changed,basis,0.008002341724932199,0.0040011708624660995,0.32096996903419495,0.32141101360321045,-0.0004409974813461304,-0.0013739524687406133,-0.001310109805315733,0.0005419079214334487,0.3448275862068966,0.9999988419523868
38,speech_act_force_and_request_directness,C,specific_positive,test,1.0,True,target,14406,14406,changed,basis,0.008002341724932199,0.008002341724932199,0.32096996903419495,0.32135361433029175,-0.00038361363112926483,-0.0011951698543124327,-0.0011694946885108949,0.00041597924008965396,0.32983508245877063,0.9999988708564032
38,speech_act_force_and_request_directness,C,specific_positive,test,1.0,True,matched_control,14406,11810,changed,basis,0.008002341724932199,0.008002341724932199,0.32096996903419495,0.32151007652282715,-0.0005400603264570236,-0.0016825883371023025,-0.0014727074783295394,0.0003997678942978362,0.25987006496751625,0.9999988232075008
38,speech_act_force_and_request_directness,C,specific_positive,test,1.0,True,matched_control,14406,758,changed,basis,0.008002341724932199,0.008002341724932199,0.32096996903419495,0.3219582736492157,-0.0009883137792348862,-0.0030791471931431533,-0.0019026306476444008,-7.250346243381561e-05,0.03398300849575212,0.9999988690257492
38,speech_act_force_and_request_directness,C,specific_positive,test,1.0,True,matched_control,14406,4426,changed,basis,0.008002341724932199,0.008002341724932199,0.32096996903419495,0.32154640555381775,-0.000576455220580101,-0.0017959786777394355,-0.0014075150825083255,0.00035277420468628374,0.223888055972014,0.9999988855956145
38,speech_act_force_and_request_directness,C,specific_positive,test,2.0,False,target,14406,14406,changed,basis,0.008002341724932199,0.016004683449864398,0.32096996903419495,0.32203930616378784,-0.0010693179070949555,-0.0033315201117180976,-0.0018721898011863232,-0.00028432878479361587,0.0069965017491254375,0.9999987181637667
38,speech_act_force_and_request_directness,C,specific_positive,test,2.0,False,matched_control,14406,11810,changed,basis,0.008002341724932199,0.016004683449864398,0.32096996903419495,0.3208984136581421,7.157906889915467e-05,0.00022300861701964676,-0.0009289127122610808,0.0011018031332641837,0.8785607196401799,0.9999986832252833
38,speech_act_force_and_request_directness,C,specific_positive,test,2.0,False,matched_control,14406,758,changed,basis,0.008002341724932199,0.016004683449864398,0.32096996903419495,0.3214389383792877,-0.0004689348489046097,-0.0014609929094477096,-0.0014456526953727008,0.0004765375424176454,0.3378310844577711,0.9999987235468903
38,speech_act_force_and_request_directness,C,specific_positive,test,2.0,False,matched_control,14406,4426,changed,basis,0.008002341724932199,0.016004683449864398,0.32096996903419495,0.3189569413661957,0.002013041079044342,0.006271742758681202,0.0011431228686124087,0.00284471447020769,0.0009995002498750624,0.9999987069286012
39,deixis_and_perspective_anchoring,A,positive_nonspecific,val,0.5,False,target,14441,14441,basis,changed,0.015619576719473099,0.007809788359736549,-0.05524048954248428,-0.05377892032265663,-0.0014615729451179504,-0.02645836337119869,-0.0035962451267987487,0.0004008108247071498,0.14992503748125938,0.9999986490738197
39,deixis_and_perspective_anchoring,A,positive_nonspecific,val,0.5,False,matched_control,14441,5205,basis,changed,0.015619576719473099,0.007809788359736549,-0.05524048954248428,-0.0545973926782608,-0.0006431017071008682,-0.011641853872534427,-0.002841764034703374,0.0013850909806787947,0.5467266366816592,0.9999985947816967
39,deixis_and_perspective_anchoring,A,positive_nonspecific,val,0.5,False,matched_control,14441,6216,basis,changed,0.015619576719473099,0.007809788359736549,-0.05524048954248428,-0.05246720463037491,-0.002773287892341614,-0.05020389781681311,-0.004952080426737666,-0.0007359330765902998,0.008995502248875561,0.9999987185037048
39,deixis_and_perspective_anchoring,A,positive_nonspecific,val,0.5,False,matched_control,14441,6618,basis,changed,0.015619576719473099,0.007809788359736549,-0.05524048954248428,-0.054158635437488556,-0.001081852614879608,-0.019584413965911332,-0.002679465526714921,0.0005460247937589868,0.17191404297851073,0.9999987408474017
39,deixis_and_perspective_anchoring,A,positive_nonspecific,val,1.0,True,target,14441,14441,basis,changed,0.015619576719473099,0.015619576719473099,-0.05524048954248428,-0.05552484840154648,0.0002843622118234634,0.005147713464862879,-0.0009074249230325223,0.001504727080464362,0.6186906546726637,0.9999985718906161
39,deixis_and_perspective_anchoring,A,positive_nonspecific,val,1.0,True,matched_control,14441,5205,basis,changed,0.015619576719473099,0.015619576719473099,-0.05524048954248428,-0.056029707193374634,0.0007892116904258728,0.014286833751154701,-0.0002316687572747469,0.0018509401362389317,0.14192903548225888,0.9999986481576572
39,deixis_and_perspective_anchoring,A,positive_nonspecific,val,1.0,True,matched_control,14441,6216,basis,changed,0.015619576719473099,0.015619576719473099,-0.05524048954248428,-0.050252433866262436,-0.004988054931163788,-0.09029708050156908,-0.00644104152917862,-0.0036177150625735523,0.0009995002498750624,0.9999984715022596
39,deixis_and_perspective_anchoring,A,positive_nonspecific,val,1.0,True,matched_control,14441,6618,basis,changed,0.015619576719473099,0.015619576719473099,-0.05524048954248428,-0.05316386744379997,-0.0020766288042068483,-0.03759251269143365,-0.003877891451120377,-0.00020378899574279886,0.029985007496251874,0.9999983681081782
39,deixis_and_perspective_anchoring,A,positive_nonspecific,val,2.0,False,target,14441,14441,basis,changed,0.015619576719473099,0.031239153438946198,-0.05524048954248428,-0.05749436467885971,0.0022538743913173677,0.04080112993176791,0.00045921071246266367,0.0040099571682512755,0.009995002498750625,0.9999980179538155
39,deixis_and_perspective_anchoring,A,positive_nonspecific,val,2.0,False,matched_control,14441,5205,basis,changed,0.015619576719473099,0.031239153438946198,-0.05524048954248428,-0.05466443672776222,-0.0005760572850704194,-0.010428171253395319,-0.0022236601449549197,0.0010138345174491397,0.4737631184407796,0.9999981746963066
39,deixis_and_perspective_anchoring,A,positive_nonspecific,val,2.0,False,matched_control,14441,6216,basis,changed,0.015619576719473099,0.031239153438946198,-0.05524048954248428,-0.051904335618019104,-0.0033361516892910005,-0.06039323179287246,-0.005546306701377034,-0.0013313230946660043,0.0029985007496251873,0.9999980480441475
39,deixis_and_perspective_anchoring,A,positive_nonspecific,val,2.0,False,matched_control,14441,6618,basis,changed,0.015619576719473099,0.031239153438946198,-0.05524048954248428,-0.05854310840368271,0.0033026177436113356,0.05978617805461993,0.0012050791941583157,0.005429701002314687,0.00399800099950025,0.9999970152779089
39,deixis_and_perspective_anchoring,A,positive_nonspecific,test,0.5,False,target,14441,14441,basis,changed,0.015619576719473099,0.007809788359736549,0.11055613309144974,0.10960034281015396,0.0009558133780956269,0.008645502979965823,-0.00041168189235031604,0.002275963634252548,0.1519240379810095,0.9999989387546222
39,deixis_and_perspective_anchoring,A,positive_nonspecific,test,0.5,False,matched_control,14441,5205,basis,changed,0.015619576719473099,0.007809788359736549,0.11055613309144974,0.11005943268537521,0.0004967266321182251,0.0044929812415503275,-0.001369530787691474,0.0024488546559587117,0.6106946526736632,0.9999989500082868
39,deixis_and_perspective_anchoring,A,positive_nonspecific,test,0.5,False,matched_control,14441,6216,basis,changed,0.015619576719473099,0.007809788359736549,0.11055613309144974,0.1111617386341095,-0.0006055903434753418,-0.005477672984224313,-0.002264906360767782,0.001105231694877147,0.47976011994003,0.9999989737810543
39,deixis_and_perspective_anchoring,A,positive_nonspecific,test,0.5,False,matched_control,14441,6618,basis,changed,0.015619576719473099,0.007809788359736549,0.11055613309144974,0.11128398030996323,-0.0007278320193290711,-0.0065833708088091645,-0.0021812717653810977,0.0009142239429056643,0.3808095952023988,0.9999989516755785
39,deixis_and_perspective_anchoring,A,positive_nonspecific,test,1.0,True,target,14441,14441,basis,changed,0.015619576719473099,0.015619576719473099,0.11055613309144974,0.11042094230651855,0.00013520002365112306,0.0012229083983906022,-0.0013831940302625298,0.001572441081516444,0.8495752123938031,0.9999988346286395
39,deixis_and_perspective_anchoring,A,positive_nonspecific,test,1.0,True,matched_control,14441,5205,basis,changed,0.015619576719473099,0.015619576719473099,0.11055613309144974,0.1108529195189476,-0.0002967614680528641,-0.002684260562979253,-0.0018998138401657343,0.0014187281234189864,0.7156421789105447,0.9999988423738694
39,deixis_and_perspective_anchoring,A,positive_nonspecific,test,1.0,True,matched_control,14441,6216,basis,changed,0.015619576719473099,0.015619576719473099,0.11055613309144974,0.11284562945365906,-0.002289493530988693,-0.020708878530464443,-0.003993508839979768,-0.0006242726128548391,0.005997001499250375,0.9999987541785526
39,deixis_and_perspective_anchoring,A,positive_nonspecific,test,1.0,True,matched_control,14441,6618,basis,changed,0.015619576719473099,0.015619576719473099,0.11055613309144974,0.11365106701850891,-0.0030949115008115768,-0.027994028139999527,-0.004731296982616186,-0.0014512041304260493,0.0009995002498750624,0.9999985629448854
39,deixis_and_perspective_anchoring,A,positive_nonspecific,test,2.0,False,target,14441,14441,basis,changed,0.015619576719473099,0.031239153438946198,0.11055613309144974,0.10553506016731262,0.005021103844046593,0.04541678244022193,0.002953243827447295,0.006993027912452816,0.0009995002498750624,0.999998311243414
39,deixis_and_perspective_anchoring,A,positive_nonspecific,test,2.0,False,matched_control,14441,5205,basis,changed,0.015619576719473099,0.031239153438946198,0.11055613309144974,0.11286462843418121,-0.0023084716871380807,-0.020880539347632218,-0.004147168578580021,-0.0003401821888983255,0.02498750624687656,0.999998296388405
39,deixis_and_perspective_anchoring,A,positive_nonspecific,test,2.0,False,matched_control,14441,6216,basis,changed,0.015619576719473099,0.031239153438946198,0.11055613309144974,0.11170730739831924,-0.0011511575430631638,-0.010412425895096658,-0.0031566655412316323,0.0007917874995619056,0.24387806096951525,0.9999982789313383
39,deixis_and_perspective_anchoring,A,positive_nonspecific,test,2.0,False,matched_control,14441,6618,basis,changed,0.015619576719473099,0.031239153438946198,0.11055613309144974,0.11304579675197601,-0.0024896722286939623,-0.022519530659005204,-0.004583972585387528,-0.0003794877436012033,0.0239880059970015,0.9999969351744347
40,orthographic_and_tokenization_interface,B,positive_nonspecific,val,0.5,False,target,3132,3132,basis,changed,0.0027302161906845998,0.0013651080953422999,-0.013033861294388771,-0.012023105286061764,-0.0010107554635033012,-0.07754842871762363,-0.0017399997405009343,-0.00022239000612171383,0.017991004497751123,0.9999992481429166
40,orthographic_and_tokenization_interface,B,positive_nonspecific,val,0.5,False,matched_control,3132,15325,basis,changed,0.0027302161906845998,0.0013651080953422999,-0.013033861294388771,-0.012130976654589176,-0.0009028830216266214,-0.06927210603471153,-0.001695336819277145,-9.067100571701375e-05,0.026986506746626688,0.9999992048233476
40,orthographic_and_tokenization_interface,B,positive_nonspecific,val,0.5,False,matched_control,3132,8235,basis,changed,0.0027302161906845998,0.0013651080953422999,-0.013033861294388771,-0.012415883131325245,-0.000617977564688772,-0.04741323777588599,-0.0013230192146729677,7.789933221647423e-05,0.08395802098950525,0.9999992069292551
40,orthographic_and_tokenization_interface,B,positive_nonspecific,val,0.5,False,matched_control,3132,14406,basis,changed,0.0027302161906845998,0.0013651080953422999,-0.013033861294388771,-0.010948867537081242,-0.002084993689786643,-0.15996746034762985,-0.0028455901517299934,-0.0012895662571536382,0.0009995002498750624,0.9999992544411117
40,orthographic_and_tokenization_interface,B,positive_nonspecific,val,1.0,True,target,3132,3132,basis,changed,0.0027302161906845998,0.0027302161906845998,-0.013033861294388771,-0.011531896889209747,-0.0015019639418460428,-0.11523553212068137,-0.0022181167626404204,-0.0008114363922504718,0.0009995002498750624,0.9999992270980327
40,orthographic_and_tokenization_interface,B,positive_nonspecific,val,1.0,True,matched_control,3132,15325,basis,changed,0.0027302161906845998,0.0027302161906845998,-0.013033861294388771,-0.01210975181311369,-0.0009241081576328724,-0.07090056712746451,-0.0017682574588397985,-7.006732639274571e-05,0.03298350824587706,0.9999991888152434
40,orthographic_and_tokenization_interface,B,positive_nonspecific,val,1.0,True,matched_control,3132,8235,basis,changed,0.0027302161906845998,0.0027302161906845998,-0.013033861294388771,-0.011921141296625137,-0.0011127194087021052,-0.08537143242280351,-0.001799712200765498,-0.00040402230247855195,0.004997501249375313,0.9999992513413345
40,orthographic_and_tokenization_interface,B,positive_nonspecific,val,1.0,True,matched_control,3132,14406,basis,changed,0.0027302161906845998,0.0027302161906845998,-0.013033861294388771,-0.011967596597969532,-0.001066263059619814,-0.08180715104578049,-0.001924135183391627,-0.00021678911644266923,0.010994502748625687,0.9999992198066701
40,orthographic_and_tokenization_interface,B,positive_nonspecific,val,2.0,False,target,3132,3132,basis,changed,0.0027302161906845998,0.0054604323813691995,-0.013033861294388771,-0.01262750942260027,-0.0004063502443023026,-0.03117650519092459,-0.0011332748319837264,0.00033435395214473785,0.2938530734632684,0.9999991872194687
40,orthographic_and_tokenization_interface,B,positive_nonspecific,val,2.0,False,matched_control,3132,15325,basis,changed,0.0027302161906845998,0.0054604323813691995,-0.013033861294388771,-0.01297831442207098,-5.554572446271777e-05,-0.004261647658213983,-0.0007296188814798371,0.0006300316468114031,0.8935532233883059,0.999999212385882
40,orthographic_and_tokenization_interface,B,positive_nonspecific,val,2.0,False,matched_control,3132,8235,basis,changed,0.0027302161906845998,0.0054604323813691995,-0.013033861294388771,-0.012568311765789986,-0.0004655492608435452,-0.03571844523494888,-0.0011410226412699558,0.00017584912659367497,0.16991504247876063,0.9999992090181901
40,orthographic_and_tokenization_interface,B,positive_nonspecific,val,2.0,False,matched_control,3132,14406,basis,changed,0.0027302161906845998,0.0054604323813691995,-0.013033861294388771,-0.013192364946007729,0.00015850504161790013,0.012161019519682813,-0.000614784762612544,0.0009026687068399041,0.6766616691654173,0.9999992217404796
40,orthographic_and_tokenization_interface,B,positive_nonspecific,test,0.5,False,target,3132,3132,basis,changed,0.0027302161906845998,0.0013651080953422999,-0.011292542330920696,-0.010535720735788345,-0.0007568105682730675,-0.06701861689734873,-0.0016889380365610123,0.0002411993527784937,0.12193903048475763,0.9999988660159437
40,orthographic_and_tokenization_interface,B,positive_nonspecific,test,0.5,False,matched_control,3132,15325,basis,changed,0.0027302161906845998,0.0013651080953422999,-0.011292542330920696,-0.010689773596823215,-0.0006027640029788018,-0.053377174538309445,-0.0015327507881447674,0.00027213064208626744,0.16591704147926037,0.9999988287802779
40,orthographic_and_tokenization_interface,B,positive_nonspecific,test,0.5,False,matched_control,3132,8235,basis,changed,0.0027302161906845998,0.0013651080953422999,-0.011292542330920696,-0.010821986012160778,-0.000470549538731575,-0.04166905245448041,-0.0013800024148076773,0.00046388265304267353,0.33383308345827084,0.9999987873186553
40,orthographic_and_tokenization_interface,B,positive_nonspecific,test,0.5,False,matched_control,3132,14406,basis,changed,0.0027302161906845998,0.0013651080953422999,-0.011292542330920696,-0.008900579065084457,-0.002391960285604,-0.2118176948564053,-0.0033909065602347253,-0.0014065616969019179,0.0009995002498750624,0.9999988121385033
40,orthographic_and_tokenization_interface,B,positive_nonspecific,test,1.0,True,target,3132,3132,basis,changed,0.0027302161906845998,0.0027302161906845998,-0.011292542330920696,-0.009625009261071682,-0.0016675301641225814,-0.14766649663615874,-0.0025320811532437803,-0.0007743512820452455,0.0009995002498750624,0.9999988018596064
40,orthographic_and_tokenization_interface,B,positive_nonspecific,test,1.0,True,matched_control,3132,15325,basis,changed,0.0027302161906845998,0.0027302161906845998,-0.011292542330920696,-0.009737682528793812,-0.001554853692650795,-0.13768854232172054,-0.0024180802069604396,-0.0007649575341492898,0.0009995002498750624,0.999998749296418
40,orthographic_and_tokenization_interface,B,positive_nonspecific,test,1.0,True,matched_control,3132,8235,basis,changed,0.0027302161906845998,0.0027302161906845998,-0.011292542330920696,-0.010078417137265205,-0.001214112862944603,-0.1075145726591768,-0.0021601243056356906,-0.0002641684506088497,0.012993503248375811,0.9999987951867392
40,orthographic_and_tokenization_interface,B,positive_nonspecific,test,1.0,True,matched_control,3132,14406,basis,changed,0.0027302161906845998,0.0027302161906845998,-0.011292542330920696,-0.009814842604100704,-0.0014776906371116638,-0.13085544369096783,-0.002443261673673987,-0.0005266650170087815,0.00399800099950025,0.9999987394044532
40,orthographic_and_tokenization_interface,B,positive_nonspecific,test,2.0,False,target,3132,3132,basis,changed,0.0027302161906845998,0.0054604323813691995,-0.011292542330920696,-0.009777047671377659,-0.0015154893696308137,-0.13420267334142938,-0.002415828287601471,-0.0005898695923388009,0.0029985007496251873,0.9999987432550695
40,orthographic_and_tokenization_interface,B,positive_nonspecific,test,2.0,False,matched_control,3132,15325,basis,changed,0.0027302161906845998,0.0054604323813691995,-0.011292542330920696,-0.011811499483883381,0.0005189569666981698,0.04595572471552192,-0.0004720976585522294,0.0014225027859210962,0.29185407296351823,0.9999987219393884
40,orthographic_and_tokenization_interface,B,positive_nonspecific,test,2.0,False,matched_control,3132,8235,basis,changed,0.0027302161906845998,0.0054604323813691995,-0.011292542330920696,-0.010863937437534332,-0.0004285925626754761,-0.0379535936298352,-0.00136293157748878,0.0004907307736575602,0.34782608695652173,0.9999987957591645
40,orthographic_and_tokenization_interface,B,positive_nonspecific,test,2.0,False,matched_control,3132,14406,basis,changed,0.0027302161906845998,0.0054604323813691995,-0.011292542330920696,-0.010859468020498753,-0.00043306518346071244,-0.038349662172610516,-0.001465801172889769,0.0005637221485376341,0.39580209895052476,0.999998750363394
