variable_id,variable,inspection_grade,ablation_role,split,intervention_kind,target_feature,intervention_feature,intervention_side,n_pairs,train_direction_norm,target_train_basis_mean_activation,target_train_changed_mean_activation,target_train_basis_fire_rate,target_train_changed_fire_rate,baseline_downstream_score,intervention_downstream_score,mean_attenuation,attenuation_fraction,attenuation_ci_low,attenuation_ci_high,attenuation_bootstrap_p,mean_final_repr_cosine_to_baseline
1,Subject expression / pro-drop,C,exploratory_causal,val,target,8041,8041,changed,50,1.0977576971054077,0.03793017938733101,0.045026931911706924,1.0,1.0,0.5333303213119507,0.5293677449226379,0.003962586522102356,0.007429891689553117,0.0022236599773168566,0.005570381239056586,0.0009995002498750624,0.999987503373516
1,Subject expression / pro-drop,C,exploratory_causal,val,matched_control,8041,9728,changed,50,1.0977576971054077,0.03793017938733101,0.045026931911706924,1.0,1.0,0.5333303213119507,0.5280364751815796,0.005293843448162079,0.00992601252285758,0.0038254771381616595,0.006810672670602798,0.0009995002498750624,0.999992910574045
1,Subject expression / pro-drop,C,exploratory_causal,val,matched_control,8041,7247,changed,50,1.0977576971054077,0.03793017938733101,0.045026931911706924,1.0,1.0,0.5333303213119507,0.5670097470283508,-0.033679395616054535,-0.06314922341787331,-0.0362761238515377,-0.031057382114231587,0.0009995002498750624,0.9999876390583955
1,Subject expression / pro-drop,C,exploratory_causal,val,matched_control,8041,1302,changed,50,1.0977576971054077,0.03793017938733101,0.045026931911706924,1.0,1.0,0.5333303213119507,0.5312855839729309,0.0020447441935539244,0.0038339170151136625,-0.0002092744186520576,0.004148391738533973,0.07296351824087956,0.9999898925951355
1,Subject expression / pro-drop,C,exploratory_causal,test,target,8041,8041,changed,50,1.0977576971054077,0.03793017938733101,0.045026931911706924,1.0,1.0,0.5156303644180298,0.5110974311828613,0.004532907009124756,0.008791000922222368,0.0024079536348581313,0.006588531762361525,0.0009995002498750624,0.9999849360787585
1,Subject expression / pro-drop,C,exploratory_causal,test,matched_control,8041,9728,changed,50,1.0977576971054077,0.03793017938733101,0.045026931911706924,1.0,1.0,0.5156303644180298,0.5107816457748413,0.00484866201877594,0.009403367903378654,0.002836449459195137,0.006741591438651083,0.0009995002498750624,0.9999914278112354
1,Subject expression / pro-drop,C,exploratory_causal,test,matched_control,8041,7247,changed,50,1.0977576971054077,0.03793017938733101,0.045026931911706924,1.0,1.0,0.5156303644180298,0.5354444980621338,-0.019814149141311646,-0.0384270409747398,-0.023596372887492178,-0.015925961375236514,0.0009995002498750624,0.9999936185249338
1,Subject expression / pro-drop,C,exploratory_causal,test,matched_control,8041,1302,changed,50,1.0977576971054077,0.03793017938733101,0.045026931911706924,1.0,1.0,0.5156303644180298,0.5125383734703064,0.0030919045209884645,0.005996358504755953,-0.0001166306436061859,0.0061998900175094605,0.05897051474262868,0.9999837345379419
2,basic_constituent_order,C,exploratory_causal,val,target,932,932,changed,50,0.8723062872886658,0.00033391817123629153,0.01651897467672825,0.04500000178813934,0.6549999713897705,0.8003606200218201,0.7974224090576172,0.002938305139541626,0.003671226527189106,0.0010241102874279022,0.0047686770856380425,0.001999000499750125,0.9999991098237275
2,basic_constituent_order,C,exploratory_causal,val,matched_control,932,1887,changed,50,0.8723062872886658,0.00033391817123629153,0.01651897467672825,0.04500000178813934,0.6549999713897705,0.8003606200218201,0.7991992831230164,0.001161469742655754,0.0014511830212537058,0.0008855472151190043,0.0014353310242295266,0.0009995002498750624,0.9999996061088129
2,basic_constituent_order,C,exploratory_causal,val,matched_control,932,1302,changed,50,0.8723062872886658,0.00033391817123629153,0.01651897467672825,0.04500000178813934,0.6549999713897705,0.8003606200218201,0.8053902387619019,-0.005029543936252594,-0.006284097206226206,-0.0057345915790647265,-0.0043493570778518915,0.0009995002498750624,0.9999970985306524
2,basic_constituent_order,C,exploratory_causal,val,matched_control,932,7136,changed,50,0.8723062872886658,0.00033391817123629153,0.01651897467672825,0.04500000178813934,0.6549999713897705,0.8003606200218201,0.7991679310798645,0.0011928008496761321,0.0014903292588828434,6.466667726635933e-05,0.0023701281175017353,0.04097951024487756,0.9999982990026552
2,basic_constituent_order,C,exploratory_causal,test,target,932,932,changed,50,0.8723062872886658,0.00033391817123629153,0.01651897467672825,0.04500000178813934,0.6549999713897705,0.17077083885669708,0.16943126916885376,0.0013395452499389649,0.00784411003018524,-0.00014770856499671933,0.0030006387829780577,0.0879560219890055,0.9999993111188187
2,basic_constituent_order,C,exploratory_causal,test,matched_control,932,1887,changed,50,0.8723062872886658,0.00033391817123629153,0.01651897467672825,0.04500000178813934,0.6549999713897705,0.17077083885669708,0.16966880857944489,0.001102001667022705,0.006453102147887518,0.0007050674259662628,0.0015298292487859724,0.0009995002498750624,0.9999995953944615
2,basic_constituent_order,C,exploratory_causal,test,matched_control,932,1302,changed,50,0.8723062872886658,0.00033391817123629153,0.01651897467672825,0.04500000178813934,0.6549999713897705,0.17077083885669708,0.17468561232089996,-0.003914802670478821,-0.022924304270496326,-0.004856831759214401,-0.0030162641406059265,0.0009995002498750624,0.9999976036271027
2,basic_constituent_order,C,exploratory_causal,test,matched_control,932,7136,changed,50,0.8723062872886658,0.00033391817123629153,0.01651897467672825,0.04500000178813934,0.6549999713897705,0.17077083885669708,0.16719619929790497,0.0035746002197265623,0.02093214651669071,0.0014548963606357574,0.005742785111069678,0.001999000499750125,0.9999975853868759
3,nominal_modifier_order,C,exploratory_causal,val,target,4426,4426,basis,50,0.8535047769546509,0.015823813155293465,0.0010174124035984278,0.3474999964237213,0.10499999672174454,0.02239079400897026,0.022474033758044243,-8.323982357978821e-05,-0.0037175914148663263,-0.00027487173676490786,5.25522232055664e-05,0.2928535732133933,0.9999999394499836
3,nominal_modifier_order,C,exploratory_causal,val,matched_control,4426,8685,basis,50,0.8535047769546509,0.015823813155293465,0.0010174124035984278,0.3474999964237213,0.10499999672174454,0.02239079400897026,0.022309578955173492,8.121378719806671e-05,0.0036271061743290848,-3.115922212600708e-05,0.0002748005837202072,0.7526236881559221,0.999999926778977
3,nominal_modifier_order,C,exploratory_causal,val,matched_control,4426,1385,basis,50,0.8535047769546509,0.015823813155293465,0.0010174124035984278,0.3474999964237213,0.10499999672174454,0.02239079400897026,0.022452615201473236,-6.182055920362473e-05,-0.0027609811058445723,-0.00044294449873268603,0.0003528022281825541,0.7636181909045477,0.9999998446375842
3,nominal_modifier_order,C,exploratory_causal,val,matched_control,4426,12995,basis,50,0.8535047769546509,0.015823813155293465,0.0010174124035984278,0.3474999964237213,0.10499999672174454,0.02239079400897026,0.022391686215996742,-8.89897346496582e-07,-3.974389412631231e-05,-2.669692039489746e-06,0.0,0.7446276861569215,0.9999999602084003
3,nominal_modifier_order,C,exploratory_causal,test,target,4426,4426,basis,50,0.8535047769546509,0.015823813155293465,0.0010174124035984278,0.3474999964237213,0.10499999672174454,0.11259298026561737,0.11247194558382034,0.00012103229761123657,0.001074954205188548,-6.112843751907349e-05,0.0004242253303527832,0.7616191904047976,0.9999999588446664
3,nominal_modifier_order,C,exploratory_causal,test,matched_control,4426,8685,basis,50,0.8535047769546509,0.015823813155293465,0.0010174124035984278,0.3474999964237213,0.10499999672174454,0.11259298026561737,0.11263483017683029,-4.184819757938385e-05,-0.0003716767908679568,-0.00013528347015380858,9.738877415657044e-06,0.7016491754122939,0.9999999601264814
3,nominal_modifier_order,C,exploratory_causal,test,matched_control,4426,1385,basis,50,0.8535047769546509,0.015823813155293465,0.0010174124035984278,0.3474999964237213,0.10499999672174454,0.11259298026561737,0.11279696226119995,-0.00020398009568452834,-0.0018116590857025032,-0.0012722868071869016,0.0006173471165820954,0.751624187906047,0.9999995814787731
3,nominal_modifier_order,C,exploratory_causal,test,matched_control,4426,12995,basis,50,0.8535047769546509,0.015823813155293465,0.0010174124035984278,0.3474999964237213,0.10499999672174454,0.11259298026561737,0.11228713393211365,0.00030585914850234986,0.0027165028208756847,7.3260068893432615e-06,0.0007069799378514286,0.029985007496251874,0.9999999056475488
4,case_marking,B,causal_worth_testing,val,target,13269,13269,changed,50,0.8575391173362732,0.0033104203175753355,0.009693346917629242,0.17000000178813934,0.4724999964237213,1.016333818435669,1.0164825916290283,-0.00014863312244415284,-0.0001462443930803439,-0.0012395637780427933,0.0008519578129053112,0.8015992003998001,0.999999613172026
4,case_marking,B,causal_worth_testing,val,matched_control,13269,6618,changed,50,0.8575391173362732,0.0033104203175753355,0.009693346917629242,0.17000000178813934,0.4724999964237213,1.016333818435669,1.0180714130401611,-0.0017376148700714111,-0.001709689118429544,-0.003830670207738876,0.00028722667694091784,0.09695152423788106,0.9999927005539156
4,case_marking,B,causal_worth_testing,val,matched_control,13269,4814,changed,50,0.8575391173362732,0.0033104203175753355,0.009693346917629242,0.17000000178813934,0.4724999964237213,1.016333818435669,1.0211987495422363,-0.004864867776632309,-0.00478668296615404,-0.007766929436475039,-0.002563327699899674,0.0009995002498750624,0.9999939815986133
4,case_marking,B,causal_worth_testing,val,matched_control,13269,12995,changed,50,0.8575391173362732,0.0033104203175753355,0.009693346917629242,0.17000000178813934,0.4724999964237213,1.016333818435669,1.016061544418335,0.0002723085880279541,0.0002679322316038728,0.0,0.0006955552101135254,0.2448775612193903,0.9999999374740008
4,case_marking,B,causal_worth_testing,test,target,13269,13269,changed,50,0.8575391173362732,0.0033104203175753355,0.009693346917629242,0.17000000178813934,0.4724999964237213,0.836494505405426,0.8386960625648499,-0.002201540470123291,-0.002631864831026313,-0.003854236960411072,-0.0006920799911022205,0.010994502748625687,0.9999985597012424
4,case_marking,B,causal_worth_testing,test,matched_control,13269,6618,changed,50,0.8575391173362732,0.0033104203175753355,0.009693346917629242,0.17000000178813934,0.4724999964237213,0.836494505405426,0.8397871255874634,-0.0032926326990127563,-0.003936227527779047,-0.0064878156930208205,-0.000995581477880479,0.004997501249375313,0.9999937584394303
4,case_marking,B,causal_worth_testing,test,matched_control,13269,4814,changed,50,0.8575391173362732,0.0033104203175753355,0.009693346917629242,0.17000000178813934,0.4724999964237213,0.836494505405426,0.8397639393806458,-0.003269478678703308,-0.003908547704229905,-0.007143155291676521,0.00026269112527369616,0.07396301849075462,0.9999845941294787
4,case_marking,B,causal_worth_testing,test,matched_control,13269,12995,changed,50,0.8575391173362732,0.0033104203175753355,0.009693346917629242,0.17000000178813934,0.4724999964237213,0.836494505405426,0.8364012241363525,9.334862232208253e-05,0.00011159502150804805,-0.000508742019534111,0.0005939041376113891,0.7096451774112944,0.9999995825900447
5,morphosyntactic_alignment,D,diagnostic_control,val,target,7247,7247,basis,50,1.1651240587234497,0.09524831175804138,0.07638567686080933,1.0,1.0,0.7789384722709656,0.7873384356498718,-0.00839992731809616,-0.010783813634992877,-0.010497172594070434,-0.006303940575569868,0.0009995002498750624,0.9999946373065346
5,morphosyntactic_alignment,D,diagnostic_control,val,matched_control,7247,1302,basis,50,1.1651240587234497,0.09524831175804138,0.07638567686080933,1.0,1.0,0.7789384722709656,0.7660642266273499,0.012874222025275231,0.01652790622568805,0.008399760704487561,0.01710240011103451,0.0009995002498750624,0.9999841047182396
5,morphosyntactic_alignment,D,diagnostic_control,val,matched_control,7247,8041,basis,50,1.1651240587234497,0.09524831175804138,0.07638567686080933,1.0,1.0,0.7789384722709656,0.8005354404449463,-0.021596954502165318,-0.02772613662180559,-0.026276686644181608,-0.016967825987376273,0.0009995002498750624,0.9999704046359328
5,morphosyntactic_alignment,D,diagnostic_control,val,matched_control,7247,9728,basis,50,1.1651240587234497,0.09524831175804138,0.07638567686080933,1.0,1.0,0.7789384722709656,0.7741398811340332,0.004798595756292343,0.006160429773486755,0.00017371469177305705,0.009538075303658843,0.04097951024487756,0.9999842506759049
5,morphosyntactic_alignment,D,diagnostic_control,test,target,7247,7247,basis,50,1.1651240587234497,0.09524831175804138,0.07638567686080933,1.0,1.0,1.038769245147705,1.0464955568313599,-0.007726310417056083,-0.007437946832895944,-0.009971030127257108,-0.0054076649546623235,0.0009995002498750624,0.9999943750843431
5,morphosyntactic_alignment,D,diagnostic_control,test,matched_control,7247,1302,basis,50,1.1651240587234497,0.09524831175804138,0.07638567686080933,1.0,1.0,1.038769245147705,1.0241446495056152,0.014624583572149276,0.014078760649165899,0.009612865772098302,0.02004112762026488,0.0009995002498750624,0.9999834690975058
5,morphosyntactic_alignment,D,diagnostic_control,test,matched_control,7247,8041,basis,50,1.1651240587234497,0.09524831175804138,0.07638567686080933,1.0,1.0,1.038769245147705,1.0602258443832397,-0.02145665429532528,-0.020655842859762668,-0.026992045613005756,-0.016306263906881214,0.0009995002498750624,0.9999684872713979
5,morphosyntactic_alignment,D,diagnostic_control,test,matched_control,7247,9728,basis,50,1.1651240587234497,0.09524831175804138,0.07638567686080933,1.0,1.0,1.038769245147705,1.0317047834396362,0.007064471319317818,0.0068008090847099575,0.002217079095542431,0.012053419118747116,0.00399800099950025,0.9999839972169291
6,transitivity_valency,C,exploratory_causal,val,target,164,164,changed,50,1.6191614866256714,0.47137442231178284,0.5872239470481873,1.0,1.0,0.34587356448173523,0.27921581268310547,0.06665775965899229,0.19272290947957754,0.05663297165278345,0.0760558607308194,0.0009995002498750624,0.9998112683908489
6,transitivity_valency,C,exploratory_causal,val,matched_control,164,7247,changed,50,1.6191614866256714,0.47137442231178284,0.5872239470481873,1.0,1.0,0.34587356448173523,0.3460341989994049,-0.0001606140285730362,-0.0004643720858334573,-0.0014014454456046223,0.0011360600860789417,0.7906046976511744,0.9999982857981206
6,transitivity_valency,C,exploratory_causal,val,matched_control,164,8041,changed,50,1.6191614866256714,0.47137442231178284,0.5872239470481873,1.0,1.0,0.34587356448173523,0.3516600728034973,-0.005786539204418659,-0.016730215311740695,-0.007720758561044931,-0.0037664088001474745,0.0009995002498750624,0.9999820043864455
6,transitivity_valency,C,exploratory_causal,val,matched_control,164,9728,changed,50,1.6191614866256714,0.47137442231178284,0.5872239470481873,1.0,1.0,0.34587356448173523,0.3428654074668884,0.0030081354454159735,0.00869721121914429,0.0012734177885577083,0.004666750794276594,0.0009995002498750624,0.9999861104708162
6,transitivity_valency,C,exploratory_causal,test,target,164,164,changed,50,1.6191614866256714,0.47137442231178284,0.5872239470481873,1.0,1.0,0.849962055683136,0.793653666973114,0.056308341324329374,0.06624806477869526,0.0474652159884572,0.06536910959333181,0.0009995002498750624,0.9997688628632291
6,transitivity_valency,C,exploratory_causal,test,matched_control,164,7247,changed,50,1.6191614866256714,0.47137442231178284,0.5872239470481873,1.0,1.0,0.849962055683136,0.8523287177085876,-0.0023666757345199587,-0.0027844486923805107,-0.0031199258565902713,-0.0016325515806674962,0.0009995002498750624,0.9999986124698647
6,transitivity_valency,C,exploratory_causal,test,matched_control,164,8041,changed,50,1.6191614866256714,0.47137442231178284,0.5872239470481873,1.0,1.0,0.849962055683136,0.8551573157310486,-0.005195255875587463,-0.006112338593058609,-0.00756031982600689,-0.0028507444709539413,0.0009995002498750624,0.9999825773555183
6,transitivity_valency,C,exploratory_causal,test,matched_control,164,9728,changed,50,1.6191614866256714,0.47137442231178284,0.5872239470481873,1.0,1.0,0.849962055683136,0.843975841999054,0.0059862124919891355,0.007042917330207012,0.00447044962644577,0.007521662771701812,0.0009995002498750624,0.9999860983051757
7,voice_and_agent_prominence,A,primary_causal,val,target,8235,8235,changed,50,1.1550201177597046,0.0032400363124907017,0.03653882071375847,0.2524999976158142,0.9725000262260437,1.0125477313995361,1.0110692977905273,0.001478428840637207,0.0014601078001465998,0.00033531203866004944,0.002608212530612945,0.0079960019990005,0.9999980327536285
7,voice_and_agent_prominence,A,primary_causal,val,matched_control,8235,9728,changed,50,1.1550201177597046,0.0032400363124907017,0.03653882071375847,0.2524999976158142,0.9725000262260437,1.0125477313995361,1.0149447917938232,-0.002397053837776184,-0.002367348978662955,-0.003527872309088707,-0.0012815990895032885,0.0009995002498750624,0.9999874765849508
7,voice_and_agent_prominence,A,primary_causal,val,matched_control,8235,8041,changed,50,1.1550201177597046,0.0032400363124907017,0.03653882071375847,0.2524999976158142,0.9725000262260437,1.0125477313995361,1.0050815343856812,0.007466195821762085,0.00737367295410594,0.006468489557504654,0.008521432101726532,0.0009995002498750624,0.9999872533867205
7,voice_and_agent_prominence,A,primary_causal,val,matched_control,8235,7247,changed,50,1.1550201177597046,0.0032400363124907017,0.03653882071375847,0.2524999976158142,0.9725000262260437,1.0125477313995361,0.9964239001274109,0.0161238694190979,0.015924058608883164,0.01394571329653263,0.018426616564393046,0.0009995002498750624,0.9999935054112342
7,voice_and_agent_prominence,A,primary_causal,test,target,8235,8235,changed,50,1.1550201177597046,0.0032400363124907017,0.03653882071375847,0.2524999976158142,0.9725000262260437,0.5840420722961426,0.5808610320091248,0.003181030750274658,0.0054465780825832255,0.0013844080865383149,0.005113351613283156,0.001999000499750125,0.9999961823990217
7,voice_and_agent_prominence,A,primary_causal,test,matched_control,8235,9728,changed,50,1.1550201177597046,0.0032400363124907017,0.03653882071375847,0.2524999976158142,0.9725000262260437,0.5840420722961426,0.5879831910133362,-0.003941119536757469,-0.006748006220276366,-0.005195898855105042,-0.0026457060743123296,0.0009995002498750624,0.999984484136982
7,voice_and_agent_prominence,A,primary_causal,test,matched_control,8235,8041,changed,50,1.1550201177597046,0.0032400363124907017,0.03653882071375847,0.2524999976158142,0.9725000262260437,0.5840420722961426,0.575856626033783,0.00818541631102562,0.014015114148960055,0.006839007690548897,0.009560096383094786,0.0009995002498750624,0.9999804939912579
7,voice_and_agent_prominence,A,primary_causal,test,matched_control,8235,7247,changed,50,1.1550201177597046,0.0032400363124907017,0.03653882071375847,0.2524999976158142,0.9725000262260437,0.5840420722961426,0.5802542567253113,0.0037878043949604034,0.006485499203967914,0.0029626539163291454,0.004712219253182411,0.0009995002498750624,0.9999979990489214
8,causativity_and_valency_change,D,diagnostic_control,val,target,8182,8182,changed,50,1.2255384922027588,1.5766894817352295,1.7148855924606323,1.0,1.0,1.4140639305114746,1.4091689586639404,0.004894594550132751,0.003461367229954271,-0.017365000814199446,0.027919474855065338,0.6606696651674163,0.9987613567794795
8,causativity_and_valency_change,D,diagnostic_control,val,matched_control,8182,164,changed,50,1.2255384922027588,1.5766894817352295,1.7148855924606323,1.0,1.0,1.4140639305114746,1.4101777076721191,0.003886014223098755,0.0027481177754765038,-0.008239849627017974,0.015855651199817657,0.5767116441779111,0.9997367290355967
8,causativity_and_valency_change,D,diagnostic_control,val,matched_control,8182,7247,changed,50,1.2255384922027588,1.5766894817352295,1.7148855924606323,1.0,1.0,1.4140639305114746,1.4170645475387573,-0.0030007511377334595,-0.0021220760058903924,-0.004304473981261253,-0.0019076253920793536,0.0009995002498750624,0.9999984156578143
8,causativity_and_valency_change,D,diagnostic_control,val,matched_control,8182,8041,changed,50,1.2255384922027588,1.5766894817352295,1.7148855924606323,1.0,1.0,1.4140639305114746,1.4065005779266357,0.0075631532073020934,0.005348522824259056,0.004863398224115371,0.01018352749198675,0.0009995002498750624,0.9999838661662963
8,causativity_and_valency_change,D,diagnostic_control,test,target,8182,8182,changed,50,1.2255384922027588,1.5766894817352295,1.7148855924606323,1.0,1.0,0.9448300004005432,0.9274959564208984,0.01733409121632576,0.018346254044618916,-0.002398736905306578,0.036726597607135765,0.07596201899050475,0.9987583731843676
8,causativity_and_valency_change,D,diagnostic_control,test,matched_control,8182,164,changed,50,1.2255384922027588,1.5766894817352295,1.7148855924606323,1.0,1.0,0.9448300004005432,0.9423807263374329,0.002449222505092621,0.002592236173760696,-0.010368450280278921,0.01624602010101079,0.6916541729135433,0.9997806575714121
8,causativity_and_valency_change,D,diagnostic_control,test,matched_control,8182,7247,changed,50,1.2255384922027588,1.5766894817352295,1.7148855924606323,1.0,1.0,0.9448300004005432,0.948120653629303,-0.0032905834168195725,-0.003482725374326165,-0.004184645047411322,-0.0024406825844198467,0.0009995002498750624,0.9999983784512143
8,causativity_and_valency_change,D,diagnostic_control,test,matched_control,8182,8041,changed,50,1.2255384922027588,1.5766894817352295,1.7148855924606323,1.0,1.0,0.9448300004005432,0.9361411333084106,0.008688948936760426,0.009196309318159783,0.005994301432743669,0.011337956796400248,0.0009995002498750624,0.9999805455006983
9,analytic_vs_synthetic_encoding,C,exploratory_causal,val,target,144,144,basis,50,1.0253336429595947,0.011265928857028484,0.0011048405431210995,0.3125,0.04500000178813934,0.18110539019107819,0.17860282957553864,0.002502548024058342,0.013818186313604404,0.0012669395189732313,0.0037373405285179608,0.0009995002498750624,0.9999991728416624
9,analytic_vs_synthetic_encoding,C,exploratory_causal,val,matched_control,144,758,basis,50,1.0253336429595947,0.011265928857028484,0.0011048405431210995,0.3125,0.04500000178813934,0.18110539019107819,0.1804414987564087,0.0006638884544372559,0.0036657575665572937,2.5675479322671893e-05,0.0013603707887232302,0.04097951024487756,0.9999998262754481
9,analytic_vs_synthetic_encoding,C,exploratory_causal,val,matched_control,144,6216,basis,50,1.0253336429595947,0.011265928857028484,0.0011048405431210995,0.3125,0.04500000178813934,0.18110539019107819,0.1810014843940735,0.00010387778282165527,0.0005735764281342335,-5.784034729003906e-05,0.00031236112117767335,0.35582208895552225,0.9999999572751403
9,analytic_vs_synthetic_encoding,C,exploratory_causal,val,matched_control,144,6900,basis,50,1.0253336429595947,0.011265928857028484,0.0011048405431210995,0.3125,0.04500000178813934,0.18110539019107819,0.1809988021850586,0.00010658271610736848,0.0005885121143822205,-0.000985950430855155,0.0011577721014618873,0.8385807096451774,0.9999991899188064
9,analytic_vs_synthetic_encoding,C,exploratory_causal,test,target,144,144,basis,50,1.0253336429595947,0.011265928857028484,0.0011048405431210995,0.3125,0.04500000178813934,0.7025106549263,0.7007964253425598,0.0017141475528478622,0.002440030682563373,0.0006519353240728379,0.002918176123872399,0.0009995002498750624,0.9999993032125812
9,analytic_vs_synthetic_encoding,C,exploratory_causal,test,matched_control,144,758,basis,50,1.0253336429595947,0.011265928857028484,0.0011048405431210995,0.3125,0.04500000178813934,0.7025106549263,0.7005259990692139,0.001984707340598106,0.002825163329097579,0.0005225208755582571,0.004039970625191926,0.0009995002498750624,0.9999996057372256
9,analytic_vs_synthetic_encoding,C,exploratory_causal,test,matched_control,144,6216,basis,50,1.0253336429595947,0.011265928857028484,0.0011048405431210995,0.3125,0.04500000178813934,0.7025106549263,0.7061879634857178,-0.0036773011088371277,-0.005234512933078447,-0.007848801933228969,-0.0002040290012955666,0.031984007996002,0.9999975842073231
9,analytic_vs_synthetic_encoding,C,exploratory_causal,test,matched_control,144,6900,basis,50,1.0253336429595947,0.011265928857028484,0.0011048405431210995,0.3125,0.04500000178813934,0.7025106549263,0.7020504474639893,0.0004601682722568512,0.0006550338689242047,-0.0003721245042979717,0.0013877290114760398,0.28285857071464265,0.9999996410966199
10,morphological_segmentation_type,B,causal_worth_testing,val,target,15843,15843,changed,50,1.121433138847351,0.009739617817103863,0.034987930208444595,0.4375,0.8100000023841858,0.07811879366636276,0.07712006568908691,0.0009987227618694305,0.012784666979560277,-7.632240653038024e-06,0.0019895485304296007,0.051974012993503245,0.9999992588797911
10,morphological_segmentation_type,B,causal_worth_testing,val,matched_control,15843,8685,changed,50,1.121433138847351,0.009739617817103863,0.034987930208444595,0.4375,0.8100000023841858,0.07811879366636276,0.0786459669470787,-0.0005271758139133453,-0.006748386517140272,-0.0010778160504996777,-8.104413747787491e-05,0.015992003998001,0.9999998795134719
10,morphological_segmentation_type,B,causal_worth_testing,val,matched_control,15843,6618,changed,50,1.121433138847351,0.009739617817103863,0.034987930208444595,0.4375,0.8100000023841858,0.07811879366636276,0.08829950541257858,-0.010180701911449432,-0.13032333749200162,-0.014659298561513424,-0.005705184772610665,0.0009995002498750624,0.9999612473378882
10,morphological_segmentation_type,B,causal_worth_testing,val,matched_control,15843,5205,changed,50,1.121433138847351,0.009739617817103863,0.034987930208444595,0.4375,0.8100000023841858,0.07811879366636276,0.07630293816328049,0.0018158695101737976,0.02324497633602981,0.0008111123964190483,0.00297193294763565,0.001999000499750125,0.9999995304714748
10,morphological_segmentation_type,B,causal_worth_testing,test,target,15843,15843,changed,50,1.121433138847351,0.009739617817103863,0.034987930208444595,0.4375,0.8100000023841858,0.47371602058410645,0.46746066212654114,0.0062553932145237925,0.013204943347304784,0.004156846702098846,0.008338054715655742,0.0009995002498750624,0.9999971629444054
10,morphological_segmentation_type,B,causal_worth_testing,test,matched_control,15843,8685,changed,50,1.121433138847351,0.009739617817103863,0.034987930208444595,0.4375,0.8100000023841858,0.47371602058410645,0.474727600812912,-0.00101156298071146,-0.002135378447754779,-0.0019427438145503402,-0.00015586029924452354,0.0239880059970015,0.9999996266012401
10,morphological_segmentation_type,B,causal_worth_testing,test,matched_control,15843,6618,changed,50,1.121433138847351,0.009739617817103863,0.034987930208444595,0.4375,0.8100000023841858,0.47371602058410645,0.4750578701496124,-0.0013418321311473847,-0.002832566501535803,-0.004397779836319387,0.001271592058241366,0.33183408295852074,0.9999863780568435
10,morphological_segmentation_type,B,causal_worth_testing,test,matched_control,15843,5205,changed,50,1.121433138847351,0.009739617817103863,0.034987930208444595,0.4375,0.8100000023841858,0.47371602058410645,0.4719507694244385,0.001765311174094677,0.003726517781513899,0.0009254588084295392,0.0026126208230853073,0.0009995002498750624,0.999999564251046
11,agreement_indexing_density,C,exploratory_causal,val,target,758,758,changed,50,1.5639450550079346,0.012006373144686222,0.07519668340682983,0.5425000190734863,0.9399999976158142,1.4826420545578003,1.4680066108703613,0.01463526725769043,0.009871072530756869,0.011153765797615052,0.018345449566841126,0.0009995002498750624,0.9999854670181096
11,agreement_indexing_density,C,exploratory_causal,val,matched_control,758,7247,changed,50,1.5639450550079346,0.012006373144686222,0.07519668340682983,0.5425000190734863,0.9399999976158142,1.4826420545578003,1.4866136312484741,-0.003971657752990723,-0.002678770469771461,-0.004687401473522186,-0.0032375743389129645,0.0009995002498750624,0.9999937124430843
11,agreement_indexing_density,C,exploratory_causal,val,matched_control,758,5205,changed,50,1.5639450550079346,0.012006373144686222,0.07519668340682983,0.5425000190734863,0.9399999976158142,1.4826420545578003,1.4872756004333496,-0.004633572101593018,-0.0031252129179453136,-0.008107254445552825,-0.0013050284981727708,0.00399800099950025,0.9998949219775161
11,agreement_indexing_density,C,exploratory_causal,val,matched_control,758,8041,changed,50,1.5639450550079346,0.012006373144686222,0.07519668340682983,0.5425000190734863,0.9399999976158142,1.4826420545578003,1.4822328090667725,0.000409090518951416,0.00027591994823958214,-0.000755974531173706,0.0015850050449371332,0.5187406296851574,0.9999829809322859
11,agreement_indexing_density,C,exploratory_causal,test,target,758,758,changed,50,1.5639450550079346,0.012006373144686222,0.07519668340682983,0.5425000190734863,0.9399999976158142,1.262274146080017,1.231370210647583,0.030903856866061688,0.024482682277881855,0.020741518165916205,0.041214439548552036,0.0009995002498750624,0.9999659736997992
11,agreement_indexing_density,C,exploratory_causal,test,matched_control,758,7247,changed,50,1.5639450550079346,0.012006373144686222,0.07519668340682983,0.5425000190734863,0.9399999976158142,1.262274146080017,1.271145224571228,-0.008871120177209377,-0.007027887091531245,-0.011297817931510508,-0.006787050809711218,0.0009995002498750624,0.9999898493683559
11,agreement_indexing_density,C,exploratory_causal,test,matched_control,758,5205,changed,50,1.5639450550079346,0.012006373144686222,0.07519668340682983,0.5425000190734863,0.9399999976158142,1.262274146080017,1.2605116367340088,0.0017624979466199875,0.0013962877652952108,-0.0012892167391255495,0.004724713680334389,0.23388305847076463,0.999973568938248
11,agreement_indexing_density,C,exploratory_causal,test,matched_control,758,8041,changed,50,1.5639450550079346,0.012006373144686222,0.07519668340682983,0.5425000190734863,0.9399999976158142,1.262274146080017,1.2606998682022095,0.001574299968779087,0.0012471933879562248,0.000176954654045403,0.0030031332075595844,0.025987006496751622,0.9999830340369863
12,optionality_vs_obligatoriness_of_marking,D,diagnostic_control,val,target,9607,9607,changed,50,0.2435036599636078,0.005234654992818832,0.0072913262993097305,0.39750000834465027,0.4625000059604645,0.30549106001853943,0.3059180974960327,-0.0004270446300506592,-0.0013978956700884896,-0.0007852519154548645,-7.302720099687602e-05,0.013993003498250875,0.999999833469818
12,optionality_vs_obligatoriness_of_marking,D,diagnostic_control,val,matched_control,9607,12995,changed,50,0.2435036599636078,0.005234654992818832,0.0072913262993097305,0.39750000834465027,0.4625000059604645,0.30549106001853943,0.306161493062973,-0.0006704396009445191,-0.0021946292009456247,-0.0010376810133457183,-0.00032990788668394117,0.0009995002498750624,0.9999995909500989
12,optionality_vs_obligatoriness_of_marking,D,diagnostic_control,val,matched_control,9607,6216,changed,50,0.2435036599636078,0.005234654992818832,0.0072913262993097305,0.39750000834465027,0.4625000059604645,0.30549106001853943,0.30593347549438477,-0.0004423996806144714,-0.001448159172277,-0.0007362099140882491,-0.00013563005626201634,0.0069965017491254375,0.999999574113068
12,optionality_vs_obligatoriness_of_marking,D,diagnostic_control,val,matched_control,9607,8551,changed,50,0.2435036599636078,0.005234654992818832,0.0072913262993097305,0.39750000834465027,0.4625000059604645,0.30549106001853943,0.31216540932655334,-0.006674370467662811,-0.021848005854108336,-0.00870259951800108,-0.0047443787753582,0.0009995002498750624,0.9999820458416618
12,optionality_vs_obligatoriness_of_marking,D,diagnostic_control,test,target,9607,9607,changed,50,0.2435036599636078,0.005234654992818832,0.0072913262993097305,0.39750000834465027,0.4625000059604645,0.05489514395594597,0.05660981684923172,-0.0017146795615553855,-0.031235541761789293,-0.0026175421103835105,-0.0008765887282788756,0.0009995002498750624,0.999999188033146
12,optionality_vs_obligatoriness_of_marking,D,diagnostic_control,test,matched_control,9607,12995,changed,50,0.2435036599636078,0.005234654992818832,0.0072913262993097305,0.39750000834465027,0.4625000059604645,0.05489514395594597,0.05517562851309776,-0.00028048709034919736,-0.005109506417804309,-0.0007056386210024356,0.00010573106631636601,0.16891554222888555,0.9999997139480028
12,optionality_vs_obligatoriness_of_marking,D,diagnostic_control,test,matched_control,9607,6216,changed,50,0.2435036599636078,0.005234654992818832,0.0072913262993097305,0.39750000834465027,0.4625000059604645,0.05489514395594597,0.05505801737308502,-0.0001628711074590683,-0.00296694927314107,-0.0004645268451422453,0.0001080716997385024,0.25787106446776614,0.9999997976089187
12,optionality_vs_obligatoriness_of_marking,D,diagnostic_control,test,matched_control,9607,8551,changed,50,0.2435036599636078,0.005234654992818832,0.0072913262993097305,0.39750000834465027,0.4625000059604645,0.05489514395594597,0.05495849624276161,-6.334923207759857e-05,-0.0011540042982387862,-0.00027417879737913606,0.0001745112687349319,0.5757121439280359,0.9999999167546392
13,redundancy_cumulative_exponence,B,causal_worth_testing,val,target,4814,4814,changed,50,0.6451439261436462,0.08091170340776443,0.10337728261947632,1.0,1.0,0.5984931588172913,0.6012341976165771,-0.0027410615980625152,-0.004579938062248277,-0.004733481250703334,-0.000750999584794046,0.012993503248375811,0.9999838562385743
13,redundancy_cumulative_exponence,B,causal_worth_testing,val,matched_control,4814,7247,changed,50,0.6451439261436462,0.08091170340776443,0.10337728261947632,1.0,1.0,0.5984931588172913,0.5951235294342041,0.0033695099502801893,0.005629989082813956,0.002840036001056433,0.0038994180597364905,0.0009995002498750624,0.9999968260451431
13,redundancy_cumulative_exponence,B,causal_worth_testing,val,matched_control,4814,8041,changed,50,0.6451439261436462,0.08091170340776443,0.10337728261947632,1.0,1.0,0.5984931588172913,0.6012336015701294,-0.0027404844015836718,-0.004578973646080206,-0.003652449583634734,-0.001821405231952668,0.0009995002498750624,0.9999817949385015
13,redundancy_cumulative_exponence,B,causal_worth_testing,val,matched_control,4814,5205,changed,50,0.6451439261436462,0.08091170340776443,0.10337728261947632,1.0,1.0,0.5984931588172913,0.5738173127174377,0.024675862714648247,0.04122998291811941,0.01909986458905041,0.031138964269310232,0.0009995002498750624,0.9999267901381325
13,redundancy_cumulative_exponence,B,causal_worth_testing,test,target,4814,4814,changed,50,0.6451439261436462,0.08091170340776443,0.10337728261947632,1.0,1.0,0.04938895255327225,0.051961008459329605,-0.002572060525417328,-0.05207764879490073,-0.004441315848380327,-0.0006953817717731011,0.0079960019990005,0.9999885788677509
13,redundancy_cumulative_exponence,B,causal_worth_testing,test,matched_control,4814,7247,changed,50,0.6451439261436462,0.08091170340776443,0.10337728261947632,1.0,1.0,0.04938895255327225,0.04794864356517792,0.0014403080195188522,0.029162554479471848,0.0008976542912423611,0.002035648800432682,0.0009995002498750624,0.999998048406959
13,redundancy_cumulative_exponence,B,causal_worth_testing,test,matched_control,4814,8041,changed,50,0.6451439261436462,0.08091170340776443,0.10337728261947632,1.0,1.0,0.04938895255327225,0.05311787500977516,-0.0037289278768002985,-0.07550125451189063,-0.004902602015994489,-0.002588223840110004,0.0009995002498750624,0.9999830463545873
13,redundancy_cumulative_exponence,B,causal_worth_testing,test,matched_control,4814,5205,changed,50,0.6451439261436462,0.08091170340776443,0.10337728261947632,1.0,1.0,0.04938895255327225,0.032607413828372955,0.016781536415219307,0.33978320145822677,0.013689221981912853,0.019874873226508497,0.0009995002498750624,0.9999539765099723
14,definiteness_and_specificity,C,exploratory_causal,val,target,12995,12995,basis,50,0.686769425868988,0.014447415247559547,0.003710591234266758,0.32749998569488525,0.20749999582767487,0.5651381611824036,0.5624299049377441,0.0027083075046539307,0.0047922927359700974,0.0009038977921009064,0.0050317240357398985,0.0009995002498750624,0.9999979971229616
14,definiteness_and_specificity,C,exploratory_causal,val,matched_control,12995,3132,basis,50,0.686769425868988,0.014447415247559547,0.003710591234266758,0.32749998569488525,0.20749999582767487,0.5651381611824036,0.5644883513450623,0.0006498239189386368,0.0011498496537183942,-5.6609725579619404e-05,0.0015025006476789707,0.07496251874062969,0.999999651423247
14,definiteness_and_specificity,C,exploratory_causal,val,matched_control,12995,13197,basis,50,0.686769425868988,0.014447415247559547,0.003710591234266758,0.32749998569488525,0.20749999582767487,0.5651381611824036,0.5647596120834351,0.00037855446338653565,0.0006698441007673408,-0.00014170662313699723,0.0009798981957137584,0.15992003998001,0.99999948555182
14,definiteness_and_specificity,C,exploratory_causal,val,matched_control,12995,15325,basis,50,0.686769425868988,0.014447415247559547,0.003710591234266758,0.32749998569488525,0.20749999582767487,0.5651381611824036,0.5645045042037964,0.0006336627900600433,0.0011212528786487712,8.599025011062623e-05,0.0013447650410234927,0.01999000499750125,0.9999997540155908
14,definiteness_and_specificity,C,exploratory_causal,test,target,12995,12995,basis,50,0.686769425868988,0.014447415247559547,0.003710591234266758,0.32749998569488525,0.20749999582767487,0.5032537579536438,0.498972624540329,0.004281095266342163,0.0085068321869074,0.0017105078101158143,0.007146514445543288,0.0009995002498750624,0.9999984955700109
14,definiteness_and_specificity,C,exploratory_causal,test,matched_control,12995,3132,basis,50,0.686769425868988,0.014447415247559547,0.003710591234266758,0.32749998569488525,0.20749999582767487,0.5032537579536438,0.5032621622085571,-8.463449776172637e-06,-1.68174596660483e-05,-0.0005303880898281932,0.0005216779466718435,0.9975012493753124,0.9999996135159597
14,definiteness_and_specificity,C,exploratory_causal,test,matched_control,12995,13197,basis,50,0.686769425868988,0.014447415247559547,0.003710591234266758,0.32749998569488525,0.20749999582767487,0.5032537579536438,0.5032103657722473,4.33783233165741e-05,8.619572657134496e-05,-0.0006299926601350307,0.0007163819037377834,0.8975512243878061,0.9999996209582577
14,definiteness_and_specificity,C,exploratory_causal,test,matched_control,12995,15325,basis,50,0.686769425868988,0.014447415247559547,0.003710591234266758,0.32749998569488525,0.20749999582767487,0.5032537579536438,0.5029866099357605,0.0002671719342470169,0.0005308890992357516,-0.0005516092609614134,0.0012931206077337251,0.6016991504247876,0.9999991436271943
15,number_marking,B,causal_worth_testing,val,target,8685,8685,changed,50,0.5845643281936646,0.0010641143890097737,0.02301226370036602,0.03500000014901161,0.7574999928474426,0.17852850258350372,0.17764852941036224,0.0008799819648265838,0.004929083883482342,0.00018647260591387748,0.0017987410016357893,0.01199400299850075,0.9999996525376147
15,number_marking,B,causal_worth_testing,val,matched_control,8685,5205,changed,50,0.5845643281936646,0.0010641143890097737,0.02301226370036602,0.03500000014901161,0.7574999928474426,0.17852850258350372,0.11525078117847443,0.06327771283686161,0.35444039422928847,0.05309645226038992,0.07386386655084788,0.0009995002498750624,0.9999468807778321
15,number_marking,B,causal_worth_testing,val,matched_control,8685,758,changed,50,0.5845643281936646,0.0010641143890097737,0.02301226370036602,0.03500000014901161,0.7574999928474426,0.17852850258350372,0.17856422066688538,-3.573104739189148e-05,-0.00020014197663019594,-0.001438702505081892,0.0014819251708686329,0.9305347326336831,0.9999977344021862
15,number_marking,B,causal_worth_testing,val,matched_control,8685,9728,changed,50,0.5845643281936646,0.0010641143890097737,0.02301226370036602,0.03500000014901161,0.7574999928474426,0.17852850258350372,0.19059713184833527,-0.012068646252155304,-0.06760066923493294,-0.014112986711785198,-0.00996761639975012,0.0009995002498750624,0.9999860090899939
15,number_marking,B,causal_worth_testing,test,target,8685,8685,changed,50,0.5845643281936646,0.0010641143890097737,0.02301226370036602,0.03500000014901161,0.7574999928474426,0.13530294597148895,0.13452143967151642,0.000781494602560997,0.005775887560686768,0.00011410341225564481,0.0015305887516587964,0.025987006496751622,0.9999994597264319
15,number_marking,B,causal_worth_testing,test,matched_control,8685,5205,changed,50,0.5845643281936646,0.0010641143890097737,0.02301226370036602,0.03500000014901161,0.7574999928474426,0.13530294597148895,0.04641731083393097,0.0888856315612793,0.6569378879600247,0.07350436664558947,0.10353567611053585,0.0009995002498750624,0.9999083336237505
15,number_marking,B,causal_worth_testing,test,matched_control,8685,758,changed,50,0.5845643281936646,0.0010641143890097737,0.02301226370036602,0.03500000014901161,0.7574999928474426,0.13530294597148895,0.1378779113292694,-0.0025749605521559714,-0.019031075293058048,-0.005863955700770021,0.0003304099198430739,0.09295352323838081,0.9999921240319888
15,number_marking,B,causal_worth_testing,test,matched_control,8685,9728,changed,50,0.5845643281936646,0.0010641143890097737,0.02301226370036602,0.03500000014901161,0.7574999928474426,0.13530294597148895,0.144736185669899,-0.00943323764950037,-0.0697193810657171,-0.01172975394781679,-0.0070236442275345345,0.0009995002498750624,0.9999874236208188
16,gender_noun_class,A,primary_causal,val,target,5205,5205,changed,50,1.6678919792175293,0.054385919123888016,0.17809106409549713,0.625,0.9150000214576721,1.7015348672866821,1.4934216737747192,0.20811333507299423,0.12230918041947499,0.1754843965470791,0.24151092453300954,0.0009995002498750624,0.9998758719107159
16,gender_noun_class,A,primary_causal,val,matched_control,5205,7247,changed,50,1.6678919792175293,0.054385919123888016,0.17809106409549713,0.625,0.9150000214576721,1.7015348672866821,1.7167783975601196,-0.01524346113204956,-0.008958653404709381,-0.01728168538212776,-0.013179185897111893,0.0009995002498750624,0.9999920382194794
16,gender_noun_class,A,primary_causal,val,matched_control,5205,8041,changed,50,1.6678919792175293,0.054385919123888016,0.17809106409549713,0.625,0.9150000214576721,1.7015348672866821,1.7177375555038452,-0.016202640533447266,-0.009522367625227967,-0.018113265126943588,-0.014315997362136842,0.0009995002498750624,0.9999816419969867
16,gender_noun_class,A,primary_causal,val,matched_control,5205,9728,changed,50,1.6678919792175293,0.054385919123888016,0.17809106409549713,0.625,0.9150000214576721,1.7015348672866821,1.6924546957015991,0.009080359935760498,0.005336570005315441,0.007625000894069671,0.0104418608546257,0.0009995002498750624,0.9999886949850233
16,gender_noun_class,A,primary_causal,test,target,5205,5205,changed,50,1.6678919792175293,0.054385919123888016,0.17809106409549713,0.625,0.9150000214576721,1.259529709815979,1.0418579578399658,0.21767177700996398,0.17281988294009076,0.1936021889448166,0.2431599680036306,0.0009995002498750624,0.9998855479626662
16,gender_noun_class,A,primary_causal,test,matched_control,5205,7247,changed,50,1.6678919792175293,0.054385919123888016,0.17809106409549713,0.625,0.9150000214576721,1.259529709815979,1.2763220071792603,-0.016792255342006682,-0.013332162958236277,-0.018380770683288576,-0.015194573730230332,0.0009995002498750624,0.99999216475661
16,gender_noun_class,A,primary_causal,test,matched_control,5205,8041,changed,50,1.6678919792175293,0.054385919123888016,0.17809106409549713,0.625,0.9150000214576721,1.259529709815979,1.2800583839416504,-0.02052893817424774,-0.016298891573781994,-0.02213098393380642,-0.018736905828118326,0.0009995002498750624,0.9999814450432705
16,gender_noun_class,A,primary_causal,test,matched_control,5205,9728,changed,50,1.6678919792175293,0.054385919123888016,0.17809106409549713,0.625,0.9150000214576721,1.259529709815979,1.2535252571105957,0.006004456579685211,0.004767221076954572,0.004623628355562687,0.007469867512583732,0.0009995002498750624,0.9999884331388769
17,animacy_and_humanness,D,diagnostic_control,val,target,6618,6618,changed,50,0.8138619065284729,0.02977084182202816,0.050939712673425674,0.7724999785423279,0.8274999856948853,0.4498804807662964,0.4217449128627777,0.0281355532258749,0.06254006214706331,0.020818253573030233,0.036534177763387556,0.0009995002498750624,0.9999969817915857
17,animacy_and_humanness,D,diagnostic_control,val,matched_control,6618,5205,changed,50,0.8138619065284729,0.02977084182202816,0.050939712673425674,0.7724999785423279,0.8274999856948853,0.4498804807662964,0.44999217987060547,-0.00011170729994773865,-0.0002483043935524028,-0.0005226351097226143,0.0002650495767593382,0.5367316341829086,0.9999997208514838
17,animacy_and_humanness,D,diagnostic_control,val,matched_control,6618,7247,changed,50,0.8138619065284729,0.02977084182202816,0.050939712673425674,0.7724999785423279,0.8274999856948853,0.4498804807662964,0.46898895502090454,-0.019108505621552467,-0.04247462701427791,-0.02135335343144834,-0.0169517296217382,0.0009995002498750624,0.9999931478493157
17,animacy_and_humanness,D,diagnostic_control,val,matched_control,6618,8041,changed,50,0.8138619065284729,0.02977084182202816,0.050939712673425674,0.7724999785423279,0.8274999856948853,0.4498804807662964,0.4467540383338928,0.0031264160573482515,0.006949436997184059,0.0019534196462482212,0.004347527971491218,0.0009995002498750624,0.9999895419833674
17,animacy_and_humanness,D,diagnostic_control,test,target,6618,6618,changed,50,0.8138619065284729,0.02977084182202816,0.050939712673425674,0.7724999785423279,0.8274999856948853,0.7751635909080505,0.6413155198097229,0.13384811513125897,0.17267079710808547,0.1087561266347766,0.160479421261698,0.0009995002498750624,0.9999538745170636
17,animacy_and_humanness,D,diagnostic_control,test,matched_control,6618,5205,changed,50,0.8138619065284729,0.02977084182202816,0.050939712673425674,0.7724999785423279,0.8274999856948853,0.7751635909080505,0.7755532264709473,-0.00038951270282268526,-0.0005024909675729198,-0.0010981855783611537,0.00028168953023850876,0.2798600699650175,0.9999994344586061
17,animacy_and_humanness,D,diagnostic_control,test,matched_control,6618,7247,changed,50,0.8138619065284729,0.02977084182202816,0.050939712673425674,0.7724999785423279,0.8274999856948853,0.7751635909080505,0.7952876091003418,-0.02012396775186062,-0.02596093003837652,-0.022941625932231546,-0.01736571746505797,0.0009995002498750624,0.9999947663823524
17,animacy_and_humanness,D,diagnostic_control,test,matched_control,6618,8041,changed,50,0.8138619065284729,0.02977084182202816,0.050939712673425674,0.7724999785423279,0.8274999856948853,0.7751635909080505,0.7697378396987915,0.0054257366061210635,0.006999472975459526,0.004050012230873108,0.006680910337716338,0.0009995002498750624,0.9999896788714964
18,person_marking_and_person_hierarchy,B,causal_worth_testing,val,target,13235,13235,changed,50,0.6661167740821838,0.001015374669805169,0.002648671856150031,0.13750000298023224,0.3125,0.5336594581604004,0.5336140990257263,4.532694816589356e-05,8.493609074622599e-05,-0.0010078310817480088,0.0010551903247833247,0.9005497251374313,0.9999996020856924
18,person_marking_and_person_hierarchy,B,causal_worth_testing,val,matched_control,13235,12995,changed,50,0.6661167740821838,0.001015374669805169,0.002648671856150031,0.13750000298023224,0.3125,0.5336594581604004,0.5329275727272034,0.0007319627702236176,0.0013715914878503171,-0.00034952658414840696,0.0017911255322396737,0.18690654672663667,0.9999995246693423
18,person_marking_and_person_hierarchy,B,causal_worth_testing,val,matched_control,13235,6944,changed,50,0.6661167740821838,0.001015374669805169,0.002648671856150031,0.13750000298023224,0.3125,0.5336594581604004,0.5320228338241577,0.0016366098821163177,0.0030667682490964246,7.423125579953193e-05,0.003276831418275833,0.04297851074462768,0.9999986176018044
18,person_marking_and_person_hierarchy,B,causal_worth_testing,val,matched_control,13235,6216,changed,50,0.6661167740821838,0.001015374669805169,0.002648671856150031,0.13750000298023224,0.3125,0.5336594581604004,0.5311955213546753,0.0024639031291007994,0.0046169951481685005,-0.0003001167103648185,0.005440114997327327,0.09295352323838081,0.9999987124713543
18,person_marking_and_person_hierarchy,B,causal_worth_testing,test,target,13235,13235,changed,50,0.6661167740821838,0.001015374669805169,0.002648671856150031,0.13750000298023224,0.3125,0.374948114156723,0.3751407265663147,-0.0001925891637802124,-0.0005136421720998784,-0.000650070458650589,9.982883930206298e-05,0.2818590704647676,0.999999864554136
18,person_marking_and_person_hierarchy,B,causal_worth_testing,test,matched_control,13235,12995,changed,50,0.6661167740821838,0.001015374669805169,0.002648671856150031,0.13750000298023224,0.3125,0.374948114156723,0.37313035130500793,0.0018177872896194458,0.0048481035668301465,0.0005295505598187447,0.0033160385042428965,0.00399800099950025,0.9999996624981297
18,person_marking_and_person_hierarchy,B,causal_worth_testing,test,matched_control,13235,6944,changed,50,0.6661167740821838,0.001015374669805169,0.002648671856150031,0.13750000298023224,0.3125,0.374948114156723,0.3741084635257721,0.0008396565914154053,0.0022393940913767087,0.00012058436870574951,0.0018858508169651029,0.005997001499250375,0.9999998413611126
18,person_marking_and_person_hierarchy,B,causal_worth_testing,test,matched_control,13235,6216,changed,50,0.6661167740821838,0.001015374669805169,0.002648671856150031,0.13750000298023224,0.3125,0.374948114156723,0.3724512755870819,0.002496821731328964,0.006659112653345225,0.00022274145483970644,0.005139487922191619,0.031984007996002,0.999998904570874
19,inclusive_exclusive_distinction,C,exploratory_causal,val,target,6062,6062,basis,50,0.7699591517448425,0.01974029466509819,0.01199771836400032,0.9950000047683716,0.925000011920929,0.22609743475914001,0.2253904491662979,0.0007069853506982326,0.0031269056699001433,-0.00012908994406461715,0.001609427277464419,0.09795102448775612,0.9999993740353041
19,inclusive_exclusive_distinction,C,exploratory_causal,val,matched_control,6062,9728,basis,50,0.7699591517448425,0.01974029466509819,0.01199771836400032,0.9950000047683716,0.925000011920929,0.22609743475914001,0.23514075577259064,-0.009043363779783249,-0.0399976399087282,-0.010297243499197067,-0.007842256166972221,0.0009995002498750624,0.9999930313016424
19,inclusive_exclusive_distinction,C,exploratory_causal,val,matched_control,6062,8041,basis,50,0.7699591517448425,0.01974029466509819,0.01199771836400032,0.9950000047683716,0.925000011920929,0.22609743475914001,0.22211986780166626,0.003977550175040961,0.017592195060851603,0.0027329974137246605,0.005091401248704642,0.0009995002498750624,0.9999910186683636
19,inclusive_exclusive_distinction,C,exploratory_causal,val,matched_control,6062,15325,basis,50,0.7699591517448425,0.01974029466509819,0.01199771836400032,0.9950000047683716,0.925000011920929,0.22609743475914001,0.22635160386562347,-0.00025418683886528013,-0.0011242358372445206,-0.0015929478853940963,0.0010377661529928444,0.7306346826586707,0.9999973476331269
19,inclusive_exclusive_distinction,C,exploratory_causal,test,target,6062,6062,basis,50,0.7699591517448425,0.01974029466509819,0.01199771836400032,0.9950000047683716,0.925000011920929,0.15161389112472534,0.15050454437732697,0.0011093364655971527,0.007316852416145403,0.00030295675992965697,0.0019242124557495106,0.010994502748625687,0.9999994298447058
19,inclusive_exclusive_distinction,C,exploratory_causal,test,matched_control,6062,9728,basis,50,0.7699591517448425,0.01974029466509819,0.01199771836400032,0.9950000047683716,0.925000011920929,0.15161389112472534,0.16098804771900177,-0.009374164398759604,-0.0618291920959138,-0.010363139719702303,-0.008380021400749685,0.0009995002498750624,0.9999929629352438
19,inclusive_exclusive_distinction,C,exploratory_causal,test,matched_control,6062,8041,basis,50,0.7699591517448425,0.01974029466509819,0.01199771836400032,0.9950000047683716,0.925000011920929,0.15161389112472534,0.14778342843055725,0.00383045082911849,0.025264511059658545,0.002357938224449754,0.005367434950545428,0.0009995002498750624,0.9999907683269912
19,inclusive_exclusive_distinction,C,exploratory_causal,test,matched_control,6062,15325,basis,50,0.7699591517448425,0.01974029466509819,0.01199771836400032,0.9950000047683716,0.925000011920929,0.15161389112472534,0.15244077146053314,-0.0008269001543521881,-0.005453986756872678,-0.0024732280233874917,0.0006984725492075071,0.2958520739630185,0.9999940138171306
20,pronoun_richness_and_reduction,A,primary_causal,val,target,6944,6944,basis,50,0.49444854259490967,0.026570091024041176,0.0028541511856019497,0.9024999737739563,0.3700000047683716,0.46069127321243286,0.4573056101799011,0.003385658264160156,0.0073490826959923105,0.00215652996301651,0.004707029499113559,0.0009995002498750624,0.9999983863489159
20,pronoun_richness_and_reduction,A,primary_causal,val,matched_control,6944,8041,basis,50,0.49444854259490967,0.026570091024041176,0.0028541511856019497,0.9024999737739563,0.3700000047683716,0.46069127321243286,0.47525131702423096,-0.014560027718544007,-0.03160473958409479,-0.01672091049700975,-0.012598680362105371,0.0009995002498750624,0.9999898181501743
20,pronoun_richness_and_reduction,A,primary_causal,val,matched_control,6944,9728,basis,50,0.49444854259490967,0.026570091024041176,0.0028541511856019497,0.9024999737739563,0.3700000047683716,0.46069127321243286,0.4615253508090973,-0.0008341369032859803,-0.0018106201523408172,-0.0017197935730218887,0.00012073921412229533,0.095952023988006,0.9999925247305056
20,pronoun_richness_and_reduction,A,primary_causal,val,matched_control,6944,6618,basis,50,0.49444854259490967,0.026570091024041176,0.0028541511856019497,0.9024999737739563,0.3700000047683716,0.46069127321243286,0.4622478783130646,-0.001556602418422699,-0.00337884068775256,-0.0028380276933312417,-0.0003196759000420609,0.012993503248375811,0.9999964177157472
20,pronoun_richness_and_reduction,A,primary_causal,test,target,6944,6944,basis,50,0.49444854259490967,0.026570091024041176,0.0028541511856019497,0.9024999737739563,0.3700000047683716,0.4315686523914337,0.4267222583293915,0.004846399426460266,0.011229729962093194,0.0028208420369774103,0.0068843513019382924,0.0009995002498750624,0.9999987618889086
20,pronoun_richness_and_reduction,A,primary_causal,test,matched_control,6944,8041,basis,50,0.49444854259490967,0.026570091024041176,0.0028541511856019497,0.9024999737739563,0.3700000047683716,0.4315686523914337,0.44728538393974304,-0.015716788452118637,-0.03641781757091911,-0.017759299780707807,-0.01392843107925728,0.0009995002498750624,0.9999898146921679
20,pronoun_richness_and_reduction,A,primary_causal,test,matched_control,6944,9728,basis,50,0.49444854259490967,0.026570091024041176,0.0028541511856019497,0.9024999737739563,0.3700000047683716,0.4315686523914337,0.4323764741420746,-0.0008078338950872422,-0.001871854896343433,-0.002013786650262773,0.0003694637082517144,0.18590704647676162,0.9999926966207316
20,pronoun_richness_and_reduction,A,primary_causal,test,matched_control,6944,6618,basis,50,0.49444854259490967,0.026570091024041176,0.0028541511856019497,0.9024999737739563,0.3700000047683716,0.4315686523914337,0.4356459379196167,-0.004077317211776971,-0.009447667686667001,-0.006155842788517475,-0.002214358615688982,0.0009995002498750624,0.9999864205257499
21,possession_and_alienability,C,exploratory_causal,val,target,15325,15325,changed,50,0.6603939533233643,0.03640627861022949,0.08712397515773773,0.9624999761581421,0.9725000262260437,0.6561417579650879,0.6227338910102844,0.033407843969762326,0.05091558884069667,0.020015115836635233,0.04765962758101523,0.0009995002498750624,0.9999816556088055
21,possession_and_alienability,C,exploratory_causal,val,matched_control,15325,4426,changed,50,0.6603939533233643,0.03640627861022949,0.08712397515773773,0.9624999761581421,0.9725000262260437,0.6561417579650879,0.6662604808807373,-0.010118695683777332,-0.015421508478836565,-0.013226245819590985,-0.006954262955114246,0.0009995002498750624,0.9999956095075635
21,possession_and_alienability,C,exploratory_causal,val,matched_control,15325,7247,changed,50,0.6603939533233643,0.03640627861022949,0.08712397515773773,0.9624999761581421,0.9725000262260437,0.6561417579650879,0.6611586809158325,-0.005016896389424801,-0.007646055640451619,-0.006401487808674574,-0.0036678439360111953,0.0009995002498750624,0.9999987846034801
21,possession_and_alienability,C,exploratory_causal,val,matched_control,15325,8041,changed,50,0.6603939533233643,0.03640627861022949,0.08712397515773773,0.9624999761581421,0.9725000262260437,0.6561417579650879,0.6541626453399658,0.0019791851006448267,0.003016398631269762,-0.0010875293966382741,0.004772106544114647,0.18690654672663667,0.9999827760875355
21,possession_and_alienability,C,exploratory_causal,test,target,15325,15325,changed,50,0.6603939533233643,0.03640627861022949,0.08712397515773773,0.9624999761581421,0.9725000262260437,0.5295239090919495,0.4983448088169098,0.031179157197475434,0.058881490830022774,0.01821711578592658,0.04537818311527371,0.0009995002498750624,0.999981673274182
21,possession_and_alienability,C,exploratory_causal,test,matched_control,15325,4426,changed,50,0.6603939533233643,0.03640627861022949,0.08712397515773773,0.9624999761581421,0.9725000262260437,0.5295239090919495,0.5380891561508179,-0.008565218839794397,-0.01617532030703279,-0.01204996039532125,-0.004926096664741641,0.0009995002498750624,0.9999956895019454
21,possession_and_alienability,C,exploratory_causal,test,matched_control,15325,7247,changed,50,0.6603939533233643,0.03640627861022949,0.08712397515773773,0.9624999761581421,0.9725000262260437,0.5295239090919495,0.5325608253479004,-0.003036839943379164,-0.005735038383038961,-0.0043263973938301205,-0.001624081249814481,0.0009995002498750624,0.9999989806478095
21,possession_and_alienability,C,exploratory_causal,test,matched_control,15325,8041,changed,50,0.6603939533233643,0.03640627861022949,0.08712397515773773,0.9624999761581421,0.9725000262260437,0.5295239090919495,0.5258448123931885,0.003679100461304188,0.006947940212205467,0.0010410056551918387,0.00637893896922469,0.005997001499250375,0.9999813636565817
22,tense_prominence,C,exploratory_causal,val,target,1385,1385,basis,50,0.8393967747688293,0.014848524704575539,0.0012724266853183508,0.26750001311302185,0.042500000447034836,0.4957769513130188,0.4954223930835724,0.0003545355796813965,0.0007151110569832708,-0.0002769136428833008,0.0010932465195655813,0.2848575712143928,0.9999999213767322
22,tense_prominence,C,exploratory_causal,val,matched_control,1385,8551,basis,50,0.8393967747688293,0.014848524704575539,0.0012724266853183508,0.26750001311302185,0.042500000447034836,0.4957769513130188,0.4956144392490387,0.00016251131892204286,0.0003277911941885295,-0.00039203372970223426,0.000864765517413616,0.6866566716641679,0.9999997706369793
22,tense_prominence,C,exploratory_causal,val,matched_control,1385,3132,basis,50,0.8393967747688293,0.014848524704575539,0.0012724266853183508,0.26750001311302185,0.042500000447034836,0.4957769513130188,0.49555084109306335,0.00022609710693359376,0.0004560460229843214,-0.0002858824282884598,0.0007629886418581007,0.3818090954522739,0.9999998816845869
22,tense_prominence,C,exploratory_causal,val,matched_control,1385,758,basis,50,0.8393967747688293,0.014848524704575539,0.0012724266853183508,0.26750001311302185,0.042500000447034836,0.4957769513130188,0.4960314929485321,-0.000254497230052948,-0.0005133300960823933,-0.0008343749977648259,0.0003041993379592891,0.4017991004497751,0.9999996794452335
22,tense_prominence,C,exploratory_causal,test,target,1385,1385,basis,50,0.8393967747688293,0.014848524704575539,0.0012724266853183508,0.26750001311302185,0.042500000447034836,0.570666491985321,0.570666491985321,0.0,0.0,0.0,0.0,1.0,1.0
22,tense_prominence,C,exploratory_causal,test,matched_control,1385,8551,basis,50,0.8393967747688293,0.014848524704575539,0.0012724266853183508,0.26750001311302185,0.042500000447034836,0.570666491985321,0.5707007050514221,-3.428637981414795e-05,-6.0081291429723333e-05,-0.0007673317342996597,0.0006521039679646478,0.9235382308845578,0.9999996252879125
22,tense_prominence,C,exploratory_causal,test,matched_control,1385,3132,basis,50,0.8393967747688293,0.014848524704575539,0.0012724266853183508,0.26750001311302185,0.042500000447034836,0.570666491985321,0.5703735947608948,0.00029288798570632936,0.0005132384498122296,-0.00020798265933990478,0.0009891465306282043,0.31084457771114443,0.9999999006592365
22,tense_prominence,C,exploratory_causal,test,matched_control,1385,758,basis,50,0.8393967747688293,0.014848524704575539,0.0012724266853183508,0.26750001311302185,0.042500000447034836,0.570666491985321,0.5703248381614685,0.0003416204452514648,0.0005986341410426673,-0.0003654223829507828,0.0011576133668422697,0.3618190904547726,0.9999996438637564
23,aspect_and_event_structure,B,causal_worth_testing,val,target,6216,6216,basis,50,0.5119749903678894,0.030069446191191673,0.008117028512060642,0.675000011920929,0.4375,-0.0463641919195652,-0.04714887589216232,0.0007846907526254654,0.016924499708455703,-3.62006276845932e-05,0.0017458628844469783,0.06496751624187906,0.9999995640791672
23,aspect_and_event_structure,B,causal_worth_testing,val,matched_control,6216,8685,basis,50,0.5119749903678894,0.030069446191191673,0.008117028512060642,0.675000011920929,0.4375,-0.0463641919195652,-0.046824827790260315,0.00046064812690019605,0.009935428783043394,-0.0005668194610625505,0.0015846629040315741,0.4207896051974013,0.9999993397200125
23,aspect_and_event_structure,B,causal_worth_testing,val,matched_control,6216,6618,basis,50,0.5119749903678894,0.030069446191191673,0.008117028512060642,0.675000011920929,0.4375,-0.0463641919195652,-0.038114070892333984,-0.008250112179666758,-0.17794146383440573,-0.011240497945342213,-0.005443462760653347,0.0009995002498750624,0.9999956900902724
23,aspect_and_event_structure,B,causal_worth_testing,val,matched_control,6216,758,basis,50,0.5119749903678894,0.030069446191191673,0.008117028512060642,0.675000011920929,0.4375,-0.0463641919195652,-0.038647666573524475,-0.007716517634689808,-0.16643269978859523,-0.012092854206450284,-0.003897674649022521,0.0009995002498750624,0.9999965032108145
23,aspect_and_event_structure,B,causal_worth_testing,test,target,6216,6216,basis,50,0.5119749903678894,0.030069446191191673,0.008117028512060642,0.675000011920929,0.4375,-0.2285914421081543,-0.23068340122699738,0.0020919579267501833,0.009151514630020173,0.00030063538998365404,0.0042388375177979465,0.017991004497751123,0.9999990838327172
23,aspect_and_event_structure,B,causal_worth_testing,test,matched_control,6216,8685,basis,50,0.5119749903678894,0.030069446191191673,0.008117028512060642,0.675000011920929,0.4375,-0.2285914421081543,-0.22802884876728058,-0.000562639981508255,-0.002461334406570002,-0.001718526493757963,0.00041956582665443354,0.31284357821089454,0.9999995919021041
23,aspect_and_event_structure,B,causal_worth_testing,test,matched_control,6216,6618,basis,50,0.5119749903678894,0.030069446191191673,0.008117028512060642,0.675000011920929,0.4375,-0.2285914421081543,-0.2067192792892456,-0.02187221735715866,-0.09568257304580186,-0.03428605901449919,-0.011920543484389793,0.0009995002498750624,0.9999760949595227
23,aspect_and_event_structure,B,causal_worth_testing,test,matched_control,6216,758,basis,50,0.5119749903678894,0.030069446191191673,0.008117028512060642,0.675000011920929,0.4375,-0.2285914421081543,-0.2215106338262558,-0.007080828100442887,-0.03097591071275848,-0.010646205604076385,-0.004225232969969516,0.0009995002498750624,0.9999979302034129
24,modality_and_mood,A,primary_causal,val,target,13197,13197,changed,50,0.5011114478111267,0.004907512571662664,0.026836341246962547,0.2824999988079071,0.5375000238418579,0.20187726616859436,0.1967252492904663,0.005151994526386261,0.025520429437971785,0.0019896956384181977,0.009009422205388546,0.0009995002498750624,0.9999990687963415
24,modality_and_mood,A,primary_causal,val,matched_control,13197,15325,changed,50,0.5011114478111267,0.004907512571662664,0.026836341246962547,0.2824999988079071,0.5375000238418579,0.20187726616859436,0.20169904828071594,0.00017821311950683594,0.000882779536740924,-9.016142785549163e-05,0.0004559938460588454,0.22688655672163918,0.9999998432806353
24,modality_and_mood,A,primary_causal,val,matched_control,13197,6618,changed,50,0.5011114478111267,0.004907512571662664,0.026836341246962547,0.2824999988079071,0.5375000238418579,0.20187726616859436,0.21394148468971252,-0.01206426002085209,-0.059760369504790245,-0.015701027657836677,-0.008660154633224011,0.0009995002498750624,0.9999954561485456
24,modality_and_mood,A,primary_causal,val,matched_control,13197,5205,changed,50,0.5011114478111267,0.004907512571662664,0.026836341246962547,0.2824999988079071,0.5375000238418579,0.20187726616859436,0.2018412947654724,3.595784306526184e-05,0.0001781173469786948,-0.000742364976555109,0.0008627101778984067,0.9775112443778111,0.9999992967543414
24,modality_and_mood,A,primary_causal,test,target,13197,13197,changed,50,0.5011114478111267,0.004907512571662664,0.026836341246962547,0.2824999988079071,0.5375000238418579,0.16647379100322723,0.15814019739627838,0.00833359893411398,0.050059525189478184,0.005198497737757862,0.011760962947271763,0.0009995002498750624,0.999996305497667
24,modality_and_mood,A,primary_causal,test,matched_control,13197,15325,changed,50,0.5011114478111267,0.004907512571662664,0.026836341246962547,0.2824999988079071,0.5375000238418579,0.16647379100322723,0.1658950299024582,0.0005787527933716774,0.003476539999983888,8.066541515290739e-06,0.0011093283146619798,0.04897551224387806,0.9999994846323798
24,modality_and_mood,A,primary_causal,test,matched_control,13197,6618,changed,50,0.5011114478111267,0.004907512571662664,0.026836341246962547,0.2824999988079071,0.5375000238418579,0.16647379100322723,0.17459025979042053,-0.008116484694182873,-0.048755330465355524,-0.012944430015049876,-0.004128198613412678,0.0009995002498750624,0.9999961950408298
24,modality_and_mood,A,primary_causal,test,matched_control,13197,5205,changed,50,0.5011114478111267,0.004907512571662664,0.026836341246962547,0.2824999988079071,0.5375000238418579,0.16647379100322723,0.16580002009868622,0.0006737591419368982,0.004047238534526055,0.00010188955115154386,0.0012809384213760492,0.021989005497251374,0.9999989582148057
25,epistemic_modality,A,primary_causal,val,target,15221,15221,changed,50,0.9697607159614563,0.017178699374198914,0.04477531835436821,0.7174999713897705,1.0,0.3104548156261444,0.3023354709148407,0.00811936028301716,0.026153114315980355,0.005700689977034927,0.010732404271140692,0.0009995002498750624,0.9999992996397907
25,epistemic_modality,A,primary_causal,val,matched_control,15221,8041,changed,50,0.9697607159614563,0.017178699374198914,0.04477531835436821,0.7174999713897705,1.0,0.3104548156261444,0.2857562005519867,0.024698641300201416,0.07955631562804936,0.02256806195527315,0.026878960987552998,0.0009995002498750624,0.9999865701743927
25,epistemic_modality,A,primary_causal,val,matched_control,15221,9728,changed,50,0.9697607159614563,0.017178699374198914,0.04477531835436821,0.7174999713897705,1.0,0.3104548156261444,0.32409965991973877,-0.013644836395978927,-0.04395111851771144,-0.016641381027176976,-0.010761803962290288,0.0009995002498750624,0.9999896667793315
25,epistemic_modality,A,primary_causal,val,matched_control,15221,7247,changed,50,0.9697607159614563,0.017178699374198914,0.04477531835436821,0.7174999713897705,1.0,0.3104548156261444,0.30225688219070435,0.008197960555553436,0.026406292133105694,0.007392820408567787,0.008963859815150499,0.0009995002498750624,0.9999992091817053
25,epistemic_modality,A,primary_causal,test,target,15221,15221,changed,50,0.9697607159614563,0.017178699374198914,0.04477531835436821,0.7174999713897705,1.0,0.255950927734375,0.25233978033065796,0.003611162006855011,0.014108806085683202,0.0017412035651504993,0.005688402168452739,0.0009995002498750624,0.9999994256939432
25,epistemic_modality,A,primary_causal,test,matched_control,15221,8041,changed,50,0.9697607159614563,0.017178699374198914,0.04477531835436821,0.7174999713897705,1.0,0.255950927734375,0.22807428240776062,0.027876678705215454,0.108914153787111,0.02642382499203086,0.02929789663851261,0.0009995002498750624,0.9999857546214967
25,epistemic_modality,A,primary_causal,test,matched_control,15221,9728,changed,50,0.9697607159614563,0.017178699374198914,0.04477531835436821,0.7174999713897705,1.0,0.255950927734375,0.27150389552116394,-0.015552924871444702,-0.060765260783057114,-0.017973195187747478,-0.013185587197542191,0.0009995002498750624,0.9999895830991936
25,epistemic_modality,A,primary_causal,test,matched_control,15221,7247,changed,50,0.9697607159614563,0.017178699374198914,0.04477531835436821,0.7174999713897705,1.0,0.255950927734375,0.24483802914619446,0.011112930104136467,0.043418205991694735,0.009632225073873998,0.012745448771864175,0.0009995002498750624,0.9999979870883035
26,evidentiality,B,causal_worth_testing,val,target,6900,6900,changed,50,2.7347798347473145,0.0034340214915573597,0.0373503714799881,0.22750000655651093,0.8025000095367432,1.1929889917373657,1.18608820438385,0.006900719106197357,0.005784394620563722,0.005483486883342266,0.008396530948579312,0.0009995002498750624,0.9999969555185877
26,evidentiality,B,causal_worth_testing,val,matched_control,6900,6618,changed,50,2.7347798347473145,0.0034340214915573597,0.0373503714799881,0.22750000655651093,0.8025000095367432,1.1929889917373657,1.2013070583343506,-0.008318079710006714,-0.006972469794455508,-0.01105041781067848,-0.005836150318384171,0.0009995002498750624,0.9999956442765492
26,evidentiality,B,causal_worth_testing,val,matched_control,6900,1302,changed,50,2.7347798347473145,0.0034340214915573597,0.0373503714799881,0.22750000655651093,0.8025000095367432,1.1929889917373657,1.178586483001709,0.014402509182691575,0.012072625382499974,0.011611950002610684,0.017804510027170175,0.0009995002498750624,0.9999921058367535
26,evidentiality,B,causal_worth_testing,val,matched_control,6900,11461,changed,50,2.7347798347473145,0.0034340214915573597,0.0373503714799881,0.22750000655651093,0.8025000095367432,1.1929889917373657,1.1952731609344482,-0.0022841548919677736,-0.0019146487585282145,-0.004200560808181763,-0.0004784338474273703,0.013993003498250875,0.9999990664832664
26,evidentiality,B,causal_worth_testing,test,target,6900,6900,changed,50,2.7347798347473145,0.0034340214915573597,0.0373503714799881,0.22750000655651093,0.8025000095367432,-0.3860616385936737,-0.38996532559394836,0.0039036351442337035,0.010111429766639526,0.0026183811128139495,0.005118222847580909,0.0009995002498750624,0.999998184435514
26,evidentiality,B,causal_worth_testing,test,matched_control,6900,6618,changed,50,2.7347798347473145,0.0034340214915573597,0.0373503714799881,0.22750000655651093,0.8025000095367432,-0.3860616385936737,-0.37257710099220276,-0.013484551049768924,-0.034928492504175714,-0.017089051260612904,-0.010001902244985103,0.0009995002498750624,0.9999866148836847
26,evidentiality,B,causal_worth_testing,test,matched_control,6900,1302,changed,50,2.7347798347473145,0.0034340214915573597,0.0373503714799881,0.22750000655651093,0.8025000095367432,-0.3860616385936737,-0.40749967098236084,0.02143800914287567,0.05553001645273276,0.016101396135985848,0.02720516272634267,0.0009995002498750624,0.9999933914934903
26,evidentiality,B,causal_worth_testing,test,matched_control,6900,11461,changed,50,2.7347798347473145,0.0034340214915573597,0.0373503714799881,0.22750000655651093,0.8025000095367432,-0.3860616385936737,-0.38648879528045654,0.00042716436088085174,0.001106466735303992,-0.0018804802391678094,0.002640548655763268,0.6696651674162919,0.9999985776433427
27,mirativity_stance_and_affect_marking,C,exploratory_causal,val,target,1887,1887,changed,50,1.322401523590088,0.0008605422917753458,0.036371756345033646,0.10000000149011612,1.0,1.3242765665054321,1.320035457611084,0.004241263270378113,0.0032027020470279653,0.0030309526622295377,0.005543308511376381,0.0009995002498750624,0.9999968393712738
27,mirativity_stance_and_affect_marking,C,exploratory_causal,val,matched_control,1887,8041,changed,50,1.322401523590088,0.0008605422917753458,0.036371756345033646,0.10000000149011612,1.0,1.3242765665054321,1.3508453369140625,-0.026568811535835266,-0.02006288732114802,-0.028086473956704137,-0.024966734513640405,0.0009995002498750624,0.9999885058965765
27,mirativity_stance_and_affect_marking,C,exploratory_causal,val,matched_control,1887,9728,changed,50,1.322401523590088,0.0008605422917753458,0.036371756345033646,0.10000000149011612,1.0,1.3242765665054321,1.3161793947219849,0.008097159266471863,0.0061144019846541995,0.0067510978579521175,0.009570642516016957,0.0009995002498750624,0.999991702983168
27,mirativity_stance_and_affect_marking,C,exploratory_causal,val,matched_control,1887,7247,changed,50,1.322401523590088,0.0008605422917753458,0.036371756345033646,0.10000000149011612,1.0,1.3242765665054321,1.3212116956710815,0.0030650031566619874,0.00231447360331239,0.0013064814805984497,0.004749950438737867,0.001999000499750125,0.9999972212974488
27,mirativity_stance_and_affect_marking,C,exploratory_causal,test,target,1887,1887,changed,50,1.322401523590088,0.0008605422917753458,0.036371756345033646,0.10000000149011612,1.0,0.7793334126472473,0.7751731276512146,0.004160265922546386,0.005338236311997396,0.0037020117938518526,0.004610055908560753,0.0009995002498750624,0.9999996436787995
27,mirativity_stance_and_affect_marking,C,exploratory_causal,test,matched_control,1887,8041,changed,50,1.322401523590088,0.0008605422917753458,0.036371756345033646,0.10000000149011612,1.0,0.7793334126472473,0.8061946034431458,-0.02686115264892578,-0.034466830515688475,-0.028674001425504685,-0.025168223559856415,0.0009995002498750624,0.9999866424863195
27,mirativity_stance_and_affect_marking,C,exploratory_causal,test,matched_control,1887,9728,changed,50,1.322401523590088,0.0008605422917753458,0.036371756345033646,0.10000000149011612,1.0,0.7793334126472473,0.7681402564048767,0.011193163394927978,0.014362483647283814,0.009357607871294022,0.012985808700323103,0.0009995002498750624,0.9999899524494282
27,mirativity_stance_and_affect_marking,C,exploratory_causal,test,matched_control,1887,7247,changed,50,1.322401523590088,0.0008605422917753458,0.036371756345033646,0.10000000149011612,1.0,0.7793334126472473,0.7829286456108093,-0.0035951876640319823,-0.004613157354334153,-0.0045243771523237235,-0.002692699730396271,0.0009995002498750624,0.9999991913057856
28,negation_and_polarity_structure,D,diagnostic_control,val,target,4382,4382,changed,50,0.7046228051185608,0.003207191126421094,0.005501271691173315,0.23499999940395355,0.4350000023841858,0.26806697249412537,0.26677393913269043,0.0012930401228368282,0.004823571180016087,9.401018032804132e-05,0.002487454529386014,0.03698150924537731,0.9999997106296867
28,negation_and_polarity_structure,D,diagnostic_control,val,matched_control,4382,1385,changed,50,0.7046228051185608,0.003207191126421094,0.005501271691173315,0.23499999940395355,0.4350000023841858,0.26806697249412537,0.2681880295276642,-0.00012105531990528107,-0.000451586104692304,-0.0009044862873852253,0.0005924167297780512,0.7596201899050474,0.9999998656800017
28,negation_and_polarity_structure,D,diagnostic_control,val,matched_control,4382,6900,changed,50,0.7046228051185608,0.003207191126421094,0.005501271691173315,0.23499999940395355,0.4350000023841858,0.26806697249412537,0.2676863968372345,0.0003805960156023502,0.0014197795873965447,-0.00033405120810493826,0.001032750499434769,0.27386306846576713,0.9999997344547691
28,negation_and_polarity_structure,D,diagnostic_control,val,matched_control,4382,8685,changed,50,0.7046228051185608,0.003207191126421094,0.005501271691173315,0.23499999940395355,0.4350000023841858,0.26806697249412537,0.2685660421848297,-0.0004990481957793236,-0.001861654910846058,-0.0016927022887393832,0.000659451860934495,0.41879060469765117,0.9999997594405465
28,negation_and_polarity_structure,D,diagnostic_control,test,target,4382,4382,changed,50,0.7046228051185608,0.003207191126421094,0.005501271691173315,0.23499999940395355,0.4350000023841858,0.2558494806289673,0.25621554255485535,-0.0003660872578620911,-0.0014308696541502483,-0.001686245223507285,0.0009761176593601698,0.623688155922039,0.9999994742137607
28,negation_and_polarity_structure,D,diagnostic_control,test,matched_control,4382,1385,changed,50,0.7046228051185608,0.003207191126421094,0.005501271691173315,0.23499999940395355,0.4350000023841858,0.2558494806289673,0.2544870376586914,0.001362454779446125,0.005325220032093619,-0.0002487918883562088,0.0029766543135046957,0.10394802598700649,0.9999993959948571
28,negation_and_polarity_structure,D,diagnostic_control,test,matched_control,4382,6900,changed,50,0.7046228051185608,0.003207191126421094,0.005501271691173315,0.23499999940395355,0.4350000023841858,0.2558494806289673,0.2554708421230316,0.00037863805890083315,0.0014799250636351056,-8.120383322238923e-05,0.0008600327894091603,0.10094952523738131,0.9999998900225083
28,negation_and_polarity_structure,D,diagnostic_control,test,matched_control,4382,8685,changed,50,0.7046228051185608,0.003207191126421094,0.005501271691173315,0.23499999940395355,0.4350000023841858,0.2558494806289673,0.2555742859840393,0.000275186151266098,0.0010755783071733991,-0.0002536460366100073,0.0009133026991039511,0.36081959020489757,0.9999998811284181
29,quantifier_scope_and_distributivity,B,causal_worth_testing,val,target,8551,8551,changed,50,0.5716288685798645,0.02773747406899929,0.050832681357860565,0.762499988079071,0.9075000286102295,0.32321128249168396,0.31225159764289856,0.010959717780351638,0.033908834171448285,0.008382858827710152,0.013734399193897842,0.0009995002498750624,0.9999934585630074
29,quantifier_scope_and_distributivity,B,causal_worth_testing,val,matched_control,8551,1858,changed,50,0.5716288685798645,0.02773747406899929,0.050832681357860565,0.762499988079071,0.9075000286102295,0.32321128249168396,0.33712729811668396,-0.01391592413187027,-0.0430551929517755,-0.0167463000472635,-0.011202480034902693,0.0009995002498750624,0.999996421840188
29,quantifier_scope_and_distributivity,B,causal_worth_testing,val,matched_control,8551,7247,changed,50,0.5716288685798645,0.02773747406899929,0.050832681357860565,0.762499988079071,0.9075000286102295,0.32321128249168396,0.3259024918079376,-0.002691161260008812,-0.008326322148355245,-0.0033139361944049595,-0.002094516193494201,0.0009995002498750624,0.9999961331810794
29,quantifier_scope_and_distributivity,B,causal_worth_testing,val,matched_control,8551,9728,changed,50,0.5716288685798645,0.02773747406899929,0.050832681357860565,0.762499988079071,0.9075000286102295,0.32321128249168396,0.32123079895973206,0.0019804875552654265,0.006127532244535379,0.0008479170408099891,0.0031039639785885808,0.001999000499750125,0.9999866145234374
29,quantifier_scope_and_distributivity,B,causal_worth_testing,test,target,8551,8551,changed,50,0.5716288685798645,0.02773747406899929,0.050832681357860565,0.762499988079071,0.9075000286102295,0.38418513536453247,0.3783644437789917,0.005820657536387444,0.015150657848499362,0.004533934047445655,0.007119134115055203,0.0009995002498750624,0.9999970057717406
29,quantifier_scope_and_distributivity,B,causal_worth_testing,test,matched_control,8551,1858,changed,50,0.5716288685798645,0.02773747406899929,0.050832681357860565,0.762499988079071,0.9075000286102295,0.38418513536453247,0.3894759714603424,-0.005290861092507839,-0.01377164446377559,-0.006973905611783266,-0.0037499966556206353,0.0009995002498750624,0.999998424751097
29,quantifier_scope_and_distributivity,B,causal_worth_testing,test,matched_control,8551,7247,changed,50,0.5716288685798645,0.02773747406899929,0.050832681357860565,0.762499988079071,0.9075000286102295,0.38418513536453247,0.38741838932037354,-0.0032332636415958404,-0.008415899898177924,-0.004937347691506147,-0.0014520368967205289,0.0009995002498750624,0.9999942569868508
29,quantifier_scope_and_distributivity,B,causal_worth_testing,test,matched_control,8551,9728,changed,50,0.5716288685798645,0.02773747406899929,0.050832681357860565,0.762499988079071,0.9075000286102295,0.38418513536453247,0.38308724761009216,0.0010978991724550724,0.0028577346476805652,5.8913901448249823e-05,0.002229117130860686,0.035982008995502246,0.9999890838050302
30,conditional_and_counterfactual_marking,B,causal_worth_testing,val,target,11810,11810,changed,50,1.203942894935608,0.0008135774987749755,0.016143588349223137,0.0949999988079071,0.5674999952316284,0.3433053195476532,0.34335842728614807,-5.312025547027588e-05,-0.00015473181580835486,-0.00015936076641082764,0.0,0.6846576711644178,0.999999993711586
30,conditional_and_counterfactual_marking,B,causal_worth_testing,val,matched_control,11810,6944,changed,50,1.203942894935608,0.0008135774987749755,0.016143588349223137,0.0949999988079071,0.5674999952316284,0.3433053195476532,0.3422711491584778,0.001034095510840416,0.0030121744463586044,0.00047186576761305333,0.0016296654194593429,0.001999000499750125,0.9999996816859132
30,conditional_and_counterfactual_marking,B,causal_worth_testing,val,matched_control,11810,758,changed,50,1.203942894935608,0.0008135774987749755,0.016143588349223137,0.0949999988079071,0.5674999952316284,0.3433053195476532,0.343617707490921,-0.0003124447911977768,-0.0009101076313337091,-0.0009877709560096263,0.0003424014057964084,0.35582208895552225,0.999999433105487
30,conditional_and_counterfactual_marking,B,causal_worth_testing,val,matched_control,11810,6216,changed,50,1.203942894935608,0.0008135774987749755,0.016143588349223137,0.0949999988079071,0.5674999952316284,0.3433053195476532,0.3440905511379242,-0.0007852524518966675,-0.0022873296951277473,-0.0019175612181425094,0.00044733506068587,0.18590704647676162,0.9999985997069935
30,conditional_and_counterfactual_marking,B,causal_worth_testing,test,target,11810,11810,changed,50,1.203942894935608,0.0008135774987749755,0.016143588349223137,0.0949999988079071,0.5674999952316284,0.47108420729637146,0.47105148434638977,3.275096416473389e-05,6.952252624365605e-05,-0.00013240893185138703,0.00019732154905796032,0.6656671664167916,0.999999935913281
30,conditional_and_counterfactual_marking,B,causal_worth_testing,test,matched_control,11810,6944,changed,50,1.203942894935608,0.0008135774987749755,0.016143588349223137,0.0949999988079071,0.5674999952316284,0.47108420729637146,0.4705280661582947,0.000556141622364521,0.0011805567109886954,0.00021653231978416445,0.000939147666096687,0.0009995002498750624,0.9999997802265095
30,conditional_and_counterfactual_marking,B,causal_worth_testing,test,matched_control,11810,758,changed,50,1.203942894935608,0.0008135774987749755,0.016143588349223137,0.0949999988079071,0.5674999952316284,0.47108420729637146,0.4712211489677429,-0.0001369558647274971,-0.0002907248058972492,-0.00043699467182159424,0.0002037237249314782,0.35582208895552225,0.9999997766530686
30,conditional_and_counterfactual_marking,B,causal_worth_testing,test,matched_control,11810,6216,changed,50,1.203942894935608,0.0008135774987749755,0.016143588349223137,0.0949999988079071,0.5674999952316284,0.47108420729637146,0.47201070189476013,-0.0009264621511101723,-0.001966659329182968,-0.0017717248629778625,-0.00014130118954926743,0.025987006496751622,0.9999982647652156
31,subordination_and_embedding,B,causal_worth_testing,val,target,11461,11461,changed,50,1.6272969245910645,0.0011783890658989549,0.06597478687763214,0.03999999910593033,1.0,1.0476709604263306,1.0454962253570557,0.0021748578548431395,0.002075897812380063,-0.0003585272282361984,0.0044255846440792055,0.08495752123938032,0.9999878646465664
31,subordination_and_embedding,B,causal_worth_testing,val,matched_control,11461,7247,changed,50,1.6272969245910645,0.0011783890658989549,0.06597478687763214,0.03999999910593033,1.0,1.0476709604263306,1.0481460094451904,-0.00047489345073699953,-0.000453284923105772,-0.0013218078464269636,0.00044251656532287565,0.3258370814592704,0.9999991168916702
31,subordination_and_embedding,B,causal_worth_testing,val,matched_control,11461,8041,changed,50,1.6272969245910645,0.0011783890658989549,0.06597478687763214,0.03999999910593033,1.0,1.0476709604263306,1.0480707883834839,-0.00039969682693481446,-0.0003815098843363618,-0.002691618278622627,0.001820664405822754,0.7426286856571714,0.9999872678787572
31,subordination_and_embedding,B,causal_worth_testing,val,matched_control,11461,9728,changed,50,1.6272969245910645,0.0011783890658989549,0.06597478687763214,0.03999999910593033,1.0,1.0476709604263306,1.0352635383605957,0.012407432794570922,0.011842871725223676,0.011087516695261002,0.013672714844346047,0.0009995002498750624,0.9999901086789623
31,subordination_and_embedding,B,causal_worth_testing,test,target,11461,11461,changed,50,1.6272969245910645,0.0011783890658989549,0.06597478687763214,0.03999999910593033,1.0,0.024890372529625893,0.024326233193278313,0.000564115047454834,0.02266398571509499,-0.0026792720556259157,0.003674233585596084,0.7216391804097951,0.9999846812744454
31,subordination_and_embedding,B,causal_worth_testing,test,matched_control,11461,7247,changed,50,1.6272969245910645,0.0011783890658989549,0.06597478687763214,0.03999999910593033,1.0,0.024890372529625893,0.02196810208261013,0.00292228102684021,0.11740607832855655,0.0020873770117759705,0.0038337911963462817,0.0009995002498750624,0.9999988036050662
31,subordination_and_embedding,B,causal_worth_testing,test,matched_control,11461,8041,changed,50,1.6272969245910645,0.0011783890658989549,0.06597478687763214,0.03999999910593033,1.0,0.024890372529625893,0.02622140385210514,-0.001331028938293457,-0.05347565355677955,-0.0030682203471660615,0.0006048182547092434,0.18290854572713644,0.9999844848630772
31,subordination_and_embedding,B,causal_worth_testing,test,matched_control,11461,9728,changed,50,1.6272969245910645,0.0011783890658989549,0.06597478687763214,0.03999999910593033,1.0,0.024890372529625893,0.00971871055662632,0.015171647071838379,0.6095387706142305,0.013427465468645096,0.0168466619849205,0.0009995002498750624,0.9999885781042334
32,quotation_and_reported_speech_structure,B,causal_worth_testing,val,target,1754,1754,basis,50,1.3875476121902466,0.04297691211104393,0.0005965440068393946,0.7524999976158142,0.07249999791383743,0.9825429320335388,0.9813169836997986,0.0012259069085121155,0.0012476878806454734,-0.0005984863638877869,0.0030891220718622177,0.19390304847576212,0.999994451147505
32,quotation_and_reported_speech_structure,B,causal_worth_testing,val,matched_control,1754,6618,basis,50,1.3875476121902466,0.04297691211104393,0.0005965440068393946,0.7524999976158142,0.07249999791383743,0.9825429320335388,0.9836636185646057,-0.001120666116476059,-0.0011405772510689695,-0.003706234946846962,0.0009802047610282896,0.3538230884557721,0.9999960569203132
32,quotation_and_reported_speech_structure,B,causal_worth_testing,val,matched_control,1754,5205,basis,50,1.3875476121902466,0.04297691211104393,0.0005965440068393946,0.7524999976158142,0.07249999791383743,0.9825429320335388,0.9813629984855652,0.0011799317970871926,0.0012008959187616607,0.00018801658507436515,0.0024032860165461895,0.01899050474762619,0.9999992676071453
32,quotation_and_reported_speech_structure,B,causal_worth_testing,val,matched_control,1754,11461,basis,50,1.3875476121902466,0.04297691211104393,0.0005965440068393946,0.7524999976158142,0.07249999791383743,0.9825429320335388,0.990864098072052,-0.008321123234927653,-0.008468966559767196,-0.01130144998524338,-0.005567385256290436,0.0009995002498750624,0.9999973623253114
32,quotation_and_reported_speech_structure,B,causal_worth_testing,test,target,1754,1754,basis,50,1.3875476121902466,0.04297691211104393,0.0005965440068393946,0.7524999976158142,0.07249999791383743,1.1416685581207275,1.134130597114563,0.00753791332244873,0.006602540876536622,0.004687287002801895,0.010354875728487967,0.0009995002498750624,0.9999935192708496
32,quotation_and_reported_speech_structure,B,causal_worth_testing,test,matched_control,1754,6618,basis,50,1.3875476121902466,0.04297691211104393,0.0005965440068393946,0.7524999976158142,0.07249999791383743,1.1416685581207275,1.14418625831604,-0.0025177097320556643,-0.002205289542351945,-0.004967874795198441,-0.00036409647762775566,0.021989005497251374,0.9999828959698361
32,quotation_and_reported_speech_structure,B,causal_worth_testing,test,matched_control,1754,5205,basis,50,1.3875476121902466,0.04297691211104393,0.0005965440068393946,0.7524999976158142,0.07249999791383743,1.1416685581207275,1.140995740890503,0.000672643780708313,0.000589176058080758,-0.00011963358521461487,0.0014577533602714537,0.1089455272363818,0.9999991604099056
32,quotation_and_reported_speech_structure,B,causal_worth_testing,test,matched_control,1754,11461,basis,50,1.3875476121902466,0.04297691211104393,0.0005965440068393946,0.7524999976158142,0.07249999791383743,1.1416685581207275,1.1442822217941284,-0.00261369526386261,-0.002289364321432263,-0.003813861295580864,-0.001483398333191872,0.0009995002498750624,0.9999993213742004
33,discourse_relation_marking,D,diagnostic_control,val,target,9728,9728,basis,50,0.6396195292472839,0.03205912560224533,0.030108487233519554,1.0,1.0,0.05460305139422417,0.055700406432151794,-0.0010973493754863738,-0.02009685077054961,-0.0022720771320164207,0.00013669230975210588,0.07496251874062969,0.9999871489367199
33,discourse_relation_marking,D,diagnostic_control,val,matched_control,9728,8041,basis,50,0.6396195292472839,0.03205912560224533,0.030108487233519554,1.0,1.0,0.05460305139422417,0.06147867813706398,-0.006875625923275948,-0.12592017749402265,-0.008177514946088194,-0.005608081851154566,0.0009995002498750624,0.9999854687511128
33,discourse_relation_marking,D,diagnostic_control,val,matched_control,9728,7247,basis,50,0.6396195292472839,0.03205912560224533,0.030108487233519554,1.0,1.0,0.05460305139422417,0.03460673987865448,0.019996316321194172,0.3662124333826031,0.016792774190194905,0.023143665001727643,0.0009995002498750624,0.999990551409067
33,discourse_relation_marking,D,diagnostic_control,val,matched_control,9728,6618,basis,50,0.6396195292472839,0.03205912560224533,0.030108487233519554,1.0,1.0,0.05460305139422417,0.07613419741392136,-0.02153114043176174,-0.39432119418218586,-0.02813181342370808,-0.015501860911026597,0.0009995002498750624,0.9999923803504391
33,discourse_relation_marking,D,diagnostic_control,test,target,9728,9728,basis,50,0.6396195292472839,0.03205912560224533,0.030108487233519554,1.0,1.0,-0.12750738859176636,-0.12549443542957306,-0.0020129356533288957,-0.015786815772485193,-0.003310950683429837,-0.0007395731657743457,0.0009995002498750624,0.9999879966566053
33,discourse_relation_marking,D,diagnostic_control,test,matched_control,9728,8041,basis,50,0.6396195292472839,0.03205912560224533,0.030108487233519554,1.0,1.0,-0.12750738859176636,-0.12178441137075424,-0.005722979232668877,-0.04488351064103301,-0.00698685814999044,-0.004493287051096559,0.0009995002498750624,0.9999859076769794
33,discourse_relation_marking,D,diagnostic_control,test,matched_control,9728,7247,basis,50,0.6396195292472839,0.03205912560224533,0.030108487233519554,1.0,1.0,-0.12750738859176636,-0.1516454815864563,0.02413809210062027,0.1893073991021957,0.021084906954318285,0.027174855759367345,0.0009995002498750624,0.9999896708622532
33,discourse_relation_marking,D,diagnostic_control,test,matched_control,9728,6618,basis,50,0.6396195292472839,0.03205912560224533,0.030108487233519554,1.0,1.0,-0.12750738859176636,-0.10455038398504257,-0.02295700542628765,-0.1800445109874211,-0.031669195421040054,-0.015452984690666203,0.0009995002498750624,0.9999878662650385
34,topic_comment_structure,D,diagnostic_control,val,target,1302,1302,changed,50,0.9796330332756042,0.035081781446933746,0.04006367176771164,1.0,1.0,0.7107378244400024,0.7087001204490662,0.002037827856838703,0.002867200515808102,0.0009949355982244016,0.0030904833124950517,0.001999000499750125,0.9999968425728146
34,topic_comment_structure,D,diagnostic_control,val,matched_control,1302,1887,changed,50,0.9796330332756042,0.035081781446933746,0.04006367176771164,1.0,1.0,0.7107378244400024,0.7073339819908142,0.0034038840979337694,0.004789226042128438,0.0015389870461076497,0.00548763346299529,0.001999000499750125,0.9999970309254209
34,topic_comment_structure,D,diagnostic_control,val,matched_control,1302,8041,changed,50,0.9796330332756042,0.035081781446933746,0.04006367176771164,1.0,1.0,0.7107378244400024,0.6983307003974915,0.012407147102057934,0.017456714241758063,0.011171721141785385,0.013707534290850164,0.0009995002498750624,0.9999862219141541
34,topic_comment_structure,D,diagnostic_control,val,matched_control,1302,7247,changed,50,0.9796330332756042,0.035081781446933746,0.04006367176771164,1.0,1.0,0.7107378244400024,0.7027039527893066,0.00803399033844471,0.011303732631332478,0.006219114035367966,0.009889052277430891,0.0009995002498750624,0.9999977440759151
34,topic_comment_structure,D,diagnostic_control,test,target,1302,1302,changed,50,0.9796330332756042,0.035081781446933746,0.04006367176771164,1.0,1.0,0.6247079968452454,0.6222013831138611,0.0025065901875495913,0.004012418922453032,0.0014765655994415283,0.003580523200333116,0.0009995002498750624,0.99999519089152
34,topic_comment_structure,D,diagnostic_control,test,matched_control,1302,1887,changed,50,0.9796330332756042,0.035081781446933746,0.04006367176771164,1.0,1.0,0.6247079968452454,0.6192806363105774,0.005427363365888596,0.008687840388303976,0.0030250481106340885,0.007959586087614295,0.0009995002498750624,0.9999928496737912
34,topic_comment_structure,D,diagnostic_control,test,matched_control,1302,8041,changed,50,0.9796330332756042,0.035081781446933746,0.04006367176771164,1.0,1.0,0.6247079968452454,0.6136820316314697,0.011025979369878768,0.017649813073563326,0.009829162746667862,0.012188333451747893,0.0009995002498750624,0.9999890269569609
34,topic_comment_structure,D,diagnostic_control,test,matched_control,1302,7247,changed,50,0.9796330332756042,0.035081781446933746,0.04006367176771164,1.0,1.0,0.6247079968452454,0.6203418970108032,0.00436606153845787,0.006988963740669779,0.0026854525469243527,0.006027561232447624,0.0009995002498750624,0.9999974067236483
35,focus_and_given_new_marking,B,causal_worth_testing,val,target,7136,7136,changed,50,0.9464147686958313,0.000947525491937995,0.010653708130121231,0.13249999284744263,0.5199999809265137,0.32183727622032166,0.32113325595855713,0.000704017411917448,0.0021874949359051107,0.00032241201400756833,0.0010959223383106291,0.0009995002498750624,0.9999992560370443
35,focus_and_given_new_marking,B,causal_worth_testing,val,matched_control,7136,1385,changed,50,0.9464147686958313,0.000947525491937995,0.010653708130121231,0.13249999284744263,0.5199999809265137,0.32183727622032166,0.3210669457912445,0.0007703192345798015,0.0023935053255063608,6.632883055135608e-05,0.0016056735902093347,0.026986506746626688,0.9999996053864523
35,focus_and_given_new_marking,B,causal_worth_testing,val,matched_control,7136,1887,changed,50,0.9464147686958313,0.000947525491937995,0.010653708130121231,0.13249999284744263,0.5199999809265137,0.32183727622032166,0.3182767927646637,0.0035604967176914217,0.011063033963952628,0.002387388451490551,0.004835623337887227,0.0009995002498750624,0.9999982880873306
35,focus_and_given_new_marking,B,causal_worth_testing,val,matched_control,7136,932,changed,50,0.9464147686958313,0.000947525491937995,0.010653708130121231,0.13249999284744263,0.5199999809265137,0.32183727622032166,0.3212517499923706,0.0005855203792452812,0.0018193056631651604,0.000207219029776752,0.0011147670131176708,0.0029985007496251873,0.9999998119623191
35,focus_and_given_new_marking,B,causal_worth_testing,test,target,7136,7136,changed,50,0.9464147686958313,0.000947525491937995,0.010653708130121231,0.13249999284744263,0.5199999809265137,0.832622230052948,0.8326433300971985,-2.1061971783638e-05,-2.5295951781516367e-05,-0.0002553881797939539,0.00019131627678871152,0.8745627186406797,0.9999999422021771
35,focus_and_given_new_marking,B,causal_worth_testing,test,matched_control,7136,1385,changed,50,0.9464147686958313,0.000947525491937995,0.010653708130121231,0.13249999284744263,0.5199999809265137,0.832622230052948,0.8317961096763611,0.0008261176943778992,0.000992187890930278,0.000234197698533535,0.0014824986457824705,0.008995502248875561,0.999999757756636
35,focus_and_given_new_marking,B,causal_worth_testing,test,matched_control,7136,1887,changed,50,0.9464147686958313,0.000947525491937995,0.010653708130121231,0.13249999284744263,0.5199999809265137,0.832622230052948,0.828661322593689,0.003960870392620564,0.0047571038217039735,0.0027727920152246953,0.005275056258775293,0.0009995002498750624,0.9999974951240095
35,focus_and_given_new_marking,B,causal_worth_testing,test,matched_control,7136,932,changed,50,0.9464147686958313,0.000947525491937995,0.010653708130121231,0.13249999284744263,0.5199999809265137,0.832622230052948,0.8325769305229187,4.5287609100341794e-05,5.439154452729646e-05,-6.261825561523437e-05,0.00017262744903564445,0.463768115942029,0.9999999681456845
36,genericity_and_kind_level_reference,D,diagnostic_control,val,target,1858,1858,changed,50,0.6160381436347961,0.0017867949791252613,0.007848762907087803,0.14749999344348907,0.32249999046325684,0.6072861552238464,0.6070014238357544,0.0002847445011138916,0.00046888027771509866,-4.476645588874817e-05,0.0007244669795036315,0.1089455272363818,0.9999998067868106
36,genericity_and_kind_level_reference,D,diagnostic_control,val,matched_control,1858,6944,changed,50,0.6160381436347961,0.0017867949791252613,0.007848762907087803,0.14749999344348907,0.32249999046325684,0.6072861552238464,0.6072354316711426,5.068540573120117e-05,8.34621459672804e-05,-0.000513248085975647,0.0006460697054862973,0.8685657171414293,0.9999998121787566
36,genericity_and_kind_level_reference,D,diagnostic_control,val,matched_control,1858,4426,changed,50,0.6160381436347961,0.0017867949791252613,0.007848762907087803,0.14749999344348907,0.32249999046325684,0.6072861552238464,0.6068565249443054,0.0004296422004699707,0.0007074789977907598,0.0,0.0009649014472961426,0.06496751624187906,0.9999999638179404
36,genericity_and_kind_level_reference,D,diagnostic_control,val,matched_control,1858,14441,changed,50,0.6160381436347961,0.0017867949791252613,0.007848762907087803,0.14749999344348907,0.32249999046325684,0.6072861552238464,0.6073512434959412,-6.50709867477417e-05,-0.00010715045318916658,-0.00039115840196609497,0.00022328561544418337,0.655672163918041,0.9999998876798333
36,genericity_and_kind_level_reference,D,diagnostic_control,test,target,1858,1858,changed,50,0.6160381436347961,0.0017867949791252613,0.007848762907087803,0.14749999344348907,0.32249999046325684,0.6099789142608643,0.6078285574913025,0.002150401473045349,0.003525370177182397,0.000980943500995636,0.003566921934485435,0.0009995002498750624,0.9999992584667843
36,genericity_and_kind_level_reference,D,diagnostic_control,test,matched_control,1858,6944,changed,50,0.6160381436347961,0.0017867949791252613,0.007848762907087803,0.14749999344348907,0.32249999046325684,0.6099789142608643,0.6095747947692871,0.0004041886329650879,0.0006626272212292114,-0.0002690083086490631,0.001121198192238807,0.2538730634682659,0.9999997127381746
36,genericity_and_kind_level_reference,D,diagnostic_control,test,matched_control,1858,4426,changed,50,0.6160381436347961,0.0017867949791252613,0.007848762907087803,0.14749999344348907,0.32249999046325684,0.6099789142608643,0.6101614832878113,-0.0001825147867202759,-0.00029921491129154246,-0.0006196165084838867,0.0002060621976852417,0.3818090954522739,0.9999999348005975
36,genericity_and_kind_level_reference,D,diagnostic_control,test,matched_control,1858,14441,changed,50,0.6160381436347961,0.0017867949791252613,0.007848762907087803,0.14749999344348907,0.32249999046325684,0.6099789142608643,0.6102353930473328,-0.00025646090507507323,-0.00042044224657476417,-0.0006941936016082764,4.9881935119628906e-05,0.14192903548225888,0.9999998913536843
37,social_deixis_honorifics_status_encoding,A,primary_causal,val,target,2081,2081,changed,50,1.070255994796753,0.0030382585246115923,0.031621359288692474,0.20250000059604645,0.8324999809265137,0.662452757358551,0.6617493629455566,0.0007033908367156983,0.0010617977341061766,0.00035097143054008486,0.0010898733139038084,0.0009995002498750624,0.9999999418049765
37,social_deixis_honorifics_status_encoding,A,primary_causal,val,matched_control,2081,8551,changed,50,1.070255994796753,0.0030382585246115923,0.031621359288692474,0.20250000059604645,0.8324999809265137,0.662452757358551,0.6646921038627625,-0.002239351272583008,-0.0033803939189749107,-0.003327056735754013,-0.0012563404738903047,0.0009995002498750624,0.9999971882965872
37,social_deixis_honorifics_status_encoding,A,primary_causal,val,matched_control,2081,1302,changed,50,1.070255994796753,0.0030382585246115923,0.031621359288692474,0.20250000059604645,0.8324999809265137,0.662452757358551,0.6550490856170654,0.007403709888458252,0.01117620812385118,0.006344038069248199,0.008419336795806885,0.0009995002498750624,0.9999967533867791
37,social_deixis_honorifics_status_encoding,A,primary_causal,val,matched_control,2081,5205,changed,50,1.070255994796753,0.0030382585246115923,0.031621359288692474,0.20250000059604645,0.8324999809265137,0.662452757358551,0.6633524298667908,-0.0008996526151895523,-0.0013580630546045375,-0.002009642807766795,0.00012400274164974635,0.07796101949025487,0.9999968285592176
37,social_deixis_honorifics_status_encoding,A,primary_causal,test,target,2081,2081,changed,50,1.070255994796753,0.0030382585246115923,0.031621359288692474,0.20250000059604645,0.8324999809265137,0.8211658000946045,0.8162838816642761,0.004881909359246492,0.0059450958121783195,0.003959148288238794,0.005803121423814445,0.0009995002498750624,0.9999992836167101
37,social_deixis_honorifics_status_encoding,A,primary_causal,test,matched_control,2081,8551,changed,50,1.070255994796753,0.0030382585246115923,0.031621359288692474,0.20250000059604645,0.8324999809265137,0.8211658000946045,0.8232560753822327,-0.0020902646332979203,-0.0025454842774225448,-0.00303774153906852,-0.0011820085681974906,0.0009995002498750624,0.9999979980480473
37,social_deixis_honorifics_status_encoding,A,primary_causal,test,matched_control,2081,1302,changed,50,1.070255994796753,0.0030382585246115923,0.031621359288692474,0.20250000059604645,0.8324999809265137,0.8211658000946045,0.8183083534240723,0.002857466768473387,0.0034797683587701597,0.002034748242236674,0.003666985327377914,0.0009995002498750624,0.999997434122508
37,social_deixis_honorifics_status_encoding,A,primary_causal,test,matched_control,2081,5205,changed,50,1.070255994796753,0.0030382585246115923,0.031621359288692474,0.20250000059604645,0.8324999809265137,0.8211658000946045,0.8216081857681274,-0.0004423610307276249,-0.0005386987995319113,-0.001226043321657926,0.0003473919695243235,0.2898550724637681,0.9999994434563629
38,speech_act_force_and_request_directness,C,exploratory_causal,val,target,14406,14406,changed,50,0.7813519835472107,0.0012294435873627663,0.00923178531229496,0.054999999701976776,0.29499998688697815,0.4819525480270386,0.4822283685207367,-0.0002757912129163742,-0.0005722372753196892,-0.0008212489653378726,0.0002689729668200011,0.3428285857071464,0.9999994671181557
38,speech_act_force_and_request_directness,C,exploratory_causal,val,matched_control,14406,11810,changed,50,0.7813519835472107,0.0012294435873627663,0.00923178531229496,0.054999999701976776,0.29499998688697815,0.4819525480270386,0.48019272089004517,0.001759805679321289,0.0036514086013765823,0.0006441208571195603,0.0029665901511907577,0.0029985007496251873,0.999999157602756
38,speech_act_force_and_request_directness,C,exploratory_causal,val,matched_control,14406,758,changed,50,0.7813519835472107,0.0012294435873627663,0.00923178531229496,0.054999999701976776,0.29499998688697815,0.4819525480270386,0.4827173948287964,-0.0007648573815822601,-0.0015869972774567632,-0.0012963996529579164,-0.00030791319161653524,0.0009995002498750624,0.9999996147697539
38,speech_act_force_and_request_directness,C,exploratory_causal,val,matched_control,14406,4426,changed,50,0.7813519835472107,0.0012294435873627663,0.00923178531229496,0.054999999701976776,0.29499998688697815,0.4819525480270386,0.48222947120666504,-0.0002769323438405991,-0.0005746049999616614,-0.0005524065550416708,2.9575906693934235e-05,0.07396301849075462,0.9999998320300182
38,speech_act_force_and_request_directness,C,exploratory_causal,test,target,14406,14406,changed,50,0.7813519835472107,0.0012294435873627663,0.00923178531229496,0.054999999701976776,0.29499998688697815,0.32096996903419495,0.32039177417755127,0.0005782109498977661,0.0018014487512262112,8.582055568695068e-05,0.001372352719306945,0.03298350824587706,0.9999999109189832
38,speech_act_force_and_request_directness,C,exploratory_causal,test,matched_control,14406,11810,changed,50,0.7813519835472107,0.0012294435873627663,0.00923178531229496,0.054999999701976776,0.29499998688697815,0.32096996903419495,0.3213919401168823,-0.0004219546914100647,-0.001314623585127714,-0.001187896616756916,0.00031257709860801696,0.2748625687156422,0.9999997261663764
38,speech_act_force_and_request_directness,C,exploratory_causal,test,matched_control,14406,758,changed,50,0.7813519835472107,0.0012294435873627663,0.00923178531229496,0.054999999701976776,0.29499998688697815,0.32096996903419495,0.32225140929222107,-0.0012814325094223022,-0.003992375091283955,-0.00209324836730957,-0.0006317373886704451,0.0009995002498750624,0.9999995517963025
38,speech_act_force_and_request_directness,C,exploratory_causal,test,matched_control,14406,4426,changed,50,0.7813519835472107,0.0012294435873627663,0.00923178531229496,0.054999999701976776,0.29499998688697815,0.32096996903419495,0.32054808735847473,0.0004218962788581848,0.001314441597535368,1.82342529296875e-05,0.0009379446431994437,0.013993003498250875,0.9999996645090764
39,deixis_and_perspective_anchoring,A,primary_causal,val,target,14441,14441,basis,50,0.47741827368736267,0.015802428126335144,0.00018285140686202794,0.6075000166893005,0.014999999664723873,-0.05524048954248428,-0.055719565600156784,0.0004790782928466797,0.008672593179650061,9.581565856933594e-05,0.0009581565856933594,0.0069965017491254375,0.9999999530519318
39,deixis_and_perspective_anchoring,A,primary_causal,val,matched_control,14441,5205,basis,50,0.47741827368736267,0.015802428126335144,0.00018285140686202794,0.6075000166893005,0.014999999664723873,-0.05524048954248428,-0.058449603617191315,0.003209097683429718,0.05809321586409312,0.0015132757052779197,0.0052113022804260245,0.0009995002498750624,0.999999653251503
39,deixis_and_perspective_anchoring,A,primary_causal,val,matched_control,14441,6216,basis,50,0.47741827368736267,0.015802428126335144,0.00018285140686202794,0.6075000166893005,0.014999999664723873,-0.05524048954248428,-0.05992308259010315,0.004682597890496254,0.0847674944461701,0.0020642141625285145,0.00771986598148942,0.0009995002498750624,0.9999984865543943
39,deixis_and_perspective_anchoring,A,primary_causal,val,matched_control,14441,6618,basis,50,0.47741827368736267,0.015802428126335144,0.00018285140686202794,0.6075000166893005,0.014999999664723873,-0.05524048954248428,-0.06628622859716415,0.011045742407441139,0.19995735915674848,0.00818972676433623,0.01423165720514953,0.0009995002498750624,0.9999856961615676
39,deixis_and_perspective_anchoring,A,primary_causal,test,target,14441,14441,basis,50,0.47741827368736267,0.015802428126335144,0.00018285140686202794,0.6075000166893005,0.014999999664723873,0.11055613309144974,0.1097560003399849,0.0008001402020454407,0.007237411255905462,0.00011878758668899536,0.0016874790415167804,0.031984007996002,0.9999997469673633
39,deixis_and_perspective_anchoring,A,primary_causal,test,matched_control,14441,5205,basis,50,0.47741827368736267,0.015802428126335144,0.00018285140686202794,0.6075000166893005,0.014999999664723873,0.11055613309144974,0.11017069965600967,0.0003854437172412872,0.0034864073702944743,-0.0005766649907454848,0.0013064015237614507,0.42278860569715143,0.9999995382226275
39,deixis_and_perspective_anchoring,A,primary_causal,test,matched_control,14441,6216,basis,50,0.47741827368736267,0.015802428126335144,0.00018285140686202794,0.6075000166893005,0.014999999664723873,0.11055613309144974,0.10570665448904037,0.004849502518773079,0.04386461775722267,0.0021347796488553287,0.007575689099729061,0.0009995002498750624,0.999997589556228
39,deixis_and_perspective_anchoring,A,primary_causal,test,matched_control,14441,6618,basis,50,0.47741827368736267,0.015802428126335144,0.00018285140686202794,0.6075000166893005,0.014999999664723873,0.11055613309144974,0.10965759307146072,0.0008985526114702225,0.008127569103081404,-0.0029120487486943604,0.0047710224259644735,0.6316841579210395,0.9999819243140236
40,orthographic_and_tokenization_interface,B,causal_worth_testing,val,target,3132,3132,basis,50,0.5558573603630066,0.0035974294878542423,0.0008672132971696556,0.2549999952316284,0.05249999836087227,-0.013033861294388771,-0.013190525583922863,0.00015666669700294732,0.012019975774208535,-4.167352255899459e-05,0.00038044471479952325,0.12693653173413294,0.9999998783764913
40,orthographic_and_tokenization_interface,B,causal_worth_testing,val,matched_control,3132,15325,basis,50,0.5558573603630066,0.0035974294878542423,0.0008672132971696556,0.2549999952316284,0.05249999836087227,-0.013033861294388771,-0.012696867808699608,-0.000336992924567312,-0.025855187266139727,-0.000586061392154079,-0.00010608102416153999,0.008995502248875561,0.9999998600821697
40,orthographic_and_tokenization_interface,B,causal_worth_testing,val,matched_control,3132,8235,basis,50,0.5558573603630066,0.0035974294878542423,0.0008672132971696556,0.2549999952316284,0.05249999836087227,-0.013033861294388771,-0.013111582025885582,7.77213927358389e-05,0.005963036661230917,-1.699402928352356e-05,0.00024170567281544186,0.30684657671164417,0.9999999696540184
40,orthographic_and_tokenization_interface,B,causal_worth_testing,val,matched_control,3132,14406,basis,50,0.5558573603630066,0.0035974294878542423,0.0008672132971696556,0.2549999952316284,0.05249999836087227,-0.013033861294388771,-0.01463307999074459,0.0015992182213813066,0.12269719504148695,0.00090125812147744,0.002331114320084452,0.0009995002498750624,0.9999990420093933
40,orthographic_and_tokenization_interface,B,causal_worth_testing,test,target,3132,3132,basis,50,0.5558573603630066,0.0035974294878542423,0.0008672132971696556,0.2549999952316284,0.05249999836087227,-0.011292542330920696,-0.01140445377677679,0.00011191636323928833,0.009910643676122809,-0.00021835816651582718,0.00044252982735633843,0.4947526236881559,0.9999998367931213
40,orthographic_and_tokenization_interface,B,causal_worth_testing,test,matched_control,3132,15325,basis,50,0.5558573603630066,0.0035974294878542423,0.0008672132971696556,0.2549999952316284,0.05249999836087227,-0.011292542330920696,-0.01144361961632967,0.00015107840299606324,0.013378599660626255,-4.8343669623136516e-05,0.00035026176646351797,0.12893553223388307,0.999999758477407
40,orthographic_and_tokenization_interface,B,causal_worth_testing,test,matched_control,3132,8235,basis,50,0.5558573603630066,0.0035974294878542423,0.0008672132971696556,0.2549999952316284,0.05249999836087227,-0.011292542330920696,-0.011135305278003216,-0.00015723615884780885,-0.013923893684885499,-0.0004954363107681274,9.524226188659669e-05,0.3448275862068966,0.9999999573451919
40,orthographic_and_tokenization_interface,B,causal_worth_testing,test,matched_control,3132,14406,basis,50,0.5558573603630066,0.0035974294878542423,0.0008672132971696556,0.2549999952316284,0.05249999836087227,-0.011292542330920696,-0.012832064181566238,0.0015395286679267884,0.13633144980216944,0.0007793145403265953,0.002363336451351642,0.0009995002498750624,0.9999994891890012
