batch_id,start_id,end_id,n_examples,primary_variable_id,primary_variable,construction_index,construction_family,repetition,language,language_name,domains,short_count,medium_count,long_count
1,1,50,50,36,genericity_and_kind_level_reference,5,generic_conditional_or_generalization,7,de,German,food_household;sports_recreation;workplace,15,25,10
2,51,100,50,9,analytic_vs_synthetic_encoding,3,periphrastic_modality,11,en,English,social_interaction;health;news_public_affairs,15,25,10
3,101,150,50,38,speech_act_force_and_request_directness,4,performative_request,10,ja,Japanese,food_household;sports_recreation;workplace,15,25,10
4,151,200,50,3,nominal_modifier_order,1,adjective_head_order,5,tr,Turkish,social_interaction;health;news_public_affairs,15,25,10
5,201,250,50,12,optionality_vs_obligatoriness_of_marking,2,article_obligatoriness_context,4,ja,Japanese,arts_culture;social_interaction;health,15,25,10
6,251,300,50,22,tense_prominence,5,tense_with_independent_time_adverb,5,tr,Turkish,education;food_household;sports_recreation,15,25,10
7,301,350,50,20,pronoun_richness_and_reduction,5,pronoun_reduction_across_connected_clauses,4,tr,Turkish,arts_culture;social_interaction;health,15,25,10
8,351,400,50,29,quantifier_scope_and_distributivity,1,universal_existential_scope,8,es,Spanish,education;food_household;sports_recreation,15,25,10
9,401,450,50,4,case_marking,1,accusative_object_marking,1,tr,Turkish,social_interaction;health;news_public_affairs,15,25,10
10,451,500,50,12,optionality_vs_obligatoriness_of_marking,2,article_obligatoriness_context,8,tr,Turkish,science_technology;nature_environment;daily_life,15,25,10
11,501,550,50,34,topic_comment_structure,3,marked_topicalization,6,ja,Japanese,nature_environment;daily_life;education,15,25,10
12,551,600,50,8,causativity_and_valency_change,5,permissive_causation,9,hi,Hindi,education;food_household;sports_recreation,15,25,10
13,601,650,50,8,causativity_and_valency_change,1,morphological_causative,3,ko,Korean,family_relationships;science_technology;nature_environment,15,25,10
14,651,700,50,40,orthographic_and_tokenization_interface,1,hyphenation_or_compound_orthography,13,fr,French,social_interaction;health;news_public_affairs,15,25,10
15,701,750,50,9,analytic_vs_synthetic_encoding,5,agglutinative_multi_feature_word,8,de,German,health;news_public_affairs;family_relationships,15,25,10
16,751,800,50,31,subordination_and_embedding,3,adverbial_subordinate_clause,15,ja,Japanese,travel_transport;arts_culture;social_interaction,15,25,10
17,801,850,50,4,case_marking,3,genitive_possession,2,fi,Finnish,daily_life;education;food_household,15,25,10
18,851,900,50,2,basic_constituent_order,3,verb_final_order,6,en,English,health;news_public_affairs;family_relationships,15,25,10
19,901,950,50,20,pronoun_richness_and_reduction,3,clitic_pronoun,9,tr,Turkish,education;food_household;sports_recreation,15,25,10
20,951,1000,50,16,gender_noun_class,3,pronoun_gender_agreement,3,ru,Russian,arts_culture;social_interaction;health,15,25,10
21,1001,1050,50,32,quotation_and_reported_speech_structure,2,indirect_report,11,en,English,education;food_household;sports_recreation,15,25,10
22,1051,1100,50,16,gender_noun_class,5,gender_assignment_across_nouns,2,es,Spanish,sports_recreation;workplace;travel_transport,15,25,10
23,1101,1150,50,24,modality_and_mood,1,imperative_mood,9,de,German,daily_life;education;food_household,15,25,10
24,1151,1200,50,39,deixis_and_perspective_anchoring,1,proximal_distal_demonstrative,13,es,Spanish,food_household;sports_recreation;workplace,15,25,10
25,1201,1250,50,35,focus_and_given_new_marking,1,cleft_focus,3,es,Spanish,food_household;sports_recreation;workplace,15,25,10
26,1251,1300,50,13,redundancy_cumulative_exponence,1,agreement_redundancy,7,ru,Russian,education;food_household;sports_recreation,15,25,10
27,1301,1350,50,27,mirativity_stance_and_affect_marking,5,unexpected_discovery_context,1,tr,Turkish,health;news_public_affairs;family_relationships,15,25,10
28,1351,1400,50,12,optionality_vs_obligatoriness_of_marking,5,optional_particle_or_case_context,12,es,Spanish,food_household;sports_recreation;workplace,15,25,10
29,1401,1450,50,6,transitivity_valency,5,valency_reduction_or_argument_omission,3,tr,Turkish,sports_recreation;workplace;travel_transport,15,25,10
30,1451,1500,50,28,negation_and_polarity_structure,4,negative_polarity_item_context,2,es,Spanish,social_interaction;health;news_public_affairs,15,25,10
31,1501,1550,50,38,speech_act_force_and_request_directness,3,declarative_hint_request,12,de,German,social_interaction;health;news_public_affairs,15,25,10
32,1551,1600,50,5,morphosyntactic_alignment,5,alignment_under_voice_change,3,ur,Urdu,science_technology;nature_environment;daily_life,15,25,10
33,1601,1650,50,23,aspect_and_event_structure,3,habitual_aspect,8,en,English,travel_transport;arts_culture;social_interaction,15,25,10
34,1651,1700,50,38,speech_act_force_and_request_directness,2,interrogative_request,4,fr,French,arts_culture;social_interaction;health,15,25,10
35,1701,1750,50,15,number_marking,4,collective_or_group_reference,14,tr,Turkish,news_public_affairs;family_relationships;science_technology,15,25,10
36,1751,1800,50,14,definiteness_and_specificity,1,definite_indefinite_article,7,es,Spanish,arts_culture;social_interaction;health,15,25,10
37,1801,1850,50,8,causativity_and_valency_change,2,periphrastic_causative,15,en,English,sports_recreation;workplace;travel_transport,15,25,10
38,1851,1900,50,11,agreement_indexing_density,4,multiple_agreement_targets,7,es,Spanish,sports_recreation;workplace;travel_transport,15,25,10
39,1901,1950,50,9,analytic_vs_synthetic_encoding,2,synthetic_inflection,6,en,English,daily_life;education;food_household,15,25,10
40,1951,2000,50,37,social_deixis_honorifics_status_encoding,3,honorific_verb_or_morphology,4,de,German,travel_transport;arts_culture;social_interaction,15,25,10
41,2001,2050,50,40,orthographic_and_tokenization_interface,3,script_specific_word_segmentation,12,de,German,workplace;travel_transport;arts_culture,15,25,10
42,2051,2100,50,40,orthographic_and_tokenization_interface,5,alphanumeric_hashtag_or_filename_like_token,3,fr,French,workplace;travel_transport;arts_culture,15,25,10
43,2101,2150,50,22,tense_prominence,4,future_marking,14,de,German,travel_transport;arts_culture;social_interaction,15,25,10
44,2151,2200,50,40,orthographic_and_tokenization_interface,3,script_specific_word_segmentation,7,de,German,education;food_household;sports_recreation,15,25,10
45,2201,2250,50,28,negation_and_polarity_structure,4,negative_polarity_item_context,14,ru,Russian,news_public_affairs;family_relationships;science_technology,15,25,10
46,2251,2300,50,18,person_marking_and_person_hierarchy,3,local_vs_nonlocal_participants,5,fr,French,nature_environment;daily_life;education,15,25,10
47,2301,2350,50,26,evidentiality,2,grammatical_inferential,2,bg,Bulgarian,food_household;sports_recreation;workplace,15,25,10
48,2351,2400,50,17,animacy_and_humanness,1,animate_inanimate_object_contrast,10,tr,Turkish,food_household;sports_recreation;workplace,15,25,10
49,2401,2450,50,38,speech_act_force_and_request_directness,5,mitigated_or_polite_request,7,de,German,nature_environment;daily_life;education,15,25,10
50,2451,2500,50,21,possession_and_alienability,4,genitive_or_possessive_marker,11,tr,Turkish,arts_culture;social_interaction;health,15,25,10
51,2501,2550,50,3,nominal_modifier_order,2,possessor_head_order,9,ar,Arabic,sports_recreation;workplace;travel_transport,15,25,10
52,2551,2600,50,33,discourse_relation_marking,1,causal_relation,11,en,English,food_household;sports_recreation;workplace,15,25,10
53,2601,2650,50,1,subject_expression_pro_drop,2,discourse_recoverable_subject_omission,14,pt,Portuguese,news_public_affairs;family_relationships;science_technology,15,25,10
54,2651,2700,50,31,subordination_and_embedding,4,nested_embedding,5,ja,Japanese,sports_recreation;workplace;travel_transport,15,25,10
55,2701,2750,50,17,animacy_and_humanness,4,animacy_sensitive_case_or_order,6,es,Spanish,news_public_affairs;family_relationships;science_technology,15,25,10
56,2751,2800,50,34,topic_comment_structure,5,contrastive_topic,15,fr,French,food_household;sports_recreation;workplace,15,25,10
57,2801,2850,50,26,evidentiality,3,lexical_reportative,9,de,German,travel_transport;arts_culture;social_interaction,15,25,10
58,2851,2900,50,39,deixis_and_perspective_anchoring,4,temporal_deixis,14,tr,Turkish,nature_environment;daily_life;education,15,25,10
59,2901,2950,50,33,discourse_relation_marking,5,consequence_or_result_relation,11,en,English,travel_transport;arts_culture;social_interaction,15,25,10
60,2951,3000,50,9,analytic_vs_synthetic_encoding,2,synthetic_inflection,9,es,Spanish,social_interaction;health;news_public_affairs,15,25,10
61,3001,3050,50,5,morphosyntactic_alignment,2,intransitive_subject_alignment,5,ru,Russian,health;news_public_affairs;family_relationships,15,25,10
62,3051,3100,50,37,social_deixis_honorifics_status_encoding,3,honorific_verb_or_morphology,10,hi,Hindi,arts_culture;social_interaction;health,15,25,10
63,3101,3150,50,14,definiteness_and_specificity,3,demonstrative_definiteness,2,es,Spanish,science_technology;nature_environment;daily_life,15,25,10
64,3151,3200,50,27,mirativity_stance_and_affect_marking,2,exclamative_surprise,11,tr,Turkish,food_household;sports_recreation;workplace,15,25,10
65,3201,3250,50,40,orthographic_and_tokenization_interface,5,alphanumeric_hashtag_or_filename_like_token,11,en,English,education;food_household;sports_recreation,15,25,10
66,3251,3300,50,10,morphological_segmentation_type,1,agglutinative_multi_affix_word,2,fi,Finnish,news_public_affairs;family_relationships;science_technology,15,25,10
67,3301,3350,50,15,number_marking,3,numeral_plus_number_morphology,7,ar,Arabic,arts_culture;social_interaction;health,15,25,10
68,3351,3400,50,13,redundancy_cumulative_exponence,4,negative_concord,15,en,English,family_relationships;science_technology;nature_environment,15,25,10
69,3401,3450,50,31,subordination_and_embedding,2,relative_clause,5,ja,Japanese,health;news_public_affairs;family_relationships,15,25,10
70,3451,3500,50,2,basic_constituent_order,4,verb_initial_or_predicate_initial_order,5,ja,Japanese,education;food_household;sports_recreation,15,25,10
71,3501,3550,50,8,causativity_and_valency_change,4,double_or_indirect_causation,13,ko,Korean,food_household;sports_recreation;workplace,15,25,10
72,3551,3600,50,10,morphological_segmentation_type,1,agglutinative_multi_affix_word,3,ru,Russian,social_interaction;health;news_public_affairs,15,25,10
73,3601,3650,50,13,redundancy_cumulative_exponence,2,case_plus_adposition,8,fr,French,sports_recreation;workplace;travel_transport,15,25,10
74,3651,3700,50,5,morphosyntactic_alignment,2,intransitive_subject_alignment,15,ru,Russian,education;food_household;sports_recreation,15,25,10
75,3701,3750,50,23,aspect_and_event_structure,5,inchoative_or_resultative_event,6,ru,Russian,workplace;travel_transport;arts_culture,15,25,10
76,3751,3800,50,34,topic_comment_structure,3,marked_topicalization,3,zh,Chinese,travel_transport;arts_culture;social_interaction,15,25,10
77,3801,3850,50,33,discourse_relation_marking,1,causal_relation,2,de,German,social_interaction;health;news_public_affairs,15,25,10
78,3851,3900,50,9,analytic_vs_synthetic_encoding,2,synthetic_inflection,3,de,German,arts_culture;social_interaction;health,15,25,10
79,3901,3950,50,19,inclusive_exclusive_distinction,2,exclusive_we_reference,12,te,Telugu,nature_environment;daily_life;education,15,25,10
80,3951,4000,50,35,focus_and_given_new_marking,4,exclusive_only_focus,7,fr,French,arts_culture;social_interaction;health,15,25,10
81,4001,4050,50,15,number_marking,1,singular_plural_nominal,4,tr,Turkish,workplace;travel_transport;arts_culture,15,25,10
82,4051,4100,50,14,definiteness_and_specificity,4,specific_indefinite_reference,4,tr,Turkish,science_technology;nature_environment;daily_life,15,25,10
83,4101,4150,50,21,possession_and_alienability,5,existential_or_predicative_possession,6,tr,Turkish,social_interaction;health;news_public_affairs,15,25,10
84,4151,4200,50,5,morphosyntactic_alignment,1,transitive_agent_patient_alignment,8,ur,Urdu,science_technology;nature_environment;daily_life,15,25,10
85,4201,4250,50,11,agreement_indexing_density,2,rich_person_number_agreement,12,es,Spanish,science_technology;nature_environment;daily_life,15,25,10
86,4251,4300,50,23,aspect_and_event_structure,5,inchoative_or_resultative_event,7,es,Spanish,food_household;sports_recreation;workplace,15,25,10
87,4301,4350,50,26,evidentiality,5,hearsay_or_attributed_evidence,13,en,English,travel_transport;arts_culture;social_interaction,15,25,10
88,4351,4400,50,6,transitivity_valency,5,valency_reduction_or_argument_omission,1,en,English,social_interaction;health;news_public_affairs,15,25,10
89,4401,4450,50,10,morphological_segmentation_type,5,derivation_plus_inflection,14,es,Spanish,education;food_household;sports_recreation,15,25,10
90,4451,4500,50,12,optionality_vs_obligatoriness_of_marking,3,optional_complementizer_context,2,es,Spanish,education;food_household;sports_recreation,15,25,10
91,4501,4550,50,35,focus_and_given_new_marking,5,wh_or_answer_focus_context,4,de,German,sports_recreation;workplace;travel_transport,15,25,10
92,4551,4600,50,29,quantifier_scope_and_distributivity,4,negation_quantifier_scope,13,es,Spanish,sports_recreation;workplace;travel_transport,15,25,10
93,4601,4650,50,30,conditional_and_counterfactual_marking,3,past_counterfactual,10,tr,Turkish,family_relationships;science_technology;nature_environment,15,25,10
94,4651,4700,50,9,analytic_vs_synthetic_encoding,3,periphrastic_modality,2,tr,Turkish,nature_environment;daily_life;education,15,25,10
95,4701,4750,50,9,analytic_vs_synthetic_encoding,1,analytic_tense_aspect,12,tr,Turkish,family_relationships;science_technology;nature_environment,15,25,10
96,4751,4800,50,8,causativity_and_valency_change,3,lexical_causative,9,hi,Hindi,arts_culture;social_interaction;health,15,25,10
97,4801,4850,50,3,nominal_modifier_order,2,possessor_head_order,6,en,English,news_public_affairs;family_relationships;science_technology,15,25,10
98,4851,4900,50,8,causativity_and_valency_change,4,double_or_indirect_causation,2,ja,Japanese,science_technology;nature_environment;daily_life,15,25,10
99,4901,4950,50,32,quotation_and_reported_speech_structure,5,mixed_or_shifted_report_structure,4,de,German,education;food_household;sports_recreation,15,25,10
100,4951,5000,50,11,agreement_indexing_density,5,multi_argument_indexing,7,es,Spanish,social_interaction;health;news_public_affairs,15,25,10
101,5001,5050,50,24,modality_and_mood,3,deontic_obligation,3,en,English,social_interaction;health;news_public_affairs,15,25,10
102,5051,5100,50,27,mirativity_stance_and_affect_marking,1,mirative_particle_or_form,13,ko,Korean,social_interaction;health;news_public_affairs,15,25,10
103,5101,5150,50,31,subordination_and_embedding,1,finite_complement_clause,10,ja,Japanese,social_interaction;health;news_public_affairs,15,25,10
104,5151,5200,50,6,transitivity_valency,1,intransitive_clause,6,en,English,social_interaction;health;news_public_affairs,15,25,10
105,5201,5250,50,30,conditional_and_counterfactual_marking,3,past_counterfactual,6,en,English,travel_transport;arts_culture;social_interaction,15,25,10
106,5251,5300,50,39,deixis_and_perspective_anchoring,1,proximal_distal_demonstrative,10,zh,Chinese,health;news_public_affairs;family_relationships,15,25,10
107,5301,5350,50,17,animacy_and_humanness,3,animacy_sensitive_object_marking,1,es,Spanish,food_household;sports_recreation;workplace,15,25,10
108,5351,5400,50,4,case_marking,4,locative_ablative_or_instrumental,2,fi,Finnish,workplace;travel_transport;arts_culture,15,25,10
109,5401,5450,50,25,epistemic_modality,5,epistemic_auxiliary_or_particle,11,en,English,workplace;travel_transport;arts_culture,15,25,10
110,5451,5500,50,23,aspect_and_event_structure,4,telic_atelic_contrast,8,en,English,news_public_affairs;family_relationships;science_technology,15,25,10
111,5501,5550,50,5,morphosyntactic_alignment,4,experiencer_or_dative_subject,2,hi,Hindi,news_public_affairs;family_relationships;science_technology,15,25,10
112,5551,5600,50,13,redundancy_cumulative_exponence,3,gender_number_across_phrase,9,tr,Turkish,travel_transport;arts_culture;social_interaction,15,25,10
113,5601,5650,50,40,orthographic_and_tokenization_interface,5,alphanumeric_hashtag_or_filename_like_token,15,zh,Chinese,arts_culture;social_interaction;health,15,25,10
114,5651,5700,50,14,definiteness_and_specificity,4,specific_indefinite_reference,6,en,English,social_interaction;health;news_public_affairs,15,25,10
115,5701,5750,50,6,transitivity_valency,1,intransitive_clause,9,de,German,education;food_household;sports_recreation,15,25,10
116,5751,5800,50,6,transitivity_valency,5,valency_reduction_or_argument_omission,15,ru,Russian,travel_transport;arts_culture;social_interaction,15,25,10
117,5801,5850,50,33,discourse_relation_marking,2,contrastive_relation,7,de,German,education;food_household;sports_recreation,15,25,10
118,5851,5900,50,21,possession_and_alienability,4,genitive_or_possessive_marker,15,hi,Hindi,science_technology;nature_environment;daily_life,15,25,10
119,5901,5950,50,11,agreement_indexing_density,4,multiple_agreement_targets,12,es,Spanish,arts_culture;social_interaction;health,15,25,10
120,5951,6000,50,25,epistemic_modality,3,inferential_epistemic,2,de,German,education;food_household;sports_recreation,15,25,10
121,6001,6050,50,30,conditional_and_counterfactual_marking,3,past_counterfactual,2,es,Spanish,daily_life;education;food_household,15,25,10
122,6051,6100,50,23,aspect_and_event_structure,1,progressive_or_imperfective,2,es,Spanish,news_public_affairs;family_relationships;science_technology,15,25,10
123,6101,6150,50,18,person_marking_and_person_hierarchy,4,person_sensitive_argument_marking,11,es,Spanish,workplace;travel_transport;arts_culture,15,25,10
124,6151,6200,50,11,agreement_indexing_density,1,subject_verb_agreement,12,es,Spanish,social_interaction;health;news_public_affairs,15,25,10
125,6201,6250,50,40,orthographic_and_tokenization_interface,2,apostrophe_or_clitic_orthography,15,zh,Chinese,social_interaction;health;news_public_affairs,15,25,10
126,6251,6300,50,16,gender_noun_class,2,article_gender_agreement,15,hi,Hindi,workplace;travel_transport;arts_culture,15,25,10
127,6301,6350,50,10,morphological_segmentation_type,4,productive_compounding,5,de,German,food_household;sports_recreation;workplace,15,25,10
128,6351,6400,50,37,social_deixis_honorifics_status_encoding,2,honorific_title_or_address,4,de,German,education;food_household;sports_recreation,15,25,10
129,6401,6450,50,2,basic_constituent_order,3,verb_final_order,9,ar,Arabic,food_household;sports_recreation;workplace,15,25,10
130,6451,6500,50,22,tense_prominence,2,perfect_or_anterior_tense,7,es,Spanish,science_technology;nature_environment;daily_life,15,25,10
131,6501,6550,50,20,pronoun_richness_and_reduction,3,clitic_pronoun,5,en,English,news_public_affairs;family_relationships;science_technology,15,25,10
132,6551,6600,50,10,morphological_segmentation_type,5,derivation_plus_inflection,9,es,Spanish,science_technology;nature_environment;daily_life,15,25,10
133,6601,6650,50,20,pronoun_richness_and_reduction,4,weak_vs_strong_pronoun,14,tr,Turkish,health;news_public_affairs;family_relationships,15,25,10
134,6651,6700,50,15,number_marking,5,number_agreement,12,ar,Arabic,workplace;travel_transport;arts_culture,15,25,10
135,6701,6750,50,37,social_deixis_honorifics_status_encoding,1,tu_vous_or_t_v_distinction,7,ko,Korean,workplace;travel_transport;arts_culture,15,25,10
136,6751,6800,50,8,causativity_and_valency_change,1,morphological_causative,5,en,English,arts_culture;social_interaction;health,15,25,10
137,6801,6850,50,17,animacy_and_humanness,3,animacy_sensitive_object_marking,5,tr,Turkish,social_interaction;health;news_public_affairs,15,25,10
138,6851,6900,50,9,analytic_vs_synthetic_encoding,2,synthetic_inflection,7,tr,Turkish,science_technology;nature_environment;daily_life,15,25,10
139,6901,6950,50,5,morphosyntactic_alignment,3,ergative_perfective_alignment,11,eu,Basque,daily_life;education;food_household,15,25,10
140,6951,7000,50,1,subject_expression_pro_drop,1,overt_vs_null_subject,7,es,Spanish,arts_culture;social_interaction;health,15,25,10
141,7001,7050,50,13,redundancy_cumulative_exponence,1,agreement_redundancy,2,ru,Russian,science_technology;nature_environment;daily_life,15,25,10
142,7051,7100,50,34,topic_comment_structure,4,hanging_topic,7,ko,Korean,education;food_household;sports_recreation,15,25,10
143,7101,7150,50,38,speech_act_force_and_request_directness,5,mitigated_or_polite_request,12,de,German,food_household;sports_recreation;workplace,15,25,10
144,7151,7200,50,8,causativity_and_valency_change,3,lexical_causative,1,tr,Turkish,news_public_affairs;family_relationships;science_technology,15,25,10
145,7201,7250,50,40,orthographic_and_tokenization_interface,5,alphanumeric_hashtag_or_filename_like_token,14,tr,Turkish,health;news_public_affairs;family_relationships,15,25,10
146,7251,7300,50,17,animacy_and_humanness,2,human_nonhuman_reference,5,tr,Turkish,sports_recreation;workplace;travel_transport,15,25,10
147,7301,7350,50,40,orthographic_and_tokenization_interface,3,script_specific_word_segmentation,5,zh,Chinese,travel_transport;arts_culture;social_interaction,15,25,10
148,7351,7400,50,28,negation_and_polarity_structure,2,negative_concord,4,ru,Russian,health;news_public_affairs;family_relationships,15,25,10
149,7401,7450,50,35,focus_and_given_new_marking,2,focus_particle,3,es,Spanish,arts_culture;social_interaction;health,15,25,10
150,7451,7500,50,12,optionality_vs_obligatoriness_of_marking,2,article_obligatoriness_context,10,fr,French,social_interaction;health;news_public_affairs,15,25,10
151,7501,7550,50,35,focus_and_given_new_marking,1,cleft_focus,11,en,English,nature_environment;daily_life;education,15,25,10
152,7551,7600,50,23,aspect_and_event_structure,5,inchoative_or_resultative_event,2,es,Spanish,nature_environment;daily_life;education,15,25,10
153,7601,7650,50,24,modality_and_mood,4,ability_or_possibility,6,es,Spanish,travel_transport;arts_culture;social_interaction,15,25,10
154,7651,7700,50,3,nominal_modifier_order,5,multiple_modifier_order,7,es,Spanish,arts_culture;social_interaction;health,15,25,10
155,7701,7750,50,21,possession_and_alienability,1,body_part_possession,2,fr,French,nature_environment;daily_life;education,15,25,10
156,7751,7800,50,18,person_marking_and_person_hierarchy,3,local_vs_nonlocal_participants,13,hi,Hindi,news_public_affairs;family_relationships;science_technology,15,25,10
157,7801,7850,50,25,epistemic_modality,1,possibility_statement,10,tr,Turkish,sports_recreation;workplace;travel_transport,15,25,10
158,7851,7900,50,32,quotation_and_reported_speech_structure,3,quotative_particle_or_marker,7,ja,Japanese,daily_life;education;food_household,15,25,10
159,7901,7950,50,25,epistemic_modality,5,epistemic_auxiliary_or_particle,15,tr,Turkish,news_public_affairs;family_relationships;science_technology,15,25,10
160,7951,8000,50,2,basic_constituent_order,3,verb_final_order,1,en,English,travel_transport;arts_culture;social_interaction,15,25,10
161,8001,8050,50,21,possession_and_alienability,1,body_part_possession,11,tr,Turkish,social_interaction;health;news_public_affairs,15,25,10
162,8051,8100,50,21,possession_and_alienability,3,owned_object_possession,4,ru,Russian,sports_recreation;workplace;travel_transport,15,25,10
163,8101,8150,50,28,negation_and_polarity_structure,5,negation_scope_contrast,2,es,Spanish,science_technology;nature_environment;daily_life,15,25,10
164,8151,8200,50,33,discourse_relation_marking,2,contrastive_relation,6,en,English,sports_recreation;workplace;travel_transport,15,25,10
165,8201,8250,50,12,optionality_vs_obligatoriness_of_marking,3,optional_complementizer_context,8,tr,Turkish,food_household;sports_recreation;workplace,15,25,10
166,8251,8300,50,38,speech_act_force_and_request_directness,2,interrogative_request,5,ja,Japanese,workplace;travel_transport;arts_culture,15,25,10
167,8301,8350,50,3,nominal_modifier_order,5,multiple_modifier_order,4,ar,Arabic,nature_environment;daily_life;education,15,25,10
168,8351,8400,50,26,evidentiality,2,grammatical_inferential,13,en,English,arts_culture;social_interaction;health,15,25,10
169,8401,8450,50,16,gender_noun_class,4,participle_or_predicate_agreement,13,ru,Russian,sports_recreation;workplace;travel_transport,15,25,10
170,8451,8500,50,24,modality_and_mood,1,imperative_mood,1,es,Spanish,sports_recreation;workplace;travel_transport,15,25,10
171,8501,8550,50,1,subject_expression_pro_drop,4,contrastive_overt_pronoun,5,ja,Japanese,news_public_affairs;family_relationships;science_technology,15,25,10
172,8551,8600,50,38,speech_act_force_and_request_directness,4,performative_request,3,es,Spanish,sports_recreation;workplace;travel_transport,15,25,10
173,8601,8650,50,29,quantifier_scope_and_distributivity,3,collective_all,5,ru,Russian,food_household;sports_recreation;workplace,15,25,10
174,8651,8700,50,3,nominal_modifier_order,3,numeral_head_order,5,tr,Turkish,food_household;sports_recreation;workplace,15,25,10
175,8701,8750,50,6,transitivity_valency,2,monotransitive_clause,7,es,Spanish,news_public_affairs;family_relationships;science_technology,15,25,10
176,8751,8800,50,5,morphosyntactic_alignment,1,transitive_agent_patient_alignment,11,eu,Basque,travel_transport;arts_culture;social_interaction,15,25,10
177,8801,8850,50,5,morphosyntactic_alignment,1,transitive_agent_patient_alignment,13,ur,Urdu,education;food_household;sports_recreation,15,25,10
178,8851,8900,50,12,optionality_vs_obligatoriness_of_marking,2,article_obligatoriness_context,12,es,Spanish,sports_recreation;workplace;travel_transport,15,25,10
179,8901,8950,50,31,subordination_and_embedding,2,relative_clause,11,en,English,news_public_affairs;family_relationships;science_technology,15,25,10
180,8951,9000,50,15,number_marking,2,dual_number,15,hi,Hindi,nature_environment;daily_life;education,15,25,10
181,9001,9050,50,26,evidentiality,1,grammatical_reportative,13,en,English,food_household;sports_recreation;workplace,15,25,10
182,9051,9100,50,7,voice_and_agent_prominence,4,impersonal_passive,8,es,Spanish,social_interaction;health;news_public_affairs,15,25,10
183,9101,9150,50,24,modality_and_mood,1,imperative_mood,7,fr,French,workplace;travel_transport;arts_culture,15,25,10
184,9151,9200,50,38,speech_act_force_and_request_directness,1,direct_imperative_request,2,de,German,arts_culture;social_interaction;health,15,25,10
185,9201,9250,50,17,animacy_and_humanness,3,animacy_sensitive_object_marking,10,tr,Turkish,family_relationships;science_technology;nature_environment,15,25,10
186,9251,9300,50,40,orthographic_and_tokenization_interface,1,hyphenation_or_compound_orthography,4,tr,Turkish,nature_environment;daily_life;education,15,25,10
187,9301,9350,50,18,person_marking_and_person_hierarchy,5,multi_person_indexing,7,tr,Turkish,sports_recreation;workplace;travel_transport,15,25,10
188,9351,9400,50,5,morphosyntactic_alignment,2,intransitive_subject_alignment,11,eu,Basque,news_public_affairs;family_relationships;science_technology,15,25,10
189,9401,9450,50,27,mirativity_stance_and_affect_marking,5,unexpected_discovery_context,14,es,Spanish,health;news_public_affairs;family_relationships,15,25,10
190,9451,9500,50,13,redundancy_cumulative_exponence,4,negative_concord,2,ru,Russian,family_relationships;science_technology;nature_environment,15,25,10
191,9501,9550,50,22,tense_prominence,5,tense_with_independent_time_adverb,10,tr,Turkish,workplace;travel_transport;arts_culture,15,25,10
192,9551,9600,50,12,optionality_vs_obligatoriness_of_marking,3,optional_complementizer_context,1,en,English,sports_recreation;workplace;travel_transport,15,25,10
193,9601,9650,50,14,definiteness_and_specificity,1,definite_indefinite_article,9,tr,Turkish,food_household;sports_recreation;workplace,15,25,10
194,9651,9700,50,15,number_marking,4,collective_or_group_reference,1,en,English,news_public_affairs;family_relationships;science_technology,15,25,10
195,9701,9750,50,15,number_marking,4,collective_or_group_reference,6,en,English,nature_environment;daily_life;education,15,25,10
196,9751,9800,50,30,conditional_and_counterfactual_marking,1,real_conditional,15,tr,Turkish,travel_transport;arts_culture;social_interaction,15,25,10
197,9801,9850,50,7,voice_and_agent_prominence,1,active_passive_alternation,13,es,Spanish,science_technology;nature_environment;daily_life,15,25,10
198,9851,9900,50,35,focus_and_given_new_marking,3,fronted_or_marked_focus,12,fr,French,travel_transport;arts_culture;social_interaction,15,25,10
199,9901,9950,50,12,optionality_vs_obligatoriness_of_marking,3,optional_complementizer_context,5,fr,French,health;news_public_affairs;family_relationships,15,25,10
200,9951,10000,50,14,definiteness_and_specificity,2,bare_vs_determined_noun,5,ar,Arabic,education;food_household;sports_recreation,15,25,10
201,10001,10050,50,28,negation_and_polarity_structure,3,constituent_negation,3,fr,French,education;food_household;sports_recreation,15,25,10
202,10051,10100,50,29,quantifier_scope_and_distributivity,4,negation_quantifier_scope,2,de,German,nature_environment;daily_life;education,15,25,10
203,10101,10150,50,12,optionality_vs_obligatoriness_of_marking,1,optional_subject_expression,14,ja,Japanese,health;news_public_affairs;family_relationships,15,25,10
204,10151,10200,50,22,tense_prominence,3,sequence_of_tense,10,tr,Turkish,news_public_affairs;family_relationships;science_technology,15,25,10
205,10201,10250,50,37,social_deixis_honorifics_status_encoding,2,honorific_title_or_address,3,fr,French,sports_recreation;workplace;travel_transport,15,25,10
206,10251,10300,50,12,optionality_vs_obligatoriness_of_marking,2,article_obligatoriness_context,15,fr,French,family_relationships;science_technology;nature_environment,15,25,10
207,10301,10350,50,30,conditional_and_counterfactual_marking,4,inverted_or_markerless_conditional,4,de,German,daily_life;education;food_household,15,25,10
208,10351,10400,50,39,deixis_and_perspective_anchoring,5,perspective_shift_in_report_or_narration,13,es,Spanish,travel_transport;arts_culture;social_interaction,15,25,10
209,10401,10450,50,15,number_marking,1,singular_plural_nominal,6,en,English,daily_life;education;food_household,15,25,10
210,10451,10500,50,34,topic_comment_structure,1,topic_particle,4,en,English,health;news_public_affairs;family_relationships,15,25,10
211,10501,10550,50,37,social_deixis_honorifics_status_encoding,3,honorific_verb_or_morphology,2,ko,Korean,news_public_affairs;family_relationships;science_technology,15,25,10
212,10551,10600,50,40,orthographic_and_tokenization_interface,2,apostrophe_or_clitic_orthography,12,de,German,daily_life;education;food_household,15,25,10
213,10601,10650,50,33,discourse_relation_marking,1,causal_relation,5,tr,Turkish,education;food_household;sports_recreation,15,25,10
214,10651,10700,50,15,number_marking,5,number_agreement,6,en,English,sports_recreation;workplace;travel_transport,15,25,10
215,10701,10750,50,5,morphosyntactic_alignment,1,transitive_agent_patient_alignment,10,ru,Russian,social_interaction;health;news_public_affairs,15,25,10
216,10751,10800,50,17,animacy_and_humanness,4,animacy_sensitive_case_or_order,3,hi,Hindi,food_household;sports_recreation;workplace,15,25,10
217,10801,10850,50,34,topic_comment_structure,5,contrastive_topic,5,fr,French,news_public_affairs;family_relationships;science_technology,15,25,10
218,10851,10900,50,20,pronoun_richness_and_reduction,2,null_or_reduced_pronoun,14,tr,Turkish,daily_life;education;food_household,15,25,10
219,10901,10950,50,2,basic_constituent_order,5,topicalized_argument_order,3,tr,Turkish,news_public_affairs;family_relationships;science_technology,15,25,10
220,10951,11000,50,17,animacy_and_humanness,3,animacy_sensitive_object_marking,3,hi,Hindi,science_technology;nature_environment;daily_life,15,25,10
221,11001,11050,50,33,discourse_relation_marking,4,temporal_sequence_relation,10,tr,Turkish,sports_recreation;workplace;travel_transport,15,25,10
222,11051,11100,50,23,aspect_and_event_structure,2,perfective_completed_event,11,ru,Russian,health;news_public_affairs;family_relationships,15,25,10
223,11101,11150,50,33,discourse_relation_marking,2,contrastive_relation,9,es,Spanish,family_relationships;science_technology;nature_environment,15,25,10
224,11151,11200,50,24,modality_and_mood,3,deontic_obligation,4,de,German,travel_transport;arts_culture;social_interaction,15,25,10
225,11201,11250,50,21,possession_and_alienability,3,owned_object_possession,5,hi,Hindi,education;food_household;sports_recreation,15,25,10
226,11251,11300,50,4,case_marking,3,genitive_possession,4,de,German,news_public_affairs;family_relationships;science_technology,15,25,10
227,11301,11350,50,13,redundancy_cumulative_exponence,4,negative_concord,3,fr,French,health;news_public_affairs;family_relationships,15,25,10
228,11351,11400,50,29,quantifier_scope_and_distributivity,4,negation_quantifier_scope,14,fr,French,education;food_household;sports_recreation,15,25,10
229,11401,11450,50,25,epistemic_modality,5,epistemic_auxiliary_or_particle,7,de,German,nature_environment;daily_life;education,15,25,10
230,11451,11500,50,21,possession_and_alienability,4,genitive_or_possessive_marker,3,es,Spanish,news_public_affairs;family_relationships;science_technology,15,25,10
231,11501,11550,50,21,possession_and_alienability,4,genitive_or_possessive_marker,4,ru,Russian,social_interaction;health;news_public_affairs,15,25,10
232,11551,11600,50,9,analytic_vs_synthetic_encoding,2,synthetic_inflection,2,tr,Turkish,health;news_public_affairs;family_relationships,15,25,10
233,11601,11650,50,2,basic_constituent_order,3,verb_final_order,10,ja,Japanese,daily_life;education;food_household,15,25,10
234,11651,11700,50,18,person_marking_and_person_hierarchy,1,first_second_third_person_agreement,1,es,Spanish,nature_environment;daily_life;education,15,25,10
235,11701,11750,50,7,voice_and_agent_prominence,2,agentless_passive,11,en,English,arts_culture;social_interaction;health,15,25,10
236,11751,11800,50,20,pronoun_richness_and_reduction,3,clitic_pronoun,1,es,Spanish,workplace;travel_transport;arts_culture,15,25,10
237,11801,11850,50,25,epistemic_modality,3,inferential_epistemic,12,de,German,social_interaction;health;news_public_affairs,15,25,10
238,11851,11900,50,39,deixis_and_perspective_anchoring,1,proximal_distal_demonstrative,11,en,English,arts_culture;social_interaction;health,15,25,10
239,11901,11950,50,31,subordination_and_embedding,3,adverbial_subordinate_clause,5,ja,Japanese,nature_environment;daily_life;education,15,25,10
240,11951,12000,50,9,analytic_vs_synthetic_encoding,4,morphologically_bundled_case_possession,15,fi,Finnish,sports_recreation;workplace;travel_transport,15,25,10
241,12001,12050,50,28,negation_and_polarity_structure,1,sentential_negation,7,es,Spanish,science_technology;nature_environment;daily_life,15,25,10
242,12051,12100,50,15,number_marking,1,singular_plural_nominal,9,tr,Turkish,social_interaction;health;news_public_affairs,15,25,10
243,12101,12150,50,38,speech_act_force_and_request_directness,1,direct_imperative_request,8,es,Spanish,social_interaction;health;news_public_affairs,15,25,10
244,12151,12200,50,9,analytic_vs_synthetic_encoding,1,analytic_tense_aspect,4,es,Spanish,daily_life;education;food_household,15,25,10
245,12201,12250,50,40,orthographic_and_tokenization_interface,2,apostrophe_or_clitic_orthography,11,en,English,food_household;sports_recreation;workplace,15,25,10
246,12251,12300,50,7,voice_and_agent_prominence,4,impersonal_passive,13,es,Spanish,family_relationships;science_technology;nature_environment,15,25,10
247,12301,12350,50,2,basic_constituent_order,2,object_fronting,8,tr,Turkish,daily_life;education;food_household,15,25,10
248,12351,12400,50,6,transitivity_valency,5,valency_reduction_or_argument_omission,7,es,Spanish,health;news_public_affairs;family_relationships,15,25,10
249,12401,12450,50,15,number_marking,3,numeral_plus_number_morphology,15,hi,Hindi,sports_recreation;workplace;travel_transport,15,25,10
250,12451,12500,50,10,morphological_segmentation_type,4,productive_compounding,4,es,Spanish,workplace;travel_transport;arts_culture,15,25,10
251,12501,12550,50,20,pronoun_richness_and_reduction,4,weak_vs_strong_pronoun,3,fr,French,workplace;travel_transport;arts_culture,15,25,10
252,12551,12600,50,29,quantifier_scope_and_distributivity,3,collective_all,2,de,German,health;news_public_affairs;family_relationships,15,25,10
253,12601,12650,50,32,quotation_and_reported_speech_structure,4,reported_question,1,en,English,sports_recreation;workplace;travel_transport,15,25,10
254,12651,12700,50,19,inclusive_exclusive_distinction,5,inclusive_exclusive_planning_or_command_context,10,id,Indonesian,food_household;sports_recreation;workplace,15,25,10
255,12701,12750,50,14,definiteness_and_specificity,4,specific_indefinite_reference,1,en,English,workplace;travel_transport;arts_culture,15,25,10
256,12751,12800,50,12,optionality_vs_obligatoriness_of_marking,3,optional_complementizer_context,6,en,English,arts_culture;social_interaction;health,15,25,10
257,12801,12850,50,39,deixis_and_perspective_anchoring,5,perspective_shift_in_report_or_narration,6,en,English,arts_culture;social_interaction;health,15,25,10
258,12851,12900,50,26,evidentiality,5,hearsay_or_attributed_evidence,8,en,English,food_household;sports_recreation;workplace,15,25,10
259,12901,12950,50,17,animacy_and_humanness,1,animate_inanimate_object_contrast,5,tr,Turkish,nature_environment;daily_life;education,15,25,10
260,12951,13000,50,29,quantifier_scope_and_distributivity,5,numeral_or_indefinite_distributivity,15,ru,Russian,sports_recreation;workplace;travel_transport,15,25,10
261,13001,13050,50,1,subject_expression_pro_drop,2,discourse_recoverable_subject_omission,3,it,Italian,travel_transport;arts_culture;social_interaction,15,25,10
262,13051,13100,50,19,inclusive_exclusive_distinction,2,exclusive_we_reference,4,id,Indonesian,food_household;sports_recreation;workplace,15,25,10
263,13101,13150,50,28,negation_and_polarity_structure,1,sentential_negation,9,ru,Russian,social_interaction;health;news_public_affairs,15,25,10
264,13151,13200,50,39,deixis_and_perspective_anchoring,3,come_go_motion_perspective,15,zh,Chinese,arts_culture;social_interaction;health,15,25,10
265,13201,13250,50,33,discourse_relation_marking,2,contrastive_relation,15,tr,Turkish,science_technology;nature_environment;daily_life,15,25,10
266,13251,13300,50,38,speech_act_force_and_request_directness,2,interrogative_request,12,de,German,sports_recreation;workplace;travel_transport,15,25,10
267,13301,13350,50,16,gender_noun_class,2,article_gender_agreement,13,ru,Russian,health;news_public_affairs;family_relationships,15,25,10
268,13351,13400,50,20,pronoun_richness_and_reduction,1,overt_full_pronoun,1,es,Spanish,news_public_affairs;family_relationships;science_technology,15,25,10
269,13401,13450,50,18,person_marking_and_person_hierarchy,2,clitic_person_marking,13,hi,Hindi,travel_transport;arts_culture;social_interaction,15,25,10
270,13451,13500,50,17,animacy_and_humanness,5,reflexive_or_reciprocal_humanness_context,6,es,Spanish,daily_life;education;food_household,15,25,10
271,13501,13550,50,13,redundancy_cumulative_exponence,3,gender_number_across_phrase,2,ru,Russian,arts_culture;social_interaction;health,15,25,10
272,13551,13600,50,14,definiteness_and_specificity,4,specific_indefinite_reference,11,en,English,family_relationships;science_technology;nature_environment,15,25,10
273,13601,13650,50,3,nominal_modifier_order,5,multiple_modifier_order,5,tr,Turkish,family_relationships;science_technology;nature_environment,15,25,10
274,13651,13700,50,12,optionality_vs_obligatoriness_of_marking,5,optional_particle_or_case_context,2,es,Spanish,news_public_affairs;family_relationships;science_technology,15,25,10
275,13701,13750,50,15,number_marking,2,dual_number,12,ar,Arabic,travel_transport;arts_culture;social_interaction,15,25,10
276,13751,13800,50,3,nominal_modifier_order,2,possessor_head_order,13,fr,French,health;news_public_affairs;family_relationships,15,25,10
277,13801,13850,50,14,definiteness_and_specificity,1,definite_indefinite_article,3,fr,French,education;food_household;sports_recreation,15,25,10
278,13851,13900,50,6,transitivity_valency,4,ambitransitive_alternation,1,en,English,sports_recreation;workplace;travel_transport,15,25,10
279,13901,13950,50,39,deixis_and_perspective_anchoring,2,here_there_spatial_deixis,8,es,Spanish,sports_recreation;workplace;travel_transport,15,25,10
280,13951,14000,50,10,morphological_segmentation_type,3,clitic_sequence,10,de,German,education;food_household;sports_recreation,15,25,10
281,14001,14050,50,34,topic_comment_structure,5,contrastive_topic,2,ko,Korean,food_household;sports_recreation;workplace,15,25,10
282,14051,14100,50,3,nominal_modifier_order,4,relative_clause_head_order,5,tr,Turkish,arts_culture;social_interaction;health,15,25,10
283,14101,14150,50,38,speech_act_force_and_request_directness,2,interrogative_request,10,ja,Japanese,social_interaction;health;news_public_affairs,15,25,10
284,14151,14200,50,19,inclusive_exclusive_distinction,3,inclusive_agreement_or_indexing,14,ta,Tamil,nature_environment;daily_life;education,15,25,10
285,14201,14250,50,26,evidentiality,2,grammatical_inferential,3,en,English,daily_life;education;food_household,15,25,10
286,14251,14300,50,25,epistemic_modality,1,possibility_statement,7,de,German,news_public_affairs;family_relationships;science_technology,15,25,10
287,14301,14350,50,21,possession_and_alienability,2,kinship_possession,7,fr,French,arts_culture;social_interaction;health,15,25,10
288,14351,14400,50,24,modality_and_mood,3,deontic_obligation,5,tr,Turkish,sports_recreation;workplace;travel_transport,15,25,10
289,14401,14450,50,37,social_deixis_honorifics_status_encoding,2,honorific_title_or_address,10,hi,Hindi,food_household;sports_recreation;workplace,15,25,10
290,14451,14500,50,3,nominal_modifier_order,3,numeral_head_order,13,fr,French,nature_environment;daily_life;education,15,25,10
291,14501,14550,50,2,basic_constituent_order,2,object_fronting,14,ar,Arabic,education;food_household;sports_recreation,15,25,10
292,14551,14600,50,9,analytic_vs_synthetic_encoding,3,periphrastic_modality,5,fi,Finnish,arts_culture;social_interaction;health,15,25,10
293,14601,14650,50,25,epistemic_modality,2,probability_statement,3,fr,French,health;news_public_affairs;family_relationships,15,25,10
294,14651,14700,50,27,mirativity_stance_and_affect_marking,2,exclamative_surprise,15,en,English,social_interaction;health;news_public_affairs,15,25,10
295,14701,14750,50,4,case_marking,3,genitive_possession,11,tr,Turkish,health;news_public_affairs;family_relationships,15,25,10
296,14751,14800,50,37,social_deixis_honorifics_status_encoding,5,status_conditioned_request_or_reference,2,ko,Korean,workplace;travel_transport;arts_culture,15,25,10
297,14801,14850,50,33,discourse_relation_marking,5,consequence_or_result_relation,6,en,English,food_household;sports_recreation;workplace,15,25,10
298,14851,14900,50,19,inclusive_exclusive_distinction,4,exclusive_agreement_or_indexing,10,id,Indonesian,science_technology;nature_environment;daily_life,15,25,10
299,14901,14950,50,2,basic_constituent_order,1,canonical_clause_order,14,ar,Arabic,family_relationships;science_technology;nature_environment,15,25,10
300,14951,15000,50,24,modality_and_mood,4,ability_or_possibility,4,de,German,news_public_affairs;family_relationships;science_technology,15,25,10
301,15001,15050,50,17,animacy_and_humanness,2,human_nonhuman_reference,14,ja,Japanese,science_technology;nature_environment;daily_life,15,25,10
302,15051,15100,50,31,subordination_and_embedding,4,nested_embedding,15,ja,Japanese,news_public_affairs;family_relationships;science_technology,15,25,10
303,15101,15150,50,10,morphological_segmentation_type,3,clitic_sequence,3,ru,Russian,food_household;sports_recreation;workplace,15,25,10
304,15151,15200,50,1,subject_expression_pro_drop,3,coordinated_subject_omission,1,tr,Turkish,daily_life;education;food_household,15,25,10
305,15201,15250,50,33,discourse_relation_marking,4,temporal_sequence_relation,1,en,English,health;news_public_affairs;family_relationships,15,25,10
306,15251,15300,50,35,focus_and_given_new_marking,5,wh_or_answer_focus_context,10,ja,Japanese,workplace;travel_transport;arts_culture,15,25,10
307,15301,15350,50,7,voice_and_agent_prominence,2,agentless_passive,4,tr,Turkish,social_interaction;health;news_public_affairs,15,25,10
308,15351,15400,50,34,topic_comment_structure,4,hanging_topic,15,fr,French,science_technology;nature_environment;daily_life,15,25,10
309,15401,15450,50,8,causativity_and_valency_change,4,double_or_indirect_causation,10,en,English,health;news_public_affairs;family_relationships,15,25,10
310,15451,15500,50,16,gender_noun_class,2,article_gender_agreement,1,fr,French,arts_culture;social_interaction;health,15,25,10
311,15501,15550,50,20,pronoun_richness_and_reduction,5,pronoun_reduction_across_connected_clauses,12,it,Italian,sports_recreation;workplace;travel_transport,15,25,10
312,15551,15600,50,34,topic_comment_structure,4,hanging_topic,11,ja,Japanese,arts_culture;social_interaction;health,15,25,10
313,15601,15650,50,40,orthographic_and_tokenization_interface,2,apostrophe_or_clitic_orthography,7,de,German,family_relationships;science_technology;nature_environment,15,25,10
314,15651,15700,50,27,mirativity_stance_and_affect_marking,4,stance_particle,9,es,Spanish,education;food_household;sports_recreation,15,25,10
315,15701,15750,50,18,person_marking_and_person_hierarchy,4,person_sensitive_argument_marking,3,hi,Hindi,social_interaction;health;news_public_affairs,15,25,10
316,15751,15800,50,15,number_marking,5,number_agreement,14,tr,Turkish,daily_life;education;food_household,15,25,10
317,15801,15850,50,32,quotation_and_reported_speech_structure,2,indirect_report,5,es,Spanish,daily_life;education;food_household,15,25,10
318,15851,15900,50,30,conditional_and_counterfactual_marking,2,hypothetical_conditional,11,en,English,workplace;travel_transport;arts_culture,15,25,10
319,15901,15950,50,19,inclusive_exclusive_distinction,2,exclusive_we_reference,10,id,Indonesian,sports_recreation;workplace;travel_transport,15,25,10
320,15951,16000,50,28,negation_and_polarity_structure,2,negative_concord,6,en,English,workplace;travel_transport;arts_culture,15,25,10
321,16001,16050,50,23,aspect_and_event_structure,5,inchoative_or_resultative_event,1,ru,Russian,education;food_household;sports_recreation,15,25,10
322,16051,16100,50,36,genericity_and_kind_level_reference,3,habitual_generic,11,en,English,nature_environment;daily_life;education,15,25,10
323,16101,16150,50,37,social_deixis_honorifics_status_encoding,4,humble_or_deferential_form,10,hi,Hindi,family_relationships;science_technology;nature_environment,15,25,10
324,16151,16200,50,35,focus_and_given_new_marking,1,cleft_focus,9,de,German,sports_recreation;workplace;travel_transport,15,25,10
325,16201,16250,50,22,tense_prominence,5,tense_with_independent_time_adverb,9,de,German,arts_culture;social_interaction;health,15,25,10
326,16251,16300,50,38,speech_act_force_and_request_directness,2,interrogative_request,6,en,English,food_household;sports_recreation;workplace,15,25,10
327,16301,16350,50,10,morphological_segmentation_type,1,agglutinative_multi_affix_word,1,tr,Turkish,science_technology;nature_environment;daily_life,15,25,10
328,16351,16400,50,17,animacy_and_humanness,1,animate_inanimate_object_contrast,9,ja,Japanese,workplace;travel_transport;arts_culture,15,25,10
329,16401,16450,50,25,epistemic_modality,3,inferential_epistemic,6,en,English,arts_culture;social_interaction;health,15,25,10
330,16451,16500,50,39,deixis_and_perspective_anchoring,2,here_there_spatial_deixis,11,en,English,family_relationships;science_technology;nature_environment,15,25,10
331,16501,16550,50,16,gender_noun_class,3,pronoun_gender_agreement,1,fr,French,family_relationships;science_technology;nature_environment,15,25,10
332,16551,16600,50,7,voice_and_agent_prominence,2,agentless_passive,13,es,Spanish,food_household;sports_recreation;workplace,15,25,10
333,16601,16650,50,19,inclusive_exclusive_distinction,4,exclusive_agreement_or_indexing,11,ta,Tamil,news_public_affairs;family_relationships;science_technology,15,25,10
334,16651,16700,50,21,possession_and_alienability,4,genitive_or_possessive_marker,1,tr,Turkish,daily_life;education;food_household,15,25,10
335,16701,16750,50,15,number_marking,4,collective_or_group_reference,4,tr,Turkish,sports_recreation;workplace;travel_transport,15,25,10
336,16751,16800,50,17,animacy_and_humanness,2,human_nonhuman_reference,13,hi,Hindi,daily_life;education;food_household,15,25,10
337,16801,16850,50,6,transitivity_valency,3,ditransitive_clause,8,tr,Turkish,science_technology;nature_environment;daily_life,15,25,10
338,16851,16900,50,38,speech_act_force_and_request_directness,2,interrogative_request,15,ja,Japanese,family_relationships;science_technology;nature_environment,15,25,10
339,16901,16950,50,23,aspect_and_event_structure,4,telic_atelic_contrast,7,es,Spanish,science_technology;nature_environment;daily_life,15,25,10
340,16951,17000,50,3,nominal_modifier_order,1,adjective_head_order,7,es,Spanish,sports_recreation;workplace;travel_transport,15,25,10
341,17001,17050,50,13,redundancy_cumulative_exponence,4,negative_concord,6,es,Spanish,food_household;sports_recreation;workplace,15,25,10
342,17051,17100,50,38,speech_act_force_and_request_directness,5,mitigated_or_polite_request,4,fr,French,travel_transport;arts_culture;social_interaction,15,25,10
343,17101,17150,50,24,modality_and_mood,5,conditional_mood,13,en,English,health;news_public_affairs;family_relationships,15,25,10
344,17151,17200,50,12,optionality_vs_obligatoriness_of_marking,1,optional_subject_expression,6,en,English,science_technology;nature_environment;daily_life,15,25,10
345,17201,17250,50,15,number_marking,1,singular_plural_nominal,3,ru,Russian,arts_culture;social_interaction;health,15,25,10
346,17251,17300,50,18,person_marking_and_person_hierarchy,1,first_second_third_person_agreement,12,tr,Turkish,sports_recreation;workplace;travel_transport,15,25,10
347,17301,17350,50,10,morphological_segmentation_type,1,agglutinative_multi_affix_word,5,de,German,sports_recreation;workplace;travel_transport,15,25,10
348,17351,17400,50,19,inclusive_exclusive_distinction,2,exclusive_we_reference,6,te,Telugu,science_technology;nature_environment;daily_life,15,25,10
349,17401,17450,50,40,orthographic_and_tokenization_interface,1,hyphenation_or_compound_orthography,11,en,English,science_technology;nature_environment;daily_life,15,25,10
350,17451,17500,50,24,modality_and_mood,5,conditional_mood,4,de,German,daily_life;education;food_household,15,25,10
351,17501,17550,50,13,redundancy_cumulative_exponence,1,agreement_redundancy,1,es,Spanish,daily_life;education;food_household,15,25,10
352,17551,17600,50,20,pronoun_richness_and_reduction,4,weak_vs_strong_pronoun,2,it,Italian,arts_culture;social_interaction;health,15,25,10
353,17601,17650,50,17,animacy_and_humanness,2,human_nonhuman_reference,3,hi,Hindi,social_interaction;health;news_public_affairs,15,25,10
354,17651,17700,50,30,conditional_and_counterfactual_marking,5,conditional_mood_form,8,fr,French,news_public_affairs;family_relationships;science_technology,15,25,10
355,17701,17750,50,39,deixis_and_perspective_anchoring,3,come_go_motion_perspective,5,zh,Chinese,daily_life;education;food_household,15,25,10
356,17751,17800,50,33,discourse_relation_marking,4,temporal_sequence_relation,6,en,English,science_technology;nature_environment;daily_life,15,25,10
357,17801,17850,50,19,inclusive_exclusive_distinction,2,exclusive_we_reference,13,id,Indonesian,family_relationships;science_technology;nature_environment,15,25,10
358,17851,17900,50,10,morphological_segmentation_type,2,fusional_inflection,12,fi,Finnish,arts_culture;social_interaction;health,15,25,10
359,17901,17950,50,6,transitivity_valency,4,ambitransitive_alternation,11,en,English,news_public_affairs;family_relationships;science_technology,15,25,10
360,17951,18000,50,2,basic_constituent_order,3,verb_final_order,2,de,German,sports_recreation;workplace;travel_transport,15,25,10
361,18001,18050,50,6,transitivity_valency,5,valency_reduction_or_argument_omission,4,de,German,education;food_household;sports_recreation,15,25,10
362,18051,18100,50,4,case_marking,1,accusative_object_marking,15,hi,Hindi,travel_transport;arts_culture;social_interaction,15,25,10
363,18101,18150,50,9,analytic_vs_synthetic_encoding,5,agglutinative_multi_feature_word,3,de,German,travel_transport;arts_culture;social_interaction,15,25,10
364,18151,18200,50,1,subject_expression_pro_drop,3,coordinated_subject_omission,6,tr,Turkish,sports_recreation;workplace;travel_transport,15,25,10
365,18201,18250,50,30,conditional_and_counterfactual_marking,3,past_counterfactual,12,es,Spanish,arts_culture;social_interaction;health,15,25,10
366,18251,18300,50,25,epistemic_modality,4,certainty_or_high_commitment,14,es,Spanish,social_interaction;health;news_public_affairs,15,25,10
367,18301,18350,50,36,genericity_and_kind_level_reference,1,bare_plural_generic,3,fr,French,social_interaction;health;news_public_affairs,15,25,10
368,18351,18400,50,17,animacy_and_humanness,3,animacy_sensitive_object_marking,14,ja,Japanese,food_household;sports_recreation;workplace,15,25,10
369,18401,18450,50,14,definiteness_and_specificity,2,bare_vs_determined_noun,1,en,English,news_public_affairs;family_relationships;science_technology,15,25,10
370,18451,18500,50,9,analytic_vs_synthetic_encoding,1,analytic_tense_aspect,8,de,German,travel_transport;arts_culture;social_interaction,15,25,10
371,18501,18550,50,3,nominal_modifier_order,2,possessor_head_order,8,fr,French,travel_transport;arts_culture;social_interaction,15,25,10
372,18551,18600,50,10,morphological_segmentation_type,1,agglutinative_multi_affix_word,8,ru,Russian,family_relationships;science_technology;nature_environment,15,25,10
373,18601,18650,50,2,basic_constituent_order,4,verb_initial_or_predicate_initial_order,6,en,English,nature_environment;daily_life;education,15,25,10
374,18651,18700,50,33,discourse_relation_marking,5,consequence_or_result_relation,9,es,Spanish,news_public_affairs;family_relationships;science_technology,15,25,10
375,18701,18750,50,25,epistemic_modality,5,epistemic_auxiliary_or_particle,9,es,Spanish,health;news_public_affairs;family_relationships,15,25,10
376,18751,18800,50,33,discourse_relation_marking,2,contrastive_relation,11,en,English,arts_culture;social_interaction;health,15,25,10
377,18801,18850,50,27,mirativity_stance_and_affect_marking,2,exclamative_surprise,3,ko,Korean,travel_transport;arts_culture;social_interaction,15,25,10
378,18851,18900,50,36,genericity_and_kind_level_reference,4,kind_denoting_reference,9,es,Spanish,social_interaction;health;news_public_affairs,15,25,10
379,18901,18950,50,1,subject_expression_pro_drop,1,overt_vs_null_subject,15,ja,Japanese,sports_recreation;workplace;travel_transport,15,25,10
380,18951,19000,50,40,orthographic_and_tokenization_interface,4,natural_punctuation_attachment,10,zh,Chinese,nature_environment;daily_life;education,15,25,10
381,19001,19050,50,26,evidentiality,5,hearsay_or_attributed_evidence,11,tr,Turkish,news_public_affairs;family_relationships;science_technology,15,25,10
382,19051,19100,50,16,gender_noun_class,4,participle_or_predicate_agreement,5,hi,Hindi,arts_culture;social_interaction;health,15,25,10
383,19101,19150,50,20,pronoun_richness_and_reduction,2,null_or_reduced_pronoun,6,es,Spanish,sports_recreation;workplace;travel_transport,15,25,10
384,19151,19200,50,39,deixis_and_perspective_anchoring,3,come_go_motion_perspective,1,en,English,health;news_public_affairs;family_relationships,15,25,10
385,19201,19250,50,5,morphosyntactic_alignment,3,ergative_perfective_alignment,10,ru,Russian,food_household;sports_recreation;workplace,15,25,10
386,19251,19300,50,29,quantifier_scope_and_distributivity,4,negation_quantifier_scope,12,de,German,travel_transport;arts_culture;social_interaction,15,25,10
387,19301,19350,50,2,basic_constituent_order,4,verb_initial_or_predicate_initial_order,13,tr,Turkish,science_technology;nature_environment;daily_life,15,25,10
388,19351,19400,50,28,negation_and_polarity_structure,1,sentential_negation,6,en,English,daily_life;education;food_household,15,25,10
389,19401,19450,50,21,possession_and_alienability,2,kinship_possession,6,tr,Turkish,health;news_public_affairs;family_relationships,15,25,10
390,19451,19500,50,22,tense_prominence,4,future_marking,1,en,English,travel_transport;arts_culture;social_interaction,15,25,10
391,19501,19550,50,14,definiteness_and_specificity,1,definite_indefinite_article,15,ar,Arabic,sports_recreation;workplace;travel_transport,15,25,10
392,19551,19600,50,24,modality_and_mood,5,conditional_mood,6,es,Spanish,news_public_affairs;family_relationships;science_technology,15,25,10
393,19601,19650,50,26,evidentiality,4,direct_evidence_statement,8,en,English,science_technology;nature_environment;daily_life,15,25,10
394,19651,19700,50,9,analytic_vs_synthetic_encoding,5,agglutinative_multi_feature_word,12,tr,Turkish,daily_life;education;food_household,15,25,10
395,19701,19750,50,32,quotation_and_reported_speech_structure,5,mixed_or_shifted_report_structure,15,es,Spanish,travel_transport;arts_culture;social_interaction,15,25,10
396,19751,19800,50,22,tense_prominence,5,tense_with_independent_time_adverb,8,fr,French,health;news_public_affairs;family_relationships,15,25,10
397,19801,19850,50,10,morphological_segmentation_type,1,agglutinative_multi_affix_word,7,fi,Finnish,nature_environment;daily_life;education,15,25,10
398,19851,19900,50,8,causativity_and_valency_change,1,morphological_causative,13,ko,Korean,sports_recreation;workplace;travel_transport,15,25,10
399,19901,19950,50,4,case_marking,3,genitive_possession,10,hi,Hindi,family_relationships;science_technology;nature_environment,15,25,10
400,19951,20000,50,35,focus_and_given_new_marking,2,focus_particle,2,fr,French,health;news_public_affairs;family_relationships,15,25,10
401,20001,20050,50,2,basic_constituent_order,2,object_fronting,7,de,German,food_household;sports_recreation;workplace,15,25,10
402,20051,20100,50,2,basic_constituent_order,3,verb_final_order,5,ja,Japanese,family_relationships;science_technology;nature_environment,15,25,10
403,20101,20150,50,38,speech_act_force_and_request_directness,3,declarative_hint_request,3,es,Spanish,nature_environment;daily_life;education,15,25,10
404,20151,20200,50,26,evidentiality,2,grammatical_inferential,1,tr,Turkish,workplace;travel_transport;arts_culture,15,25,10
405,20201,20250,50,27,mirativity_stance_and_affect_marking,4,stance_particle,14,es,Spanish,workplace;travel_transport;arts_culture,15,25,10
406,20251,20300,50,40,orthographic_and_tokenization_interface,3,script_specific_word_segmentation,4,tr,Turkish,social_interaction;health;news_public_affairs,15,25,10
407,20301,20350,50,23,aspect_and_event_structure,5,inchoative_or_resultative_event,8,en,English,daily_life;education;food_household,15,25,10
408,20351,20400,50,4,case_marking,1,accusative_object_marking,8,ru,Russian,arts_culture;social_interaction;health,15,25,10
409,20401,20450,50,31,subordination_and_embedding,2,relative_clause,13,es,Spanish,travel_transport;arts_culture;social_interaction,15,25,10
410,20451,20500,50,25,epistemic_modality,5,epistemic_auxiliary_or_particle,5,tr,Turkish,sports_recreation;workplace;travel_transport,15,25,10
411,20501,20550,50,21,possession_and_alienability,5,existential_or_predicative_possession,7,fr,French,travel_transport;arts_culture;social_interaction,15,25,10
412,20551,20600,50,7,voice_and_agent_prominence,5,resultative_or_stative_passive,10,ru,Russian,social_interaction;health;news_public_affairs,15,25,10
413,20601,20650,50,38,speech_act_force_and_request_directness,3,declarative_hint_request,4,fr,French,family_relationships;science_technology;nature_environment,15,25,10
414,20651,20700,50,13,redundancy_cumulative_exponence,3,gender_number_across_phrase,1,es,Spanish,health;news_public_affairs;family_relationships,15,25,10
415,20701,20750,50,24,modality_and_mood,5,conditional_mood,9,de,German,sports_recreation;workplace;travel_transport,15,25,10
416,20751,20800,50,21,possession_and_alienability,5,existential_or_predicative_possession,11,tr,Turkish,family_relationships;science_technology;nature_environment,15,25,10
417,20801,20850,50,16,gender_noun_class,3,pronoun_gender_agreement,8,ru,Russian,news_public_affairs;family_relationships;science_technology,15,25,10
418,20851,20900,50,3,nominal_modifier_order,5,multiple_modifier_order,6,en,English,health;news_public_affairs;family_relationships,15,25,10
419,20901,20950,50,16,gender_noun_class,4,participle_or_predicate_agreement,6,fr,French,workplace;travel_transport;arts_culture,15,25,10
420,20951,21000,50,13,redundancy_cumulative_exponence,5,tense_plus_temporal_adverb,14,tr,Turkish,sports_recreation;workplace;travel_transport,15,25,10
421,21001,21050,50,27,mirativity_stance_and_affect_marking,4,stance_particle,13,ko,Korean,arts_culture;social_interaction;health,15,25,10
422,21051,21100,50,7,voice_and_agent_prominence,2,agentless_passive,2,de,German,science_technology;nature_environment;daily_life,15,25,10
423,21101,21150,50,29,quantifier_scope_and_distributivity,5,numeral_or_indefinite_distributivity,8,es,Spanish,workplace;travel_transport;arts_culture,15,25,10
424,21151,21200,50,40,orthographic_and_tokenization_interface,1,hyphenation_or_compound_orthography,14,tr,Turkish,travel_transport;arts_culture;social_interaction,15,25,10
425,21201,21250,50,12,optionality_vs_obligatoriness_of_marking,1,optional_subject_expression,12,es,Spanish,nature_environment;daily_life;education,15,25,10
426,21251,21300,50,24,modality_and_mood,3,deontic_obligation,13,en,English,daily_life;education;food_household,15,25,10
427,21301,21350,50,31,subordination_and_embedding,4,nested_embedding,10,ja,Japanese,arts_culture;social_interaction;health,15,25,10
428,21351,21400,50,8,causativity_and_valency_change,2,periphrastic_causative,13,ko,Korean,social_interaction;health;news_public_affairs,15,25,10
429,21401,21450,50,11,agreement_indexing_density,1,subject_verb_agreement,5,tr,Turkish,health;news_public_affairs;family_relationships,15,25,10
430,21451,21500,50,27,mirativity_stance_and_affect_marking,2,exclamative_surprise,4,es,Spanish,sports_recreation;workplace;travel_transport,15,25,10
431,21501,21550,50,34,topic_comment_structure,3,marked_topicalization,12,ko,Korean,daily_life;education;food_household,15,25,10
432,21551,21600,50,27,mirativity_stance_and_affect_marking,3,evaluative_stance_adverbial,8,ko,Korean,nature_environment;daily_life;education,15,25,10
433,21601,21650,50,29,quantifier_scope_and_distributivity,2,distributive_each,7,de,German,social_interaction;health;news_public_affairs,15,25,10
434,21651,21700,50,28,negation_and_polarity_structure,2,negative_concord,12,es,Spanish,travel_transport;arts_culture;social_interaction,15,25,10
435,21701,21750,50,34,topic_comment_structure,5,contrastive_topic,8,zh,Chinese,sports_recreation;workplace;travel_transport,15,25,10
436,21751,21800,50,24,modality_and_mood,2,subjunctive_or_irrealis,1,es,Spanish,social_interaction;health;news_public_affairs,15,25,10
437,21801,21850,50,19,inclusive_exclusive_distinction,2,exclusive_we_reference,15,te,Telugu,arts_culture;social_interaction;health,15,25,10
438,21851,21900,50,24,modality_and_mood,1,imperative_mood,5,tr,Turkish,health;news_public_affairs;family_relationships,15,25,10
439,21901,21950,50,24,modality_and_mood,4,ability_or_possibility,8,en,English,education;food_household;sports_recreation,15,25,10
440,21951,22000,50,40,orthographic_and_tokenization_interface,4,natural_punctuation_attachment,2,de,German,food_household;sports_recreation;workplace,15,25,10
441,22001,22050,50,3,nominal_modifier_order,1,adjective_head_order,13,fr,French,workplace;travel_transport;arts_culture,15,25,10
442,22051,22100,50,38,speech_act_force_and_request_directness,1,direct_imperative_request,9,fr,French,travel_transport;arts_culture;social_interaction,15,25,10
443,22101,22150,50,8,causativity_and_valency_change,3,lexical_causative,7,ja,Japanese,family_relationships;science_technology;nature_environment,15,25,10
444,22151,22200,50,2,basic_constituent_order,3,verb_final_order,4,ar,Arabic,nature_environment;daily_life;education,15,25,10
445,22201,22250,50,32,quotation_and_reported_speech_structure,3,quotative_particle_or_marker,5,es,Spanish,workplace;travel_transport;arts_culture,15,25,10
446,22251,22300,50,38,speech_act_force_and_request_directness,2,interrogative_request,14,fr,French,nature_environment;daily_life;education,15,25,10
447,22301,22350,50,35,focus_and_given_new_marking,2,focus_particle,7,fr,French,science_technology;nature_environment;daily_life,15,25,10
448,22351,22400,50,36,genericity_and_kind_level_reference,5,generic_conditional_or_generalization,12,de,German,travel_transport;arts_culture;social_interaction,15,25,10
449,22401,22450,50,1,subject_expression_pro_drop,2,discourse_recoverable_subject_omission,11,tr,Turkish,food_household;sports_recreation;workplace,15,25,10
450,22451,22500,50,14,definiteness_and_specificity,3,demonstrative_definiteness,4,tr,Turkish,social_interaction;health;news_public_affairs,15,25,10
451,22501,22550,50,16,gender_noun_class,2,article_gender_agreement,6,fr,French,news_public_affairs;family_relationships;science_technology,15,25,10
452,22551,22600,50,11,agreement_indexing_density,3,nominal_gender_number_agreement,7,es,Spanish,nature_environment;daily_life;education,15,25,10
453,22601,22650,50,25,epistemic_modality,2,probability_statement,5,tr,Turkish,workplace;travel_transport;arts_culture,15,25,10
454,22651,22700,50,11,agreement_indexing_density,5,multi_argument_indexing,9,ar,Arabic,sports_recreation;workplace;travel_transport,15,25,10
455,22701,22750,50,29,quantifier_scope_and_distributivity,3,collective_all,11,en,English,sports_recreation;workplace;travel_transport,15,25,10
456,22751,22800,50,24,modality_and_mood,2,subjunctive_or_irrealis,7,fr,French,health;news_public_affairs;family_relationships,15,25,10
457,22801,22850,50,36,genericity_and_kind_level_reference,4,kind_denoting_reference,13,fr,French,nature_environment;daily_life;education,15,25,10
458,22851,22900,50,40,orthographic_and_tokenization_interface,4,natural_punctuation_attachment,3,fr,French,daily_life;education;food_household,15,25,10
459,22901,22950,50,36,genericity_and_kind_level_reference,3,habitual_generic,3,fr,French,food_household;sports_recreation;workplace,15,25,10
460,22951,23000,50,6,transitivity_valency,5,valency_reduction_or_argument_omission,14,de,German,social_interaction;health;news_public_affairs,15,25,10
461,23001,23050,50,38,speech_act_force_and_request_directness,4,performative_request,14,fr,French,social_interaction;health;news_public_affairs,15,25,10
462,23051,23100,50,27,mirativity_stance_and_affect_marking,4,stance_particle,4,es,Spanish,science_technology;nature_environment;daily_life,15,25,10
463,23101,23150,50,40,orthographic_and_tokenization_interface,3,script_specific_word_segmentation,1,en,English,daily_life;education;food_household,15,25,10
464,23151,23200,50,37,social_deixis_honorifics_status_encoding,5,status_conditioned_request_or_reference,5,hi,Hindi,science_technology;nature_environment;daily_life,15,25,10
465,23201,23250,50,37,social_deixis_honorifics_status_encoding,4,humble_or_deferential_form,15,hi,Hindi,daily_life;education;food_household,15,25,10
466,23251,23300,50,12,optionality_vs_obligatoriness_of_marking,5,optional_particle_or_case_context,1,en,English,science_technology;nature_environment;daily_life,15,25,10
467,23301,23350,50,22,tense_prominence,4,future_marking,4,de,German,nature_environment;daily_life;education,15,25,10
468,23351,23400,50,4,case_marking,5,differential_object_marking,7,fi,Finnish,science_technology;nature_environment;daily_life,15,25,10
469,23401,23450,50,24,modality_and_mood,2,subjunctive_or_irrealis,13,en,English,news_public_affairs;family_relationships;science_technology,15,25,10
470,23451,23500,50,35,focus_and_given_new_marking,1,cleft_focus,1,en,English,arts_culture;social_interaction;health,15,25,10
471,23501,23550,50,16,gender_noun_class,5,gender_assignment_across_nouns,5,hi,Hindi,family_relationships;science_technology;nature_environment,15,25,10
472,23551,23600,50,36,genericity_and_kind_level_reference,3,habitual_generic,5,ru,Russian,science_technology;nature_environment;daily_life,15,25,10
473,23601,23650,50,5,morphosyntactic_alignment,1,transitive_agent_patient_alignment,9,tr,Turkish,news_public_affairs;family_relationships;science_technology,15,25,10
474,23651,23700,50,39,deixis_and_perspective_anchoring,1,proximal_distal_demonstrative,1,en,English,daily_life;education;food_household,15,25,10
475,23701,23750,50,34,topic_comment_structure,1,topic_particle,12,ko,Korean,travel_transport;arts_culture;social_interaction,15,25,10
476,23751,23800,50,17,animacy_and_humanness,2,human_nonhuman_reference,9,ja,Japanese,health;news_public_affairs;family_relationships,15,25,10
477,23801,23850,50,10,morphological_segmentation_type,4,productive_compounding,6,tr,Turkish,daily_life;education;food_household,15,25,10
478,23851,23900,50,13,redundancy_cumulative_exponence,3,gender_number_across_phrase,4,tr,Turkish,food_household;sports_recreation;workplace,15,25,10
479,23901,23950,50,3,nominal_modifier_order,2,possessor_head_order,1,en,English,arts_culture;social_interaction;health,15,25,10
480,23951,24000,50,33,discourse_relation_marking,4,temporal_sequence_relation,14,es,Spanish,health;news_public_affairs;family_relationships,15,25,10
481,24001,24050,50,23,aspect_and_event_structure,2,perfective_completed_event,7,es,Spanish,sports_recreation;workplace;travel_transport,15,25,10
482,24051,24100,50,24,modality_and_mood,3,deontic_obligation,12,fr,French,food_household;sports_recreation;workplace,15,25,10
483,24101,24150,50,23,aspect_and_event_structure,2,perfective_completed_event,5,bg,Bulgarian,social_interaction;health;news_public_affairs,15,25,10
484,24151,24200,50,32,quotation_and_reported_speech_structure,2,indirect_report,3,tr,Turkish,workplace;travel_transport;arts_culture,15,25,10
485,24201,24250,50,16,gender_noun_class,2,article_gender_agreement,4,ar,Arabic,daily_life;education;food_household,15,25,10
486,24251,24300,50,16,gender_noun_class,5,gender_assignment_across_nouns,6,fr,French,health;news_public_affairs;family_relationships,15,25,10
487,24301,24350,50,9,analytic_vs_synthetic_encoding,3,periphrastic_modality,1,en,English,education;food_household;sports_recreation,15,25,10
488,24351,24400,50,34,topic_comment_structure,2,left_dislocation,12,ko,Korean,news_public_affairs;family_relationships;science_technology,15,25,10
489,24401,24450,50,27,mirativity_stance_and_affect_marking,5,unexpected_discovery_context,10,en,English,sports_recreation;workplace;travel_transport,15,25,10
490,24451,24500,50,34,topic_comment_structure,2,left_dislocation,1,ja,Japanese,travel_transport;arts_culture;social_interaction,15,25,10
491,24501,24550,50,7,voice_and_agent_prominence,5,resultative_or_stative_passive,12,de,German,sports_recreation;workplace;travel_transport,15,25,10
492,24551,24600,50,31,subordination_and_embedding,5,nonfinite_or_infinitival_complement,10,ja,Japanese,family_relationships;science_technology;nature_environment,15,25,10
493,24601,24650,50,2,basic_constituent_order,1,canonical_clause_order,11,en,English,sports_recreation;workplace;travel_transport,15,25,10
494,24651,24700,50,12,optionality_vs_obligatoriness_of_marking,4,obligatory_agreement_context,4,ja,Japanese,education;food_household;sports_recreation,15,25,10
495,24701,24750,50,14,definiteness_and_specificity,4,specific_indefinite_reference,9,tr,Turkish,education;food_household;sports_recreation,15,25,10
496,24751,24800,50,32,quotation_and_reported_speech_structure,3,quotative_particle_or_marker,12,ja,Japanese,sports_recreation;workplace;travel_transport,15,25,10
497,24801,24850,50,10,morphological_segmentation_type,1,agglutinative_multi_affix_word,10,de,German,arts_culture;social_interaction;health,15,25,10
498,24851,24900,50,39,deixis_and_perspective_anchoring,4,temporal_deixis,11,en,English,travel_transport;arts_culture;social_interaction,15,25,10
499,24901,24950,50,24,modality_and_mood,5,conditional_mood,5,tr,Turkish,science_technology;nature_environment;daily_life,15,25,10
500,24951,25000,50,39,deixis_and_perspective_anchoring,1,proximal_distal_demonstrative,12,ja,Japanese,workplace;travel_transport;arts_culture,15,25,10
501,25001,25050,50,32,quotation_and_reported_speech_structure,5,mixed_or_shifted_report_structure,11,en,English,daily_life;education;food_household,15,25,10
502,25051,25100,50,9,analytic_vs_synthetic_encoding,1,analytic_tense_aspect,9,es,Spanish,sports_recreation;workplace;travel_transport,15,25,10
503,25101,25150,50,40,orthographic_and_tokenization_interface,2,apostrophe_or_clitic_orthography,4,tr,Turkish,sports_recreation;workplace;travel_transport,15,25,10
504,25151,25200,50,27,mirativity_stance_and_affect_marking,4,stance_particle,2,ja,Japanese,food_household;sports_recreation;workplace,15,25,10
505,25201,25250,50,4,case_marking,1,accusative_object_marking,10,hi,Hindi,food_household;sports_recreation;workplace,15,25,10
506,25251,25300,50,2,basic_constituent_order,2,object_fronting,6,en,English,workplace;travel_transport;arts_culture,15,25,10
507,25301,25350,50,11,agreement_indexing_density,3,nominal_gender_number_agreement,11,eu,Basque,workplace;travel_transport;arts_culture,15,25,10
508,25351,25400,50,36,genericity_and_kind_level_reference,5,generic_conditional_or_generalization,6,en,English,workplace;travel_transport;arts_culture,15,25,10
509,25401,25450,50,2,basic_constituent_order,4,verb_initial_or_predicate_initial_order,14,ar,Arabic,news_public_affairs;family_relationships;science_technology,15,25,10
510,25451,25500,50,37,social_deixis_honorifics_status_encoding,3,honorific_verb_or_morphology,15,hi,Hindi,news_public_affairs;family_relationships;science_technology,15,25,10
511,25501,25550,50,11,agreement_indexing_density,2,rich_person_number_agreement,11,eu,Basque,daily_life;education;food_household,15,25,10
512,25551,25600,50,6,transitivity_valency,2,monotransitive_clause,2,es,Spanish,arts_culture;social_interaction;health,15,25,10
513,25601,25650,50,18,person_marking_and_person_hierarchy,3,local_vs_nonlocal_participants,12,tr,Turkish,science_technology;nature_environment;daily_life,15,25,10
514,25651,25700,50,5,morphosyntactic_alignment,1,transitive_agent_patient_alignment,6,eu,Basque,food_household;sports_recreation;workplace,15,25,10
515,25701,25750,50,40,orthographic_and_tokenization_interface,5,alphanumeric_hashtag_or_filename_like_token,9,tr,Turkish,travel_transport;arts_culture;social_interaction,15,25,10
516,25751,25800,50,33,discourse_relation_marking,3,concessive_relation,4,es,Spanish,science_technology;nature_environment;daily_life,15,25,10
517,25801,25850,50,23,aspect_and_event_structure,3,habitual_aspect,14,tr,Turkish,arts_culture;social_interaction;health,15,25,10
518,25851,25900,50,20,pronoun_richness_and_reduction,1,overt_full_pronoun,5,en,English,education;food_household;sports_recreation,15,25,10
519,25901,25950,50,27,mirativity_stance_and_affect_marking,4,stance_particle,6,tr,Turkish,social_interaction;health;news_public_affairs,15,25,10
520,25951,26000,50,14,definiteness_and_specificity,4,specific_indefinite_reference,8,fr,French,sports_recreation;workplace;travel_transport,15,25,10
521,26001,26050,50,6,transitivity_valency,1,intransitive_clause,10,ru,Russian,nature_environment;daily_life;education,15,25,10
522,26051,26100,50,6,transitivity_valency,1,intransitive_clause,1,en,English,workplace;travel_transport;arts_culture,15,25,10
523,26101,26150,50,27,mirativity_stance_and_affect_marking,2,exclamative_surprise,1,tr,Turkish,news_public_affairs;family_relationships;science_technology,15,25,10
524,26151,26200,50,4,case_marking,1,accusative_object_marking,6,tr,Turkish,family_relationships;science_technology;nature_environment,15,25,10
525,26201,26250,50,17,animacy_and_humanness,1,animate_inanimate_object_contrast,8,hi,Hindi,arts_culture;social_interaction;health,15,25,10
526,26251,26300,50,11,agreement_indexing_density,2,rich_person_number_agreement,2,es,Spanish,travel_transport;arts_culture;social_interaction,15,25,10
527,26301,26350,50,13,redundancy_cumulative_exponence,1,agreement_redundancy,10,en,English,health;news_public_affairs;family_relationships,15,25,10
528,26351,26400,50,30,conditional_and_counterfactual_marking,5,conditional_mood_form,4,de,German,workplace;travel_transport;arts_culture,15,25,10
529,26401,26450,50,37,social_deixis_honorifics_status_encoding,5,status_conditioned_request_or_reference,10,hi,Hindi,education;food_household;sports_recreation,15,25,10
530,26451,26500,50,15,number_marking,5,number_agreement,4,tr,Turkish,social_interaction;health;news_public_affairs,15,25,10
531,26501,26550,50,10,morphological_segmentation_type,1,agglutinative_multi_affix_word,15,de,German,news_public_affairs;family_relationships;science_technology,15,25,10
532,26551,26600,50,23,aspect_and_event_structure,2,perfective_completed_event,10,bg,Bulgarian,family_relationships;science_technology;nature_environment,15,25,10
533,26601,26650,50,6,transitivity_valency,1,intransitive_clause,3,tr,Turkish,daily_life;education;food_household,15,25,10
534,26651,26700,50,14,definiteness_and_specificity,2,bare_vs_determined_noun,6,en,English,nature_environment;daily_life;education,15,25,10
535,26701,26750,50,21,possession_and_alienability,3,owned_object_possession,13,es,Spanish,science_technology;nature_environment;daily_life,15,25,10
536,26751,26800,50,3,nominal_modifier_order,5,multiple_modifier_order,1,en,English,travel_transport;arts_culture;social_interaction,15,25,10
537,26801,26850,50,19,inclusive_exclusive_distinction,1,inclusive_we_reference,14,ta,Tamil,workplace;travel_transport;arts_culture,15,25,10
538,26851,26900,50,16,gender_noun_class,2,article_gender_agreement,7,es,Spanish,social_interaction;health;news_public_affairs,15,25,10
539,26901,26950,50,36,genericity_and_kind_level_reference,3,habitual_generic,12,de,German,family_relationships;science_technology;nature_environment,15,25,10
540,26951,27000,50,17,animacy_and_humanness,4,animacy_sensitive_case_or_order,14,ja,Japanese,arts_culture;social_interaction;health,15,25,10
541,27001,27050,50,20,pronoun_richness_and_reduction,5,pronoun_reduction_across_connected_clauses,6,es,Spanish,food_household;sports_recreation;workplace,15,25,10
542,27051,27100,50,32,quotation_and_reported_speech_structure,1,direct_quotation,7,ja,Japanese,travel_transport;arts_culture;social_interaction,15,25,10
543,27101,27150,50,6,transitivity_valency,1,intransitive_clause,5,ru,Russian,news_public_affairs;family_relationships;science_technology,15,25,10
544,27151,27200,50,7,voice_and_agent_prominence,4,impersonal_passive,14,tr,Turkish,health;news_public_affairs;family_relationships,15,25,10
545,27201,27250,50,12,optionality_vs_obligatoriness_of_marking,1,optional_subject_expression,7,es,Spanish,news_public_affairs;family_relationships;science_technology,15,25,10
546,27251,27300,50,30,conditional_and_counterfactual_marking,2,hypothetical_conditional,15,tr,Turkish,news_public_affairs;family_relationships;science_technology,15,25,10
547,27301,27350,50,35,focus_and_given_new_marking,3,fronted_or_marked_focus,8,es,Spanish,daily_life;education;food_household,15,25,10
548,27351,27400,50,9,analytic_vs_synthetic_encoding,1,analytic_tense_aspect,5,fi,Finnish,science_technology;nature_environment;daily_life,15,25,10
549,27401,27450,50,19,inclusive_exclusive_distinction,5,inclusive_exclusive_planning_or_command_context,12,te,Telugu,science_technology;nature_environment;daily_life,15,25,10
550,27451,27500,50,3,nominal_modifier_order,3,numeral_head_order,10,tr,Turkish,travel_transport;arts_culture;social_interaction,15,25,10
551,27501,27550,50,11,agreement_indexing_density,2,rich_person_number_agreement,14,ar,Arabic,social_interaction;health;news_public_affairs,15,25,10
552,27551,27600,50,28,negation_and_polarity_structure,5,negation_scope_contrast,9,ru,Russian,family_relationships;science_technology;nature_environment,15,25,10
553,27601,27650,50,21,possession_and_alienability,5,existential_or_predicative_possession,14,ru,Russian,workplace;travel_transport;arts_culture,15,25,10
554,27651,27700,50,29,quantifier_scope_and_distributivity,3,collective_all,6,en,English,daily_life;education;food_household,15,25,10
555,27701,27750,50,26,evidentiality,5,hearsay_or_attributed_evidence,7,bg,Bulgarian,workplace;travel_transport;arts_culture,15,25,10
556,27751,27800,50,38,speech_act_force_and_request_directness,1,direct_imperative_request,4,fr,French,food_household;sports_recreation;workplace,15,25,10
557,27801,27850,50,7,voice_and_agent_prominence,3,middle_or_reflexive_voice,2,de,German,food_household;sports_recreation;workplace,15,25,10
558,27851,27900,50,26,evidentiality,4,direct_evidence_statement,3,en,English,health;news_public_affairs;family_relationships,15,25,10
559,27901,27950,50,16,gender_noun_class,3,pronoun_gender_agreement,4,ar,Arabic,workplace;travel_transport;arts_culture,15,25,10
560,27951,28000,50,32,quotation_and_reported_speech_structure,1,direct_quotation,2,ja,Japanese,food_household;sports_recreation;workplace,15,25,10
561,28001,28050,50,32,quotation_and_reported_speech_structure,3,quotative_particle_or_marker,15,es,Spanish,family_relationships;science_technology;nature_environment,15,25,10
562,28051,28100,50,16,gender_noun_class,3,pronoun_gender_agreement,13,ru,Russian,nature_environment;daily_life;education,15,25,10
563,28101,28150,50,7,voice_and_agent_prominence,4,impersonal_passive,10,ru,Russian,sports_recreation;workplace;travel_transport,15,25,10
564,28151,28200,50,12,optionality_vs_obligatoriness_of_marking,4,obligatory_agreement_context,3,tr,Turkish,sports_recreation;workplace;travel_transport,15,25,10
565,28201,28250,50,26,evidentiality,4,direct_evidence_statement,1,tr,Turkish,nature_environment;daily_life;education,15,25,10
566,28251,28300,50,24,modality_and_mood,4,ability_or_possibility,13,en,English,workplace;travel_transport;arts_culture,15,25,10
567,28301,28350,50,16,gender_noun_class,1,adjective_gender_agreement,8,ru,Russian,education;food_household;sports_recreation,15,25,10
568,28351,28400,50,5,morphosyntactic_alignment,4,experiencer_or_dative_subject,5,ru,Russian,sports_recreation;workplace;travel_transport,15,25,10
569,28401,28450,50,6,transitivity_valency,5,valency_reduction_or_argument_omission,12,es,Spanish,science_technology;nature_environment;daily_life,15,25,10
570,28451,28500,50,37,social_deixis_honorifics_status_encoding,1,tu_vous_or_t_v_distinction,3,fr,French,nature_environment;daily_life;education,15,25,10
571,28501,28550,50,11,agreement_indexing_density,1,subject_verb_agreement,11,eu,Basque,news_public_affairs;family_relationships;science_technology,15,25,10
572,28551,28600,50,35,focus_and_given_new_marking,1,cleft_focus,13,es,Spanish,health;news_public_affairs;family_relationships,15,25,10
573,28601,28650,50,34,topic_comment_structure,5,contrastive_topic,13,zh,Chinese,arts_culture;social_interaction;health,15,25,10
574,28651,28700,50,39,deixis_and_perspective_anchoring,4,temporal_deixis,8,es,Spanish,science_technology;nature_environment;daily_life,15,25,10
575,28701,28750,50,8,causativity_and_valency_change,2,periphrastic_causative,12,ja,Japanese,news_public_affairs;family_relationships;science_technology,15,25,10
576,28751,28800,50,22,tense_prominence,5,tense_with_independent_time_adverb,14,de,German,news_public_affairs;family_relationships;science_technology,15,25,10
577,28801,28850,50,37,social_deixis_honorifics_status_encoding,4,humble_or_deferential_form,6,ja,Japanese,travel_transport;arts_culture;social_interaction,15,25,10
578,28851,28900,50,25,epistemic_modality,4,certainty_or_high_commitment,11,en,English,daily_life;education;food_household,15,25,10
579,28901,28950,50,2,basic_constituent_order,4,verb_initial_or_predicate_initial_order,11,en,English,food_household;sports_recreation;workplace,15,25,10
580,28951,29000,50,29,quantifier_scope_and_distributivity,1,universal_existential_scope,1,en,English,food_household;sports_recreation;workplace,15,25,10
581,29001,29050,50,33,discourse_relation_marking,1,causal_relation,6,en,English,nature_environment;daily_life;education,15,25,10
582,29051,29100,50,29,quantifier_scope_and_distributivity,4,negation_quantifier_scope,5,ru,Russian,arts_culture;social_interaction;health,15,25,10
583,29101,29150,50,27,mirativity_stance_and_affect_marking,3,evaluative_stance_adverbial,5,en,English,travel_transport;arts_culture;social_interaction,15,25,10
584,29151,29200,50,18,person_marking_and_person_hierarchy,3,local_vs_nonlocal_participants,14,eu,Basque,social_interaction;health;news_public_affairs,15,25,10
585,29201,29250,50,22,tense_prominence,1,simple_past_present_future,15,tr,Turkish,workplace;travel_transport;arts_culture,15,25,10
586,29251,29300,50,6,transitivity_valency,4,ambitransitive_alternation,15,ru,Russian,education;food_household;sports_recreation,15,25,10
587,29301,29350,50,28,negation_and_polarity_structure,1,sentential_negation,1,en,English,family_relationships;science_technology;nature_environment,15,25,10
588,29351,29400,50,6,transitivity_valency,2,monotransitive_clause,9,de,German,travel_transport;arts_culture;social_interaction,15,25,10
589,29401,29450,50,23,aspect_and_event_structure,5,inchoative_or_resultative_event,13,en,English,sports_recreation;workplace;travel_transport,15,25,10
590,29451,29500,50,36,genericity_and_kind_level_reference,5,generic_conditional_or_generalization,10,ru,Russian,news_public_affairs;family_relationships;science_technology,15,25,10
591,29501,29550,50,23,aspect_and_event_structure,2,perfective_completed_event,2,es,Spanish,daily_life;education;food_household,15,25,10
592,29551,29600,50,13,redundancy_cumulative_exponence,5,tense_plus_temporal_adverb,5,en,English,health;news_public_affairs;family_relationships,15,25,10
593,29601,29650,50,34,topic_comment_structure,1,topic_particle,10,fr,French,news_public_affairs;family_relationships;science_technology,15,25,10
594,29651,29700,50,2,basic_constituent_order,5,topicalized_argument_order,12,de,German,workplace;travel_transport;arts_culture,15,25,10
595,29701,29750,50,2,basic_constituent_order,3,verb_final_order,11,en,English,science_technology;nature_environment;daily_life,15,25,10
596,29751,29800,50,3,nominal_modifier_order,3,numeral_head_order,8,fr,French,news_public_affairs;family_relationships;science_technology,15,25,10
597,29801,29850,50,20,pronoun_richness_and_reduction,5,pronoun_reduction_across_connected_clauses,10,en,English,social_interaction;health;news_public_affairs,15,25,10
598,29851,29900,50,3,nominal_modifier_order,5,multiple_modifier_order,14,ar,Arabic,travel_transport;arts_culture;social_interaction,15,25,10
599,29901,29950,50,19,inclusive_exclusive_distinction,4,exclusive_agreement_or_indexing,6,te,Telugu,arts_culture;social_interaction;health,15,25,10
600,29951,30000,50,13,redundancy_cumulative_exponence,2,case_plus_adposition,6,es,Spanish,social_interaction;health;news_public_affairs,15,25,10
601,30001,30050,50,32,quotation_and_reported_speech_structure,3,quotative_particle_or_marker,6,en,English,food_household;sports_recreation;workplace,15,25,10
602,30051,30100,50,20,pronoun_richness_and_reduction,4,weak_vs_strong_pronoun,5,en,English,daily_life;education;food_household,15,25,10
603,30101,30150,50,23,aspect_and_event_structure,3,habitual_aspect,6,ru,Russian,news_public_affairs;family_relationships;science_technology,15,25,10
604,30151,30200,50,24,modality_and_mood,1,imperative_mood,11,es,Spanish,news_public_affairs;family_relationships;science_technology,15,25,10
605,30201,30250,50,11,agreement_indexing_density,4,multiple_agreement_targets,9,ar,Arabic,nature_environment;daily_life;education,15,25,10
606,30251,30300,50,29,quantifier_scope_and_distributivity,3,collective_all,7,de,German,science_technology;nature_environment;daily_life,15,25,10
607,30301,30350,50,18,person_marking_and_person_hierarchy,2,clitic_person_marking,6,es,Spanish,arts_culture;social_interaction;health,15,25,10
608,30351,30400,50,25,epistemic_modality,2,probability_statement,6,en,English,food_household;sports_recreation;workplace,15,25,10
609,30401,30450,50,11,agreement_indexing_density,4,multiple_agreement_targets,3,ru,Russian,science_technology;nature_environment;daily_life,15,25,10
610,30451,30500,50,39,deixis_and_perspective_anchoring,3,come_go_motion_perspective,14,tr,Turkish,health;news_public_affairs;family_relationships,15,25,10
611,30501,30550,50,30,conditional_and_counterfactual_marking,1,real_conditional,2,es,Spanish,travel_transport;arts_culture;social_interaction,15,25,10
612,30551,30600,50,15,number_marking,3,numeral_plus_number_morphology,9,tr,Turkish,food_household;sports_recreation;workplace,15,25,10
613,30601,30650,50,1,subject_expression_pro_drop,1,overt_vs_null_subject,9,pt,Portuguese,food_household;sports_recreation;workplace,15,25,10
614,30651,30700,50,22,tense_prominence,3,sequence_of_tense,7,es,Spanish,food_household;sports_recreation;workplace,15,25,10
615,30701,30750,50,17,animacy_and_humanness,3,animacy_sensitive_object_marking,8,hi,Hindi,education;food_household;sports_recreation,15,25,10
616,30751,30800,50,33,discourse_relation_marking,4,temporal_sequence_relation,9,es,Spanish,travel_transport;arts_culture;social_interaction,15,25,10
617,30801,30850,50,8,causativity_and_valency_change,4,double_or_indirect_causation,9,hi,Hindi,family_relationships;science_technology;nature_environment,15,25,10
618,30851,30900,50,32,quotation_and_reported_speech_structure,5,mixed_or_shifted_report_structure,6,en,English,family_relationships;science_technology;nature_environment,15,25,10
619,30901,30950,50,18,person_marking_and_person_hierarchy,4,person_sensitive_argument_marking,12,tr,Turkish,food_household;sports_recreation;workplace,15,25,10
620,30951,31000,50,4,case_marking,4,locative_ablative_or_instrumental,7,fi,Finnish,social_interaction;health;news_public_affairs,15,25,10
621,31001,31050,50,18,person_marking_and_person_hierarchy,5,multi_person_indexing,3,hi,Hindi,science_technology;nature_environment;daily_life,15,25,10
622,31051,31100,50,20,pronoun_richness_and_reduction,5,pronoun_reduction_across_connected_clauses,8,fr,French,science_technology;nature_environment;daily_life,15,25,10
623,31101,31150,50,1,subject_expression_pro_drop,1,overt_vs_null_subject,1,tr,Turkish,travel_transport;arts_culture;social_interaction,15,25,10
624,31151,31200,50,13,redundancy_cumulative_exponence,1,agreement_redundancy,14,tr,Turkish,daily_life;education;food_household,15,25,10
625,31201,31250,50,40,orthographic_and_tokenization_interface,1,hyphenation_or_compound_orthography,8,fr,French,workplace;travel_transport;arts_culture,15,25,10
626,31251,31300,50,11,agreement_indexing_density,2,rich_person_number_agreement,8,ru,Russian,arts_culture;social_interaction;health,15,25,10
627,31301,31350,50,12,optionality_vs_obligatoriness_of_marking,3,optional_complementizer_context,4,ja,Japanese,family_relationships;science_technology;nature_environment,15,25,10
628,31351,31400,50,27,mirativity_stance_and_affect_marking,1,mirative_particle_or_form,8,ko,Korean,workplace;travel_transport;arts_culture,15,25,10
629,31401,31450,50,28,negation_and_polarity_structure,1,sentential_negation,3,fr,French,arts_culture;social_interaction;health,15,25,10
630,31451,31500,50,12,optionality_vs_obligatoriness_of_marking,3,optional_complementizer_context,14,ja,Japanese,sports_recreation;workplace;travel_transport,15,25,10
631,31501,31550,50,27,mirativity_stance_and_affect_marking,4,stance_particle,8,ko,Korean,sports_recreation;workplace;travel_transport,15,25,10
632,31551,31600,50,35,focus_and_given_new_marking,1,cleft_focus,6,en,English,news_public_affairs;family_relationships;science_technology,15,25,10
633,31601,31650,50,7,voice_and_agent_prominence,2,agentless_passive,3,es,Spanish,news_public_affairs;family_relationships;science_technology,15,25,10
634,31651,31700,50,9,analytic_vs_synthetic_encoding,4,morphologically_bundled_case_possession,5,fi,Finnish,family_relationships;science_technology;nature_environment,15,25,10
635,31701,31750,50,6,transitivity_valency,4,ambitransitive_alternation,2,es,Spanish,education;food_household;sports_recreation,15,25,10
636,31751,31800,50,24,modality_and_mood,4,ability_or_possibility,9,de,German,nature_environment;daily_life;education,15,25,10
637,31801,31850,50,35,focus_and_given_new_marking,5,wh_or_answer_focus_context,1,en,English,news_public_affairs;family_relationships;science_technology,15,25,10
638,31851,31900,50,23,aspect_and_event_structure,4,telic_atelic_contrast,14,tr,Turkish,family_relationships;science_technology;nature_environment,15,25,10
639,31901,31950,50,19,inclusive_exclusive_distinction,5,inclusive_exclusive_planning_or_command_context,1,id,Indonesian,social_interaction;health;news_public_affairs,15,25,10
640,31951,32000,50,28,negation_and_polarity_structure,2,negative_concord,7,es,Spanish,food_household;sports_recreation;workplace,15,25,10
641,32001,32050,50,16,gender_noun_class,3,pronoun_gender_agreement,14,ar,Arabic,family_relationships;science_technology;nature_environment,15,25,10
642,32051,32100,50,1,subject_expression_pro_drop,3,coordinated_subject_omission,3,it,Italian,news_public_affairs;family_relationships;science_technology,15,25,10
643,32101,32150,50,20,pronoun_richness_and_reduction,4,weak_vs_strong_pronoun,10,en,English,sports_recreation;workplace;travel_transport,15,25,10
644,32151,32200,50,14,definiteness_and_specificity,2,bare_vs_determined_noun,2,es,Spanish,social_interaction;health;news_public_affairs,15,25,10
645,32201,32250,50,32,quotation_and_reported_speech_structure,4,reported_question,9,de,German,daily_life;education;food_household,15,25,10
646,32251,32300,50,31,subordination_and_embedding,5,nonfinite_or_infinitival_complement,13,es,Spanish,workplace;travel_transport;arts_culture,15,25,10
647,32301,32350,50,35,focus_and_given_new_marking,5,wh_or_answer_focus_context,2,fr,French,social_interaction;health;news_public_affairs,15,25,10
648,32351,32400,50,16,gender_noun_class,1,adjective_gender_agreement,11,fr,French,health;news_public_affairs;family_relationships,15,25,10
649,32401,32450,50,16,gender_noun_class,5,gender_assignment_across_nouns,12,es,Spanish,news_public_affairs;family_relationships;science_technology,15,25,10
650,32451,32500,50,28,negation_and_polarity_structure,2,negative_concord,5,tr,Turkish,arts_culture;social_interaction;health,15,25,10
651,32501,32550,50,8,causativity_and_valency_change,1,morphological_causative,10,en,English,news_public_affairs;family_relationships;science_technology,15,25,10
652,32551,32600,50,37,social_deixis_honorifics_status_encoding,3,honorific_verb_or_morphology,8,fr,French,family_relationships;science_technology;nature_environment,15,25,10
653,32601,32650,50,1,subject_expression_pro_drop,1,overt_vs_null_subject,4,pt,Portuguese,nature_environment;daily_life;education,15,25,10
654,32651,32700,50,1,subject_expression_pro_drop,2,discourse_recoverable_subject_omission,7,es,Spanish,family_relationships;science_technology;nature_environment,15,25,10
655,32701,32750,50,15,number_marking,4,collective_or_group_reference,7,ar,Arabic,family_relationships;science_technology;nature_environment,15,25,10
656,32751,32800,50,32,quotation_and_reported_speech_structure,4,reported_question,14,de,German,sports_recreation;workplace;travel_transport,15,25,10
657,32801,32850,50,30,conditional_and_counterfactual_marking,4,inverted_or_markerless_conditional,12,es,Spanish,family_relationships;science_technology;nature_environment,15,25,10
658,32851,32900,50,1,subject_expression_pro_drop,4,contrastive_overt_pronoun,3,it,Italian,daily_life;education;food_household,15,25,10
659,32901,32950,50,30,conditional_and_counterfactual_marking,5,conditional_mood_form,13,fr,French,nature_environment;daily_life;education,15,25,10
660,32951,33000,50,28,negation_and_polarity_structure,3,constituent_negation,15,tr,Turkish,sports_recreation;workplace;travel_transport,15,25,10
661,33001,33050,50,30,conditional_and_counterfactual_marking,4,inverted_or_markerless_conditional,3,fr,French,food_household;sports_recreation;workplace,15,25,10
662,33051,33100,50,31,subordination_and_embedding,1,finite_complement_clause,12,de,German,sports_recreation;workplace;travel_transport,15,25,10
663,33101,33150,50,16,gender_noun_class,4,participle_or_predicate_agreement,10,hi,Hindi,news_public_affairs;family_relationships;science_technology,15,25,10
664,33151,33200,50,33,discourse_relation_marking,3,concessive_relation,10,tr,Turkish,nature_environment;daily_life;education,15,25,10
665,33201,33250,50,31,subordination_and_embedding,1,finite_complement_clause,9,tr,Turkish,news_public_affairs;family_relationships;science_technology,15,25,10
666,33251,33300,50,17,animacy_and_humanness,2,human_nonhuman_reference,8,hi,Hindi,family_relationships;science_technology;nature_environment,15,25,10
667,33301,33350,50,15,number_marking,3,numeral_plus_number_morphology,10,hi,Hindi,daily_life;education;food_household,15,25,10
668,33351,33400,50,18,person_marking_and_person_hierarchy,2,clitic_person_marking,10,fr,French,science_technology;nature_environment;daily_life,15,25,10
669,33401,33450,50,9,analytic_vs_synthetic_encoding,4,morphologically_bundled_case_possession,9,es,Spanish,food_household;sports_recreation;workplace,15,25,10
670,33451,33500,50,30,conditional_and_counterfactual_marking,5,conditional_mood_form,14,de,German,family_relationships;science_technology;nature_environment,15,25,10
671,33501,33550,50,28,negation_and_polarity_structure,2,negative_concord,11,en,English,social_interaction;health;news_public_affairs,15,25,10
672,33551,33600,50,15,number_marking,4,collective_or_group_reference,9,tr,Turkish,arts_culture;social_interaction;health,15,25,10
673,33601,33650,50,25,epistemic_modality,1,possibility_statement,12,de,German,nature_environment;daily_life;education,15,25,10
674,33651,33700,50,40,orthographic_and_tokenization_interface,3,script_specific_word_segmentation,14,tr,Turkish,daily_life;education;food_household,15,25,10
675,33701,33750,50,3,nominal_modifier_order,2,possessor_head_order,14,ar,Arabic,arts_culture;social_interaction;health,15,25,10
676,33751,33800,50,25,epistemic_modality,2,probability_statement,14,es,Spanish,nature_environment;daily_life;education,15,25,10
677,33801,33850,50,38,speech_act_force_and_request_directness,4,performative_request,6,en,English,family_relationships;science_technology;nature_environment,15,25,10
678,33851,33900,50,4,case_marking,4,locative_ablative_or_instrumental,4,de,German,daily_life;education;food_household,15,25,10
679,33901,33950,50,3,nominal_modifier_order,2,possessor_head_order,7,es,Spanish,social_interaction;health;news_public_affairs,15,25,10
680,33951,34000,50,2,basic_constituent_order,4,verb_initial_or_predicate_initial_order,1,en,English,news_public_affairs;family_relationships;science_technology,15,25,10
681,34001,34050,50,31,subordination_and_embedding,5,nonfinite_or_infinitival_complement,11,en,English,health;news_public_affairs;family_relationships,15,25,10
682,34051,34100,50,34,topic_comment_structure,1,topic_particle,11,ja,Japanese,social_interaction;health;news_public_affairs,15,25,10
683,34101,34150,50,36,genericity_and_kind_level_reference,5,generic_conditional_or_generalization,1,en,English,education;food_household;sports_recreation,15,25,10
684,34151,34200,50,13,redundancy_cumulative_exponence,1,agreement_redundancy,3,fr,French,news_public_affairs;family_relationships;science_technology,15,25,10
685,34201,34250,50,35,focus_and_given_new_marking,3,fronted_or_marked_focus,10,ja,Japanese,news_public_affairs;family_relationships;science_technology,15,25,10
686,34251,34300,50,5,morphosyntactic_alignment,3,ergative_perfective_alignment,1,eu,Basque,social_interaction;health;news_public_affairs,15,25,10
687,34301,34350,50,38,speech_act_force_and_request_directness,1,direct_imperative_request,14,fr,French,health;news_public_affairs;family_relationships,15,25,10
688,34351,34400,50,40,orthographic_and_tokenization_interface,2,apostrophe_or_clitic_orthography,3,fr,French,travel_transport;arts_culture;social_interaction,15,25,10
689,34401,34450,50,16,gender_noun_class,4,participle_or_predicate_agreement,9,ar,Arabic,science_technology;nature_environment;daily_life,15,25,10
690,34451,34500,50,23,aspect_and_event_structure,4,telic_atelic_contrast,10,bg,Bulgarian,travel_transport;arts_culture;social_interaction,15,25,10
691,34501,34550,50,40,orthographic_and_tokenization_interface,2,apostrophe_or_clitic_orthography,14,tr,Turkish,news_public_affairs;family_relationships;science_technology,15,25,10
692,34551,34600,50,27,mirativity_stance_and_affect_marking,1,mirative_particle_or_form,14,es,Spanish,travel_transport;arts_culture;social_interaction,15,25,10
693,34601,34650,50,7,voice_and_agent_prominence,1,active_passive_alternation,1,en,English,news_public_affairs;family_relationships;science_technology,15,25,10
694,34651,34700,50,24,modality_and_mood,1,imperative_mood,15,tr,Turkish,education;food_household;sports_recreation,15,25,10
695,34701,34750,50,33,discourse_relation_marking,1,causal_relation,15,tr,Turkish,social_interaction;health;news_public_affairs,15,25,10
696,34751,34800,50,29,quantifier_scope_and_distributivity,2,distributive_each,14,fr,French,arts_culture;social_interaction;health,15,25,10
697,34801,34850,50,2,basic_constituent_order,2,object_fronting,1,en,English,education;food_household;sports_recreation,15,25,10
698,34851,34900,50,21,possession_and_alienability,3,owned_object_possession,7,fr,French,family_relationships;science_technology;nature_environment,15,25,10
699,34901,34950,50,32,quotation_and_reported_speech_structure,1,direct_quotation,5,es,Spanish,news_public_affairs;family_relationships;science_technology,15,25,10
700,34951,35000,50,32,quotation_and_reported_speech_structure,4,reported_question,5,es,Spanish,health;news_public_affairs;family_relationships,15,25,10
701,35001,35050,50,4,case_marking,2,dative_recipient_or_goal,14,de,German,science_technology;nature_environment;daily_life,15,25,10
702,35051,35100,50,25,epistemic_modality,1,possibility_statement,15,tr,Turkish,arts_culture;social_interaction;health,15,25,10
703,35101,35150,50,13,redundancy_cumulative_exponence,5,tense_plus_temporal_adverb,7,ru,Russian,workplace;travel_transport;arts_culture,15,25,10
704,35151,35200,50,14,definiteness_and_specificity,4,specific_indefinite_reference,5,ar,Arabic,news_public_affairs;family_relationships;science_technology,15,25,10
705,35201,35250,50,3,nominal_modifier_order,1,adjective_head_order,8,fr,French,education;food_household;sports_recreation,15,25,10
706,35251,35300,50,13,redundancy_cumulative_exponence,4,negative_concord,9,tr,Turkish,news_public_affairs;family_relationships;science_technology,15,25,10
707,35301,35350,50,3,nominal_modifier_order,1,adjective_head_order,10,tr,Turkish,family_relationships;science_technology;nature_environment,15,25,10
708,35351,35400,50,40,orthographic_and_tokenization_interface,3,script_specific_word_segmentation,11,en,English,arts_culture;social_interaction;health,15,25,10
709,35401,35450,50,8,causativity_and_valency_change,5,permissive_causation,11,tr,Turkish,family_relationships;science_technology;nature_environment,15,25,10
710,35451,35500,50,39,deixis_and_perspective_anchoring,3,come_go_motion_perspective,7,ja,Japanese,news_public_affairs;family_relationships;science_technology,15,25,10
711,35501,35550,50,33,discourse_relation_marking,3,concessive_relation,13,fr,French,arts_culture;social_interaction;health,15,25,10
712,35551,35600,50,2,basic_constituent_order,5,topicalized_argument_order,13,tr,Turkish,food_household;sports_recreation;workplace,15,25,10
713,35601,35650,50,27,mirativity_stance_and_affect_marking,5,unexpected_discovery_context,3,ko,Korean,workplace;travel_transport;arts_culture,15,25,10
714,35651,35700,50,38,speech_act_force_and_request_directness,1,direct_imperative_request,3,es,Spanish,workplace;travel_transport;arts_culture,15,25,10
715,35701,35750,50,35,focus_and_given_new_marking,5,wh_or_answer_focus_context,7,fr,French,family_relationships;science_technology;nature_environment,15,25,10
716,35751,35800,50,37,social_deixis_honorifics_status_encoding,4,humble_or_deferential_form,4,de,German,news_public_affairs;family_relationships;science_technology,15,25,10
717,35801,35850,50,34,topic_comment_structure,2,left_dislocation,2,ko,Korean,sports_recreation;workplace;travel_transport,15,25,10
718,35851,35900,50,5,morphosyntactic_alignment,5,alignment_under_voice_change,14,tr,Turkish,food_household;sports_recreation;workplace,15,25,10
719,35901,35950,50,8,causativity_and_valency_change,4,double_or_indirect_causation,1,tr,Turkish,daily_life;education;food_household,15,25,10
720,35951,36000,50,30,conditional_and_counterfactual_marking,1,real_conditional,4,de,German,education;food_household;sports_recreation,15,25,10
721,36001,36050,50,16,gender_noun_class,5,gender_assignment_across_nouns,7,es,Spanish,arts_culture;social_interaction;health,15,25,10
722,36051,36100,50,6,transitivity_valency,2,monotransitive_clause,11,en,English,education;food_household;sports_recreation,15,25,10
723,36101,36150,50,20,pronoun_richness_and_reduction,3,clitic_pronoun,8,fr,French,sports_recreation;workplace;travel_transport,15,25,10
724,36151,36200,50,31,subordination_and_embedding,2,relative_clause,9,tr,Turkish,daily_life;education;food_household,15,25,10
725,36201,36250,50,30,conditional_and_counterfactual_marking,3,past_counterfactual,3,fr,French,science_technology;nature_environment;daily_life,15,25,10
726,36251,36300,50,35,focus_and_given_new_marking,2,focus_particle,1,en,English,family_relationships;science_technology;nature_environment,15,25,10
727,36301,36350,50,22,tense_prominence,2,perfect_or_anterior_tense,10,tr,Turkish,travel_transport;arts_culture;social_interaction,15,25,10
728,36351,36400,50,34,topic_comment_structure,1,topic_particle,1,ja,Japanese,education;food_household;sports_recreation,15,25,10
729,36401,36450,50,23,aspect_and_event_structure,2,perfective_completed_event,3,en,English,science_technology;nature_environment;daily_life,15,25,10
730,36451,36500,50,25,epistemic_modality,2,probability_statement,7,de,German,daily_life;education;food_household,15,25,10
731,36501,36550,50,22,tense_prominence,5,tense_with_independent_time_adverb,2,es,Spanish,social_interaction;health;news_public_affairs,15,25,10
732,36551,36600,50,31,subordination_and_embedding,1,finite_complement_clause,11,en,English,travel_transport;arts_culture;social_interaction,15,25,10
733,36601,36650,50,30,conditional_and_counterfactual_marking,1,real_conditional,7,es,Spanish,health;news_public_affairs;family_relationships,15,25,10
734,36651,36700,50,40,orthographic_and_tokenization_interface,4,natural_punctuation_attachment,1,en,English,workplace;travel_transport;arts_culture,15,25,10
735,36701,36750,50,21,possession_and_alienability,5,existential_or_predicative_possession,3,es,Spanish,daily_life;education;food_household,15,25,10
736,36751,36800,50,7,voice_and_agent_prominence,1,active_passive_alternation,15,ru,Russian,social_interaction;health;news_public_affairs,15,25,10
737,36801,36850,50,34,topic_comment_structure,2,left_dislocation,14,en,English,travel_transport;arts_culture;social_interaction,15,25,10
738,36851,36900,50,37,social_deixis_honorifics_status_encoding,3,honorific_verb_or_morphology,14,de,German,science_technology;nature_environment;daily_life,15,25,10
739,36901,36950,50,32,quotation_and_reported_speech_structure,1,direct_quotation,6,en,English,social_interaction;health;news_public_affairs,15,25,10
740,36951,37000,50,10,morphological_segmentation_type,5,derivation_plus_inflection,3,ru,Russian,family_relationships;science_technology;nature_environment,15,25,10
741,37001,37050,50,11,agreement_indexing_density,4,multiple_agreement_targets,13,ru,Russian,workplace;travel_transport;arts_culture,15,25,10
742,37051,37100,50,5,morphosyntactic_alignment,5,alignment_under_voice_change,8,ur,Urdu,education;food_household;sports_recreation,15,25,10
743,37101,37150,50,7,voice_and_agent_prominence,5,resultative_or_stative_passive,13,es,Spanish,education;food_household;sports_recreation,15,25,10
744,37151,37200,50,9,analytic_vs_synthetic_encoding,1,analytic_tense_aspect,1,en,English,arts_culture;social_interaction;health,15,25,10
745,37201,37250,50,13,redundancy_cumulative_exponence,2,case_plus_adposition,13,fr,French,arts_culture;social_interaction;health,15,25,10
746,37251,37300,50,33,discourse_relation_marking,5,consequence_or_result_relation,5,tr,Turkish,workplace;travel_transport;arts_culture,15,25,10
747,37301,37350,50,10,morphological_segmentation_type,1,agglutinative_multi_affix_word,4,es,Spanish,travel_transport;arts_culture;social_interaction,15,25,10
748,37351,37400,50,11,agreement_indexing_density,5,multi_argument_indexing,5,tr,Turkish,science_technology;nature_environment;daily_life,15,25,10
749,37401,37450,50,15,number_marking,2,dual_number,10,hi,Hindi,news_public_affairs;family_relationships;science_technology,15,25,10
750,37451,37500,50,27,mirativity_stance_and_affect_marking,5,unexpected_discovery_context,5,en,English,daily_life;education;food_household,15,25,10
751,37501,37550,50,33,discourse_relation_marking,1,causal_relation,1,en,English,news_public_affairs;family_relationships;science_technology,15,25,10
752,37551,37600,50,12,optionality_vs_obligatoriness_of_marking,4,obligatory_agreement_context,11,en,English,daily_life;education;food_household,15,25,10
753,37601,37650,50,17,animacy_and_humanness,4,animacy_sensitive_case_or_order,7,ru,Russian,social_interaction;health;news_public_affairs,15,25,10
754,37651,37700,50,13,redundancy_cumulative_exponence,3,gender_number_across_phrase,7,ru,Russian,news_public_affairs;family_relationships;science_technology,15,25,10
755,37701,37750,50,28,negation_and_polarity_structure,2,negative_concord,1,en,English,education;food_household;sports_recreation,15,25,10
756,37751,37800,50,20,pronoun_richness_and_reduction,5,pronoun_reduction_across_connected_clauses,14,tr,Turkish,nature_environment;daily_life;education,15,25,10
757,37801,37850,50,13,redundancy_cumulative_exponence,4,negative_concord,4,tr,Turkish,arts_culture;social_interaction;health,15,25,10
758,37851,37900,50,27,mirativity_stance_and_affect_marking,5,unexpected_discovery_context,6,tr,Turkish,science_technology;nature_environment;daily_life,15,25,10
759,37901,37950,50,3,nominal_modifier_order,4,relative_clause_head_order,12,es,Spanish,travel_transport;arts_culture;social_interaction,15,25,10
760,37951,38000,50,7,voice_and_agent_prominence,2,agentless_passive,9,tr,Turkish,family_relationships;science_technology;nature_environment,15,25,10
761,38001,38050,50,15,number_marking,5,number_agreement,7,ar,Arabic,education;food_household;sports_recreation,15,25,10
762,38051,38100,50,16,gender_noun_class,3,pronoun_gender_agreement,11,fr,French,sports_recreation;workplace;travel_transport,15,25,10
763,38101,38150,50,28,negation_and_polarity_structure,1,sentential_negation,13,fr,French,nature_environment;daily_life;education,15,25,10
764,38151,38200,50,27,mirativity_stance_and_affect_marking,2,exclamative_surprise,9,es,Spanish,arts_culture;social_interaction;health,15,25,10
765,38201,38250,50,22,tense_prominence,1,simple_past_present_future,10,tr,Turkish,education;food_household;sports_recreation,15,25,10
766,38251,38300,50,32,quotation_and_reported_speech_structure,1,direct_quotation,4,de,German,science_technology;nature_environment;daily_life,15,25,10
767,38301,38350,50,25,epistemic_modality,4,certainty_or_high_commitment,3,fr,French,sports_recreation;workplace;travel_transport,15,25,10
768,38351,38400,50,15,number_marking,5,number_agreement,11,en,English,arts_culture;social_interaction;health,15,25,10
769,38401,38450,50,4,case_marking,5,differential_object_marking,11,tr,Turkish,sports_recreation;workplace;travel_transport,15,25,10
770,38451,38500,50,29,quantifier_scope_and_distributivity,1,universal_existential_scope,12,de,German,arts_culture;social_interaction;health,15,25,10
771,38501,38550,50,31,subordination_and_embedding,3,adverbial_subordinate_clause,2,de,German,travel_transport;arts_culture;social_interaction,15,25,10
772,38551,38600,50,3,nominal_modifier_order,2,possessor_head_order,10,tr,Turkish,education;food_household;sports_recreation,15,25,10
773,38601,38650,50,34,topic_comment_structure,5,contrastive_topic,14,en,English,workplace;travel_transport;arts_culture,15,25,10
774,38651,38700,50,16,gender_noun_class,4,participle_or_predicate_agreement,7,es,Spanish,food_household;sports_recreation;workplace,15,25,10
775,38701,38750,50,40,orthographic_and_tokenization_interface,3,script_specific_word_segmentation,8,fr,French,nature_environment;daily_life;education,15,25,10
776,38751,38800,50,32,quotation_and_reported_speech_structure,4,reported_question,6,en,English,arts_culture;social_interaction;health,15,25,10
777,38801,38850,50,23,aspect_and_event_structure,1,progressive_or_imperfective,11,ru,Russian,workplace;travel_transport;arts_culture,15,25,10
778,38851,38900,50,11,agreement_indexing_density,5,multi_argument_indexing,4,ar,Arabic,daily_life;education;food_household,15,25,10
779,38901,38950,50,11,agreement_indexing_density,5,multi_argument_indexing,13,ru,Russian,health;news_public_affairs;family_relationships,15,25,10
780,38951,39000,50,19,inclusive_exclusive_distinction,3,inclusive_agreement_or_indexing,7,id,Indonesian,daily_life;education;food_household,15,25,10
781,39001,39050,50,5,morphosyntactic_alignment,3,ergative_perfective_alignment,12,hi,Hindi,science_technology;nature_environment;daily_life,15,25,10
782,39051,39100,50,39,deixis_and_perspective_anchoring,1,proximal_distal_demonstrative,4,tr,Turkish,social_interaction;health;news_public_affairs,15,25,10
783,39101,39150,50,11,agreement_indexing_density,3,nominal_gender_number_agreement,3,ru,Russian,social_interaction;health;news_public_affairs,15,25,10
784,39151,39200,50,30,conditional_and_counterfactual_marking,2,hypothetical_conditional,5,tr,Turkish,sports_recreation;workplace;travel_transport,15,25,10
785,39201,39250,50,32,quotation_and_reported_speech_structure,5,mixed_or_shifted_report_structure,13,tr,Turkish,news_public_affairs;family_relationships;science_technology,15,25,10
786,39251,39300,50,29,quantifier_scope_and_distributivity,2,distributive_each,8,es,Spanish,travel_transport;arts_culture;social_interaction,15,25,10
787,39301,39350,50,24,modality_and_mood,4,ability_or_possibility,15,tr,Turkish,daily_life;education;food_household,15,25,10
788,39351,39400,50,10,morphological_segmentation_type,5,derivation_plus_inflection,6,tr,Turkish,workplace;travel_transport;arts_culture,15,25,10
789,39401,39450,50,34,topic_comment_structure,5,contrastive_topic,9,en,English,education;food_household;sports_recreation,15,25,10
790,39451,39500,50,31,subordination_and_embedding,2,relative_clause,3,es,Spanish,nature_environment;daily_life;education,15,25,10
791,39501,39550,50,40,orthographic_and_tokenization_interface,4,natural_punctuation_attachment,6,en,English,social_interaction;health;news_public_affairs,15,25,10
792,39551,39600,50,23,aspect_and_event_structure,2,perfective_completed_event,13,en,English,workplace;travel_transport;arts_culture,15,25,10
793,39601,39650,50,15,number_marking,1,singular_plural_nominal,14,tr,Turkish,family_relationships;science_technology;nature_environment,15,25,10
794,39651,39700,50,26,evidentiality,4,direct_evidence_statement,12,bg,Bulgarian,sports_recreation;workplace;travel_transport,15,25,10
795,39701,39750,50,18,person_marking_and_person_hierarchy,2,clitic_person_marking,1,es,Spanish,sports_recreation;workplace;travel_transport,15,25,10
796,39751,39800,50,16,gender_noun_class,3,pronoun_gender_agreement,9,ar,Arabic,social_interaction;health;news_public_affairs,15,25,10
797,39801,39850,50,5,morphosyntactic_alignment,2,intransitive_subject_alignment,3,ur,Urdu,nature_environment;daily_life;education,15,25,10
798,39851,39900,50,9,analytic_vs_synthetic_encoding,3,periphrastic_modality,12,tr,Turkish,travel_transport;arts_culture;social_interaction,15,25,10
799,39901,39950,50,34,topic_comment_structure,2,left_dislocation,6,ja,Japanese,health;news_public_affairs;family_relationships,15,25,10
800,39951,40000,50,38,speech_act_force_and_request_directness,3,declarative_hint_request,2,de,German,education;food_household;sports_recreation,15,25,10
801,40001,40050,50,39,deixis_and_perspective_anchoring,1,proximal_distal_demonstrative,2,ja,Japanese,science_technology;nature_environment;daily_life,15,25,10
802,40051,40100,50,1,subject_expression_pro_drop,4,contrastive_overt_pronoun,10,ja,Japanese,nature_environment;daily_life;education,15,25,10
803,40101,40150,50,26,evidentiality,5,hearsay_or_attributed_evidence,9,de,German,daily_life;education;food_household,15,25,10
804,40151,40200,50,34,topic_comment_structure,4,hanging_topic,1,ja,Japanese,daily_life;education;food_household,15,25,10
805,40201,40250,50,31,subordination_and_embedding,4,nested_embedding,3,es,Spanish,social_interaction;health;news_public_affairs,15,25,10
806,40251,40300,50,8,causativity_and_valency_change,4,double_or_indirect_causation,12,ja,Japanese,workplace;travel_transport;arts_culture,15,25,10
807,40301,40350,50,14,definiteness_and_specificity,5,specificity_sensitive_object_marking,3,fr,French,workplace;travel_transport;arts_culture,15,25,10
808,40351,40400,50,8,causativity_and_valency_change,3,lexical_causative,11,tr,Turkish,food_household;sports_recreation;workplace,15,25,10
809,40401,40450,50,2,basic_constituent_order,4,verb_initial_or_predicate_initial_order,7,de,German,family_relationships;science_technology;nature_environment,15,25,10
810,40451,40500,50,13,redundancy_cumulative_exponence,4,negative_concord,12,ru,Russian,sports_recreation;workplace;travel_transport,15,25,10
811,40501,40550,50,20,pronoun_richness_and_reduction,1,overt_full_pronoun,13,fr,French,science_technology;nature_environment;daily_life,15,25,10
812,40551,40600,50,28,negation_and_polarity_structure,3,constituent_negation,8,fr,French,workplace;travel_transport;arts_culture,15,25,10
813,40601,40650,50,1,subject_expression_pro_drop,4,contrastive_overt_pronoun,14,pt,Portuguese,workplace;travel_transport;arts_culture,15,25,10
814,40651,40700,50,14,definiteness_and_specificity,4,specific_indefinite_reference,2,es,Spanish,food_household;sports_recreation;workplace,15,25,10
815,40701,40750,50,29,quantifier_scope_and_distributivity,4,negation_quantifier_scope,1,en,English,education;food_household;sports_recreation,15,25,10
816,40751,40800,50,10,morphological_segmentation_type,2,fusional_inflection,2,fi,Finnish,daily_life;education;food_household,15,25,10
817,40801,40850,50,30,conditional_and_counterfactual_marking,2,hypothetical_conditional,2,es,Spanish,news_public_affairs;family_relationships;science_technology,15,25,10
818,40851,40900,50,20,pronoun_richness_and_reduction,2,null_or_reduced_pronoun,7,it,Italian,education;food_household;sports_recreation,15,25,10
819,40901,40950,50,18,person_marking_and_person_hierarchy,5,multi_person_indexing,12,tr,Turkish,arts_culture;social_interaction;health,15,25,10
820,40951,41000,50,9,analytic_vs_synthetic_encoding,4,morphologically_bundled_case_possession,4,es,Spanish,nature_environment;daily_life;education,15,25,10
821,41001,41050,50,21,possession_and_alienability,2,kinship_possession,3,es,Spanish,education;food_household;sports_recreation,15,25,10
822,41051,41100,50,32,quotation_and_reported_speech_structure,2,indirect_report,12,ja,Japanese,nature_environment;daily_life;education,15,25,10
823,41101,41150,50,22,tense_prominence,2,perfect_or_anterior_tense,6,en,English,daily_life;education;food_household,15,25,10
824,41151,41200,50,22,tense_prominence,2,perfect_or_anterior_tense,15,tr,Turkish,health;news_public_affairs;family_relationships,15,25,10
825,41201,41250,50,9,analytic_vs_synthetic_encoding,3,periphrastic_modality,4,es,Spanish,health;news_public_affairs;family_relationships,15,25,10
826,41251,41300,50,25,epistemic_modality,2,probability_statement,12,de,German,sports_recreation;workplace;travel_transport,15,25,10
827,41301,41350,50,22,tense_prominence,2,perfect_or_anterior_tense,5,tr,Turkish,food_household;sports_recreation;workplace,15,25,10
828,41351,41400,50,34,topic_comment_structure,3,marked_topicalization,10,fr,French,workplace;travel_transport;arts_culture,15,25,10
829,41401,41450,50,39,deixis_and_perspective_anchoring,4,temporal_deixis,13,es,Spanish,education;food_household;sports_recreation,15,25,10
830,41451,41500,50,25,epistemic_modality,2,probability_statement,8,fr,French,science_technology;nature_environment;daily_life,15,25,10
831,41501,41550,50,22,tense_prominence,4,future_marking,6,en,English,health;news_public_affairs;family_relationships,15,25,10
832,41551,41600,50,38,speech_act_force_and_request_directness,5,mitigated_or_polite_request,3,es,Spanish,social_interaction;health;news_public_affairs,15,25,10
833,41601,41650,50,13,redundancy_cumulative_exponence,5,tense_plus_temporal_adverb,4,tr,Turkish,family_relationships;science_technology;nature_environment,15,25,10
834,41651,41700,50,19,inclusive_exclusive_distinction,3,inclusive_agreement_or_indexing,13,id,Indonesian,education;food_household;sports_recreation,15,25,10
835,41701,41750,50,24,modality_and_mood,4,ability_or_possibility,2,fr,French,daily_life;education;food_household,15,25,10
836,41751,41800,50,28,negation_and_polarity_structure,5,negation_scope_contrast,4,ru,Russian,social_interaction;health;news_public_affairs,15,25,10
837,41801,41850,50,17,animacy_and_humanness,1,animate_inanimate_object_contrast,15,tr,Turkish,travel_transport;arts_culture;social_interaction,15,25,10
838,41851,41900,50,4,case_marking,2,dative_recipient_or_goal,10,hi,Hindi,arts_culture;social_interaction;health,15,25,10
839,41901,41950,50,17,animacy_and_humanness,5,reflexive_or_reciprocal_humanness_context,12,ru,Russian,education;food_household;sports_recreation,15,25,10
840,41951,42000,50,9,analytic_vs_synthetic_encoding,2,synthetic_inflection,14,es,Spanish,family_relationships;science_technology;nature_environment,15,25,10
841,42001,42050,50,2,basic_constituent_order,5,topicalized_argument_order,2,de,German,science_technology;nature_environment;daily_life,15,25,10
842,42051,42100,50,28,negation_and_polarity_structure,2,negative_concord,8,fr,French,daily_life;education;food_household,15,25,10
843,42101,42150,50,11,agreement_indexing_density,4,multiple_agreement_targets,10,tr,Turkish,family_relationships;science_technology;nature_environment,15,25,10
844,42151,42200,50,24,modality_and_mood,1,imperative_mood,13,en,English,travel_transport;arts_culture;social_interaction,15,25,10
845,42201,42250,50,20,pronoun_richness_and_reduction,2,null_or_reduced_pronoun,1,es,Spanish,daily_life;education;food_household,15,25,10
846,42251,42300,50,16,gender_noun_class,5,gender_assignment_across_nouns,10,hi,Hindi,daily_life;education;food_household,15,25,10
847,42301,42350,50,30,conditional_and_counterfactual_marking,2,hypothetical_conditional,13,fr,French,daily_life;education;food_household,15,25,10
848,42351,42400,50,9,analytic_vs_synthetic_encoding,5,agglutinative_multi_feature_word,13,de,German,science_technology;nature_environment;daily_life,15,25,10
849,42401,42450,50,19,inclusive_exclusive_distinction,4,exclusive_agreement_or_indexing,9,te,Telugu,daily_life;education;food_household,15,25,10
850,42451,42500,50,27,mirativity_stance_and_affect_marking,5,unexpected_discovery_context,2,ja,Japanese,arts_culture;social_interaction;health,15,25,10
851,42501,42550,50,26,evidentiality,3,lexical_reportative,2,bg,Bulgarian,arts_culture;social_interaction;health,15,25,10
852,42551,42600,50,20,pronoun_richness_and_reduction,1,overt_full_pronoun,11,es,Spanish,food_household;sports_recreation;workplace,15,25,10
853,42601,42650,50,4,case_marking,5,differential_object_marking,6,tr,Turkish,daily_life;education;food_household,15,25,10
854,42651,42700,50,38,speech_act_force_and_request_directness,1,direct_imperative_request,11,en,English,education;food_household;sports_recreation,15,25,10
855,42701,42750,50,31,subordination_and_embedding,1,finite_complement_clause,7,de,German,daily_life;education;food_household,15,25,10
856,42751,42800,50,36,genericity_and_kind_level_reference,3,habitual_generic,10,ru,Russian,education;food_household;sports_recreation,15,25,10
857,42801,42850,50,10,morphological_segmentation_type,4,productive_compounding,15,de,German,health;news_public_affairs;family_relationships,15,25,10
858,42851,42900,50,10,morphological_segmentation_type,4,productive_compounding,14,es,Spanish,family_relationships;science_technology;nature_environment,15,25,10
859,42901,42950,50,30,conditional_and_counterfactual_marking,1,real_conditional,1,en,English,social_interaction;health;news_public_affairs,15,25,10
860,42951,43000,50,28,negation_and_polarity_structure,1,sentential_negation,11,en,English,sports_recreation;workplace;travel_transport,15,25,10
861,43001,43050,50,31,subordination_and_embedding,5,nonfinite_or_infinitival_complement,4,tr,Turkish,news_public_affairs;family_relationships;science_technology,15,25,10
862,43051,43100,50,22,tense_prominence,4,future_marking,12,es,Spanish,news_public_affairs;family_relationships;science_technology,15,25,10
863,43101,43150,50,11,agreement_indexing_density,2,rich_person_number_agreement,15,tr,Turkish,travel_transport;arts_culture;social_interaction,15,25,10
864,43151,43200,50,32,quotation_and_reported_speech_structure,1,direct_quotation,10,es,Spanish,nature_environment;daily_life;education,15,25,10
865,43201,43250,50,17,animacy_and_humanness,1,animate_inanimate_object_contrast,1,es,Spanish,social_interaction;health;news_public_affairs,15,25,10
866,43251,43300,50,40,orthographic_and_tokenization_interface,1,hyphenation_or_compound_orthography,9,tr,Turkish,food_household;sports_recreation;workplace,15,25,10
867,43301,43350,50,16,gender_noun_class,2,article_gender_agreement,12,es,Spanish,family_relationships;science_technology;nature_environment,15,25,10
868,43351,43400,50,20,pronoun_richness_and_reduction,1,overt_full_pronoun,3,fr,French,travel_transport;arts_culture;social_interaction,15,25,10
869,43401,43450,50,9,analytic_vs_synthetic_encoding,3,periphrastic_modality,14,es,Spanish,education;food_household;sports_recreation,15,25,10
870,43451,43500,50,17,animacy_and_humanness,1,animate_inanimate_object_contrast,12,ru,Russian,science_technology;nature_environment;daily_life,15,25,10
871,43501,43550,50,33,discourse_relation_marking,5,consequence_or_result_relation,15,tr,Turkish,family_relationships;science_technology;nature_environment,15,25,10
872,43551,43600,50,5,morphosyntactic_alignment,1,transitive_agent_patient_alignment,4,tr,Turkish,arts_culture;social_interaction;health,15,25,10
873,43601,43650,50,6,transitivity_valency,2,monotransitive_clause,5,ru,Russian,daily_life;education;food_household,15,25,10
874,43651,43700,50,11,agreement_indexing_density,4,multiple_agreement_targets,14,ar,Arabic,food_household;sports_recreation;workplace,15,25,10
875,43701,43750,50,16,gender_noun_class,4,participle_or_predicate_agreement,12,es,Spanish,travel_transport;arts_culture;social_interaction,15,25,10
876,43751,43800,50,22,tense_prominence,1,simple_past_present_future,7,es,Spanish,social_interaction;health;news_public_affairs,15,25,10
877,43801,43850,50,30,conditional_and_counterfactual_marking,2,hypothetical_conditional,3,fr,French,social_interaction;health;news_public_affairs,15,25,10
878,43851,43900,50,32,quotation_and_reported_speech_structure,4,reported_question,3,tr,Turkish,nature_environment;daily_life;education,15,25,10
879,43901,43950,50,17,animacy_and_humanness,2,human_nonhuman_reference,12,ru,Russian,food_household;sports_recreation;workplace,15,25,10
880,43951,44000,50,10,morphological_segmentation_type,2,fusional_inflection,11,tr,Turkish,health;news_public_affairs;family_relationships,15,25,10
881,44001,44050,50,28,negation_and_polarity_structure,1,sentential_negation,10,tr,Turkish,travel_transport;arts_culture;social_interaction,15,25,10
882,44051,44100,50,31,subordination_and_embedding,3,adverbial_subordinate_clause,8,es,Spanish,arts_culture;social_interaction;health,15,25,10
883,44101,44150,50,19,inclusive_exclusive_distinction,2,exclusive_we_reference,7,id,Indonesian,news_public_affairs;family_relationships;science_technology,15,25,10
884,44151,44200,50,5,morphosyntactic_alignment,1,transitive_agent_patient_alignment,14,tr,Turkish,nature_environment;daily_life;education,15,25,10
885,44201,44250,50,5,morphosyntactic_alignment,4,experiencer_or_dative_subject,15,ru,Russian,news_public_affairs;family_relationships;science_technology,15,25,10
886,44251,44300,50,34,topic_comment_structure,2,left_dislocation,7,ko,Korean,arts_culture;social_interaction;health,15,25,10
887,44301,44350,50,6,transitivity_valency,4,ambitransitive_alternation,5,ru,Russian,health;news_public_affairs;family_relationships,15,25,10
888,44351,44400,50,8,causativity_and_valency_change,5,permissive_causation,10,en,English,nature_environment;daily_life;education,15,25,10
889,44401,44450,50,10,morphological_segmentation_type,3,clitic_sequence,2,fi,Finnish,workplace;travel_transport;arts_culture,15,25,10
890,44451,44500,50,19,inclusive_exclusive_distinction,5,inclusive_exclusive_planning_or_command_context,8,ta,Tamil,arts_culture;social_interaction;health,15,25,10
891,44501,44550,50,5,morphosyntactic_alignment,5,alignment_under_voice_change,7,hi,Hindi,sports_recreation;workplace;travel_transport,15,25,10
892,44551,44600,50,36,genericity_and_kind_level_reference,3,habitual_generic,14,es,Spanish,arts_culture;social_interaction;health,15,25,10
893,44601,44650,50,33,discourse_relation_marking,3,concessive_relation,11,en,English,family_relationships;science_technology;nature_environment,15,25,10
894,44651,44700,50,31,subordination_and_embedding,1,finite_complement_clause,4,tr,Turkish,arts_culture;social_interaction;health,15,25,10
895,44701,44750,50,9,analytic_vs_synthetic_encoding,1,analytic_tense_aspect,7,tr,Turkish,social_interaction;health;news_public_affairs,15,25,10
896,44751,44800,50,19,inclusive_exclusive_distinction,3,inclusive_agreement_or_indexing,10,id,Indonesian,social_interaction;health;news_public_affairs,15,25,10
897,44801,44850,50,19,inclusive_exclusive_distinction,2,exclusive_we_reference,14,ta,Tamil,health;news_public_affairs;family_relationships,15,25,10
898,44851,44900,50,39,deixis_and_perspective_anchoring,4,temporal_deixis,3,es,Spanish,health;news_public_affairs;family_relationships,15,25,10
899,44901,44950,50,35,focus_and_given_new_marking,2,focus_particle,14,de,German,family_relationships;science_technology;nature_environment,15,25,10
900,44951,45000,50,31,subordination_and_embedding,4,nested_embedding,13,es,Spanish,daily_life;education;food_household,15,25,10
901,45001,45050,50,18,person_marking_and_person_hierarchy,3,local_vs_nonlocal_participants,6,es,Spanish,family_relationships;science_technology;nature_environment,15,25,10
902,45051,45100,50,28,negation_and_polarity_structure,5,negation_scope_contrast,13,fr,French,food_household;sports_recreation;workplace,15,25,10
903,45101,45150,50,6,transitivity_valency,2,monotransitive_clause,6,en,English,science_technology;nature_environment;daily_life,15,25,10
904,45151,45200,50,14,definiteness_and_specificity,2,bare_vs_determined_noun,12,es,Spanish,daily_life;education;food_household,15,25,10
905,45201,45250,50,9,analytic_vs_synthetic_encoding,2,synthetic_inflection,4,es,Spanish,workplace;travel_transport;arts_culture,15,25,10
906,45251,45300,50,14,definiteness_and_specificity,1,definite_indefinite_article,8,fr,French,workplace;travel_transport;arts_culture,15,25,10
907,45301,45350,50,36,genericity_and_kind_level_reference,4,kind_denoting_reference,15,ru,Russian,health;news_public_affairs;family_relationships,15,25,10
908,45351,45400,50,7,voice_and_agent_prominence,4,impersonal_passive,5,ru,Russian,daily_life;education;food_household,15,25,10
909,45401,45450,50,8,causativity_and_valency_change,1,morphological_causative,8,ko,Korean,daily_life;education;food_household,15,25,10
910,45451,45500,50,38,speech_act_force_and_request_directness,2,interrogative_request,1,en,English,nature_environment;daily_life;education,15,25,10
911,45501,45550,50,35,focus_and_given_new_marking,1,cleft_focus,8,es,Spanish,travel_transport;arts_culture;social_interaction,15,25,10
912,45551,45600,50,4,case_marking,2,dative_recipient_or_goal,5,hi,Hindi,sports_recreation;workplace;travel_transport,15,25,10
913,45601,45650,50,36,genericity_and_kind_level_reference,1,bare_plural_generic,9,es,Spanish,health;news_public_affairs;family_relationships,15,25,10
914,45651,45700,50,10,morphological_segmentation_type,2,fusional_inflection,9,es,Spanish,nature_environment;daily_life;education,15,25,10
915,45701,45750,50,36,genericity_and_kind_level_reference,2,singular_generic,3,fr,French,science_technology;nature_environment;daily_life,15,25,10
916,45751,45800,50,12,optionality_vs_obligatoriness_of_marking,4,obligatory_agreement_context,10,fr,French,food_household;sports_recreation;workplace,15,25,10
917,45801,45850,50,20,pronoun_richness_and_reduction,2,null_or_reduced_pronoun,8,fr,French,nature_environment;daily_life;education,15,25,10
918,45851,45900,50,26,evidentiality,1,grammatical_reportative,10,es,Spanish,health;news_public_affairs;family_relationships,15,25,10
919,45901,45950,50,39,deixis_and_perspective_anchoring,4,temporal_deixis,10,zh,Chinese,social_interaction;health;news_public_affairs,15,25,10
920,45951,46000,50,28,negation_and_polarity_structure,1,sentential_negation,4,ru,Russian,workplace;travel_transport;arts_culture,15,25,10
921,46001,46050,50,40,orthographic_and_tokenization_interface,5,alphanumeric_hashtag_or_filename_like_token,12,de,German,nature_environment;daily_life;education,15,25,10
922,46051,46100,50,13,redundancy_cumulative_exponence,1,agreement_redundancy,9,tr,Turkish,family_relationships;science_technology;nature_environment,15,25,10
923,46101,46150,50,27,mirativity_stance_and_affect_marking,4,stance_particle,5,en,English,news_public_affairs;family_relationships;science_technology,15,25,10
924,46151,46200,50,4,case_marking,5,differential_object_marking,12,fi,Finnish,education;food_household;sports_recreation,15,25,10
925,46201,46250,50,18,person_marking_and_person_hierarchy,3,local_vs_nonlocal_participants,10,fr,French,food_household;sports_recreation;workplace,15,25,10
926,46251,46300,50,35,focus_and_given_new_marking,4,exclusive_only_focus,11,en,English,science_technology;nature_environment;daily_life,15,25,10
927,46301,46350,50,21,possession_and_alienability,3,owned_object_possession,14,ru,Russian,news_public_affairs;family_relationships;science_technology,15,25,10
928,46351,46400,50,35,focus_and_given_new_marking,4,exclusive_only_focus,3,es,Spanish,education;food_household;sports_recreation,15,25,10
929,46401,46450,50,14,definiteness_and_specificity,3,demonstrative_definiteness,11,en,English,arts_culture;social_interaction;health,15,25,10
930,46451,46500,50,4,case_marking,4,locative_ablative_or_instrumental,8,ru,Russian,travel_transport;arts_culture;social_interaction,15,25,10
931,46501,46550,50,30,conditional_and_counterfactual_marking,2,hypothetical_conditional,6,en,English,education;food_household;sports_recreation,15,25,10
932,46551,46600,50,38,speech_act_force_and_request_directness,3,declarative_hint_request,1,en,English,sports_recreation;workplace;travel_transport,15,25,10
933,46601,46650,50,10,morphological_segmentation_type,5,derivation_plus_inflection,8,ru,Russian,daily_life;education;food_household,15,25,10
934,46651,46700,50,28,negation_and_polarity_structure,4,negative_polarity_item_context,5,tr,Turkish,education;food_household;sports_recreation,15,25,10
935,46701,46750,50,30,conditional_and_counterfactual_marking,5,conditional_mood_form,11,en,English,sports_recreation;workplace;travel_transport,15,25,10
936,46751,46800,50,31,subordination_and_embedding,3,adverbial_subordinate_clause,10,ja,Japanese,food_household;sports_recreation;workplace,15,25,10
937,46801,46850,50,15,number_marking,5,number_agreement,1,en,English,daily_life;education;food_household,15,25,10
938,46851,46900,50,2,basic_constituent_order,4,verb_initial_or_predicate_initial_order,4,ar,Arabic,sports_recreation;workplace;travel_transport,15,25,10
939,46901,46950,50,2,basic_constituent_order,2,object_fronting,9,ar,Arabic,science_technology;nature_environment;daily_life,15,25,10
940,46951,47000,50,18,person_marking_and_person_hierarchy,1,first_second_third_person_agreement,9,eu,Basque,news_public_affairs;family_relationships;science_technology,15,25,10
941,47001,47050,50,25,epistemic_modality,4,certainty_or_high_commitment,4,es,Spanish,education;food_household;sports_recreation,15,25,10
942,47051,47100,50,24,modality_and_mood,1,imperative_mood,8,en,English,food_household;sports_recreation;workplace,15,25,10
943,47101,47150,50,12,optionality_vs_obligatoriness_of_marking,4,obligatory_agreement_context,12,es,Spanish,science_technology;nature_environment;daily_life,15,25,10
944,47151,47200,50,31,subordination_and_embedding,1,finite_complement_clause,2,de,German,family_relationships;science_technology;nature_environment,15,25,10
945,47201,47250,50,24,modality_and_mood,3,deontic_obligation,15,tr,Turkish,news_public_affairs;family_relationships;science_technology,15,25,10
946,47251,47300,50,40,orthographic_and_tokenization_interface,1,hyphenation_or_compound_orthography,10,zh,Chinese,daily_life;education;food_household,15,25,10
947,47301,47350,50,14,definiteness_and_specificity,5,specificity_sensitive_object_marking,6,en,English,science_technology;nature_environment;daily_life,15,25,10
948,47351,47400,50,29,quantifier_scope_and_distributivity,1,universal_existential_scope,9,fr,French,nature_environment;daily_life;education,15,25,10
949,47401,47450,50,2,basic_constituent_order,5,topicalized_argument_order,11,en,English,arts_culture;social_interaction;health,15,25,10
950,47451,47500,50,40,orthographic_and_tokenization_interface,5,alphanumeric_hashtag_or_filename_like_token,4,tr,Turkish,food_household;sports_recreation;workplace,15,25,10
951,47501,47550,50,33,discourse_relation_marking,1,causal_relation,4,es,Spanish,sports_recreation;workplace;travel_transport,15,25,10
952,47551,47600,50,15,number_marking,5,number_agreement,9,tr,Turkish,family_relationships;science_technology;nature_environment,15,25,10
953,47601,47650,50,28,negation_and_polarity_structure,3,constituent_negation,7,es,Spanish,arts_culture;social_interaction;health,15,25,10
954,47651,47700,50,1,subject_expression_pro_drop,2,discourse_recoverable_subject_omission,9,pt,Portuguese,arts_culture;social_interaction;health,15,25,10
955,47701,47750,50,34,topic_comment_structure,4,hanging_topic,10,fr,French,health;news_public_affairs;family_relationships,15,25,10
956,47751,47800,50,35,focus_and_given_new_marking,1,cleft_focus,2,fr,French,workplace;travel_transport;arts_culture,15,25,10
957,47801,47850,50,11,agreement_indexing_density,1,subject_verb_agreement,10,tr,Turkish,science_technology;nature_environment;daily_life,15,25,10
958,47851,47900,50,26,evidentiality,2,grammatical_inferential,8,en,English,sports_recreation;workplace;travel_transport,15,25,10
959,47901,47950,50,26,evidentiality,3,lexical_reportative,15,es,Spanish,arts_culture;social_interaction;health,15,25,10
960,47951,48000,50,35,focus_and_given_new_marking,4,exclusive_only_focus,13,es,Spanish,social_interaction;health;news_public_affairs,15,25,10
961,48001,48050,50,32,quotation_and_reported_speech_structure,1,direct_quotation,8,tr,Turkish,sports_recreation;workplace;travel_transport,15,25,10
962,48051,48100,50,9,analytic_vs_synthetic_encoding,2,synthetic_inflection,12,tr,Turkish,education;food_household;sports_recreation,15,25,10
963,48101,48150,50,2,basic_constituent_order,2,object_fronting,2,de,German,nature_environment;daily_life;education,15,25,10
964,48151,48200,50,40,orthographic_and_tokenization_interface,5,alphanumeric_hashtag_or_filename_like_token,10,zh,Chinese,sports_recreation;workplace;travel_transport,15,25,10
965,48201,48250,50,10,morphological_segmentation_type,4,productive_compounding,9,es,Spanish,social_interaction;health;news_public_affairs,15,25,10
966,48251,48300,50,40,orthographic_and_tokenization_interface,3,script_specific_word_segmentation,10,zh,Chinese,health;news_public_affairs;family_relationships,15,25,10
967,48301,48350,50,20,pronoun_richness_and_reduction,1,overt_full_pronoun,7,it,Italian,family_relationships;science_technology;nature_environment,15,25,10
968,48351,48400,50,12,optionality_vs_obligatoriness_of_marking,3,optional_complementizer_context,7,es,Spanish,workplace;travel_transport;arts_culture,15,25,10
969,48401,48450,50,21,possession_and_alienability,4,genitive_or_possessive_marker,13,es,Spanish,food_household;sports_recreation;workplace,15,25,10
970,48451,48500,50,32,quotation_and_reported_speech_structure,2,indirect_report,6,en,English,science_technology;nature_environment;daily_life,15,25,10
971,48501,48550,50,7,voice_and_agent_prominence,3,middle_or_reflexive_voice,13,es,Spanish,arts_culture;social_interaction;health,15,25,10
972,48551,48600,50,9,analytic_vs_synthetic_encoding,2,synthetic_inflection,5,fi,Finnish,food_household;sports_recreation;workplace,15,25,10
973,48601,48650,50,32,quotation_and_reported_speech_structure,1,direct_quotation,15,es,Spanish,food_household;sports_recreation;workplace,15,25,10
974,48651,48700,50,12,optionality_vs_obligatoriness_of_marking,5,optional_particle_or_case_context,4,ja,Japanese,travel_transport;arts_culture;social_interaction,15,25,10
975,48701,48750,50,39,deixis_and_perspective_anchoring,2,here_there_spatial_deixis,7,ja,Japanese,travel_transport;arts_culture;social_interaction,15,25,10
976,48751,48800,50,4,case_marking,2,dative_recipient_or_goal,13,ru,Russian,daily_life;education;food_household,15,25,10
977,48801,48850,50,32,quotation_and_reported_speech_structure,3,quotative_particle_or_marker,2,ja,Japanese,family_relationships;science_technology;nature_environment,15,25,10
978,48851,48900,50,33,discourse_relation_marking,4,temporal_sequence_relation,15,tr,Turkish,arts_culture;social_interaction;health,15,25,10
979,48901,48950,50,32,quotation_and_reported_speech_structure,2,indirect_report,15,es,Spanish,arts_culture;social_interaction;health,15,25,10
980,48951,49000,50,4,case_marking,2,dative_recipient_or_goal,7,fi,Finnish,nature_environment;daily_life;education,15,25,10
981,49001,49050,50,4,case_marking,4,locative_ablative_or_instrumental,11,tr,Turkish,nature_environment;daily_life;education,15,25,10
982,49051,49100,50,39,deixis_and_perspective_anchoring,5,perspective_shift_in_report_or_narration,10,zh,Chinese,science_technology;nature_environment;daily_life,15,25,10
983,49101,49150,50,15,number_marking,4,collective_or_group_reference,3,ru,Russian,travel_transport;arts_culture;social_interaction,15,25,10
984,49151,49200,50,15,number_marking,2,dual_number,8,ru,Russian,daily_life;education;food_household,15,25,10
985,49201,49250,50,8,causativity_and_valency_change,1,morphological_causative,12,ja,Japanese,travel_transport;arts_culture;social_interaction,15,25,10
986,49251,49300,50,13,redundancy_cumulative_exponence,2,case_plus_adposition,12,ru,Russian,health;news_public_affairs;family_relationships,15,25,10
987,49301,49350,50,25,epistemic_modality,3,inferential_epistemic,15,tr,Turkish,education;food_household;sports_recreation,15,25,10
988,49351,49400,50,3,nominal_modifier_order,2,possessor_head_order,3,fr,French,food_household;sports_recreation;workplace,15,25,10
989,49401,49450,50,32,quotation_and_reported_speech_structure,3,quotative_particle_or_marker,14,de,German,nature_environment;daily_life;education,15,25,10
990,49451,49500,50,24,modality_and_mood,2,subjunctive_or_irrealis,5,tr,Turkish,nature_environment;daily_life;education,15,25,10
991,49501,49550,50,37,social_deixis_honorifics_status_encoding,3,honorific_verb_or_morphology,11,ja,Japanese,workplace;travel_transport;arts_culture,15,25,10
992,49551,49600,50,37,social_deixis_honorifics_status_encoding,5,status_conditioned_request_or_reference,6,ja,Japanese,news_public_affairs;family_relationships;science_technology,15,25,10
993,49601,49650,50,31,subordination_and_embedding,3,adverbial_subordinate_clause,7,de,German,health;news_public_affairs;family_relationships,15,25,10
994,49651,49700,50,35,focus_and_given_new_marking,4,exclusive_only_focus,10,ja,Japanese,daily_life;education;food_household,15,25,10
995,49701,49750,50,19,inclusive_exclusive_distinction,5,inclusive_exclusive_planning_or_command_context,4,id,Indonesian,education;food_household;sports_recreation,15,25,10
996,49751,49800,50,19,inclusive_exclusive_distinction,3,inclusive_agreement_or_indexing,2,ta,Tamil,family_relationships;science_technology;nature_environment,15,25,10
997,49801,49850,50,24,modality_and_mood,5,conditional_mood,14,de,German,arts_culture;social_interaction;health,15,25,10
998,49851,49900,50,11,agreement_indexing_density,1,subject_verb_agreement,8,ru,Russian,food_household;sports_recreation;workplace,15,25,10
999,49901,49950,50,1,subject_expression_pro_drop,5,agreement_supported_null_subject,1,tr,Turkish,health;news_public_affairs;family_relationships,15,25,10
1000,49951,50000,50,21,possession_and_alienability,1,body_part_possession,10,hi,Hindi,news_public_affairs;family_relationships;science_technology,15,25,10
1001,50001,50050,50,39,deixis_and_perspective_anchoring,3,come_go_motion_perspective,13,es,Spanish,family_relationships;science_technology;nature_environment,15,25,10
1002,50051,50100,50,16,gender_noun_class,5,gender_assignment_across_nouns,15,hi,Hindi,sports_recreation;workplace;travel_transport,15,25,10
1003,50101,50150,50,32,quotation_and_reported_speech_structure,4,reported_question,7,ja,Japanese,workplace;travel_transport;arts_culture,15,25,10
1004,50151,50200,50,13,redundancy_cumulative_exponence,5,tense_plus_temporal_adverb,1,es,Spanish,sports_recreation;workplace;travel_transport,15,25,10
1005,50201,50250,50,17,animacy_and_humanness,1,animate_inanimate_object_contrast,4,ja,Japanese,education;food_household;sports_recreation,15,25,10
1006,50251,50300,50,34,topic_comment_structure,3,marked_topicalization,13,zh,Chinese,science_technology;nature_environment;daily_life,15,25,10
1007,50301,50350,50,16,gender_noun_class,1,adjective_gender_agreement,14,ar,Arabic,food_household;sports_recreation;workplace,15,25,10
1008,50351,50400,50,5,morphosyntactic_alignment,4,experiencer_or_dative_subject,7,hi,Hindi,nature_environment;daily_life;education,15,25,10
1009,50401,50450,50,35,focus_and_given_new_marking,2,focus_particle,9,de,German,social_interaction;health;news_public_affairs,15,25,10
1010,50451,50500,50,15,number_marking,2,dual_number,6,en,English,workplace;travel_transport;arts_culture,15,25,10
1011,50501,50550,50,19,inclusive_exclusive_distinction,1,inclusive_we_reference,9,te,Telugu,education;food_household;sports_recreation,15,25,10
1012,50551,50600,50,6,transitivity_valency,4,ambitransitive_alternation,3,tr,Turkish,nature_environment;daily_life;education,15,25,10
1013,50601,50650,50,29,quantifier_scope_and_distributivity,2,distributive_each,1,en,English,arts_culture;social_interaction;health,15,25,10
1014,50651,50700,50,40,orthographic_and_tokenization_interface,2,apostrophe_or_clitic_orthography,2,de,German,social_interaction;health;news_public_affairs,15,25,10
1015,50701,50750,50,10,morphological_segmentation_type,3,clitic_sequence,4,es,Spanish,daily_life;education;food_household,15,25,10
1016,50751,50800,50,27,mirativity_stance_and_affect_marking,5,unexpected_discovery_context,8,ko,Korean,social_interaction;health;news_public_affairs,15,25,10
1017,50801,50850,50,22,tense_prominence,2,perfect_or_anterior_tense,9,de,German,social_interaction;health;news_public_affairs,15,25,10
1018,50851,50900,50,27,mirativity_stance_and_affect_marking,1,mirative_particle_or_form,2,ja,Japanese,sports_recreation;workplace;travel_transport,15,25,10
1019,50901,50950,50,7,voice_and_agent_prominence,2,agentless_passive,10,ru,Russian,health;news_public_affairs;family_relationships,15,25,10
1020,50951,51000,50,25,epistemic_modality,5,epistemic_auxiliary_or_particle,3,fr,French,social_interaction;health;news_public_affairs,15,25,10
1021,51001,51050,50,27,mirativity_stance_and_affect_marking,5,unexpected_discovery_context,12,ja,Japanese,nature_environment;daily_life;education,15,25,10
1022,51051,51100,50,20,pronoun_richness_and_reduction,2,null_or_reduced_pronoun,9,tr,Turkish,family_relationships;science_technology;nature_environment,15,25,10
1023,51101,51150,50,29,quantifier_scope_and_distributivity,3,collective_all,4,fr,French,workplace;travel_transport;arts_culture,15,25,10
1024,51151,51200,50,2,basic_constituent_order,5,topicalized_argument_order,7,de,German,education;food_household;sports_recreation,15,25,10
1025,51201,51250,50,40,orthographic_and_tokenization_interface,1,hyphenation_or_compound_orthography,3,fr,French,education;food_household;sports_recreation,15,25,10
1026,51251,51300,50,19,inclusive_exclusive_distinction,1,inclusive_we_reference,7,id,Indonesian,travel_transport;arts_culture;social_interaction,15,25,10
1027,51301,51350,50,22,tense_prominence,1,simple_past_present_future,8,fr,French,travel_transport;arts_culture;social_interaction,15,25,10
1028,51351,51400,50,19,inclusive_exclusive_distinction,1,inclusive_we_reference,4,id,Indonesian,science_technology;nature_environment;daily_life,15,25,10
1029,51401,51450,50,30,conditional_and_counterfactual_marking,3,past_counterfactual,15,tr,Turkish,daily_life;education;food_household,15,25,10
1030,51451,51500,50,8,causativity_and_valency_change,2,periphrastic_causative,2,ja,Japanese,sports_recreation;workplace;travel_transport,15,25,10
1031,51501,51550,50,24,modality_and_mood,2,subjunctive_or_irrealis,2,fr,French,travel_transport;arts_culture;social_interaction,15,25,10
1032,51551,51600,50,21,possession_and_alienability,3,owned_object_possession,11,tr,Turkish,food_household;sports_recreation;workplace,15,25,10
1033,51601,51650,50,26,evidentiality,5,hearsay_or_attributed_evidence,10,es,Spanish,science_technology;nature_environment;daily_life,15,25,10
1034,51651,51700,50,26,evidentiality,2,grammatical_inferential,11,tr,Turkish,family_relationships;science_technology;nature_environment,15,25,10
1035,51701,51750,50,20,pronoun_richness_and_reduction,1,overt_full_pronoun,12,it,Italian,daily_life;education;food_household,15,25,10
1036,51751,51800,50,20,pronoun_richness_and_reduction,5,pronoun_reduction_across_connected_clauses,15,en,English,family_relationships;science_technology;nature_environment,15,25,10
1037,51801,51850,50,19,inclusive_exclusive_distinction,1,inclusive_we_reference,10,id,Indonesian,nature_environment;daily_life;education,15,25,10
1038,51851,51900,50,29,quantifier_scope_and_distributivity,2,distributive_each,3,es,Spanish,food_household;sports_recreation;workplace,15,25,10
1039,51901,51950,50,24,modality_and_mood,5,conditional_mood,1,es,Spanish,arts_culture;social_interaction;health,15,25,10
1040,51951,52000,50,31,subordination_and_embedding,5,nonfinite_or_infinitival_complement,7,de,German,sports_recreation;workplace;travel_transport,15,25,10
1041,52001,52050,50,7,voice_and_agent_prominence,3,middle_or_reflexive_voice,4,tr,Turkish,science_technology;nature_environment;daily_life,15,25,10
1042,52051,52100,50,1,subject_expression_pro_drop,2,discourse_recoverable_subject_omission,2,es,Spanish,social_interaction;health;news_public_affairs,15,25,10
1043,52101,52150,50,18,person_marking_and_person_hierarchy,2,clitic_person_marking,15,fr,French,education;food_household;sports_recreation,15,25,10
1044,52151,52200,50,21,possession_and_alienability,2,kinship_possession,8,es,Spanish,workplace;travel_transport;arts_culture,15,25,10
1045,52201,52250,50,36,genericity_and_kind_level_reference,1,bare_plural_generic,12,de,German,food_household;sports_recreation;workplace,15,25,10
1046,52251,52300,50,31,subordination_and_embedding,4,nested_embedding,8,es,Spanish,family_relationships;science_technology;nature_environment,15,25,10
1047,52301,52350,50,9,analytic_vs_synthetic_encoding,4,morphologically_bundled_case_possession,11,en,English,science_technology;nature_environment;daily_life,15,25,10
1048,52351,52400,50,32,quotation_and_reported_speech_structure,3,quotative_particle_or_marker,13,tr,Turkish,education;food_household;sports_recreation,15,25,10
1049,52401,52450,50,26,evidentiality,2,grammatical_inferential,12,bg,Bulgarian,health;news_public_affairs;family_relationships,15,25,10
1050,52451,52500,50,6,transitivity_valency,2,monotransitive_clause,12,es,Spanish,nature_environment;daily_life;education,15,25,10
1051,52501,52550,50,24,modality_and_mood,2,subjunctive_or_irrealis,10,tr,Turkish,food_household;sports_recreation;workplace,15,25,10
1052,52551,52600,50,16,gender_noun_class,4,participle_or_predicate_agreement,3,ru,Russian,family_relationships;science_technology;nature_environment,15,25,10
1053,52601,52650,50,1,subject_expression_pro_drop,2,discourse_recoverable_subject_omission,10,ja,Japanese,workplace;travel_transport;arts_culture,15,25,10
1054,52651,52700,50,33,discourse_relation_marking,1,causal_relation,9,es,Spanish,arts_culture;social_interaction;health,15,25,10
1055,52701,52750,50,35,focus_and_given_new_marking,5,wh_or_answer_focus_context,14,de,German,news_public_affairs;family_relationships;science_technology,15,25,10
1056,52751,52800,50,38,speech_act_force_and_request_directness,5,mitigated_or_polite_request,14,fr,French,science_technology;nature_environment;daily_life,15,25,10
1057,52801,52850,50,22,tense_prominence,3,sequence_of_tense,9,de,German,science_technology;nature_environment;daily_life,15,25,10
1058,52851,52900,50,26,evidentiality,2,grammatical_inferential,14,de,German,workplace;travel_transport;arts_culture,15,25,10
1059,52901,52950,50,10,morphological_segmentation_type,2,fusional_inflection,8,ru,Russian,education;food_household;sports_recreation,15,25,10
1060,52951,53000,50,10,morphological_segmentation_type,5,derivation_plus_inflection,5,de,German,arts_culture;social_interaction;health,15,25,10
1061,53001,53050,50,24,modality_and_mood,3,deontic_obligation,6,es,Spanish,education;food_household;sports_recreation,15,25,10
1062,53051,53100,50,2,basic_constituent_order,1,canonical_clause_order,9,ar,Arabic,social_interaction;health;news_public_affairs,15,25,10
1063,53101,53150,50,9,analytic_vs_synthetic_encoding,5,agglutinative_multi_feature_word,15,fi,Finnish,social_interaction;health;news_public_affairs,15,25,10
1064,53151,53200,50,39,deixis_and_perspective_anchoring,3,come_go_motion_perspective,11,en,English,education;food_household;sports_recreation,15,25,10
1065,53201,53250,50,35,focus_and_given_new_marking,3,fronted_or_marked_focus,5,ja,Japanese,arts_culture;social_interaction;health,15,25,10
1066,53251,53300,50,26,evidentiality,4,direct_evidence_statement,2,bg,Bulgarian,family_relationships;science_technology;nature_environment,15,25,10
1067,53301,53350,50,29,quantifier_scope_and_distributivity,2,distributive_each,15,ru,Russian,workplace;travel_transport;arts_culture,15,25,10
1068,53351,53400,50,4,case_marking,4,locative_ablative_or_instrumental,9,de,German,sports_recreation;workplace;travel_transport,15,25,10
1069,53401,53450,50,26,evidentiality,3,lexical_reportative,3,en,English,workplace;travel_transport;arts_culture,15,25,10
1070,53451,53500,50,16,gender_noun_class,4,participle_or_predicate_agreement,1,fr,French,education;food_household;sports_recreation,15,25,10
1071,53501,53550,50,15,number_marking,3,numeral_plus_number_morphology,14,tr,Turkish,travel_transport;arts_culture;social_interaction,15,25,10
1072,53551,53600,50,19,inclusive_exclusive_distinction,4,exclusive_agreement_or_indexing,3,te,Telugu,nature_environment;daily_life;education,15,25,10
1073,53601,53650,50,22,tense_prominence,1,simple_past_present_future,13,fr,French,health;news_public_affairs;family_relationships,15,25,10
1074,53651,53700,50,37,social_deixis_honorifics_status_encoding,1,tu_vous_or_t_v_distinction,13,fr,French,travel_transport;arts_culture;social_interaction,15,25,10
1075,53701,53750,50,34,topic_comment_structure,5,contrastive_topic,7,ko,Korean,travel_transport;arts_culture;social_interaction,15,25,10
1076,53751,53800,50,29,quantifier_scope_and_distributivity,5,numeral_or_indefinite_distributivity,11,en,English,science_technology;nature_environment;daily_life,15,25,10
1077,53801,53850,50,2,basic_constituent_order,3,verb_final_order,8,tr,Turkish,workplace;travel_transport;arts_culture,15,25,10
1078,53851,53900,50,26,evidentiality,4,direct_evidence_statement,13,en,English,education;food_household;sports_recreation,15,25,10
1079,53901,53950,50,27,mirativity_stance_and_affect_marking,1,mirative_particle_or_form,11,tr,Turkish,science_technology;nature_environment;daily_life,15,25,10
1080,53951,54000,50,25,epistemic_modality,3,inferential_epistemic,14,es,Spanish,sports_recreation;workplace;travel_transport,15,25,10
1081,54001,54050,50,20,pronoun_richness_and_reduction,1,overt_full_pronoun,14,tr,Turkish,news_public_affairs;family_relationships;science_technology,15,25,10
1082,54051,54100,50,5,morphosyntactic_alignment,1,transitive_agent_patient_alignment,7,hi,Hindi,daily_life;education;food_household,15,25,10
1083,54101,54150,50,14,definiteness_and_specificity,1,definite_indefinite_article,2,es,Spanish,sports_recreation;workplace;travel_transport,15,25,10
1084,54151,54200,50,38,speech_act_force_and_request_directness,1,direct_imperative_request,13,es,Spanish,family_relationships;science_technology;nature_environment,15,25,10
1085,54201,54250,50,5,morphosyntactic_alignment,3,ergative_perfective_alignment,8,ur,Urdu,arts_culture;social_interaction;health,15,25,10
1086,54251,54300,50,10,morphological_segmentation_type,3,clitic_sequence,14,es,Spanish,arts_culture;social_interaction;health,15,25,10
1087,54301,54350,50,38,speech_act_force_and_request_directness,1,direct_imperative_request,7,de,German,news_public_affairs;family_relationships;science_technology,15,25,10
1088,54351,54400,50,40,orthographic_and_tokenization_interface,4,natural_punctuation_attachment,15,zh,Chinese,food_household;sports_recreation;workplace,15,25,10
1089,54401,54450,50,30,conditional_and_counterfactual_marking,5,conditional_mood_form,6,en,English,daily_life;education;food_household,15,25,10
1090,54451,54500,50,34,topic_comment_structure,5,contrastive_topic,6,ja,Japanese,social_interaction;health;news_public_affairs,15,25,10
1091,54501,54550,50,18,person_marking_and_person_hierarchy,5,multi_person_indexing,15,fr,French,daily_life;education;food_household,15,25,10
1092,54551,54600,50,10,morphological_segmentation_type,2,fusional_inflection,4,es,Spanish,news_public_affairs;family_relationships;science_technology,15,25,10
1093,54601,54650,50,27,mirativity_stance_and_affect_marking,1,mirative_particle_or_form,7,ja,Japanese,arts_culture;social_interaction;health,15,25,10
1094,54651,54700,50,30,conditional_and_counterfactual_marking,4,inverted_or_markerless_conditional,5,tr,Turkish,science_technology;nature_environment;daily_life,15,25,10
1095,54701,54750,50,16,gender_noun_class,2,article_gender_agreement,3,ru,Russian,food_household;sports_recreation;workplace,15,25,10
1096,54751,54800,50,21,possession_and_alienability,5,existential_or_predicative_possession,10,hi,Hindi,nature_environment;daily_life;education,15,25,10
1097,54801,54850,50,23,aspect_and_event_structure,4,telic_atelic_contrast,9,tr,Turkish,social_interaction;health;news_public_affairs,15,25,10
1098,54851,54900,50,35,focus_and_given_new_marking,4,exclusive_only_focus,6,en,English,health;news_public_affairs;family_relationships,15,25,10
1099,54901,54950,50,8,causativity_and_valency_change,1,morphological_causative,15,en,English,nature_environment;daily_life;education,15,25,10
1100,54951,55000,50,3,nominal_modifier_order,4,relative_clause_head_order,6,en,English,workplace;travel_transport;arts_culture,15,25,10
1101,55001,55050,50,8,causativity_and_valency_change,3,lexical_causative,15,en,English,social_interaction;health;news_public_affairs,15,25,10
1102,55051,55100,50,33,discourse_relation_marking,4,temporal_sequence_relation,3,fr,French,workplace;travel_transport;arts_culture,15,25,10
1103,55101,55150,50,27,mirativity_stance_and_affect_marking,2,exclamative_surprise,6,tr,Turkish,nature_environment;daily_life;education,15,25,10
1104,55151,55200,50,3,nominal_modifier_order,1,adjective_head_order,12,es,Spanish,arts_culture;social_interaction;health,15,25,10
1105,55201,55250,50,25,epistemic_modality,2,probability_statement,1,en,English,nature_environment;daily_life;education,15,25,10
1106,55251,55300,50,25,epistemic_modality,3,inferential_epistemic,1,en,English,sports_recreation;workplace;travel_transport,15,25,10
1107,55301,55350,50,28,negation_and_polarity_structure,5,negation_scope_contrast,15,tr,Turkish,science_technology;nature_environment;daily_life,15,25,10
1108,55351,55400,50,25,epistemic_modality,5,epistemic_auxiliary_or_particle,6,en,English,education;food_household;sports_recreation,15,25,10
1109,55401,55450,50,30,conditional_and_counterfactual_marking,1,real_conditional,3,fr,French,sports_recreation;workplace;travel_transport,15,25,10
1110,55451,55500,50,8,causativity_and_valency_change,4,double_or_indirect_causation,15,en,English,science_technology;nature_environment;daily_life,15,25,10
1111,55501,55550,50,11,agreement_indexing_density,1,subject_verb_agreement,6,eu,Basque,arts_culture;social_interaction;health,15,25,10
1112,55551,55600,50,34,topic_comment_structure,3,marked_topicalization,5,fr,French,education;food_household;sports_recreation,15,25,10
1113,55601,55650,50,35,focus_and_given_new_marking,4,exclusive_only_focus,15,ja,Japanese,sports_recreation;workplace;travel_transport,15,25,10
1114,55651,55700,50,40,orthographic_and_tokenization_interface,4,natural_punctuation_attachment,11,en,English,family_relationships;science_technology;nature_environment,15,25,10
1115,55701,55750,50,36,genericity_and_kind_level_reference,4,kind_denoting_reference,1,en,English,family_relationships;science_technology;nature_environment,15,25,10
1116,55751,55800,50,2,basic_constituent_order,4,verb_initial_or_predicate_initial_order,2,de,German,social_interaction;health;news_public_affairs,15,25,10
1117,55801,55850,50,7,voice_and_agent_prominence,4,impersonal_passive,12,de,German,nature_environment;daily_life;education,15,25,10
1118,55851,55900,50,23,aspect_and_event_structure,2,perfective_completed_event,8,en,English,education;food_household;sports_recreation,15,25,10
1119,55901,55950,50,5,morphosyntactic_alignment,5,alignment_under_voice_change,6,eu,Basque,travel_transport;arts_culture;social_interaction,15,25,10
1120,55951,56000,50,36,genericity_and_kind_level_reference,2,singular_generic,7,de,German,sports_recreation;workplace;travel_transport,15,25,10
1121,56001,56050,50,22,tense_prominence,3,sequence_of_tense,2,es,Spanish,nature_environment;daily_life;education,15,25,10
1122,56051,56100,50,39,deixis_and_perspective_anchoring,3,come_go_motion_perspective,2,ja,Japanese,arts_culture;social_interaction;health,15,25,10
1123,56101,56150,50,10,morphological_segmentation_type,4,productive_compounding,13,ru,Russian,nature_environment;daily_life;education,15,25,10
1124,56151,56200,50,4,case_marking,5,differential_object_marking,10,hi,Hindi,travel_transport;arts_culture;social_interaction,15,25,10
1125,56201,56250,50,30,conditional_and_counterfactual_marking,1,real_conditional,11,en,English,daily_life;education;food_household,15,25,10
1126,56251,56300,50,28,negation_and_polarity_structure,2,negative_concord,13,fr,French,sports_recreation;workplace;travel_transport,15,25,10
1127,56301,56350,50,36,genericity_and_kind_level_reference,1,bare_plural_generic,5,ru,Russian,sports_recreation;workplace;travel_transport,15,25,10
1128,56351,56400,50,39,deixis_and_perspective_anchoring,1,proximal_distal_demonstrative,15,zh,Chinese,science_technology;nature_environment;daily_life,15,25,10
1129,56401,56450,50,35,focus_and_given_new_marking,2,focus_particle,4,de,German,workplace;travel_transport;arts_culture,15,25,10
1130,56451,56500,50,25,epistemic_modality,5,epistemic_auxiliary_or_particle,4,es,Spanish,travel_transport;arts_culture;social_interaction,15,25,10
1131,56501,56550,50,10,morphological_segmentation_type,3,clitic_sequence,13,ru,Russian,health;news_public_affairs;family_relationships,15,25,10
1132,56551,56600,50,39,deixis_and_perspective_anchoring,3,come_go_motion_perspective,10,zh,Chinese,sports_recreation;workplace;travel_transport,15,25,10
1133,56601,56650,50,40,orthographic_and_tokenization_interface,2,apostrophe_or_clitic_orthography,9,tr,Turkish,arts_culture;social_interaction;health,15,25,10
1134,56651,56700,50,23,aspect_and_event_structure,3,habitual_aspect,3,en,English,food_household;sports_recreation;workplace,15,25,10
1135,56701,56750,50,19,inclusive_exclusive_distinction,1,inclusive_we_reference,15,te,Telugu,food_household;sports_recreation;workplace,15,25,10
1136,56751,56800,50,6,transitivity_valency,5,valency_reduction_or_argument_omission,10,ru,Russian,food_household;sports_recreation;workplace,15,25,10
1137,56801,56850,50,19,inclusive_exclusive_distinction,3,inclusive_agreement_or_indexing,11,ta,Tamil,travel_transport;arts_culture;social_interaction,15,25,10
1138,56851,56900,50,3,nominal_modifier_order,4,relative_clause_head_order,3,fr,French,family_relationships;science_technology;nature_environment,15,25,10
1139,56901,56950,50,25,epistemic_modality,1,possibility_statement,2,de,German,arts_culture;social_interaction;health,15,25,10
1140,56951,57000,50,38,speech_act_force_and_request_directness,4,performative_request,13,es,Spanish,news_public_affairs;family_relationships;science_technology,15,25,10
1141,57001,57050,50,26,evidentiality,3,lexical_reportative,8,en,English,social_interaction;health;news_public_affairs,15,25,10
1142,57051,57100,50,1,subject_expression_pro_drop,2,discourse_recoverable_subject_omission,5,ja,Japanese,education;food_household;sports_recreation,15,25,10
1143,57101,57150,50,19,inclusive_exclusive_distinction,1,inclusive_we_reference,8,ta,Tamil,sports_recreation;workplace;travel_transport,15,25,10
1144,57151,57200,50,25,epistemic_modality,3,inferential_epistemic,5,tr,Turkish,health;news_public_affairs;family_relationships,15,25,10
1145,57201,57250,50,20,pronoun_richness_and_reduction,3,clitic_pronoun,2,it,Italian,food_household;sports_recreation;workplace,15,25,10
1146,57251,57300,50,2,basic_constituent_order,3,verb_final_order,12,de,German,news_public_affairs;family_relationships;science_technology,15,25,10
1147,57301,57350,50,2,basic_constituent_order,4,verb_initial_or_predicate_initial_order,8,tr,Turkish,health;news_public_affairs;family_relationships,15,25,10
1148,57351,57400,50,4,case_marking,1,accusative_object_marking,13,ru,Russian,news_public_affairs;family_relationships;science_technology,15,25,10
1149,57401,57450,50,22,tense_prominence,3,sequence_of_tense,13,fr,French,sports_recreation;workplace;travel_transport,15,25,10
1150,57451,57500,50,4,case_marking,5,differential_object_marking,13,ru,Russian,nature_environment;daily_life;education,15,25,10
1151,57501,57550,50,11,agreement_indexing_density,1,subject_verb_agreement,4,ar,Arabic,family_relationships;science_technology;nature_environment,15,25,10
1152,57551,57600,50,12,optionality_vs_obligatoriness_of_marking,1,optional_subject_expression,3,tr,Turkish,workplace;travel_transport;arts_culture,15,25,10
1153,57601,57650,50,21,possession_and_alienability,4,genitive_or_possessive_marker,10,hi,Hindi,health;news_public_affairs;family_relationships,15,25,10
1154,57651,57700,50,26,evidentiality,2,grammatical_inferential,4,de,German,science_technology;nature_environment;daily_life,15,25,10
1155,57701,57750,50,18,person_marking_and_person_hierarchy,2,clitic_person_marking,3,hi,Hindi,nature_environment;daily_life;education,15,25,10
1156,57751,57800,50,5,morphosyntactic_alignment,4,experiencer_or_dative_subject,1,eu,Basque,science_technology;nature_environment;daily_life,15,25,10
1157,57801,57850,50,32,quotation_and_reported_speech_structure,2,indirect_report,4,de,German,food_household;sports_recreation;workplace,15,25,10
1158,57851,57900,50,13,redundancy_cumulative_exponence,2,case_plus_adposition,4,tr,Turkish,science_technology;nature_environment;daily_life,15,25,10
1159,57901,57950,50,2,basic_constituent_order,1,canonical_clause_order,4,ar,Arabic,workplace;travel_transport;arts_culture,15,25,10
1160,57951,58000,50,4,case_marking,2,dative_recipient_or_goal,1,tr,Turkish,science_technology;nature_environment;daily_life,15,25,10
1161,58001,58050,50,27,mirativity_stance_and_affect_marking,1,mirative_particle_or_form,15,en,English,sports_recreation;workplace;travel_transport,15,25,10
1162,58051,58100,50,14,definiteness_and_specificity,5,specificity_sensitive_object_marking,1,en,English,health;news_public_affairs;family_relationships,15,25,10
1163,58101,58150,50,1,subject_expression_pro_drop,4,contrastive_overt_pronoun,6,tr,Turkish,social_interaction;health;news_public_affairs,15,25,10
1164,58151,58200,50,22,tense_prominence,5,tense_with_independent_time_adverb,1,en,English,news_public_affairs;family_relationships;science_technology,15,25,10
1165,58201,58250,50,29,quantifier_scope_and_distributivity,4,negation_quantifier_scope,11,en,English,social_interaction;health;news_public_affairs,15,25,10
1166,58251,58300,50,10,morphological_segmentation_type,3,clitic_sequence,12,fi,Finnish,family_relationships;science_technology;nature_environment,15,25,10
1167,58301,58350,50,28,negation_and_polarity_structure,1,sentential_negation,8,fr,French,news_public_affairs;family_relationships;science_technology,15,25,10
1168,58351,58400,50,15,number_marking,3,numeral_plus_number_morphology,6,en,English,health;news_public_affairs;family_relationships,15,25,10
1169,58401,58450,50,40,orthographic_and_tokenization_interface,3,script_specific_word_segmentation,15,zh,Chinese,science_technology;nature_environment;daily_life,15,25,10
1170,58451,58500,50,21,possession_and_alienability,1,body_part_possession,12,fr,French,travel_transport;arts_culture;social_interaction,15,25,10
1171,58501,58550,50,32,quotation_and_reported_speech_structure,2,indirect_report,7,ja,Japanese,news_public_affairs;family_relationships;science_technology,15,25,10
1172,58551,58600,50,14,definiteness_and_specificity,4,specific_indefinite_reference,14,tr,Turkish,workplace;travel_transport;arts_culture,15,25,10
1173,58601,58650,50,35,focus_and_given_new_marking,3,fronted_or_marked_focus,11,en,English,social_interaction;health;news_public_affairs,15,25,10
1174,58651,58700,50,10,morphological_segmentation_type,2,fusional_inflection,6,tr,Turkish,travel_transport;arts_culture;social_interaction,15,25,10
1175,58701,58750,50,27,mirativity_stance_and_affect_marking,2,exclamative_surprise,14,es,Spanish,news_public_affairs;family_relationships;science_technology,15,25,10
1176,58751,58800,50,16,gender_noun_class,5,gender_assignment_across_nouns,14,ar,Arabic,travel_transport;arts_culture;social_interaction,15,25,10
1177,58801,58850,50,35,focus_and_given_new_marking,4,exclusive_only_focus,8,es,Spanish,workplace;travel_transport;arts_culture,15,25,10
1178,58851,58900,50,7,voice_and_agent_prominence,1,active_passive_alternation,3,es,Spanish,travel_transport;arts_culture;social_interaction,15,25,10
1179,58901,58950,50,36,genericity_and_kind_level_reference,4,kind_denoting_reference,14,es,Spanish,family_relationships;science_technology;nature_environment,15,25,10
1180,58951,59000,50,23,aspect_and_event_structure,3,habitual_aspect,15,bg,Bulgarian,workplace;travel_transport;arts_culture,15,25,10
1181,59001,59050,50,8,causativity_and_valency_change,2,periphrastic_causative,5,en,English,family_relationships;science_technology;nature_environment,15,25,10
1182,59051,59100,50,2,basic_constituent_order,1,canonical_clause_order,12,de,German,education;food_household;sports_recreation,15,25,10
1183,59101,59150,50,30,conditional_and_counterfactual_marking,1,real_conditional,9,de,German,workplace;travel_transport;arts_culture,15,25,10
1184,59151,59200,50,11,agreement_indexing_density,2,rich_person_number_agreement,3,ru,Russian,sports_recreation;workplace;travel_transport,15,25,10
1185,59201,59250,50,30,conditional_and_counterfactual_marking,4,inverted_or_markerless_conditional,8,fr,French,travel_transport;arts_culture;social_interaction,15,25,10
1186,59251,59300,50,34,topic_comment_structure,3,marked_topicalization,9,en,English,arts_culture;social_interaction;health,15,25,10
1187,59301,59350,50,18,person_marking_and_person_hierarchy,3,local_vs_nonlocal_participants,3,hi,Hindi,sports_recreation;workplace;travel_transport,15,25,10
1188,59351,59400,50,26,evidentiality,4,direct_evidence_statement,14,de,German,nature_environment;daily_life;education,15,25,10
1189,59401,59450,50,35,focus_and_given_new_marking,5,wh_or_answer_focus_context,9,de,German,arts_culture;social_interaction;health,15,25,10
1190,59451,59500,50,31,subordination_and_embedding,2,relative_clause,7,de,German,workplace;travel_transport;arts_culture,15,25,10
1191,59501,59550,50,15,number_marking,4,collective_or_group_reference,12,ar,Arabic,daily_life;education;food_household,15,25,10
1192,59551,59600,50,25,epistemic_modality,3,inferential_epistemic,11,en,English,news_public_affairs;family_relationships;science_technology,15,25,10
1193,59601,59650,50,33,discourse_relation_marking,4,temporal_sequence_relation,11,en,English,education;food_household;sports_recreation,15,25,10
1194,59651,59700,50,13,redundancy_cumulative_exponence,3,gender_number_across_phrase,8,fr,French,social_interaction;health;news_public_affairs,15,25,10
1195,59701,59750,50,1,subject_expression_pro_drop,1,overt_vs_null_subject,2,es,Spanish,sports_recreation;workplace;travel_transport,15,25,10
1196,59751,59800,50,8,causativity_and_valency_change,5,permissive_causation,5,en,English,news_public_affairs;family_relationships;science_technology,15,25,10
1197,59801,59850,50,17,animacy_and_humanness,4,animacy_sensitive_case_or_order,1,es,Spanish,arts_culture;social_interaction;health,15,25,10
1198,59851,59900,50,39,deixis_and_perspective_anchoring,3,come_go_motion_perspective,9,tr,Turkish,travel_transport;arts_culture;social_interaction,15,25,10
1199,59901,59950,50,8,causativity_and_valency_change,5,permissive_causation,4,hi,Hindi,science_technology;nature_environment;daily_life,15,25,10
1200,59951,60000,50,19,inclusive_exclusive_distinction,5,inclusive_exclusive_planning_or_command_context,11,ta,Tamil,daily_life;education;food_household,15,25,10
1201,60001,60050,50,37,social_deixis_honorifics_status_encoding,5,status_conditioned_request_or_reference,3,fr,French,food_household;sports_recreation;workplace,15,25,10
1202,60051,60100,50,5,morphosyntactic_alignment,5,alignment_under_voice_change,9,tr,Turkish,nature_environment;daily_life;education,15,25,10
1203,60101,60150,50,36,genericity_and_kind_level_reference,1,bare_plural_generic,2,de,German,news_public_affairs;family_relationships;science_technology,15,25,10
1204,60151,60200,50,28,negation_and_polarity_structure,4,negative_polarity_item_context,12,es,Spanish,daily_life;education;food_household,15,25,10
1205,60201,60250,50,40,orthographic_and_tokenization_interface,3,script_specific_word_segmentation,13,fr,French,food_household;sports_recreation;workplace,15,25,10
1206,60251,60300,50,22,tense_prominence,1,simple_past_present_future,3,fr,French,food_household;sports_recreation;workplace,15,25,10
1207,60301,60350,50,9,analytic_vs_synthetic_encoding,5,agglutinative_multi_feature_word,9,es,Spanish,arts_culture;social_interaction;health,15,25,10
1208,60351,60400,50,4,case_marking,4,locative_ablative_or_instrumental,10,hi,Hindi,education;food_household;sports_recreation,15,25,10
1209,60401,60450,50,11,agreement_indexing_density,3,nominal_gender_number_agreement,1,eu,Basque,science_technology;nature_environment;daily_life,15,25,10
1210,60451,60500,50,25,epistemic_modality,4,certainty_or_high_commitment,1,en,English,social_interaction;health;news_public_affairs,15,25,10
1211,60501,60550,50,13,redundancy_cumulative_exponence,5,tense_plus_temporal_adverb,8,fr,French,food_household;sports_recreation;workplace,15,25,10
1212,60551,60600,50,10,morphological_segmentation_type,5,derivation_plus_inflection,11,tr,Turkish,social_interaction;health;news_public_affairs,15,25,10
1213,60601,60650,50,10,morphological_segmentation_type,2,fusional_inflection,3,ru,Russian,science_technology;nature_environment;daily_life,15,25,10
1214,60651,60700,50,4,case_marking,2,dative_recipient_or_goal,4,de,German,travel_transport;arts_culture;social_interaction,15,25,10
1215,60701,60750,50,36,genericity_and_kind_level_reference,1,bare_plural_generic,13,fr,French,daily_life;education;food_household,15,25,10
1216,60751,60800,50,4,case_marking,5,differential_object_marking,5,hi,Hindi,food_household;sports_recreation;workplace,15,25,10
1217,60801,60850,50,14,definiteness_and_specificity,2,bare_vs_determined_noun,4,tr,Turkish,sports_recreation;workplace;travel_transport,15,25,10
1218,60851,60900,50,29,quantifier_scope_and_distributivity,5,numeral_or_indefinite_distributivity,2,de,German,sports_recreation;workplace;travel_transport,15,25,10
1219,60901,60950,50,34,topic_comment_structure,4,hanging_topic,8,zh,Chinese,nature_environment;daily_life;education,15,25,10
1220,60951,61000,50,11,agreement_indexing_density,1,subject_verb_agreement,7,es,Spanish,workplace;travel_transport;arts_culture,15,25,10
1221,61001,61050,50,36,genericity_and_kind_level_reference,5,generic_conditional_or_generalization,4,es,Spanish,health;news_public_affairs;family_relationships,15,25,10
1222,61051,61100,50,22,tense_prominence,1,simple_past_present_future,2,es,Spanish,workplace;travel_transport;arts_culture,15,25,10
1223,61101,61150,50,8,causativity_and_valency_change,3,lexical_causative,8,ko,Korean,health;news_public_affairs;family_relationships,15,25,10
1224,61151,61200,50,30,conditional_and_counterfactual_marking,1,real_conditional,5,tr,Turkish,nature_environment;daily_life;education,15,25,10
1225,61201,61250,50,1,subject_expression_pro_drop,2,discourse_recoverable_subject_omission,13,it,Italian,science_technology;nature_environment;daily_life,15,25,10
1226,61251,61300,50,26,evidentiality,5,hearsay_or_attributed_evidence,15,es,Spanish,education;food_household;sports_recreation,15,25,10
1227,61301,61350,50,37,social_deixis_honorifics_status_encoding,4,humble_or_deferential_form,9,de,German,nature_environment;daily_life;education,15,25,10
1228,61351,61400,50,32,quotation_and_reported_speech_structure,4,reported_question,8,tr,Turkish,food_household;sports_recreation;workplace,15,25,10
1229,61401,61450,50,23,aspect_and_event_structure,3,habitual_aspect,7,es,Spanish,social_interaction;health;news_public_affairs,15,25,10
1230,61451,61500,50,20,pronoun_richness_and_reduction,4,weak_vs_strong_pronoun,9,tr,Turkish,travel_transport;arts_culture;social_interaction,15,25,10
1231,61501,61550,50,4,case_marking,2,dative_recipient_or_goal,3,ru,Russian,social_interaction;health;news_public_affairs,15,25,10
1232,61551,61600,50,8,causativity_and_valency_change,5,permissive_causation,13,ko,Korean,arts_culture;social_interaction;health,15,25,10
1233,61601,61650,50,11,agreement_indexing_density,4,multiple_agreement_targets,11,eu,Basque,health;news_public_affairs;family_relationships,15,25,10
1234,61651,61700,50,27,mirativity_stance_and_affect_marking,4,stance_particle,11,tr,Turkish,family_relationships;science_technology;nature_environment,15,25,10
1235,61701,61750,50,22,tense_prominence,3,sequence_of_tense,8,fr,French,daily_life;education;food_household,15,25,10
1236,61751,61800,50,35,focus_and_given_new_marking,3,fronted_or_marked_focus,3,es,Spanish,family_relationships;science_technology;nature_environment,15,25,10
1237,61801,61850,50,37,social_deixis_honorifics_status_encoding,4,humble_or_deferential_form,12,ko,Korean,arts_culture;social_interaction;health,15,25,10
1238,61851,61900,50,3,nominal_modifier_order,4,relative_clause_head_order,13,fr,French,sports_recreation;workplace;travel_transport,15,25,10
1239,61901,61950,50,27,mirativity_stance_and_affect_marking,3,evaluative_stance_adverbial,7,ja,Japanese,education;food_household;sports_recreation,15,25,10
1240,61951,62000,50,38,speech_act_force_and_request_directness,3,declarative_hint_request,5,ja,Japanese,health;news_public_affairs;family_relationships,15,25,10
1241,62001,62050,50,32,quotation_and_reported_speech_structure,2,indirect_report,9,de,German,travel_transport;arts_culture;social_interaction,15,25,10
1242,62051,62100,50,3,nominal_modifier_order,3,numeral_head_order,11,en,English,sports_recreation;workplace;travel_transport,15,25,10
1243,62101,62150,50,20,pronoun_richness_and_reduction,2,null_or_reduced_pronoun,10,en,English,health;news_public_affairs;family_relationships,15,25,10
1244,62151,62200,50,38,speech_act_force_and_request_directness,5,mitigated_or_polite_request,15,ja,Japanese,news_public_affairs;family_relationships;science_technology,15,25,10
1245,62201,62250,50,10,morphological_segmentation_type,3,clitic_sequence,6,tr,Turkish,news_public_affairs;family_relationships;science_technology,15,25,10
1246,62251,62300,50,5,morphosyntactic_alignment,5,alignment_under_voice_change,1,eu,Basque,food_household;sports_recreation;workplace,15,25,10
1247,62301,62350,50,17,animacy_and_humanness,1,animate_inanimate_object_contrast,7,ru,Russian,health;news_public_affairs;family_relationships,15,25,10
1248,62351,62400,50,1,subject_expression_pro_drop,5,agreement_supported_null_subject,9,pt,Portuguese,travel_transport;arts_culture;social_interaction,15,25,10
1249,62401,62450,50,18,person_marking_and_person_hierarchy,1,first_second_third_person_agreement,10,fr,French,social_interaction;health;news_public_affairs,15,25,10
1250,62451,62500,50,39,deixis_and_perspective_anchoring,5,perspective_shift_in_report_or_narration,15,zh,Chinese,education;food_household;sports_recreation,15,25,10
1251,62501,62550,50,23,aspect_and_event_structure,3,habitual_aspect,4,tr,Turkish,daily_life;education;food_household,15,25,10
1252,62551,62600,50,16,gender_noun_class,5,gender_assignment_across_nouns,4,ar,Arabic,nature_environment;daily_life;education,15,25,10
1253,62601,62650,50,39,deixis_and_perspective_anchoring,2,here_there_spatial_deixis,4,tr,Turkish,science_technology;nature_environment;daily_life,15,25,10
1254,62651,62700,50,12,optionality_vs_obligatoriness_of_marking,1,optional_subject_expression,15,fr,French,arts_culture;social_interaction;health,15,25,10
1255,62701,62750,50,4,case_marking,2,dative_recipient_or_goal,12,fi,Finnish,food_household;sports_recreation;workplace,15,25,10
1256,62751,62800,50,18,person_marking_and_person_hierarchy,5,multi_person_indexing,14,eu,Basque,food_household;sports_recreation;workplace,15,25,10
1257,62801,62850,50,37,social_deixis_honorifics_status_encoding,1,tu_vous_or_t_v_distinction,15,hi,Hindi,education;food_household;sports_recreation,15,25,10
1258,62851,62900,50,23,aspect_and_event_structure,1,progressive_or_imperfective,8,en,English,family_relationships;science_technology;nature_environment,15,25,10
1259,62901,62950,50,24,modality_and_mood,5,conditional_mood,15,tr,Turkish,workplace;travel_transport;arts_culture,15,25,10
1260,62951,63000,50,27,mirativity_stance_and_affect_marking,3,evaluative_stance_adverbial,6,tr,Turkish,sports_recreation;workplace;travel_transport,15,25,10
1261,63001,63050,50,37,social_deixis_honorifics_status_encoding,4,humble_or_deferential_form,13,fr,French,workplace;travel_transport;arts_culture,15,25,10
1262,63051,63100,50,22,tense_prominence,2,perfect_or_anterior_tense,3,fr,French,arts_culture;social_interaction;health,15,25,10
1263,63101,63150,50,29,quantifier_scope_and_distributivity,2,distributive_each,4,fr,French,daily_life;education;food_household,15,25,10
1264,63151,63200,50,3,nominal_modifier_order,1,adjective_head_order,15,tr,Turkish,daily_life;education;food_household,15,25,10
1265,63201,63250,50,39,deixis_and_perspective_anchoring,4,temporal_deixis,2,ja,Japanese,family_relationships;science_technology;nature_environment,15,25,10
1266,63251,63300,50,22,tense_prominence,2,perfect_or_anterior_tense,1,en,English,family_relationships;science_technology;nature_environment,15,25,10
1267,63301,63350,50,6,transitivity_valency,1,intransitive_clause,12,es,Spanish,health;news_public_affairs;family_relationships,15,25,10
1268,63351,63400,50,29,quantifier_scope_and_distributivity,5,numeral_or_indefinite_distributivity,6,en,English,health;news_public_affairs;family_relationships,15,25,10
1269,63401,63450,50,9,analytic_vs_synthetic_encoding,5,agglutinative_multi_feature_word,11,en,English,food_household;sports_recreation;workplace,15,25,10
1270,63451,63500,50,31,subordination_and_embedding,1,finite_complement_clause,14,tr,Turkish,nature_environment;daily_life;education,15,25,10
1271,63501,63550,50,1,subject_expression_pro_drop,1,overt_vs_null_subject,14,pt,Portuguese,travel_transport;arts_culture;social_interaction,15,25,10
1272,63551,63600,50,7,voice_and_agent_prominence,3,middle_or_reflexive_voice,8,es,Spanish,sports_recreation;workplace;travel_transport,15,25,10
1273,63601,63650,50,1,subject_expression_pro_drop,4,contrastive_overt_pronoun,9,pt,Portuguese,education;food_household;sports_recreation,15,25,10
1274,63651,63700,50,23,aspect_and_event_structure,5,inchoative_or_resultative_event,10,bg,Bulgarian,news_public_affairs;family_relationships;science_technology,15,25,10
1275,63701,63750,50,39,deixis_and_perspective_anchoring,5,perspective_shift_in_report_or_narration,7,ja,Japanese,workplace;travel_transport;arts_culture,15,25,10
1276,63751,63800,50,30,conditional_and_counterfactual_marking,5,conditional_mood_form,7,es,Spanish,science_technology;nature_environment;daily_life,15,25,10
1277,63801,63850,50,13,redundancy_cumulative_exponence,2,case_plus_adposition,3,fr,French,daily_life;education;food_household,15,25,10
1278,63851,63900,50,27,mirativity_stance_and_affect_marking,5,unexpected_discovery_context,7,ja,Japanese,news_public_affairs;family_relationships;science_technology,15,25,10
1279,63901,63950,50,26,evidentiality,4,direct_evidence_statement,4,de,German,arts_culture;social_interaction;health,15,25,10
1280,63951,64000,50,30,conditional_and_counterfactual_marking,3,past_counterfactual,13,fr,French,workplace;travel_transport;arts_culture,15,25,10
1281,64001,64050,50,1,subject_expression_pro_drop,5,agreement_supported_null_subject,4,pt,Portuguese,food_household;sports_recreation;workplace,15,25,10
1282,64051,64100,50,23,aspect_and_event_structure,4,telic_atelic_contrast,11,ru,Russian,sports_recreation;workplace;travel_transport,15,25,10
1283,64101,64150,50,26,evidentiality,5,hearsay_or_attributed_evidence,3,en,English,nature_environment;daily_life;education,15,25,10
1284,64151,64200,50,12,optionality_vs_obligatoriness_of_marking,2,article_obligatoriness_context,3,tr,Turkish,health;news_public_affairs;family_relationships,15,25,10
1285,64201,64250,50,39,deixis_and_perspective_anchoring,1,proximal_distal_demonstrative,5,zh,Chinese,travel_transport;arts_culture;social_interaction,15,25,10
1286,64251,64300,50,16,gender_noun_class,2,article_gender_agreement,9,ar,Arabic,sports_recreation;workplace;travel_transport,15,25,10
1287,64301,64350,50,27,mirativity_stance_and_affect_marking,2,exclamative_surprise,8,ko,Korean,health;news_public_affairs;family_relationships,15,25,10
1288,64351,64400,50,7,voice_and_agent_prominence,3,middle_or_reflexive_voice,3,es,Spanish,daily_life;education;food_household,15,25,10
1289,64401,64450,50,7,voice_and_agent_prominence,5,resultative_or_stative_passive,6,en,English,food_household;sports_recreation;workplace,15,25,10
1290,64451,64500,50,23,aspect_and_event_structure,1,progressive_or_imperfective,9,tr,Turkish,health;news_public_affairs;family_relationships,15,25,10
1291,64501,64550,50,24,modality_and_mood,2,subjunctive_or_irrealis,9,de,German,workplace;travel_transport;arts_culture,15,25,10
1292,64551,64600,50,39,deixis_and_perspective_anchoring,2,here_there_spatial_deixis,1,en,English,workplace;travel_transport;arts_culture,15,25,10
1293,64601,64650,50,37,social_deixis_honorifics_status_encoding,5,status_conditioned_request_or_reference,11,ja,Japanese,nature_environment;daily_life;education,15,25,10
1294,64651,64700,50,13,redundancy_cumulative_exponence,5,tense_plus_temporal_adverb,6,es,Spanish,arts_culture;social_interaction;health,15,25,10
1295,64701,64750,50,12,optionality_vs_obligatoriness_of_marking,4,obligatory_agreement_context,7,es,Spanish,health;news_public_affairs;family_relationships,15,25,10
1296,64751,64800,50,24,modality_and_mood,4,ability_or_possibility,5,tr,Turkish,social_interaction;health;news_public_affairs,15,25,10
1297,64801,64850,50,14,definiteness_and_specificity,3,demonstrative_definiteness,7,es,Spanish,education;food_household;sports_recreation,15,25,10
1298,64851,64900,50,10,morphological_segmentation_type,4,productive_compounding,3,ru,Russian,arts_culture;social_interaction;health,15,25,10
1299,64901,64950,50,30,conditional_and_counterfactual_marking,4,inverted_or_markerless_conditional,14,de,German,arts_culture;social_interaction;health,15,25,10
1300,64951,65000,50,29,quantifier_scope_and_distributivity,3,collective_all,3,es,Spanish,arts_culture;social_interaction;health,15,25,10
1301,65001,65050,50,37,social_deixis_honorifics_status_encoding,3,honorific_verb_or_morphology,1,ja,Japanese,science_technology;nature_environment;daily_life,15,25,10
1302,65051,65100,50,6,transitivity_valency,3,ditransitive_clause,10,ru,Russian,social_interaction;health;news_public_affairs,15,25,10
1303,65101,65150,50,16,gender_noun_class,2,article_gender_agreement,2,es,Spanish,workplace;travel_transport;arts_culture,15,25,10
1304,65151,65200,50,17,animacy_and_humanness,2,human_nonhuman_reference,6,es,Spanish,education;food_household;sports_recreation,15,25,10
1305,65201,65250,50,24,modality_and_mood,2,subjunctive_or_irrealis,12,fr,French,science_technology;nature_environment;daily_life,15,25,10
1306,65251,65300,50,37,social_deixis_honorifics_status_encoding,2,honorific_title_or_address,6,ja,Japanese,family_relationships;science_technology;nature_environment,15,25,10
1307,65301,65350,50,12,optionality_vs_obligatoriness_of_marking,4,obligatory_agreement_context,1,en,English,social_interaction;health;news_public_affairs,15,25,10
1308,65351,65400,50,15,number_marking,4,collective_or_group_reference,5,hi,Hindi,education;food_household;sports_recreation,15,25,10
1309,65401,65450,50,1,subject_expression_pro_drop,3,coordinated_subject_omission,7,es,Spanish,education;food_household;sports_recreation,15,25,10
1310,65451,65500,50,23,aspect_and_event_structure,4,telic_atelic_contrast,12,es,Spanish,education;food_household;sports_recreation,15,25,10
1311,65501,65550,50,39,deixis_and_perspective_anchoring,2,here_there_spatial_deixis,5,zh,Chinese,news_public_affairs;family_relationships;science_technology,15,25,10
1312,65551,65600,50,25,epistemic_modality,3,inferential_epistemic,7,de,German,workplace;travel_transport;arts_culture,15,25,10
1313,65601,65650,50,8,causativity_and_valency_change,4,double_or_indirect_causation,4,hi,Hindi,social_interaction;health;news_public_affairs,15,25,10
1314,65651,65700,50,28,negation_and_polarity_structure,2,negative_concord,3,fr,French,family_relationships;science_technology;nature_environment,15,25,10
1315,65701,65750,50,40,orthographic_and_tokenization_interface,1,hyphenation_or_compound_orthography,6,en,English,health;news_public_affairs;family_relationships,15,25,10
1316,65751,65800,50,22,tense_prominence,3,sequence_of_tense,12,es,Spanish,travel_transport;arts_culture;social_interaction,15,25,10
1317,65801,65850,50,1,subject_expression_pro_drop,4,contrastive_overt_pronoun,12,es,Spanish,health;news_public_affairs;family_relationships,15,25,10
1318,65851,65900,50,6,transitivity_valency,1,intransitive_clause,13,tr,Turkish,arts_culture;social_interaction;health,15,25,10
1319,65901,65950,50,36,genericity_and_kind_level_reference,4,kind_denoting_reference,5,ru,Russian,food_household;sports_recreation;workplace,15,25,10
1320,65951,66000,50,36,genericity_and_kind_level_reference,3,habitual_generic,1,en,English,arts_culture;social_interaction;health,15,25,10
1321,66001,66050,50,13,redundancy_cumulative_exponence,1,agreement_redundancy,11,es,Spanish,arts_culture;social_interaction;health,15,25,10
1322,66051,66100,50,11,agreement_indexing_density,5,multi_argument_indexing,3,ru,Russian,food_household;sports_recreation;workplace,15,25,10
1323,66101,66150,50,8,causativity_and_valency_change,3,lexical_causative,6,tr,Turkish,nature_environment;daily_life;education,15,25,10
1324,66151,66200,50,29,quantifier_scope_and_distributivity,4,negation_quantifier_scope,10,ru,Russian,news_public_affairs;family_relationships;science_technology,15,25,10
1325,66201,66250,50,19,inclusive_exclusive_distinction,5,inclusive_exclusive_planning_or_command_context,14,ta,Tamil,social_interaction;health;news_public_affairs,15,25,10
1326,66251,66300,50,30,conditional_and_counterfactual_marking,3,past_counterfactual,1,en,English,food_household;sports_recreation;workplace,15,25,10
1327,66301,66350,50,36,genericity_and_kind_level_reference,5,generic_conditional_or_generalization,5,ru,Russian,arts_culture;social_interaction;health,15,25,10
1328,66351,66400,50,16,gender_noun_class,1,adjective_gender_agreement,6,fr,French,travel_transport;arts_culture;social_interaction,15,25,10
1329,66401,66450,50,34,topic_comment_structure,3,marked_topicalization,2,ko,Korean,social_interaction;health;news_public_affairs,15,25,10
1330,66451,66500,50,23,aspect_and_event_structure,2,perfective_completed_event,9,tr,Turkish,nature_environment;daily_life;education,15,25,10
1331,66501,66550,50,24,modality_and_mood,3,deontic_obligation,1,es,Spanish,science_technology;nature_environment;daily_life,15,25,10
1332,66551,66600,50,31,subordination_and_embedding,3,adverbial_subordinate_clause,9,tr,Turkish,workplace;travel_transport;arts_culture,15,25,10
1333,66601,66650,50,1,subject_expression_pro_drop,4,contrastive_overt_pronoun,15,ja,Japanese,food_household;sports_recreation;workplace,15,25,10
1334,66651,66700,50,33,discourse_relation_marking,3,concessive_relation,1,en,English,workplace;travel_transport;arts_culture,15,25,10
1335,66701,66750,50,21,possession_and_alienability,4,genitive_or_possessive_marker,5,hi,Hindi,travel_transport;arts_culture;social_interaction,15,25,10
1336,66751,66800,50,16,gender_noun_class,3,pronoun_gender_agreement,7,es,Spanish,science_technology;nature_environment;daily_life,15,25,10
1337,66801,66850,50,2,basic_constituent_order,1,canonical_clause_order,2,de,German,health;news_public_affairs;family_relationships,15,25,10
1338,66851,66900,50,11,agreement_indexing_density,1,subject_verb_agreement,13,ru,Russian,travel_transport;arts_culture;social_interaction,15,25,10
1339,66901,66950,50,36,genericity_and_kind_level_reference,1,bare_plural_generic,4,es,Spanish,travel_transport;arts_culture;social_interaction,15,25,10
1340,66951,67000,50,36,genericity_and_kind_level_reference,1,bare_plural_generic,6,en,English,education;food_household;sports_recreation,15,25,10
1341,67001,67050,50,17,animacy_and_humanness,3,animacy_sensitive_object_marking,4,ja,Japanese,news_public_affairs;family_relationships;science_technology,15,25,10
1342,67051,67100,50,19,inclusive_exclusive_distinction,3,inclusive_agreement_or_indexing,3,te,Telugu,health;news_public_affairs;family_relationships,15,25,10
1343,67101,67150,50,32,quotation_and_reported_speech_structure,3,quotative_particle_or_marker,11,en,English,travel_transport;arts_culture;social_interaction,15,25,10
1344,67151,67200,50,36,genericity_and_kind_level_reference,1,bare_plural_generic,1,en,English,science_technology;nature_environment;daily_life,15,25,10
1345,67201,67250,50,40,orthographic_and_tokenization_interface,2,apostrophe_or_clitic_orthography,5,zh,Chinese,education;food_household;sports_recreation,15,25,10
1346,67251,67300,50,9,analytic_vs_synthetic_encoding,5,agglutinative_multi_feature_word,14,es,Spanish,news_public_affairs;family_relationships;science_technology,15,25,10
1347,67301,67350,50,21,possession_and_alienability,5,existential_or_predicative_possession,5,hi,Hindi,news_public_affairs;family_relationships;science_technology,15,25,10
1348,67351,67400,50,19,inclusive_exclusive_distinction,3,inclusive_agreement_or_indexing,6,te,Telugu,food_household;sports_recreation;workplace,15,25,10
1349,67401,67450,50,36,genericity_and_kind_level_reference,5,generic_conditional_or_generalization,13,fr,French,sports_recreation;workplace;travel_transport,15,25,10
1350,67451,67500,50,24,modality_and_mood,5,conditional_mood,11,es,Spanish,nature_environment;daily_life;education,15,25,10
1351,67501,67550,50,15,number_marking,1,singular_plural_nominal,8,ru,Russian,news_public_affairs;family_relationships;science_technology,15,25,10
1352,67551,67600,50,20,pronoun_richness_and_reduction,3,clitic_pronoun,12,it,Italian,health;news_public_affairs;family_relationships,15,25,10
1353,67601,67650,50,18,person_marking_and_person_hierarchy,1,first_second_third_person_agreement,8,hi,Hindi,science_technology;nature_environment;daily_life,15,25,10
1354,67651,67700,50,38,speech_act_force_and_request_directness,4,performative_request,7,de,German,health;news_public_affairs;family_relationships,15,25,10
1355,67701,67750,50,31,subordination_and_embedding,3,adverbial_subordinate_clause,14,tr,Turkish,social_interaction;health;news_public_affairs,15,25,10
1356,67751,67800,50,12,optionality_vs_obligatoriness_of_marking,1,optional_subject_expression,11,en,English,education;food_household;sports_recreation,15,25,10
1357,67801,67850,50,31,subordination_and_embedding,3,adverbial_subordinate_clause,12,de,German,science_technology;nature_environment;daily_life,15,25,10
1358,67851,67900,50,6,transitivity_valency,5,valency_reduction_or_argument_omission,8,tr,Turkish,arts_culture;social_interaction;health,15,25,10
1359,67901,67950,50,36,genericity_and_kind_level_reference,1,bare_plural_generic,10,ru,Russian,arts_culture;social_interaction;health,15,25,10
1360,67951,68000,50,14,definiteness_and_specificity,1,definite_indefinite_article,1,en,English,travel_transport;arts_culture;social_interaction,15,25,10
1361,68001,68050,50,17,animacy_and_humanness,5,reflexive_or_reciprocal_humanness_context,7,ru,Russian,science_technology;nature_environment;daily_life,15,25,10
1362,68051,68100,50,11,agreement_indexing_density,3,nominal_gender_number_agreement,8,ru,Russian,family_relationships;science_technology;nature_environment,15,25,10
1363,68101,68150,50,10,morphological_segmentation_type,2,fusional_inflection,7,fi,Finnish,sports_recreation;workplace;travel_transport,15,25,10
1364,68151,68200,50,39,deixis_and_perspective_anchoring,5,perspective_shift_in_report_or_narration,2,ja,Japanese,education;food_household;sports_recreation,15,25,10
1365,68201,68250,50,11,agreement_indexing_density,3,nominal_gender_number_agreement,5,tr,Turkish,sports_recreation;workplace;travel_transport,15,25,10
1366,68251,68300,50,10,morphological_segmentation_type,5,derivation_plus_inflection,4,es,Spanish,health;news_public_affairs;family_relationships,15,25,10
1367,68301,68350,50,14,definiteness_and_specificity,5,specificity_sensitive_object_marking,14,tr,Turkish,health;news_public_affairs;family_relationships,15,25,10
1368,68351,68400,50,39,deixis_and_perspective_anchoring,1,proximal_distal_demonstrative,8,es,Spanish,nature_environment;daily_life;education,15,25,10
1369,68401,68450,50,5,morphosyntactic_alignment,3,ergative_perfective_alignment,9,tr,Turkish,workplace;travel_transport;arts_culture,15,25,10
1370,68451,68500,50,5,morphosyntactic_alignment,5,alignment_under_voice_change,11,eu,Basque,health;news_public_affairs;family_relationships,15,25,10
1371,68501,68550,50,10,morphological_segmentation_type,4,productive_compounding,10,de,German,travel_transport;arts_culture;social_interaction,15,25,10
1372,68551,68600,50,25,epistemic_modality,4,certainty_or_high_commitment,12,de,German,science_technology;nature_environment;daily_life,15,25,10
1373,68601,68650,50,18,person_marking_and_person_hierarchy,5,multi_person_indexing,13,hi,Hindi,workplace;travel_transport;arts_culture,15,25,10
1374,68651,68700,50,3,nominal_modifier_order,3,numeral_head_order,7,es,Spanish,science_technology;nature_environment;daily_life,15,25,10
1375,68701,68750,50,9,analytic_vs_synthetic_encoding,3,periphrastic_modality,15,fi,Finnish,nature_environment;daily_life;education,15,25,10
1376,68751,68800,50,25,epistemic_modality,1,possibility_statement,5,tr,Turkish,daily_life;education;food_household,15,25,10
1377,68801,68850,50,33,discourse_relation_marking,3,concessive_relation,6,en,English,social_interaction;health;news_public_affairs,15,25,10
1378,68851,68900,50,6,transitivity_valency,3,ditransitive_clause,3,tr,Turkish,health;news_public_affairs;family_relationships,15,25,10
1379,68901,68950,50,9,analytic_vs_synthetic_encoding,3,periphrastic_modality,3,de,German,family_relationships;science_technology;nature_environment,15,25,10
1380,68951,69000,50,25,epistemic_modality,4,certainty_or_high_commitment,8,fr,French,arts_culture;social_interaction;health,15,25,10
1381,69001,69050,50,1,subject_expression_pro_drop,5,agreement_supported_null_subject,6,tr,Turkish,science_technology;nature_environment;daily_life,15,25,10
1382,69051,69100,50,19,inclusive_exclusive_distinction,4,exclusive_agreement_or_indexing,15,te,Telugu,education;food_household;sports_recreation,15,25,10
1383,69101,69150,50,3,nominal_modifier_order,4,relative_clause_head_order,8,fr,French,daily_life;education;food_household,15,25,10
1384,69151,69200,50,16,gender_noun_class,1,adjective_gender_agreement,1,fr,French,food_household;sports_recreation;workplace,15,25,10
1385,69201,69250,50,9,analytic_vs_synthetic_encoding,3,periphrastic_modality,6,en,English,workplace;travel_transport;arts_culture,15,25,10
1386,69251,69300,50,20,pronoun_richness_and_reduction,2,null_or_reduced_pronoun,4,tr,Turkish,social_interaction;health;news_public_affairs,15,25,10
1387,69301,69350,50,12,optionality_vs_obligatoriness_of_marking,3,optional_complementizer_context,13,tr,Turkish,travel_transport;arts_culture;social_interaction,15,25,10
1388,69351,69400,50,30,conditional_and_counterfactual_marking,2,hypothetical_conditional,8,fr,French,family_relationships;science_technology;nature_environment,15,25,10
1389,69401,69450,50,33,discourse_relation_marking,2,contrastive_relation,10,tr,Turkish,health;news_public_affairs;family_relationships,15,25,10
1390,69451,69500,50,6,transitivity_valency,5,valency_reduction_or_argument_omission,9,de,German,workplace;travel_transport;arts_culture,15,25,10
1391,69501,69550,50,24,modality_and_mood,4,ability_or_possibility,7,fr,French,sports_recreation;workplace;travel_transport,15,25,10
1392,69551,69600,50,9,analytic_vs_synthetic_encoding,3,periphrastic_modality,9,es,Spanish,science_technology;nature_environment;daily_life,15,25,10
1393,69601,69650,50,9,analytic_vs_synthetic_encoding,1,analytic_tense_aspect,13,de,German,health;news_public_affairs;family_relationships,15,25,10
1394,69651,69700,50,29,quantifier_scope_and_distributivity,3,collective_all,14,fr,French,family_relationships;science_technology;nature_environment,15,25,10
1395,69701,69750,50,17,animacy_and_humanness,5,reflexive_or_reciprocal_humanness_context,11,es,Spanish,sports_recreation;workplace;travel_transport,15,25,10
1396,69751,69800,50,33,discourse_relation_marking,2,contrastive_relation,8,fr,French,nature_environment;daily_life;education,15,25,10
1397,69801,69850,50,37,social_deixis_honorifics_status_encoding,2,honorific_title_or_address,7,ko,Korean,health;news_public_affairs;family_relationships,15,25,10
1398,69851,69900,50,11,agreement_indexing_density,5,multi_argument_indexing,2,es,Spanish,workplace;travel_transport;arts_culture,15,25,10
1399,69901,69950,50,23,aspect_and_event_structure,4,telic_atelic_contrast,6,ru,Russian,daily_life;education;food_household,15,25,10
1400,69951,70000,50,37,social_deixis_honorifics_status_encoding,5,status_conditioned_request_or_reference,8,fr,French,travel_transport;arts_culture;social_interaction,15,25,10
1401,70001,70050,50,23,aspect_and_event_structure,5,inchoative_or_resultative_event,4,tr,Turkish,health;news_public_affairs;family_relationships,15,25,10
1402,70051,70100,50,11,agreement_indexing_density,2,rich_person_number_agreement,5,tr,Turkish,nature_environment;daily_life;education,15,25,10
1403,70101,70150,50,40,orthographic_and_tokenization_interface,4,natural_punctuation_attachment,8,fr,French,sports_recreation;workplace;travel_transport,15,25,10
1404,70151,70200,50,12,optionality_vs_obligatoriness_of_marking,5,optional_particle_or_case_context,15,fr,French,news_public_affairs;family_relationships;science_technology,15,25,10
1405,70201,70250,50,35,focus_and_given_new_marking,2,focus_particle,13,es,Spanish,nature_environment;daily_life;education,15,25,10
1406,70251,70300,50,34,topic_comment_structure,5,contrastive_topic,4,en,English,science_technology;nature_environment;daily_life,15,25,10
1407,70301,70350,50,29,quantifier_scope_and_distributivity,5,numeral_or_indefinite_distributivity,9,fr,French,food_household;sports_recreation;workplace,15,25,10
1408,70351,70400,50,39,deixis_and_perspective_anchoring,5,perspective_shift_in_report_or_narration,14,tr,Turkish,sports_recreation;workplace;travel_transport,15,25,10
1409,70401,70450,50,32,quotation_and_reported_speech_structure,5,mixed_or_shifted_report_structure,2,ja,Japanese,travel_transport;arts_culture;social_interaction,15,25,10
1410,70451,70500,50,24,modality_and_mood,1,imperative_mood,4,de,German,family_relationships;science_technology;nature_environment,15,25,10
1411,70501,70550,50,4,case_marking,4,locative_ablative_or_instrumental,5,hi,Hindi,science_technology;nature_environment;daily_life,15,25,10
1412,70551,70600,50,36,genericity_and_kind_level_reference,3,habitual_generic,8,fr,French,travel_transport;arts_culture;social_interaction,15,25,10
1413,70601,70650,50,36,genericity_and_kind_level_reference,3,habitual_generic,13,fr,French,health;news_public_affairs;family_relationships,15,25,10
1414,70651,70700,50,33,discourse_relation_marking,5,consequence_or_result_relation,12,de,German,sports_recreation;workplace;travel_transport,15,25,10
1415,70701,70750,50,23,aspect_and_event_structure,2,perfective_completed_event,4,tr,Turkish,news_public_affairs;family_relationships;science_technology,15,25,10
1416,70751,70800,50,17,animacy_and_humanness,4,animacy_sensitive_case_or_order,2,ru,Russian,workplace;travel_transport;arts_culture,15,25,10
1417,70801,70850,50,31,subordination_and_embedding,1,finite_complement_clause,5,ja,Japanese,workplace;travel_transport;arts_culture,15,25,10
1418,70851,70900,50,15,number_marking,1,singular_plural_nominal,15,hi,Hindi,health;news_public_affairs;family_relationships,15,25,10
1419,70901,70950,50,21,possession_and_alienability,2,kinship_possession,11,tr,Turkish,science_technology;nature_environment;daily_life,15,25,10
1420,70951,71000,50,37,social_deixis_honorifics_status_encoding,2,honorific_title_or_address,14,de,German,social_interaction;health;news_public_affairs,15,25,10
1421,71001,71050,50,34,topic_comment_structure,3,marked_topicalization,11,ja,Japanese,food_household;sports_recreation;workplace,15,25,10
1422,71051,71100,50,25,epistemic_modality,1,possibility_statement,1,en,English,health;news_public_affairs;family_relationships,15,25,10
1423,71101,71150,50,11,agreement_indexing_density,5,multi_argument_indexing,12,es,Spanish,family_relationships;science_technology;nature_environment,15,25,10
1424,71151,71200,50,37,social_deixis_honorifics_status_encoding,3,honorific_verb_or_morphology,12,ko,Korean,food_household;sports_recreation;workplace,15,25,10
1425,71201,71250,50,35,focus_and_given_new_marking,3,fronted_or_marked_focus,4,de,German,health;news_public_affairs;family_relationships,15,25,10
1426,71251,71300,50,21,possession_and_alienability,1,body_part_possession,4,ru,Russian,health;news_public_affairs;family_relationships,15,25,10
1427,71301,71350,50,1,subject_expression_pro_drop,4,contrastive_overt_pronoun,8,it,Italian,sports_recreation;workplace;travel_transport,15,25,10
1428,71351,71400,50,13,redundancy_cumulative_exponence,1,agreement_redundancy,8,fr,French,nature_environment;daily_life;education,15,25,10
1429,71401,71450,50,12,optionality_vs_obligatoriness_of_marking,4,obligatory_agreement_context,13,tr,Turkish,news_public_affairs;family_relationships;science_technology,15,25,10
1430,71451,71500,50,36,genericity_and_kind_level_reference,3,habitual_generic,6,en,English,news_public_affairs;family_relationships;science_technology,15,25,10
1431,71501,71550,50,11,agreement_indexing_density,4,multiple_agreement_targets,8,ru,Russian,education;food_household;sports_recreation,15,25,10
1432,71551,71600,50,16,gender_noun_class,3,pronoun_gender_agreement,6,fr,French,daily_life;education;food_household,15,25,10
1433,71601,71650,50,39,deixis_and_perspective_anchoring,3,come_go_motion_perspective,4,tr,Turkish,food_household;sports_recreation;workplace,15,25,10
1434,71651,71700,50,18,person_marking_and_person_hierarchy,1,first_second_third_person_agreement,15,fr,French,family_relationships;science_technology;nature_environment,15,25,10
1435,71701,71750,50,6,transitivity_valency,3,ditransitive_clause,14,de,German,nature_environment;daily_life;education,15,25,10
1436,71751,71800,50,8,causativity_and_valency_change,3,lexical_causative,13,ko,Korean,science_technology;nature_environment;daily_life,15,25,10
1437,71801,71850,50,21,possession_and_alienability,4,genitive_or_possessive_marker,9,ru,Russian,family_relationships;science_technology;nature_environment,15,25,10
1438,71851,71900,50,23,aspect_and_event_structure,1,progressive_or_imperfective,3,en,English,social_interaction;health;news_public_affairs,15,25,10
1439,71901,71950,50,15,number_marking,4,collective_or_group_reference,8,ru,Russian,health;news_public_affairs;family_relationships,15,25,10
1440,71951,72000,50,27,mirativity_stance_and_affect_marking,3,evaluative_stance_adverbial,12,ja,Japanese,workplace;travel_transport;arts_culture,15,25,10
1441,72001,72050,50,39,deixis_and_perspective_anchoring,1,proximal_distal_demonstrative,14,tr,Turkish,daily_life;education;food_household,15,25,10
1442,72051,72100,50,23,aspect_and_event_structure,1,progressive_or_imperfective,13,en,English,daily_life;education;food_household,15,25,10
1443,72101,72150,50,1,subject_expression_pro_drop,2,discourse_recoverable_subject_omission,6,tr,Turkish,nature_environment;daily_life;education,15,25,10
1444,72151,72200,50,28,negation_and_polarity_structure,4,negative_polarity_item_context,4,ru,Russian,sports_recreation;workplace;travel_transport,15,25,10
1445,72201,72250,50,17,animacy_and_humanness,5,reflexive_or_reciprocal_humanness_context,1,es,Spanish,family_relationships;science_technology;nature_environment,15,25,10
1446,72251,72300,50,36,genericity_and_kind_level_reference,2,singular_generic,13,fr,French,workplace;travel_transport;arts_culture,15,25,10
1447,72301,72350,50,6,transitivity_valency,3,ditransitive_clause,13,tr,Turkish,education;food_household;sports_recreation,15,25,10
1448,72351,72400,50,29,quantifier_scope_and_distributivity,2,distributive_each,11,en,English,nature_environment;daily_life;education,15,25,10
1449,72401,72450,50,31,subordination_and_embedding,3,adverbial_subordinate_clause,4,tr,Turkish,education;food_household;sports_recreation,15,25,10
1450,72451,72500,50,16,gender_noun_class,1,adjective_gender_agreement,4,ar,Arabic,news_public_affairs;family_relationships;science_technology,15,25,10
1451,72501,72550,50,13,redundancy_cumulative_exponence,4,negative_concord,1,es,Spanish,nature_environment;daily_life;education,15,25,10
1452,72551,72600,50,4,case_marking,3,genitive_possession,5,hi,Hindi,social_interaction;health;news_public_affairs,15,25,10
1453,72601,72650,50,21,possession_and_alienability,5,existential_or_predicative_possession,15,hi,Hindi,food_household;sports_recreation;workplace,15,25,10
1454,72651,72700,50,31,subordination_and_embedding,2,relative_clause,4,tr,Turkish,family_relationships;science_technology;nature_environment,15,25,10
1455,72701,72750,50,23,aspect_and_event_structure,5,inchoative_or_resultative_event,5,bg,Bulgarian,arts_culture;social_interaction;health,15,25,10
1456,72751,72800,50,32,quotation_and_reported_speech_structure,3,quotative_particle_or_marker,9,de,German,news_public_affairs;family_relationships;science_technology,15,25,10
1457,72801,72850,50,21,possession_and_alienability,3,owned_object_possession,12,fr,French,daily_life;education;food_household,15,25,10
1458,72851,72900,50,20,pronoun_richness_and_reduction,3,clitic_pronoun,3,fr,French,daily_life;education;food_household,15,25,10
1459,72901,72950,50,28,negation_and_polarity_structure,4,negative_polarity_item_context,3,fr,French,travel_transport;arts_culture;social_interaction,15,25,10
1460,72951,73000,50,1,subject_expression_pro_drop,3,coordinated_subject_omission,15,ja,Japanese,science_technology;nature_environment;daily_life,15,25,10
1461,73001,73050,50,29,quantifier_scope_and_distributivity,3,collective_all,8,es,Spanish,news_public_affairs;family_relationships;science_technology,15,25,10
1462,73051,73100,50,29,quantifier_scope_and_distributivity,5,numeral_or_indefinite_distributivity,13,es,Spanish,social_interaction;health;news_public_affairs,15,25,10
1463,73101,73150,50,8,causativity_and_valency_change,5,permissive_causation,14,hi,Hindi,workplace;travel_transport;arts_culture,15,25,10
1464,73151,73200,50,33,discourse_relation_marking,1,causal_relation,12,de,German,daily_life;education;food_household,15,25,10
1465,73201,73250,50,39,deixis_and_perspective_anchoring,2,here_there_spatial_deixis,10,zh,Chinese,nature_environment;daily_life;education,15,25,10
1466,73251,73300,50,35,focus_and_given_new_marking,2,focus_particle,8,es,Spanish,news_public_affairs;family_relationships;science_technology,15,25,10
1467,73301,73350,50,20,pronoun_richness_and_reduction,5,pronoun_reduction_across_connected_clauses,3,fr,French,health;news_public_affairs;family_relationships,15,25,10
1468,73351,73400,50,15,number_marking,3,numeral_plus_number_morphology,1,en,English,travel_transport;arts_culture;social_interaction,15,25,10
1469,73401,73450,50,5,morphosyntactic_alignment,4,experiencer_or_dative_subject,10,ru,Russian,arts_culture;social_interaction;health,15,25,10
1470,73451,73500,50,34,topic_comment_structure,4,hanging_topic,2,ko,Korean,science_technology;nature_environment;daily_life,15,25,10
1471,73501,73550,50,39,deixis_and_perspective_anchoring,5,perspective_shift_in_report_or_narration,5,zh,Chinese,health;news_public_affairs;family_relationships,15,25,10
1472,73551,73600,50,23,aspect_and_event_structure,5,inchoative_or_resultative_event,14,tr,Turkish,education;food_household;sports_recreation,15,25,10
1473,73601,73650,50,15,number_marking,3,numeral_plus_number_morphology,3,ru,Russian,education;food_household;sports_recreation,15,25,10
1474,73651,73700,50,34,topic_comment_structure,5,contrastive_topic,10,fr,French,nature_environment;daily_life;education,15,25,10
1475,73701,73750,50,22,tense_prominence,5,tense_with_independent_time_adverb,6,en,English,nature_environment;daily_life;education,15,25,10
1476,73751,73800,50,9,analytic_vs_synthetic_encoding,2,synthetic_inflection,1,en,English,family_relationships;science_technology;nature_environment,15,25,10
1477,73801,73850,50,27,mirativity_stance_and_affect_marking,1,mirative_particle_or_form,9,es,Spanish,food_household;sports_recreation;workplace,15,25,10
1478,73851,73900,50,35,focus_and_given_new_marking,1,cleft_focus,12,fr,French,family_relationships;science_technology;nature_environment,15,25,10
1479,73901,73950,50,24,modality_and_mood,4,ability_or_possibility,14,de,German,food_household;sports_recreation;workplace,15,25,10
1480,73951,74000,50,33,discourse_relation_marking,1,causal_relation,8,fr,French,health;news_public_affairs;family_relationships,15,25,10
1481,74001,74050,50,20,pronoun_richness_and_reduction,4,weak_vs_strong_pronoun,6,es,Spanish,science_technology;nature_environment;daily_life,15,25,10
1482,74051,74100,50,12,optionality_vs_obligatoriness_of_marking,3,optional_complementizer_context,3,tr,Turkish,nature_environment;daily_life;education,15,25,10
1483,74101,74150,50,11,agreement_indexing_density,3,nominal_gender_number_agreement,6,eu,Basque,education;food_household;sports_recreation,15,25,10
1484,74151,74200,50,9,analytic_vs_synthetic_encoding,4,morphologically_bundled_case_possession,14,es,Spanish,travel_transport;arts_culture;social_interaction,15,25,10
1485,74201,74250,50,20,pronoun_richness_and_reduction,2,null_or_reduced_pronoun,3,fr,French,news_public_affairs;family_relationships;science_technology,15,25,10
1486,74251,74300,50,34,topic_comment_structure,1,topic_particle,5,fr,French,arts_culture;social_interaction;health,15,25,10
1487,74301,74350,50,15,number_marking,3,numeral_plus_number_morphology,5,hi,Hindi,family_relationships;science_technology;nature_environment,15,25,10
1488,74351,74400,50,18,person_marking_and_person_hierarchy,3,local_vs_nonlocal_participants,8,hi,Hindi,arts_culture;social_interaction;health,15,25,10
1489,74401,74450,50,22,tense_prominence,2,perfect_or_anterior_tense,11,en,English,sports_recreation;workplace;travel_transport,15,25,10
1490,74451,74500,50,30,conditional_and_counterfactual_marking,3,past_counterfactual,7,es,Spanish,sports_recreation;workplace;travel_transport,15,25,10
1491,74501,74550,50,28,negation_and_polarity_structure,3,constituent_negation,9,ru,Russian,food_household;sports_recreation;workplace,15,25,10
1492,74551,74600,50,21,possession_and_alienability,1,body_part_possession,6,tr,Turkish,workplace;travel_transport;arts_culture,15,25,10
1493,74601,74650,50,14,definiteness_and_specificity,2,bare_vs_determined_noun,7,es,Spanish,family_relationships;science_technology;nature_environment,15,25,10
1494,74651,74700,50,33,discourse_relation_marking,4,temporal_sequence_relation,13,fr,French,family_relationships;science_technology;nature_environment,15,25,10
1495,74701,74750,50,15,number_marking,3,numeral_plus_number_morphology,13,ru,Russian,social_interaction;health;news_public_affairs,15,25,10
1496,74751,74800,50,29,quantifier_scope_and_distributivity,3,collective_all,13,es,Spanish,nature_environment;daily_life;education,15,25,10
1497,74801,74850,50,7,voice_and_agent_prominence,3,middle_or_reflexive_voice,5,ru,Russian,news_public_affairs;family_relationships;science_technology,15,25,10
1498,74851,74900,50,37,social_deixis_honorifics_status_encoding,1,tu_vous_or_t_v_distinction,12,ko,Korean,social_interaction;health;news_public_affairs,15,25,10
1499,74901,74950,50,22,tense_prominence,1,simple_past_present_future,9,de,German,sports_recreation;workplace;travel_transport,15,25,10
1500,74951,75000,50,24,modality_and_mood,2,subjunctive_or_irrealis,3,en,English,sports_recreation;workplace;travel_transport,15,25,10
1501,75001,75050,50,21,possession_and_alienability,4,genitive_or_possessive_marker,6,tr,Turkish,sports_recreation;workplace;travel_transport,15,25,10
1502,75051,75100,50,21,possession_and_alienability,2,kinship_possession,15,hi,Hindi,sports_recreation;workplace;travel_transport,15,25,10
1503,75101,75150,50,17,animacy_and_humanness,3,animacy_sensitive_object_marking,11,es,Spanish,health;news_public_affairs;family_relationships,15,25,10
1504,75151,75200,50,29,quantifier_scope_and_distributivity,2,distributive_each,13,es,Spanish,health;news_public_affairs;family_relationships,15,25,10
1505,75201,75250,50,23,aspect_and_event_structure,4,telic_atelic_contrast,13,en,English,nature_environment;daily_life;education,15,25,10
1506,75251,75300,50,27,mirativity_stance_and_affect_marking,3,evaluative_stance_adverbial,11,tr,Turkish,arts_culture;social_interaction;health,15,25,10
1507,75301,75350,50,6,transitivity_valency,1,intransitive_clause,7,es,Spanish,travel_transport;arts_culture;social_interaction,15,25,10
1508,75351,75400,50,8,causativity_and_valency_change,2,periphrastic_causative,6,tr,Turkish,health;news_public_affairs;family_relationships,15,25,10
1509,75401,75450,50,13,redundancy_cumulative_exponence,5,tense_plus_temporal_adverb,15,en,English,education;food_household;sports_recreation,15,25,10
1510,75451,75500,50,17,animacy_and_humanness,5,reflexive_or_reciprocal_humanness_context,14,ja,Japanese,family_relationships;science_technology;nature_environment,15,25,10
1511,75501,75550,50,28,negation_and_polarity_structure,5,negation_scope_contrast,5,tr,Turkish,travel_transport;arts_culture;social_interaction,15,25,10
1512,75551,75600,50,24,modality_and_mood,1,imperative_mood,14,de,German,sports_recreation;workplace;travel_transport,15,25,10
1513,75601,75650,50,8,causativity_and_valency_change,4,double_or_indirect_causation,5,en,English,travel_transport;arts_culture;social_interaction,15,25,10
1514,75651,75700,50,2,basic_constituent_order,1,canonical_clause_order,7,de,German,science_technology;nature_environment;daily_life,15,25,10
1515,75701,75750,50,11,agreement_indexing_density,1,subject_verb_agreement,15,tr,Turkish,education;food_household;sports_recreation,15,25,10
1516,75751,75800,50,14,definiteness_and_specificity,5,specificity_sensitive_object_marking,9,tr,Turkish,travel_transport;arts_culture;social_interaction,15,25,10
1517,75801,75850,50,25,epistemic_modality,5,epistemic_auxiliary_or_particle,2,de,German,news_public_affairs;family_relationships;science_technology,15,25,10
1518,75851,75900,50,38,speech_act_force_and_request_directness,3,declarative_hint_request,6,en,English,arts_culture;social_interaction;health,15,25,10
1519,75901,75950,50,12,optionality_vs_obligatoriness_of_marking,5,optional_particle_or_case_context,5,fr,French,sports_recreation;workplace;travel_transport,15,25,10
1520,75951,76000,50,29,quantifier_scope_and_distributivity,3,collective_all,12,de,German,education;food_household;sports_recreation,15,25,10
1521,76001,76050,50,1,subject_expression_pro_drop,1,overt_vs_null_subject,6,tr,Turkish,health;news_public_affairs;family_relationships,15,25,10
1522,76051,76100,50,10,morphological_segmentation_type,2,fusional_inflection,15,de,German,daily_life;education;food_household,15,25,10
1523,76101,76150,50,5,morphosyntactic_alignment,2,intransitive_subject_alignment,7,hi,Hindi,workplace;travel_transport;arts_culture,15,25,10
1524,76151,76200,50,36,genericity_and_kind_level_reference,5,generic_conditional_or_generalization,14,es,Spanish,education;food_household;sports_recreation,15,25,10
1525,76201,76250,50,26,evidentiality,4,direct_evidence_statement,15,es,Spanish,family_relationships;science_technology;nature_environment,15,25,10
1526,76251,76300,50,33,discourse_relation_marking,2,contrastive_relation,13,fr,French,food_household;sports_recreation;workplace,15,25,10
1527,76301,76350,50,18,person_marking_and_person_hierarchy,5,multi_person_indexing,8,hi,Hindi,education;food_household;sports_recreation,15,25,10
1528,76351,76400,50,3,nominal_modifier_order,1,adjective_head_order,11,en,English,health;news_public_affairs;family_relationships,15,25,10
1529,76401,76450,50,9,analytic_vs_synthetic_encoding,1,analytic_tense_aspect,6,en,English,news_public_affairs;family_relationships;science_technology,15,25,10
1530,76451,76500,50,34,topic_comment_structure,4,hanging_topic,4,en,English,social_interaction;health;news_public_affairs,15,25,10
1531,76501,76550,50,3,nominal_modifier_order,5,multiple_modifier_order,13,fr,French,social_interaction;health;news_public_affairs,15,25,10
1532,76551,76600,50,36,genericity_and_kind_level_reference,4,kind_denoting_reference,10,ru,Russian,travel_transport;arts_culture;social_interaction,15,25,10
1533,76601,76650,50,9,analytic_vs_synthetic_encoding,4,morphologically_bundled_case_possession,7,tr,Turkish,arts_culture;social_interaction;health,15,25,10
1534,76651,76700,50,11,agreement_indexing_density,2,rich_person_number_agreement,6,eu,Basque,family_relationships;science_technology;nature_environment,15,25,10
1535,76701,76750,50,37,social_deixis_honorifics_status_encoding,4,humble_or_deferential_form,8,fr,French,education;food_household;sports_recreation,15,25,10
1536,76751,76800,50,10,morphological_segmentation_type,4,productive_compounding,8,ru,Russian,news_public_affairs;family_relationships;science_technology,15,25,10
1537,76801,76850,50,27,mirativity_stance_and_affect_marking,3,evaluative_stance_adverbial,15,en,English,science_technology;nature_environment;daily_life,15,25,10
1538,76851,76900,50,33,discourse_relation_marking,4,temporal_sequence_relation,12,de,German,nature_environment;daily_life;education,15,25,10
1539,76901,76950,50,31,subordination_and_embedding,5,nonfinite_or_infinitival_complement,9,tr,Turkish,nature_environment;daily_life;education,15,25,10
1540,76951,77000,50,15,number_marking,5,number_agreement,15,hi,Hindi,science_technology;nature_environment;daily_life,15,25,10
1541,77001,77050,50,35,focus_and_given_new_marking,5,wh_or_answer_focus_context,6,en,English,nature_environment;daily_life;education,15,25,10
1542,77051,77100,50,15,number_marking,1,singular_plural_nominal,7,ar,Arabic,science_technology;nature_environment;daily_life,15,25,10
1543,77101,77150,50,21,possession_and_alienability,5,existential_or_predicative_possession,4,ru,Russian,science_technology;nature_environment;daily_life,15,25,10
1544,77151,77200,50,24,modality_and_mood,4,ability_or_possibility,10,tr,Turkish,family_relationships;science_technology;nature_environment,15,25,10
1545,77201,77250,50,12,optionality_vs_obligatoriness_of_marking,2,article_obligatoriness_context,1,en,English,nature_environment;daily_life;education,15,25,10
1546,77251,77300,50,14,definiteness_and_specificity,2,bare_vs_determined_noun,3,fr,French,travel_transport;arts_culture;social_interaction,15,25,10
1547,77301,77350,50,28,negation_and_polarity_structure,2,negative_concord,9,ru,Russian,science_technology;nature_environment;daily_life,15,25,10
1548,77351,77400,50,32,quotation_and_reported_speech_structure,1,direct_quotation,14,de,German,workplace;travel_transport;arts_culture,15,25,10
1549,77401,77450,50,28,negation_and_polarity_structure,4,negative_polarity_item_context,6,en,English,nature_environment;daily_life;education,15,25,10
1550,77451,77500,50,28,negation_and_polarity_structure,4,negative_polarity_item_context,9,ru,Russian,arts_culture;social_interaction;health,15,25,10
1551,77501,77550,50,21,possession_and_alienability,3,owned_object_possession,2,fr,French,social_interaction;health;news_public_affairs,15,25,10
1552,77551,77600,50,30,conditional_and_counterfactual_marking,4,inverted_or_markerless_conditional,6,en,English,news_public_affairs;family_relationships;science_technology,15,25,10
1553,77601,77650,50,20,pronoun_richness_and_reduction,1,overt_full_pronoun,2,it,Italian,social_interaction;health;news_public_affairs,15,25,10
1554,77651,77700,50,36,genericity_and_kind_level_reference,2,singular_generic,8,fr,French,education;food_household;sports_recreation,15,25,10
1555,77701,77750,50,35,focus_and_given_new_marking,3,fronted_or_marked_focus,1,en,English,education;food_household;sports_recreation,15,25,10
1556,77751,77800,50,15,number_marking,2,dual_number,2,ar,Arabic,nature_environment;daily_life;education,15,25,10
1557,77801,77850,50,15,number_marking,1,singular_plural_nominal,13,ru,Russian,nature_environment;daily_life;education,15,25,10
1558,77851,77900,50,23,aspect_and_event_structure,2,perfective_completed_event,1,ru,Russian,food_household;sports_recreation;workplace,15,25,10
1559,77901,77950,50,5,morphosyntactic_alignment,3,ergative_perfective_alignment,3,ur,Urdu,sports_recreation;workplace;travel_transport,15,25,10
1560,77951,78000,50,4,case_marking,4,locative_ablative_or_instrumental,12,fi,Finnish,family_relationships;science_technology;nature_environment,15,25,10
1561,78001,78050,50,27,mirativity_stance_and_affect_marking,1,mirative_particle_or_form,1,tr,Turkish,travel_transport;arts_culture;social_interaction,15,25,10
1562,78051,78100,50,11,agreement_indexing_density,2,rich_person_number_agreement,10,tr,Turkish,food_household;sports_recreation;workplace,15,25,10
1563,78101,78150,50,1,subject_expression_pro_drop,3,coordinated_subject_omission,13,it,Italian,food_household;sports_recreation;workplace,15,25,10
1564,78151,78200,50,17,animacy_and_humanness,5,reflexive_or_reciprocal_humanness_context,5,tr,Turkish,food_household;sports_recreation;workplace,15,25,10
1565,78201,78250,50,10,morphological_segmentation_type,3,clitic_sequence,9,es,Spanish,sports_recreation;workplace;travel_transport,15,25,10
1566,78251,78300,50,26,evidentiality,2,grammatical_inferential,15,es,Spanish,food_household;sports_recreation;workplace,15,25,10
1567,78301,78350,50,11,agreement_indexing_density,4,multiple_agreement_targets,5,tr,Turkish,social_interaction;health;news_public_affairs,15,25,10
1568,78351,78400,50,27,mirativity_stance_and_affect_marking,3,evaluative_stance_adverbial,9,es,Spanish,family_relationships;science_technology;nature_environment,15,25,10
1569,78401,78450,50,14,definiteness_and_specificity,2,bare_vs_determined_noun,14,tr,Turkish,news_public_affairs;family_relationships;science_technology,15,25,10
1570,78451,78500,50,28,negation_and_polarity_structure,4,negative_polarity_item_context,8,fr,French,health;news_public_affairs;family_relationships,15,25,10
1571,78501,78550,50,18,person_marking_and_person_hierarchy,1,first_second_third_person_agreement,13,hi,Hindi,education;food_household;sports_recreation,15,25,10
1572,78551,78600,50,6,transitivity_valency,4,ambitransitive_alternation,6,en,English,arts_culture;social_interaction;health,15,25,10
1573,78601,78650,50,20,pronoun_richness_and_reduction,1,overt_full_pronoun,9,tr,Turkish,arts_culture;social_interaction;health,15,25,10
1574,78651,78700,50,23,aspect_and_event_structure,4,telic_atelic_contrast,4,tr,Turkish,workplace;travel_transport;arts_culture,15,25,10
1575,78701,78750,50,39,deixis_and_perspective_anchoring,2,here_there_spatial_deixis,6,en,English,social_interaction;health;news_public_affairs,15,25,10
1576,78751,78800,50,14,definiteness_and_specificity,3,demonstrative_definiteness,3,fr,French,news_public_affairs;family_relationships;science_technology,15,25,10
1577,78801,78850,50,30,conditional_and_counterfactual_marking,1,real_conditional,6,en,English,family_relationships;science_technology;nature_environment,15,25,10
1578,78851,78900,50,9,analytic_vs_synthetic_encoding,3,periphrastic_modality,13,de,German,sports_recreation;workplace;travel_transport,15,25,10
1579,78901,78950,50,20,pronoun_richness_and_reduction,3,clitic_pronoun,7,it,Italian,travel_transport;arts_culture;social_interaction,15,25,10
1580,78951,79000,50,22,tense_prominence,3,sequence_of_tense,3,fr,French,family_relationships;science_technology;nature_environment,15,25,10
1581,79001,79050,50,22,tense_prominence,4,future_marking,3,fr,French,education;food_household;sports_recreation,15,25,10
1582,79051,79100,50,10,morphological_segmentation_type,1,agglutinative_multi_affix_word,6,tr,Turkish,education;food_household;sports_recreation,15,25,10
1583,79101,79150,50,6,transitivity_valency,4,ambitransitive_alternation,14,de,German,sports_recreation;workplace;travel_transport,15,25,10
1584,79151,79200,50,34,topic_comment_structure,4,hanging_topic,5,fr,French,travel_transport;arts_culture;social_interaction,15,25,10
1585,79201,79250,50,32,quotation_and_reported_speech_structure,2,indirect_report,1,en,English,health;news_public_affairs;family_relationships,15,25,10
1586,79251,79300,50,15,number_marking,5,number_agreement,10,hi,Hindi,health;news_public_affairs;family_relationships,15,25,10
1587,79301,79350,50,21,possession_and_alienability,4,genitive_or_possessive_marker,14,ru,Russian,daily_life;education;food_household,15,25,10
1588,79351,79400,50,28,negation_and_polarity_structure,2,negative_concord,14,ru,Russian,education;food_household;sports_recreation,15,25,10
1589,79401,79450,50,40,orthographic_and_tokenization_interface,3,script_specific_word_segmentation,6,en,English,sports_recreation;workplace;travel_transport,15,25,10
1590,79451,79500,50,36,genericity_and_kind_level_reference,3,habitual_generic,15,ru,Russian,workplace;travel_transport;arts_culture,15,25,10
1591,79501,79550,50,28,negation_and_polarity_structure,3,constituent_negation,13,fr,French,social_interaction;health;news_public_affairs,15,25,10
1592,79551,79600,50,38,speech_act_force_and_request_directness,2,interrogative_request,9,fr,French,news_public_affairs;family_relationships;science_technology,15,25,10
1593,79601,79650,50,25,epistemic_modality,2,probability_statement,15,tr,Turkish,family_relationships;science_technology;nature_environment,15,25,10
1594,79651,79700,50,24,modality_and_mood,2,subjunctive_or_irrealis,8,en,English,arts_culture;social_interaction;health,15,25,10
1595,79701,79750,50,18,person_marking_and_person_hierarchy,4,person_sensitive_argument_marking,9,eu,Basque,health;news_public_affairs;family_relationships,15,25,10
1596,79751,79800,50,20,pronoun_richness_and_reduction,1,overt_full_pronoun,8,fr,French,health;news_public_affairs;family_relationships,15,25,10
1597,79801,79850,50,12,optionality_vs_obligatoriness_of_marking,1,optional_subject_expression,5,fr,French,daily_life;education;food_household,15,25,10
1598,79851,79900,50,20,pronoun_richness_and_reduction,2,null_or_reduced_pronoun,15,en,English,science_technology;nature_environment;daily_life,15,25,10
1599,79901,79950,50,28,negation_and_polarity_structure,3,constituent_negation,4,ru,Russian,nature_environment;daily_life;education,15,25,10
1600,79951,80000,50,38,speech_act_force_and_request_directness,1,direct_imperative_request,6,en,English,science_technology;nature_environment;daily_life,15,25,10
1601,80001,80050,50,22,tense_prominence,4,future_marking,15,tr,Turkish,sports_recreation;workplace;travel_transport,15,25,10
1602,80051,80100,50,33,discourse_relation_marking,5,consequence_or_result_relation,7,de,German,daily_life;education;food_household,15,25,10
1603,80101,80150,50,14,definiteness_and_specificity,2,bare_vs_determined_noun,9,tr,Turkish,arts_culture;social_interaction;health,15,25,10
1604,80151,80200,50,14,definiteness_and_specificity,3,demonstrative_definiteness,5,ar,Arabic,travel_transport;arts_culture;social_interaction,15,25,10
1605,80201,80250,50,11,agreement_indexing_density,1,subject_verb_agreement,14,ar,Arabic,sports_recreation;workplace;travel_transport,15,25,10
1606,80251,80300,50,27,mirativity_stance_and_affect_marking,5,unexpected_discovery_context,9,es,Spanish,travel_transport;arts_culture;social_interaction,15,25,10
1607,80301,80350,50,39,deixis_and_perspective_anchoring,1,proximal_distal_demonstrative,3,es,Spanish,news_public_affairs;family_relationships;science_technology,15,25,10
1608,80351,80400,50,1,subject_expression_pro_drop,3,coordinated_subject_omission,8,it,Italian,nature_environment;daily_life;education,15,25,10
1609,80401,80450,50,16,gender_noun_class,2,article_gender_agreement,11,fr,French,nature_environment;daily_life;education,15,25,10
1610,80451,80500,50,16,gender_noun_class,1,adjective_gender_agreement,13,ru,Russian,workplace;travel_transport;arts_culture,15,25,10
1611,80501,80550,50,37,social_deixis_honorifics_status_encoding,1,tu_vous_or_t_v_distinction,1,ja,Japanese,sports_recreation;workplace;travel_transport,15,25,10
1612,80551,80600,50,18,person_marking_and_person_hierarchy,3,local_vs_nonlocal_participants,11,es,Spanish,daily_life;education;food_household,15,25,10
1613,80601,80650,50,33,discourse_relation_marking,2,contrastive_relation,3,fr,French,news_public_affairs;family_relationships;science_technology,15,25,10
1614,80651,80700,50,37,social_deixis_honorifics_status_encoding,3,honorific_verb_or_morphology,3,fr,French,social_interaction;health;news_public_affairs,15,25,10
1615,80701,80750,50,11,agreement_indexing_density,1,subject_verb_agreement,9,ar,Arabic,daily_life;education;food_household,15,25,10
1616,80751,80800,50,32,quotation_and_reported_speech_structure,2,indirect_report,10,es,Spanish,sports_recreation;workplace;travel_transport,15,25,10
1617,80801,80850,50,17,animacy_and_humanness,4,animacy_sensitive_case_or_order,4,ja,Japanese,daily_life;education;food_household,15,25,10
1618,80851,80900,50,6,transitivity_valency,1,intransitive_clause,11,en,English,family_relationships;science_technology;nature_environment,15,25,10
1619,80901,80950,50,38,speech_act_force_and_request_directness,2,interrogative_request,3,es,Spanish,health;news_public_affairs;family_relationships,15,25,10
1620,80951,81000,50,32,quotation_and_reported_speech_structure,1,direct_quotation,1,en,English,workplace;travel_transport;arts_culture,15,25,10
1621,81001,81050,50,29,quantifier_scope_and_distributivity,5,numeral_or_indefinite_distributivity,12,de,German,news_public_affairs;family_relationships;science_technology,15,25,10
1622,81051,81100,50,21,possession_and_alienability,4,genitive_or_possessive_marker,12,fr,French,workplace;travel_transport;arts_culture,15,25,10
1623,81101,81150,50,22,tense_prominence,2,perfect_or_anterior_tense,8,fr,French,news_public_affairs;family_relationships;science_technology,15,25,10
1624,81151,81200,50,5,morphosyntactic_alignment,4,experiencer_or_dative_subject,3,ur,Urdu,social_interaction;health;news_public_affairs,15,25,10
1625,81201,81250,50,19,inclusive_exclusive_distinction,1,inclusive_we_reference,5,ta,Tamil,news_public_affairs;family_relationships;science_technology,15,25,10
1626,81251,81300,50,3,nominal_modifier_order,3,numeral_head_order,4,ar,Arabic,workplace;travel_transport;arts_culture,15,25,10
1627,81301,81350,50,6,transitivity_valency,3,ditransitive_clause,6,en,English,food_household;sports_recreation;workplace,15,25,10
1628,81351,81400,50,31,subordination_and_embedding,1,finite_complement_clause,13,es,Spanish,education;food_household;sports_recreation,15,25,10
1629,81401,81450,50,31,subordination_and_embedding,5,nonfinite_or_infinitival_complement,12,de,German,arts_culture;social_interaction;health,15,25,10
1630,81451,81500,50,6,transitivity_valency,1,intransitive_clause,4,de,German,science_technology;nature_environment;daily_life,15,25,10
1631,81501,81550,50,7,voice_and_agent_prominence,3,middle_or_reflexive_voice,12,de,German,health;news_public_affairs;family_relationships,15,25,10
1632,81551,81600,50,13,redundancy_cumulative_exponence,4,negative_concord,5,en,English,workplace;travel_transport;arts_culture,15,25,10
1633,81601,81650,50,14,definiteness_and_specificity,1,definite_indefinite_article,6,en,English,health;news_public_affairs;family_relationships,15,25,10
1634,81651,81700,50,8,causativity_and_valency_change,5,permissive_causation,7,ja,Japanese,travel_transport;arts_culture;social_interaction,15,25,10
1635,81701,81750,50,39,deixis_and_perspective_anchoring,5,perspective_shift_in_report_or_narration,4,tr,Turkish,family_relationships;science_technology;nature_environment,15,25,10
1636,81751,81800,50,28,negation_and_polarity_structure,3,constituent_negation,1,en,English,travel_transport;arts_culture;social_interaction,15,25,10
1637,81801,81850,50,16,gender_noun_class,1,adjective_gender_agreement,3,ru,Russian,science_technology;nature_environment;daily_life,15,25,10
1638,81851,81900,50,9,analytic_vs_synthetic_encoding,4,morphologically_bundled_case_possession,3,de,German,education;food_household;sports_recreation,15,25,10
1639,81901,81950,50,12,optionality_vs_obligatoriness_of_marking,1,optional_subject_expression,1,en,English,health;news_public_affairs;family_relationships,15,25,10
1640,81951,82000,50,10,morphological_segmentation_type,2,fusional_inflection,10,de,German,family_relationships;science_technology;nature_environment,15,25,10
1641,82001,82050,50,27,mirativity_stance_and_affect_marking,3,evaluative_stance_adverbial,10,en,English,health;news_public_affairs;family_relationships,15,25,10
1642,82051,82100,50,3,nominal_modifier_order,5,multiple_modifier_order,11,en,English,science_technology;nature_environment;daily_life,15,25,10
1643,82101,82150,50,27,mirativity_stance_and_affect_marking,4,stance_particle,15,en,English,food_household;sports_recreation;workplace,15,25,10
1644,82151,82200,50,35,focus_and_given_new_marking,1,cleft_focus,14,de,German,arts_culture;social_interaction;health,15,25,10
1645,82201,82250,50,37,social_deixis_honorifics_status_encoding,2,honorific_title_or_address,8,fr,French,arts_culture;social_interaction;health,15,25,10
1646,82251,82300,50,5,morphosyntactic_alignment,4,experiencer_or_dative_subject,9,tr,Turkish,health;news_public_affairs;family_relationships,15,25,10
1647,82301,82350,50,5,morphosyntactic_alignment,2,intransitive_subject_alignment,8,ur,Urdu,food_household;sports_recreation;workplace,15,25,10
1648,82351,82400,50,35,focus_and_given_new_marking,1,cleft_focus,5,ja,Japanese,science_technology;nature_environment;daily_life,15,25,10
1649,82401,82450,50,9,analytic_vs_synthetic_encoding,4,morphologically_bundled_case_possession,10,fi,Finnish,daily_life;education;food_household,15,25,10
1650,82451,82500,50,23,aspect_and_event_structure,3,habitual_aspect,10,bg,Bulgarian,education;food_household;sports_recreation,15,25,10
1651,82501,82550,50,34,topic_comment_structure,1,topic_particle,3,zh,Chinese,family_relationships;science_technology;nature_environment,15,25,10
1652,82551,82600,50,4,case_marking,1,accusative_object_marking,14,de,German,social_interaction;health;news_public_affairs,15,25,10
1653,82601,82650,50,6,transitivity_valency,4,ambitransitive_alternation,13,tr,Turkish,travel_transport;arts_culture;social_interaction,15,25,10
1654,82651,82700,50,8,causativity_and_valency_change,5,permissive_causation,8,ko,Korean,sports_recreation;workplace;travel_transport,15,25,10
1655,82701,82750,50,13,redundancy_cumulative_exponence,4,negative_concord,11,es,Spanish,travel_transport;arts_culture;social_interaction,15,25,10
1656,82751,82800,50,30,conditional_and_counterfactual_marking,1,real_conditional,13,fr,French,news_public_affairs;family_relationships;science_technology,15,25,10
1657,82801,82850,50,1,subject_expression_pro_drop,1,overt_vs_null_subject,10,ja,Japanese,daily_life;education;food_household,15,25,10
1658,82851,82900,50,9,analytic_vs_synthetic_encoding,5,agglutinative_multi_feature_word,1,en,English,news_public_affairs;family_relationships;science_technology,15,25,10
1659,82901,82950,50,5,morphosyntactic_alignment,5,alignment_under_voice_change,15,ru,Russian,daily_life;education;food_household,15,25,10
1660,82951,83000,50,19,inclusive_exclusive_distinction,2,exclusive_we_reference,9,te,Telugu,travel_transport;arts_culture;social_interaction,15,25,10
1661,83001,83050,50,6,transitivity_valency,4,ambitransitive_alternation,4,de,German,family_relationships;science_technology;nature_environment,15,25,10
1662,83051,83100,50,14,definiteness_and_specificity,5,specificity_sensitive_object_marking,8,fr,French,social_interaction;health;news_public_affairs,15,25,10
1663,83101,83150,50,18,person_marking_and_person_hierarchy,4,person_sensitive_argument_marking,2,tr,Turkish,news_public_affairs;family_relationships;science_technology,15,25,10
1664,83151,83200,50,34,topic_comment_structure,2,left_dislocation,10,fr,French,daily_life;education;food_household,15,25,10
1665,83201,83250,50,21,possession_and_alienability,4,genitive_or_possessive_marker,7,fr,French,education;food_household;sports_recreation,15,25,10
1666,83251,83300,50,40,orthographic_and_tokenization_interface,1,hyphenation_or_compound_orthography,5,zh,Chinese,family_relationships;science_technology;nature_environment,15,25,10
1667,83301,83350,50,19,inclusive_exclusive_distinction,5,inclusive_exclusive_planning_or_command_context,6,te,Telugu,family_relationships;science_technology;nature_environment,15,25,10
1668,83351,83400,50,21,possession_and_alienability,5,existential_or_predicative_possession,9,ru,Russian,education;food_household;sports_recreation,15,25,10
1669,83401,83450,50,9,analytic_vs_synthetic_encoding,1,analytic_tense_aspect,14,es,Spanish,arts_culture;social_interaction;health,15,25,10
1670,83451,83500,50,16,gender_noun_class,1,adjective_gender_agreement,5,hi,Hindi,social_interaction;health;news_public_affairs,15,25,10
1671,83501,83550,50,15,number_marking,2,dual_number,4,tr,Turkish,health;news_public_affairs;family_relationships,15,25,10
1672,83551,83600,50,33,discourse_relation_marking,1,causal_relation,3,fr,French,travel_transport;arts_culture;social_interaction,15,25,10
1673,83601,83650,50,18,person_marking_and_person_hierarchy,3,local_vs_nonlocal_participants,2,tr,Turkish,travel_transport;arts_culture;social_interaction,15,25,10
1674,83651,83700,50,12,optionality_vs_obligatoriness_of_marking,5,optional_particle_or_case_context,3,tr,Turkish,social_interaction;health;news_public_affairs,15,25,10
1675,83701,83750,50,33,discourse_relation_marking,1,causal_relation,14,es,Spanish,news_public_affairs;family_relationships;science_technology,15,25,10
1676,83751,83800,50,1,subject_expression_pro_drop,3,coordinated_subject_omission,14,pt,Portuguese,daily_life;education;food_household,15,25,10
1677,83801,83850,50,21,possession_and_alienability,2,kinship_possession,4,ru,Russian,nature_environment;daily_life;education,15,25,10
1678,83851,83900,50,18,person_marking_and_person_hierarchy,2,clitic_person_marking,5,fr,French,health;news_public_affairs;family_relationships,15,25,10
1679,83901,83950,50,2,basic_constituent_order,2,object_fronting,3,tr,Turkish,family_relationships;science_technology;nature_environment,15,25,10
1680,83951,84000,50,8,causativity_and_valency_change,4,double_or_indirect_causation,7,ja,Japanese,education;food_household;sports_recreation,15,25,10
1681,84001,84050,50,28,negation_and_polarity_structure,5,negation_scope_contrast,8,fr,French,nature_environment;daily_life;education,15,25,10
1682,84051,84100,50,40,orthographic_and_tokenization_interface,1,hyphenation_or_compound_orthography,12,de,German,news_public_affairs;family_relationships;science_technology,15,25,10
1683,84101,84150,50,7,voice_and_agent_prominence,3,middle_or_reflexive_voice,10,ru,Russian,nature_environment;daily_life;education,15,25,10
1684,84151,84200,50,16,gender_noun_class,3,pronoun_gender_agreement,5,hi,Hindi,food_household;sports_recreation;workplace,15,25,10
1685,84201,84250,50,33,discourse_relation_marking,5,consequence_or_result_relation,2,de,German,family_relationships;science_technology;nature_environment,15,25,10
1686,84251,84300,50,10,morphological_segmentation_type,1,agglutinative_multi_affix_word,9,es,Spanish,health;news_public_affairs;family_relationships,15,25,10
1687,84301,84350,50,14,definiteness_and_specificity,4,specific_indefinite_reference,15,ar,Arabic,food_household;sports_recreation;workplace,15,25,10
1688,84351,84400,50,34,topic_comment_structure,1,topic_particle,8,zh,Chinese,daily_life;education;food_household,15,25,10
1689,84401,84450,50,2,basic_constituent_order,2,object_fronting,4,ar,Arabic,health;news_public_affairs;family_relationships,15,25,10
1690,84451,84500,50,36,genericity_and_kind_level_reference,1,bare_plural_generic,14,es,Spanish,science_technology;nature_environment;daily_life,15,25,10
1691,84501,84550,50,20,pronoun_richness_and_reduction,2,null_or_reduced_pronoun,13,fr,French,food_household;sports_recreation;workplace,15,25,10
1692,84551,84600,50,15,number_marking,2,dual_number,14,tr,Turkish,education;food_household;sports_recreation,15,25,10
1693,84601,84650,50,18,person_marking_and_person_hierarchy,2,clitic_person_marking,12,tr,Turkish,social_interaction;health;news_public_affairs,15,25,10
1694,84651,84700,50,6,transitivity_valency,3,ditransitive_clause,4,de,German,arts_culture;social_interaction;health,15,25,10
1695,84701,84750,50,27,mirativity_stance_and_affect_marking,5,unexpected_discovery_context,15,en,English,arts_culture;social_interaction;health,15,25,10
1696,84751,84800,50,25,epistemic_modality,1,possibility_statement,13,fr,French,family_relationships;science_technology;nature_environment,15,25,10
1697,84801,84850,50,4,case_marking,3,genitive_possession,7,fi,Finnish,sports_recreation;workplace;travel_transport,15,25,10
1698,84851,84900,50,16,gender_noun_class,5,gender_assignment_across_nouns,1,fr,French,travel_transport;arts_culture;social_interaction,15,25,10
1699,84901,84950,50,3,nominal_modifier_order,3,numeral_head_order,1,en,English,family_relationships;science_technology;nature_environment,15,25,10
1700,84951,85000,50,25,epistemic_modality,3,inferential_epistemic,8,fr,French,food_household;sports_recreation;workplace,15,25,10
1701,85001,85050,50,38,speech_act_force_and_request_directness,4,performative_request,11,en,English,daily_life;education;food_household,15,25,10
1702,85051,85100,50,1,subject_expression_pro_drop,3,coordinated_subject_omission,11,tr,Turkish,arts_culture;social_interaction;health,15,25,10
1703,85101,85150,50,3,nominal_modifier_order,1,adjective_head_order,14,ar,Arabic,food_household;sports_recreation;workplace,15,25,10
1704,85151,85200,50,4,case_marking,3,genitive_possession,14,de,German,food_household;sports_recreation;workplace,15,25,10
1705,85201,85250,50,31,subordination_and_embedding,4,nested_embedding,2,de,German,news_public_affairs;family_relationships;science_technology,15,25,10
1706,85251,85300,50,24,modality_and_mood,2,subjunctive_or_irrealis,11,es,Spanish,daily_life;education;food_household,15,25,10
1707,85301,85350,50,38,speech_act_force_and_request_directness,4,performative_request,5,ja,Japanese,nature_environment;daily_life;education,15,25,10
1708,85351,85400,50,27,mirativity_stance_and_affect_marking,2,exclamative_surprise,7,ja,Japanese,family_relationships;science_technology;nature_environment,15,25,10
1709,85401,85450,50,15,number_marking,3,numeral_plus_number_morphology,2,ar,Arabic,sports_recreation;workplace;travel_transport,15,25,10
1710,85451,85500,50,18,person_marking_and_person_hierarchy,2,clitic_person_marking,11,es,Spanish,news_public_affairs;family_relationships;science_technology,15,25,10
1711,85501,85550,50,40,orthographic_and_tokenization_interface,3,script_specific_word_segmentation,2,de,German,science_technology;nature_environment;daily_life,15,25,10
1712,85551,85600,50,31,subordination_and_embedding,5,nonfinite_or_infinitival_complement,14,tr,Turkish,food_household;sports_recreation;workplace,15,25,10
1713,85601,85650,50,6,transitivity_valency,2,monotransitive_clause,1,en,English,health;news_public_affairs;family_relationships,15,25,10
1714,85651,85700,50,15,number_marking,2,dual_number,1,en,English,education;food_household;sports_recreation,15,25,10
1715,85701,85750,50,29,quantifier_scope_and_distributivity,1,universal_existential_scope,11,en,English,health;news_public_affairs;family_relationships,15,25,10
1716,85751,85800,50,1,subject_expression_pro_drop,5,agreement_supported_null_subject,14,pt,Portuguese,health;news_public_affairs;family_relationships,15,25,10
1717,85801,85850,50,13,redundancy_cumulative_exponence,2,case_plus_adposition,15,en,English,food_household;sports_recreation;workplace,15,25,10
1718,85851,85900,50,39,deixis_and_perspective_anchoring,1,proximal_distal_demonstrative,7,ja,Japanese,education;food_household;sports_recreation,15,25,10
1719,85901,85950,50,39,deixis_and_perspective_anchoring,3,come_go_motion_perspective,3,es,Spanish,workplace;travel_transport;arts_culture,15,25,10
1720,85951,86000,50,30,conditional_and_counterfactual_marking,3,past_counterfactual,14,de,German,food_household;sports_recreation;workplace,15,25,10
1721,86001,86050,50,7,voice_and_agent_prominence,2,agentless_passive,14,tr,Turkish,daily_life;education;food_household,15,25,10
1722,86051,86100,50,8,causativity_and_valency_change,1,morphological_causative,14,hi,Hindi,education;food_household;sports_recreation,15,25,10
1723,86101,86150,50,3,nominal_modifier_order,2,possessor_head_order,5,tr,Turkish,science_technology;nature_environment;daily_life,15,25,10
1724,86151,86200,50,13,redundancy_cumulative_exponence,3,gender_number_across_phrase,13,fr,French,family_relationships;science_technology;nature_environment,15,25,10
1725,86201,86250,50,8,causativity_and_valency_change,3,lexical_causative,2,ja,Japanese,social_interaction;health;news_public_affairs,15,25,10
1726,86251,86300,50,22,tense_prominence,4,future_marking,5,tr,Turkish,family_relationships;science_technology;nature_environment,15,25,10
1727,86301,86350,50,37,social_deixis_honorifics_status_encoding,4,humble_or_deferential_form,7,ko,Korean,sports_recreation;workplace;travel_transport,15,25,10
1728,86351,86400,50,5,morphosyntactic_alignment,1,transitive_agent_patient_alignment,5,ru,Russian,workplace;travel_transport;arts_culture,15,25,10
1729,86401,86450,50,10,morphological_segmentation_type,4,productive_compounding,11,tr,Turkish,sports_recreation;workplace;travel_transport,15,25,10
1730,86451,86500,50,1,subject_expression_pro_drop,4,contrastive_overt_pronoun,7,es,Spanish,travel_transport;arts_culture;social_interaction,15,25,10
1731,86501,86550,50,6,transitivity_valency,3,ditransitive_clause,2,es,Spanish,family_relationships;science_technology;nature_environment,15,25,10
1732,86551,86600,50,27,mirativity_stance_and_affect_marking,5,unexpected_discovery_context,4,es,Spanish,food_household;sports_recreation;workplace,15,25,10
1733,86601,86650,50,25,epistemic_modality,4,certainty_or_high_commitment,6,en,English,family_relationships;science_technology;nature_environment,15,25,10
1734,86651,86700,50,7,voice_and_agent_prominence,1,active_passive_alternation,5,ru,Russian,education;food_household;sports_recreation,15,25,10
1735,86701,86750,50,33,discourse_relation_marking,3,concessive_relation,14,es,Spanish,workplace;travel_transport;arts_culture,15,25,10
1736,86751,86800,50,12,optionality_vs_obligatoriness_of_marking,2,article_obligatoriness_context,5,fr,French,workplace;travel_transport;arts_culture,15,25,10
1737,86801,86850,50,39,deixis_and_perspective_anchoring,5,perspective_shift_in_report_or_narration,1,en,English,sports_recreation;workplace;travel_transport,15,25,10
1738,86851,86900,50,26,evidentiality,4,direct_evidence_statement,5,es,Spanish,workplace;travel_transport;arts_culture,15,25,10
1739,86901,86950,50,5,morphosyntactic_alignment,3,ergative_perfective_alignment,7,hi,Hindi,health;news_public_affairs;family_relationships,15,25,10
1740,86951,87000,50,22,tense_prominence,1,simple_past_present_future,5,tr,Turkish,science_technology;nature_environment;daily_life,15,25,10
1741,87001,87050,50,30,conditional_and_counterfactual_marking,2,hypothetical_conditional,12,es,Spanish,food_household;sports_recreation;workplace,15,25,10
1742,87051,87100,50,20,pronoun_richness_and_reduction,3,clitic_pronoun,15,en,English,food_household;sports_recreation;workplace,15,25,10
1743,87101,87150,50,32,quotation_and_reported_speech_structure,4,reported_question,4,de,German,family_relationships;science_technology;nature_environment,15,25,10
1744,87151,87200,50,16,gender_noun_class,2,article_gender_agreement,5,hi,Hindi,science_technology;nature_environment;daily_life,15,25,10
1745,87201,87250,50,21,possession_and_alienability,1,body_part_possession,14,ru,Russian,education;food_household;sports_recreation,15,25,10
1746,87251,87300,50,24,modality_and_mood,3,deontic_obligation,11,es,Spanish,workplace;travel_transport;arts_culture,15,25,10
1747,87301,87350,50,12,optionality_vs_obligatoriness_of_marking,1,optional_subject_expression,8,tr,Turkish,social_interaction;health;news_public_affairs,15,25,10
1748,87351,87400,50,3,nominal_modifier_order,2,possessor_head_order,2,es,Spanish,workplace;travel_transport;arts_culture,15,25,10
1749,87401,87450,50,34,topic_comment_structure,3,marked_topicalization,4,en,English,sports_recreation;workplace;travel_transport,15,25,10
1750,87451,87500,50,34,topic_comment_structure,2,left_dislocation,8,zh,Chinese,workplace;travel_transport;arts_culture,15,25,10
1751,87501,87550,50,40,orthographic_and_tokenization_interface,3,script_specific_word_segmentation,9,tr,Turkish,family_relationships;science_technology;nature_environment,15,25,10
1752,87551,87600,50,27,mirativity_stance_and_affect_marking,4,stance_particle,12,ja,Japanese,health;news_public_affairs;family_relationships,15,25,10
1753,87601,87650,50,26,evidentiality,4,direct_evidence_statement,7,bg,Bulgarian,daily_life;education;food_household,15,25,10
1754,87651,87700,50,21,possession_and_alienability,5,existential_or_predicative_possession,2,fr,French,food_household;sports_recreation;workplace,15,25,10
1755,87701,87750,50,7,voice_and_agent_prominence,4,impersonal_passive,2,de,German,arts_culture;social_interaction;health,15,25,10
1756,87751,87800,50,13,redundancy_cumulative_exponence,2,case_plus_adposition,9,tr,Turkish,education;food_household;sports_recreation,15,25,10
1757,87801,87850,50,24,modality_and_mood,3,deontic_obligation,14,de,German,science_technology;nature_environment;daily_life,15,25,10
1758,87851,87900,50,34,topic_comment_structure,3,marked_topicalization,15,fr,French,social_interaction;health;news_public_affairs,15,25,10
1759,87901,87950,50,10,morphological_segmentation_type,4,productive_compounding,12,fi,Finnish,education;food_household;sports_recreation,15,25,10
1760,87951,88000,50,17,animacy_and_humanness,4,animacy_sensitive_case_or_order,12,ru,Russian,family_relationships;science_technology;nature_environment,15,25,10
1761,88001,88050,50,34,topic_comment_structure,5,contrastive_topic,1,ja,Japanese,workplace;travel_transport;arts_culture,15,25,10
1762,88051,88100,50,20,pronoun_richness_and_reduction,1,overt_full_pronoun,10,en,English,workplace;travel_transport;arts_culture,15,25,10
1763,88101,88150,50,4,case_marking,4,locative_ablative_or_instrumental,1,tr,Turkish,arts_culture;social_interaction;health,15,25,10
1764,88151,88200,50,33,discourse_relation_marking,4,temporal_sequence_relation,5,tr,Turkish,daily_life;education;food_household,15,25,10
1765,88201,88250,50,12,optionality_vs_obligatoriness_of_marking,1,optional_subject_expression,13,tr,Turkish,family_relationships;science_technology;nature_environment,15,25,10
1766,88251,88300,50,8,causativity_and_valency_change,4,double_or_indirect_causation,8,ko,Korean,nature_environment;daily_life;education,15,25,10
1767,88301,88350,50,39,deixis_and_perspective_anchoring,5,perspective_shift_in_report_or_narration,9,tr,Turkish,daily_life;education;food_household,15,25,10
1768,88351,88400,50,25,epistemic_modality,5,epistemic_auxiliary_or_particle,14,es,Spanish,science_technology;nature_environment;daily_life,15,25,10
1769,88401,88450,50,15,number_marking,4,collective_or_group_reference,2,ar,Arabic,social_interaction;health;news_public_affairs,15,25,10
1770,88451,88500,50,37,social_deixis_honorifics_status_encoding,1,tu_vous_or_t_v_distinction,8,fr,French,food_household;sports_recreation;workplace,15,25,10
1771,88501,88550,50,11,agreement_indexing_density,4,multiple_agreement_targets,6,eu,Basque,travel_transport;arts_culture;social_interaction,15,25,10
1772,88551,88600,50,37,social_deixis_honorifics_status_encoding,1,tu_vous_or_t_v_distinction,11,ja,Japanese,news_public_affairs;family_relationships;science_technology,15,25,10
1773,88601,88650,50,31,subordination_and_embedding,2,relative_clause,6,en,English,arts_culture;social_interaction;health,15,25,10
1774,88651,88700,50,39,deixis_and_perspective_anchoring,4,temporal_deixis,5,zh,Chinese,workplace;travel_transport;arts_culture,15,25,10
1775,88701,88750,50,3,nominal_modifier_order,3,numeral_head_order,12,es,Spanish,education;food_household;sports_recreation,15,25,10
1776,88751,88800,50,4,case_marking,4,locative_ablative_or_instrumental,13,ru,Russian,health;news_public_affairs;family_relationships,15,25,10
1777,88801,88850,50,21,possession_and_alienability,1,body_part_possession,13,es,Spanish,sports_recreation;workplace;travel_transport,15,25,10
1778,88851,88900,50,2,basic_constituent_order,1,canonical_clause_order,5,ja,Japanese,food_household;sports_recreation;workplace,15,25,10
1779,88901,88950,50,9,analytic_vs_synthetic_encoding,1,analytic_tense_aspect,2,tr,Turkish,workplace;travel_transport;arts_culture,15,25,10
1780,88951,89000,50,40,orthographic_and_tokenization_interface,1,hyphenation_or_compound_orthography,1,en,English,travel_transport;arts_culture;social_interaction,15,25,10
1781,89001,89050,50,38,speech_act_force_and_request_directness,4,performative_request,8,es,Spanish,arts_culture;social_interaction;health,15,25,10
1782,89051,89100,50,14,definiteness_and_specificity,5,specificity_sensitive_object_marking,4,tr,Turkish,food_household;sports_recreation;workplace,15,25,10
1783,89101,89150,50,17,animacy_and_humanness,3,animacy_sensitive_object_marking,2,ru,Russian,daily_life;education;food_household,15,25,10
1784,89151,89200,50,26,evidentiality,3,lexical_reportative,5,es,Spanish,daily_life;education;food_household,15,25,10
1785,89201,89250,50,8,causativity_and_valency_change,2,periphrastic_causative,8,ko,Korean,workplace;travel_transport;arts_culture,15,25,10
1786,89251,89300,50,13,redundancy_cumulative_exponence,2,case_plus_adposition,1,es,Spanish,workplace;travel_transport;arts_culture,15,25,10
1787,89301,89350,50,6,transitivity_valency,5,valency_reduction_or_argument_omission,13,tr,Turkish,news_public_affairs;family_relationships;science_technology,15,25,10
1788,89351,89400,50,33,discourse_relation_marking,5,consequence_or_result_relation,14,es,Spanish,nature_environment;daily_life;education,15,25,10
1789,89401,89450,50,23,aspect_and_event_structure,4,telic_atelic_contrast,1,ru,Russian,family_relationships;science_technology;nature_environment,15,25,10
1790,89451,89500,50,15,number_marking,1,singular_plural_nominal,10,hi,Hindi,travel_transport;arts_culture;social_interaction,15,25,10
1791,89501,89550,50,7,voice_and_agent_prominence,4,impersonal_passive,6,en,English,science_technology;nature_environment;daily_life,15,25,10
1792,89551,89600,50,21,possession_and_alienability,3,owned_object_possession,1,tr,Turkish,news_public_affairs;family_relationships;science_technology,15,25,10
1793,89601,89650,50,6,transitivity_valency,5,valency_reduction_or_argument_omission,2,es,Spanish,travel_transport;arts_culture;social_interaction,15,25,10
1794,89651,89700,50,3,nominal_modifier_order,4,relative_clause_head_order,4,ar,Arabic,health;news_public_affairs;family_relationships,15,25,10
1795,89701,89750,50,18,person_marking_and_person_hierarchy,2,clitic_person_marking,2,tr,Turkish,education;food_household;sports_recreation,15,25,10
1796,89751,89800,50,26,evidentiality,3,lexical_reportative,7,bg,Bulgarian,news_public_affairs;family_relationships;science_technology,15,25,10
1797,89801,89850,50,26,evidentiality,1,grammatical_reportative,5,es,Spanish,travel_transport;arts_culture;social_interaction,15,25,10
1798,89851,89900,50,32,quotation_and_reported_speech_structure,1,direct_quotation,12,ja,Japanese,health;news_public_affairs;family_relationships,15,25,10
1799,89901,89950,50,26,evidentiality,4,direct_evidence_statement,9,de,German,news_public_affairs;family_relationships;science_technology,15,25,10
1800,89951,90000,50,13,redundancy_cumulative_exponence,1,agreement_redundancy,5,en,English,travel_transport;arts_culture;social_interaction,15,25,10
1801,90001,90050,50,22,tense_prominence,4,future_marking,11,en,English,science_technology;nature_environment;daily_life,15,25,10
1802,90051,90100,50,39,deixis_and_perspective_anchoring,2,here_there_spatial_deixis,3,es,Spanish,daily_life;education;food_household,15,25,10
1803,90101,90150,50,24,modality_and_mood,2,subjunctive_or_irrealis,15,tr,Turkish,travel_transport;arts_culture;social_interaction,15,25,10
1804,90151,90200,50,9,analytic_vs_synthetic_encoding,5,agglutinative_multi_feature_word,7,tr,Turkish,family_relationships;science_technology;nature_environment,15,25,10
1805,90201,90250,50,22,tense_prominence,4,future_marking,2,es,Spanish,sports_recreation;workplace;travel_transport,15,25,10
1806,90251,90300,50,21,possession_and_alienability,2,kinship_possession,2,fr,French,sports_recreation;workplace;travel_transport,15,25,10
1807,90301,90350,50,23,aspect_and_event_structure,4,telic_atelic_contrast,15,bg,Bulgarian,health;news_public_affairs;family_relationships,15,25,10
1808,90351,90400,50,14,definiteness_and_specificity,2,bare_vs_determined_noun,10,ar,Arabic,workplace;travel_transport;arts_culture,15,25,10
1809,90401,90450,50,33,discourse_relation_marking,1,causal_relation,7,de,German,family_relationships;science_technology;nature_environment,15,25,10
1810,90451,90500,50,35,focus_and_given_new_marking,2,focus_particle,11,en,English,sports_recreation;workplace;travel_transport,15,25,10
1811,90501,90550,50,7,voice_and_agent_prominence,3,middle_or_reflexive_voice,9,tr,Turkish,education;food_household;sports_recreation,15,25,10
1812,90551,90600,50,3,nominal_modifier_order,3,numeral_head_order,9,ar,Arabic,social_interaction;health;news_public_affairs,15,25,10
1813,90601,90650,50,38,speech_act_force_and_request_directness,1,direct_imperative_request,12,de,German,nature_environment;daily_life;education,15,25,10
1814,90651,90700,50,34,topic_comment_structure,3,marked_topicalization,8,zh,Chinese,health;news_public_affairs;family_relationships,15,25,10
1815,90701,90750,50,16,gender_noun_class,1,adjective_gender_agreement,15,hi,Hindi,daily_life;education;food_household,15,25,10
1816,90751,90800,50,34,topic_comment_structure,4,hanging_topic,14,en,English,daily_life;education;food_household,15,25,10
1817,90801,90850,50,35,focus_and_given_new_marking,3,fronted_or_marked_focus,13,es,Spanish,sports_recreation;workplace;travel_transport,15,25,10
1818,90851,90900,50,13,redundancy_cumulative_exponence,2,case_plus_adposition,7,ru,Russian,travel_transport;arts_culture;social_interaction,15,25,10
1819,90901,90950,50,26,evidentiality,2,grammatical_inferential,5,es,Spanish,news_public_affairs;family_relationships;science_technology,15,25,10
1820,90951,91000,50,16,gender_noun_class,3,pronoun_gender_agreement,12,es,Spanish,education;food_household;sports_recreation,15,25,10
1821,91001,91050,50,39,deixis_and_perspective_anchoring,2,here_there_spatial_deixis,9,tr,Turkish,education;food_household;sports_recreation,15,25,10
1822,91051,91100,50,36,genericity_and_kind_level_reference,1,bare_plural_generic,15,ru,Russian,news_public_affairs;family_relationships;science_technology,15,25,10
1823,91101,91150,50,37,social_deixis_honorifics_status_encoding,3,honorific_verb_or_morphology,7,ko,Korean,nature_environment;daily_life;education,15,25,10
1824,91151,91200,50,1,subject_expression_pro_drop,2,discourse_recoverable_subject_omission,15,ja,Japanese,social_interaction;health;news_public_affairs,15,25,10
1825,91201,91250,50,12,optionality_vs_obligatoriness_of_marking,5,optional_particle_or_case_context,14,ja,Japanese,science_technology;nature_environment;daily_life,15,25,10
1826,91251,91300,50,17,animacy_and_humanness,2,human_nonhuman_reference,11,es,Spanish,workplace;travel_transport;arts_culture,15,25,10
1827,91301,91350,50,9,analytic_vs_synthetic_encoding,2,synthetic_inflection,8,de,German,news_public_affairs;family_relationships;science_technology,15,25,10
1828,91351,91400,50,14,definiteness_and_specificity,5,specificity_sensitive_object_marking,11,en,English,education;food_household;sports_recreation,15,25,10
1829,91401,91450,50,39,deixis_and_perspective_anchoring,5,perspective_shift_in_report_or_narration,12,ja,Japanese,social_interaction;health;news_public_affairs,15,25,10
1830,91451,91500,50,35,focus_and_given_new_marking,3,fronted_or_marked_focus,2,fr,French,nature_environment;daily_life;education,15,25,10
1831,91501,91550,50,7,voice_and_agent_prominence,4,impersonal_passive,4,tr,Turkish,food_household;sports_recreation;workplace,15,25,10
1832,91551,91600,50,12,optionality_vs_obligatoriness_of_marking,4,obligatory_agreement_context,8,tr,Turkish,arts_culture;social_interaction;health,15,25,10
1833,91601,91650,50,37,social_deixis_honorifics_status_encoding,1,tu_vous_or_t_v_distinction,6,ja,Japanese,arts_culture;social_interaction;health,15,25,10
1834,91651,91700,50,8,causativity_and_valency_change,5,permissive_causation,1,tr,Turkish,workplace;travel_transport;arts_culture,15,25,10
1835,91701,91750,50,25,epistemic_modality,2,probability_statement,13,fr,French,education;food_household;sports_recreation,15,25,10
1836,91751,91800,50,38,speech_act_force_and_request_directness,5,mitigated_or_polite_request,13,es,Spanish,daily_life;education;food_household,15,25,10
1837,91801,91850,50,18,person_marking_and_person_hierarchy,4,person_sensitive_argument_marking,7,tr,Turkish,nature_environment;daily_life;education,15,25,10
1838,91851,91900,50,11,agreement_indexing_density,3,nominal_gender_number_agreement,2,es,Spanish,news_public_affairs;family_relationships;science_technology,15,25,10
1839,91901,91950,50,35,focus_and_given_new_marking,2,focus_particle,10,ja,Japanese,travel_transport;arts_culture;social_interaction,15,25,10
1840,91951,92000,50,11,agreement_indexing_density,5,multi_argument_indexing,8,ru,Russian,travel_transport;arts_culture;social_interaction,15,25,10
1841,92001,92050,50,34,topic_comment_structure,1,topic_particle,14,en,English,education;food_household;sports_recreation,15,25,10
1842,92051,92100,50,2,basic_constituent_order,2,object_fronting,10,ja,Japanese,news_public_affairs;family_relationships;science_technology,15,25,10
1843,92101,92150,50,38,speech_act_force_and_request_directness,4,performative_request,12,de,German,science_technology;nature_environment;daily_life,15,25,10
1844,92151,92200,50,8,causativity_and_valency_change,4,double_or_indirect_causation,3,ko,Korean,news_public_affairs;family_relationships;science_technology,15,25,10
1845,92201,92250,50,18,person_marking_and_person_hierarchy,5,multi_person_indexing,10,fr,French,family_relationships;science_technology;nature_environment,15,25,10
1846,92251,92300,50,16,gender_noun_class,2,article_gender_agreement,8,ru,Russian,travel_transport;arts_culture;social_interaction,15,25,10
1847,92301,92350,50,12,optionality_vs_obligatoriness_of_marking,4,obligatory_agreement_context,6,en,English,family_relationships;science_technology;nature_environment,15,25,10
1848,92351,92400,50,36,genericity_and_kind_level_reference,2,singular_generic,15,ru,Russian,daily_life;education;food_household,15,25,10
1849,92401,92450,50,6,transitivity_valency,2,monotransitive_clause,15,ru,Russian,arts_culture;social_interaction;health,15,25,10
1850,92451,92500,50,21,possession_and_alienability,2,kinship_possession,9,ru,Russian,food_household;sports_recreation;workplace,15,25,10
1851,92501,92550,50,25,epistemic_modality,5,epistemic_auxiliary_or_particle,13,fr,French,daily_life;education;food_household,15,25,10
1852,92551,92600,50,20,pronoun_richness_and_reduction,3,clitic_pronoun,6,es,Spanish,social_interaction;health;news_public_affairs,15,25,10
1853,92601,92650,50,19,inclusive_exclusive_distinction,2,exclusive_we_reference,5,ta,Tamil,daily_life;education;food_household,15,25,10
1854,92651,92700,50,6,transitivity_valency,2,monotransitive_clause,3,tr,Turkish,workplace;travel_transport;arts_culture,15,25,10
1855,92701,92750,50,16,gender_noun_class,4,participle_or_predicate_agreement,11,fr,French,social_interaction;health;news_public_affairs,15,25,10
1856,92751,92800,50,32,quotation_and_reported_speech_structure,5,mixed_or_shifted_report_structure,5,es,Spanish,nature_environment;daily_life;education,15,25,10
1857,92801,92850,50,13,redundancy_cumulative_exponence,2,case_plus_adposition,14,tr,Turkish,workplace;travel_transport;arts_culture,15,25,10
1858,92851,92900,50,31,subordination_and_embedding,2,relative_clause,15,ja,Japanese,education;food_household;sports_recreation,15,25,10
1859,92901,92950,50,7,voice_and_agent_prominence,4,impersonal_passive,1,en,English,health;news_public_affairs;family_relationships,15,25,10
1860,92951,93000,50,28,negation_and_polarity_structure,3,constituent_negation,2,es,Spanish,sports_recreation;workplace;travel_transport,15,25,10
1861,93001,93050,50,37,social_deixis_honorifics_status_encoding,3,honorific_verb_or_morphology,5,hi,Hindi,sports_recreation;workplace;travel_transport,15,25,10
1862,93051,93100,50,19,inclusive_exclusive_distinction,4,exclusive_agreement_or_indexing,2,ta,Tamil,education;food_household;sports_recreation,15,25,10
1863,93101,93150,50,19,inclusive_exclusive_distinction,5,inclusive_exclusive_planning_or_command_context,9,te,Telugu,workplace;travel_transport;arts_culture,15,25,10
1864,93151,93200,50,1,subject_expression_pro_drop,4,contrastive_overt_pronoun,1,tr,Turkish,workplace;travel_transport;arts_culture,15,25,10
1865,93201,93250,50,29,quantifier_scope_and_distributivity,4,negation_quantifier_scope,9,fr,French,science_technology;nature_environment;daily_life,15,25,10
1866,93251,93300,50,6,transitivity_valency,2,monotransitive_clause,14,de,German,health;news_public_affairs;family_relationships,15,25,10
1867,93301,93350,50,7,voice_and_agent_prominence,3,middle_or_reflexive_voice,6,en,English,social_interaction;health;news_public_affairs,15,25,10
1868,93351,93400,50,15,number_marking,2,dual_number,11,en,English,social_interaction;health;news_public_affairs,15,25,10
1869,93401,93450,50,36,genericity_and_kind_level_reference,1,bare_plural_generic,8,fr,French,family_relationships;science_technology;nature_environment,15,25,10
1870,93451,93500,50,21,possession_and_alienability,3,owned_object_possession,9,ru,Russian,arts_culture;social_interaction;health,15,25,10
1871,93501,93550,50,21,possession_and_alienability,4,genitive_or_possessive_marker,8,es,Spanish,nature_environment;daily_life;education,15,25,10
1872,93551,93600,50,18,person_marking_and_person_hierarchy,5,multi_person_indexing,11,es,Spanish,health;news_public_affairs;family_relationships,15,25,10
1873,93601,93650,50,15,number_marking,5,number_agreement,5,hi,Hindi,travel_transport;arts_culture;social_interaction,15,25,10
1874,93651,93700,50,38,speech_act_force_and_request_directness,5,mitigated_or_polite_request,6,en,English,education;food_household;sports_recreation,15,25,10
1875,93701,93750,50,21,possession_and_alienability,3,owned_object_possession,6,tr,Turkish,nature_environment;daily_life;education,15,25,10
1876,93751,93800,50,36,genericity_and_kind_level_reference,5,generic_conditional_or_generalization,15,ru,Russian,nature_environment;daily_life;education,15,25,10
1877,93801,93850,50,14,definiteness_and_specificity,1,definite_indefinite_article,12,es,Spanish,news_public_affairs;family_relationships;science_technology,15,25,10
1878,93851,93900,50,2,basic_constituent_order,2,object_fronting,5,ja,Japanese,arts_culture;social_interaction;health,15,25,10
1879,93901,93950,50,15,number_marking,1,singular_plural_nominal,12,ar,Arabic,education;food_household;sports_recreation,15,25,10
1880,93951,94000,50,14,definiteness_and_specificity,4,specific_indefinite_reference,3,fr,French,daily_life;education;food_household,15,25,10
1881,94001,94050,50,13,redundancy_cumulative_exponence,1,agreement_redundancy,6,es,Spanish,sports_recreation;workplace;travel_transport,15,25,10
1882,94051,94100,50,3,nominal_modifier_order,1,adjective_head_order,2,es,Spanish,daily_life;education;food_household,15,25,10
1883,94101,94150,50,7,voice_and_agent_prominence,2,agentless_passive,6,en,English,sports_recreation;workplace;travel_transport,15,25,10
1884,94151,94200,50,7,voice_and_agent_prominence,2,agentless_passive,12,de,German,workplace;travel_transport;arts_culture,15,25,10
1885,94201,94250,50,27,mirativity_stance_and_affect_marking,1,mirative_particle_or_form,5,en,English,family_relationships;science_technology;nature_environment,15,25,10
1886,94251,94300,50,5,morphosyntactic_alignment,1,transitive_agent_patient_alignment,1,eu,Basque,nature_environment;daily_life;education,15,25,10
1887,94301,94350,50,37,social_deixis_honorifics_status_encoding,4,humble_or_deferential_form,5,hi,Hindi,social_interaction;health;news_public_affairs,15,25,10
1888,94351,94400,50,4,case_marking,4,locative_ablative_or_instrumental,6,tr,Turkish,news_public_affairs;family_relationships;science_technology,15,25,10
1889,94401,94450,50,18,person_marking_and_person_hierarchy,2,clitic_person_marking,14,eu,Basque,sports_recreation;workplace;travel_transport,15,25,10
1890,94451,94500,50,8,causativity_and_valency_change,5,permissive_causation,15,en,English,food_household;sports_recreation;workplace,15,25,10
1891,94501,94550,50,7,voice_and_agent_prominence,1,active_passive_alternation,14,tr,Turkish,news_public_affairs;family_relationships;science_technology,15,25,10
1892,94551,94600,50,14,definiteness_and_specificity,3,demonstrative_definiteness,13,fr,French,food_household;sports_recreation;workplace,15,25,10
1893,94601,94650,50,4,case_marking,1,accusative_object_marking,7,fi,Finnish,health;news_public_affairs;family_relationships,15,25,10
1894,94651,94700,50,14,definiteness_and_specificity,4,specific_indefinite_reference,12,es,Spanish,health;news_public_affairs;family_relationships,15,25,10
1895,94701,94750,50,16,gender_noun_class,5,gender_assignment_across_nouns,11,fr,French,science_technology;nature_environment;daily_life,15,25,10
1896,94751,94800,50,20,pronoun_richness_and_reduction,4,weak_vs_strong_pronoun,7,it,Italian,news_public_affairs;family_relationships;science_technology,15,25,10
1897,94801,94850,50,31,subordination_and_embedding,2,relative_clause,8,es,Spanish,food_household;sports_recreation;workplace,15,25,10
1898,94851,94900,50,1,subject_expression_pro_drop,5,agreement_supported_null_subject,3,it,Italian,workplace;travel_transport;arts_culture,15,25,10
1899,94901,94950,50,7,voice_and_agent_prominence,5,resultative_or_stative_passive,9,tr,Turkish,news_public_affairs;family_relationships;science_technology,15,25,10
1900,94951,95000,50,11,agreement_indexing_density,1,subject_verb_agreement,1,eu,Basque,sports_recreation;workplace;travel_transport,15,25,10
1901,95001,95050,50,36,genericity_and_kind_level_reference,2,singular_generic,12,de,German,arts_culture;social_interaction;health,15,25,10
1902,95051,95100,50,27,mirativity_stance_and_affect_marking,2,exclamative_surprise,12,ja,Japanese,daily_life;education;food_household,15,25,10
1903,95101,95150,50,38,speech_act_force_and_request_directness,5,mitigated_or_polite_request,2,de,German,news_public_affairs;family_relationships;science_technology,15,25,10
1904,95151,95200,50,4,case_marking,1,accusative_object_marking,2,fi,Finnish,travel_transport;arts_culture;social_interaction,15,25,10
1905,95201,95250,50,11,agreement_indexing_density,5,multi_argument_indexing,1,eu,Basque,arts_culture;social_interaction;health,15,25,10
1906,95251,95300,50,37,social_deixis_honorifics_status_encoding,5,status_conditioned_request_or_reference,15,hi,Hindi,workplace;travel_transport;arts_culture,15,25,10
1907,95301,95350,50,4,case_marking,3,genitive_possession,8,ru,Russian,education;food_household;sports_recreation,15,25,10
1908,95351,95400,50,2,basic_constituent_order,4,verb_initial_or_predicate_initial_order,15,ja,Japanese,social_interaction;health;news_public_affairs,15,25,10
1909,95401,95450,50,21,possession_and_alienability,5,existential_or_predicative_possession,8,es,Spanish,sports_recreation;workplace;travel_transport,15,25,10
1910,95451,95500,50,25,epistemic_modality,5,epistemic_auxiliary_or_particle,1,en,English,science_technology;nature_environment;daily_life,15,25,10
1911,95501,95550,50,25,epistemic_modality,3,inferential_epistemic,4,es,Spanish,family_relationships;science_technology;nature_environment,15,25,10
1912,95551,95600,50,23,aspect_and_event_structure,3,habitual_aspect,2,es,Spanish,workplace;travel_transport;arts_culture,15,25,10
1913,95601,95650,50,17,animacy_and_humanness,5,reflexive_or_reciprocal_humanness_context,3,hi,Hindi,arts_culture;social_interaction;health,15,25,10
1914,95651,95700,50,39,deixis_and_perspective_anchoring,1,proximal_distal_demonstrative,6,en,English,sports_recreation;workplace;travel_transport,15,25,10
1915,95701,95750,50,36,genericity_and_kind_level_reference,2,singular_generic,2,de,German,daily_life;education;food_household,15,25,10
1916,95751,95800,50,34,topic_comment_structure,4,hanging_topic,3,zh,Chinese,news_public_affairs;family_relationships;science_technology,15,25,10
1917,95801,95850,50,26,evidentiality,1,grammatical_reportative,6,tr,Turkish,sports_recreation;workplace;travel_transport,15,25,10
1918,95851,95900,50,35,focus_and_given_new_marking,4,exclusive_only_focus,14,de,German,travel_transport;arts_culture;social_interaction,15,25,10
1919,95901,95950,50,3,nominal_modifier_order,2,possessor_head_order,12,es,Spanish,family_relationships;science_technology;nature_environment,15,25,10
1920,95951,96000,50,39,deixis_and_perspective_anchoring,3,come_go_motion_perspective,8,es,Spanish,social_interaction;health;news_public_affairs,15,25,10
1921,96001,96050,50,21,possession_and_alienability,2,kinship_possession,14,ru,Russian,travel_transport;arts_culture;social_interaction,15,25,10
1922,96051,96100,50,37,social_deixis_honorifics_status_encoding,2,honorific_title_or_address,5,hi,Hindi,nature_environment;daily_life;education,15,25,10
1923,96101,96150,50,20,pronoun_richness_and_reduction,1,overt_full_pronoun,15,en,English,social_interaction;health;news_public_affairs,15,25,10
1924,96151,96200,50,7,voice_and_agent_prominence,2,agentless_passive,1,en,English,daily_life;education;food_household,15,25,10
1925,96201,96250,50,4,case_marking,2,dative_recipient_or_goal,2,fi,Finnish,news_public_affairs;family_relationships;science_technology,15,25,10
1926,96251,96300,50,23,aspect_and_event_structure,5,inchoative_or_resultative_event,12,es,Spanish,travel_transport;arts_culture;social_interaction,15,25,10
1927,96301,96350,50,19,inclusive_exclusive_distinction,4,exclusive_agreement_or_indexing,8,ta,Tamil,food_household;sports_recreation;workplace,15,25,10
1928,96351,96400,50,3,nominal_modifier_order,4,relative_clause_head_order,11,en,English,social_interaction;health;news_public_affairs,15,25,10
1929,96401,96450,50,29,quantifier_scope_and_distributivity,1,universal_existential_scope,7,de,German,sports_recreation;workplace;travel_transport,15,25,10
1930,96451,96500,50,4,case_marking,5,differential_object_marking,14,de,German,family_relationships;science_technology;nature_environment,15,25,10
1931,96501,96550,50,5,morphosyntactic_alignment,5,alignment_under_voice_change,10,ru,Russian,family_relationships;science_technology;nature_environment,15,25,10
1932,96551,96600,50,14,definiteness_and_specificity,3,demonstrative_definiteness,15,ar,Arabic,science_technology;nature_environment;daily_life,15,25,10
1933,96601,96650,50,20,pronoun_richness_and_reduction,4,weak_vs_strong_pronoun,13,fr,French,family_relationships;science_technology;nature_environment,15,25,10
1934,96651,96700,50,13,redundancy_cumulative_exponence,4,negative_concord,13,fr,French,education;food_household;sports_recreation,15,25,10
1935,96701,96750,50,23,aspect_and_event_structure,3,habitual_aspect,13,en,English,health;news_public_affairs;family_relationships,15,25,10
1936,96751,96800,50,18,person_marking_and_person_hierarchy,4,person_sensitive_argument_marking,10,fr,French,arts_culture;social_interaction;health,15,25,10
1937,96801,96850,50,32,quotation_and_reported_speech_structure,2,indirect_report,13,tr,Turkish,family_relationships;science_technology;nature_environment,15,25,10
1938,96851,96900,50,9,analytic_vs_synthetic_encoding,1,analytic_tense_aspect,15,fi,Finnish,workplace;travel_transport;arts_culture,15,25,10
1939,96901,96950,50,4,case_marking,3,genitive_possession,9,de,German,nature_environment;daily_life;education,15,25,10
1940,96951,97000,50,29,quantifier_scope_and_distributivity,3,collective_all,10,ru,Russian,travel_transport;arts_culture;social_interaction,15,25,10
1941,97001,97050,50,2,basic_constituent_order,5,topicalized_argument_order,15,ja,Japanese,science_technology;nature_environment;daily_life,15,25,10
1942,97051,97100,50,29,quantifier_scope_and_distributivity,1,universal_existential_scope,2,de,German,daily_life;education;food_household,15,25,10
1943,97101,97150,50,37,social_deixis_honorifics_status_encoding,2,honorific_title_or_address,13,fr,French,news_public_affairs;family_relationships;science_technology,15,25,10
1944,97151,97200,50,38,speech_act_force_and_request_directness,4,performative_request,15,ja,Japanese,travel_transport;arts_culture;social_interaction,15,25,10
1945,97201,97250,50,34,topic_comment_structure,2,left_dislocation,15,fr,French,sports_recreation;workplace;travel_transport,15,25,10
1946,97251,97300,50,20,pronoun_richness_and_reduction,3,clitic_pronoun,10,en,English,nature_environment;daily_life;education,15,25,10
1947,97301,97350,50,29,quantifier_scope_and_distributivity,1,universal_existential_scope,4,fr,French,news_public_affairs;family_relationships;science_technology,15,25,10
1948,97351,97400,50,2,basic_constituent_order,1,canonical_clause_order,8,tr,Turkish,news_public_affairs;family_relationships;science_technology,15,25,10
1949,97401,97450,50,35,focus_and_given_new_marking,5,wh_or_answer_focus_context,5,ja,Japanese,education;food_household;sports_recreation,15,25,10
1950,97451,97500,50,28,negation_and_polarity_structure,4,negative_polarity_item_context,7,es,Spanish,family_relationships;science_technology;nature_environment,15,25,10
1951,97501,97550,50,24,modality_and_mood,4,ability_or_possibility,11,es,Spanish,health;news_public_affairs;family_relationships,15,25,10
1952,97551,97600,50,17,animacy_and_humanness,4,animacy_sensitive_case_or_order,11,es,Spanish,nature_environment;daily_life;education,15,25,10
1953,97601,97650,50,28,negation_and_polarity_structure,5,negation_scope_contrast,6,en,English,sports_recreation;workplace;travel_transport,15,25,10
1954,97651,97700,50,17,animacy_and_humanness,4,animacy_sensitive_case_or_order,5,tr,Turkish,science_technology;nature_environment;daily_life,15,25,10
1955,97701,97750,50,19,inclusive_exclusive_distinction,4,exclusive_agreement_or_indexing,12,te,Telugu,social_interaction;health;news_public_affairs,15,25,10
1956,97751,97800,50,12,optionality_vs_obligatoriness_of_marking,3,optional_complementizer_context,9,ja,Japanese,daily_life;education;food_household,15,25,10
1957,97801,97850,50,1,subject_expression_pro_drop,3,coordinated_subject_omission,5,ja,Japanese,travel_transport;arts_culture;social_interaction,15,25,10
1958,97851,97900,50,35,focus_and_given_new_marking,1,cleft_focus,7,fr,French,social_interaction;health;news_public_affairs,15,25,10
1959,97901,97950,50,20,pronoun_richness_and_reduction,5,pronoun_reduction_across_connected_clauses,5,en,English,workplace;travel_transport;arts_culture,15,25,10
1960,97951,98000,50,37,social_deixis_honorifics_status_encoding,5,status_conditioned_request_or_reference,1,ja,Japanese,arts_culture;social_interaction;health,15,25,10
1961,98001,98050,50,32,quotation_and_reported_speech_structure,3,quotative_particle_or_marker,4,de,German,arts_culture;social_interaction;health,15,25,10
1962,98051,98100,50,31,subordination_and_embedding,3,adverbial_subordinate_clause,6,en,English,family_relationships;science_technology;nature_environment,15,25,10
1963,98101,98150,50,7,voice_and_agent_prominence,2,agentless_passive,8,es,Spanish,nature_environment;daily_life;education,15,25,10
1964,98151,98200,50,39,deixis_and_perspective_anchoring,4,temporal_deixis,4,tr,Turkish,arts_culture;social_interaction;health,15,25,10
1965,98201,98250,50,26,evidentiality,3,lexical_reportative,4,de,German,food_household;sports_recreation;workplace,15,25,10
1966,98251,98300,50,4,case_marking,3,genitive_possession,3,ru,Russian,science_technology;nature_environment;daily_life,15,25,10
1967,98301,98350,50,21,possession_and_alienability,1,body_part_possession,3,es,Spanish,family_relationships;science_technology;nature_environment,15,25,10
1968,98351,98400,50,37,social_deixis_honorifics_status_encoding,1,tu_vous_or_t_v_distinction,10,hi,Hindi,science_technology;nature_environment;daily_life,15,25,10
1969,98401,98450,50,21,possession_and_alienability,4,genitive_or_possessive_marker,2,fr,French,science_technology;nature_environment;daily_life,15,25,10
1970,98451,98500,50,20,pronoun_richness_and_reduction,5,pronoun_reduction_across_connected_clauses,2,it,Italian,family_relationships;science_technology;nature_environment,15,25,10
1971,98501,98550,50,16,gender_noun_class,1,adjective_gender_agreement,9,ar,Arabic,nature_environment;daily_life;education,15,25,10
1972,98551,98600,50,39,deixis_and_perspective_anchoring,2,here_there_spatial_deixis,2,ja,Japanese,food_household;sports_recreation;workplace,15,25,10
1973,98601,98650,50,38,speech_act_force_and_request_directness,1,direct_imperative_request,1,en,English,health;news_public_affairs;family_relationships,15,25,10
1974,98651,98700,50,11,agreement_indexing_density,5,multi_argument_indexing,6,eu,Basque,news_public_affairs;family_relationships;science_technology,15,25,10
1975,98701,98750,50,5,morphosyntactic_alignment,4,experiencer_or_dative_subject,4,tr,Turkish,travel_transport;arts_culture;social_interaction,15,25,10
1976,98751,98800,50,4,case_marking,5,differential_object_marking,9,de,German,social_interaction;health;news_public_affairs,15,25,10
1977,98801,98850,50,28,negation_and_polarity_structure,4,negative_polarity_item_context,1,en,English,news_public_affairs;family_relationships;science_technology,15,25,10
1978,98851,98900,50,31,subordination_and_embedding,4,nested_embedding,14,tr,Turkish,science_technology;nature_environment;daily_life,15,25,10
1979,98901,98950,50,4,case_marking,2,dative_recipient_or_goal,11,tr,Turkish,workplace;travel_transport;arts_culture,15,25,10
1980,98951,99000,50,16,gender_noun_class,2,article_gender_agreement,10,hi,Hindi,education;food_household;sports_recreation,15,25,10
1981,99001,99050,50,2,basic_constituent_order,5,topicalized_argument_order,14,ar,Arabic,daily_life;education;food_household,15,25,10
1982,99051,99100,50,33,discourse_relation_marking,4,temporal_sequence_relation,8,fr,French,social_interaction;health;news_public_affairs,15,25,10
1983,99101,99150,50,30,conditional_and_counterfactual_marking,1,real_conditional,14,de,German,social_interaction;health;news_public_affairs,15,25,10
1984,99151,99200,50,28,negation_and_polarity_structure,5,negation_scope_contrast,3,fr,French,news_public_affairs;family_relationships;science_technology,15,25,10
1985,99201,99250,50,29,quantifier_scope_and_distributivity,1,universal_existential_scope,5,ru,Russian,social_interaction;health;news_public_affairs,15,25,10
1986,99251,99300,50,25,epistemic_modality,3,inferential_epistemic,10,tr,Turkish,science_technology;nature_environment;daily_life,15,25,10
1987,99301,99350,50,11,agreement_indexing_density,4,multiple_agreement_targets,15,tr,Turkish,daily_life;education;food_household,15,25,10
1988,99351,99400,50,6,transitivity_valency,1,intransitive_clause,15,ru,Russian,food_household;sports_recreation;workplace,15,25,10
1989,99401,99450,50,15,number_marking,1,singular_plural_nominal,1,en,English,family_relationships;science_technology;nature_environment,15,25,10
1990,99451,99500,50,12,optionality_vs_obligatoriness_of_marking,5,optional_particle_or_case_context,10,fr,French,arts_culture;social_interaction;health,15,25,10
1991,99501,99550,50,18,person_marking_and_person_hierarchy,1,first_second_third_person_agreement,2,tr,Turkish,family_relationships;science_technology;nature_environment,15,25,10
1992,99551,99600,50,15,number_marking,5,number_agreement,2,ar,Arabic,science_technology;nature_environment;daily_life,15,25,10
1993,99601,99650,50,26,evidentiality,5,hearsay_or_attributed_evidence,6,tr,Turkish,arts_culture;social_interaction;health,15,25,10
1994,99651,99700,50,27,mirativity_stance_and_affect_marking,1,mirative_particle_or_form,12,ja,Japanese,news_public_affairs;family_relationships;science_technology,15,25,10
1995,99701,99750,50,33,discourse_relation_marking,1,causal_relation,10,tr,Turkish,workplace;travel_transport;arts_culture,15,25,10
1996,99751,99800,50,20,pronoun_richness_and_reduction,4,weak_vs_strong_pronoun,15,en,English,arts_culture;social_interaction;health,15,25,10
1997,99801,99850,50,38,speech_act_force_and_request_directness,2,interrogative_request,13,es,Spanish,education;food_household;sports_recreation,15,25,10
1998,99851,99900,50,37,social_deixis_honorifics_status_encoding,1,tu_vous_or_t_v_distinction,5,hi,Hindi,health;news_public_affairs;family_relationships,15,25,10
1999,99901,99950,50,31,subordination_and_embedding,2,relative_clause,10,ja,Japanese,science_technology;nature_environment;daily_life,15,25,10
2000,99951,100000,50,21,possession_and_alienability,3,owned_object_possession,15,hi,Hindi,social_interaction;health;news_public_affairs,15,25,10
2001,100001,100050,50,7,voice_and_agent_prominence,5,resultative_or_stative_passive,11,en,English,travel_transport;arts_culture;social_interaction,15,25,10
2002,100051,100100,50,11,agreement_indexing_density,2,rich_person_number_agreement,13,ru,Russian,news_public_affairs;family_relationships;science_technology,15,25,10
2003,100101,100150,50,18,person_marking_and_person_hierarchy,5,multi_person_indexing,1,es,Spanish,food_household;sports_recreation;workplace,15,25,10
2004,100151,100200,50,5,morphosyntactic_alignment,1,transitive_agent_patient_alignment,12,hi,Hindi,sports_recreation;workplace;travel_transport,15,25,10
2005,100201,100250,50,28,negation_and_polarity_structure,5,negation_scope_contrast,10,tr,Turkish,health;news_public_affairs;family_relationships,15,25,10
2006,100251,100300,50,4,case_marking,1,accusative_object_marking,9,de,German,workplace;travel_transport;arts_culture,15,25,10
2007,100301,100350,50,10,morphological_segmentation_type,5,derivation_plus_inflection,12,fi,Finnish,travel_transport;arts_culture;social_interaction,15,25,10
2008,100351,100400,50,1,subject_expression_pro_drop,5,agreement_supported_null_subject,7,es,Spanish,news_public_affairs;family_relationships;science_technology,15,25,10
2009,100401,100450,50,18,person_marking_and_person_hierarchy,2,clitic_person_marking,8,hi,Hindi,food_household;sports_recreation;workplace,15,25,10
2010,100451,100500,50,40,orthographic_and_tokenization_interface,5,alphanumeric_hashtag_or_filename_like_token,5,zh,Chinese,daily_life;education;food_household,15,25,10
2011,100501,100550,50,15,number_marking,4,collective_or_group_reference,13,ru,Russian,science_technology;nature_environment;daily_life,15,25,10
2012,100551,100600,50,8,causativity_and_valency_change,1,morphological_causative,4,hi,Hindi,health;news_public_affairs;family_relationships,15,25,10
2013,100601,100650,50,31,subordination_and_embedding,1,finite_complement_clause,6,en,English,food_household;sports_recreation;workplace,15,25,10
2014,100651,100700,50,12,optionality_vs_obligatoriness_of_marking,5,optional_particle_or_case_context,9,ja,Japanese,health;news_public_affairs;family_relationships,15,25,10
2015,100701,100750,50,1,subject_expression_pro_drop,5,agreement_supported_null_subject,13,it,Italian,family_relationships;science_technology;nature_environment,15,25,10
2016,100751,100800,50,15,number_marking,3,numeral_plus_number_morphology,11,en,English,science_technology;nature_environment;daily_life,15,25,10
2017,100801,100850,50,11,agreement_indexing_density,2,rich_person_number_agreement,9,ar,Arabic,workplace;travel_transport;arts_culture,15,25,10
2018,100851,100900,50,24,modality_and_mood,4,ability_or_possibility,3,en,English,science_technology;nature_environment;daily_life,15,25,10
2019,100901,100950,50,21,possession_and_alienability,2,kinship_possession,10,hi,Hindi,daily_life;education;food_household,15,25,10
2020,100951,101000,50,37,social_deixis_honorifics_status_encoding,4,humble_or_deferential_form,11,ja,Japanese,health;news_public_affairs;family_relationships,15,25,10
2021,101001,101050,50,19,inclusive_exclusive_distinction,1,inclusive_we_reference,2,ta,Tamil,food_household;sports_recreation;workplace,15,25,10
2022,101051,101100,50,15,number_marking,3,numeral_plus_number_morphology,8,ru,Russian,workplace;travel_transport;arts_culture,15,25,10
2023,101101,101150,50,22,tense_prominence,3,sequence_of_tense,6,en,English,workplace;travel_transport;arts_culture,15,25,10
2024,101151,101200,50,29,quantifier_scope_and_distributivity,3,collective_all,15,ru,Russian,health;news_public_affairs;family_relationships,15,25,10
2025,101201,101250,50,4,case_marking,2,dative_recipient_or_goal,6,tr,Turkish,education;food_household;sports_recreation,15,25,10
2026,101251,101300,50,28,negation_and_polarity_structure,4,negative_polarity_item_context,10,tr,Turkish,workplace;travel_transport;arts_culture,15,25,10
2027,101301,101350,50,8,causativity_and_valency_change,2,periphrastic_causative,9,hi,Hindi,food_household;sports_recreation;workplace,15,25,10
2028,101351,101400,50,26,evidentiality,5,hearsay_or_attributed_evidence,14,de,German,sports_recreation;workplace;travel_transport,15,25,10
2029,101401,101450,50,33,discourse_relation_marking,2,contrastive_relation,5,tr,Turkish,travel_transport;arts_culture;social_interaction,15,25,10
2030,101451,101500,50,13,redundancy_cumulative_exponence,1,agreement_redundancy,4,tr,Turkish,social_interaction;health;news_public_affairs,15,25,10
2031,101501,101550,50,5,morphosyntactic_alignment,3,ergative_perfective_alignment,14,tr,Turkish,social_interaction;health;news_public_affairs,15,25,10
2032,101551,101600,50,32,quotation_and_reported_speech_structure,4,reported_question,15,es,Spanish,education;food_household;sports_recreation,15,25,10
2033,101601,101650,50,3,nominal_modifier_order,4,relative_clause_head_order,1,en,English,education;food_household;sports_recreation,15,25,10
2034,101651,101700,50,18,person_marking_and_person_hierarchy,1,first_second_third_person_agreement,7,tr,Turkish,daily_life;education;food_household,15,25,10
2035,101701,101750,50,30,conditional_and_counterfactual_marking,5,conditional_mood_form,9,de,German,social_interaction;health;news_public_affairs,15,25,10
2036,101751,101800,50,12,optionality_vs_obligatoriness_of_marking,5,optional_particle_or_case_context,6,en,English,education;food_household;sports_recreation,15,25,10
2037,101801,101850,50,19,inclusive_exclusive_distinction,3,inclusive_agreement_or_indexing,8,ta,Tamil,science_technology;nature_environment;daily_life,15,25,10
2038,101851,101900,50,22,tense_prominence,2,perfect_or_anterior_tense,13,fr,French,nature_environment;daily_life;education,15,25,10
2039,101901,101950,50,32,quotation_and_reported_speech_structure,4,reported_question,10,es,Spanish,science_technology;nature_environment;daily_life,15,25,10
2040,101951,102000,50,35,focus_and_given_new_marking,1,cleft_focus,15,ja,Japanese,workplace;travel_transport;arts_culture,15,25,10
2041,102001,102050,50,18,person_marking_and_person_hierarchy,2,clitic_person_marking,7,tr,Turkish,workplace;travel_transport;arts_culture,15,25,10
2042,102051,102100,50,11,agreement_indexing_density,4,multiple_agreement_targets,1,eu,Basque,food_household;sports_recreation;workplace,15,25,10
2043,102101,102150,50,40,orthographic_and_tokenization_interface,4,natural_punctuation_attachment,7,de,German,travel_transport;arts_culture;social_interaction,15,25,10
2044,102151,102200,50,2,basic_constituent_order,5,topicalized_argument_order,9,ar,Arabic,family_relationships;science_technology;nature_environment,15,25,10
2045,102201,102250,50,28,negation_and_polarity_structure,3,constituent_negation,11,en,English,science_technology;nature_environment;daily_life,15,25,10
2046,102251,102300,50,29,quantifier_scope_and_distributivity,2,distributive_each,2,de,German,workplace;travel_transport;arts_culture,15,25,10
2047,102301,102350,50,31,subordination_and_embedding,3,adverbial_subordinate_clause,1,en,English,social_interaction;health;news_public_affairs,15,25,10
2048,102351,102400,50,15,number_marking,1,singular_plural_nominal,5,hi,Hindi,food_household;sports_recreation;workplace,15,25,10
2049,102401,102450,50,16,gender_noun_class,4,participle_or_predicate_agreement,15,hi,Hindi,nature_environment;daily_life;education,15,25,10
2050,102451,102500,50,22,tense_prominence,3,sequence_of_tense,11,en,English,social_interaction;health;news_public_affairs,15,25,10
2051,102501,102550,50,9,analytic_vs_synthetic_encoding,3,periphrastic_modality,8,de,German,daily_life;education;food_household,15,25,10
2052,102551,102600,50,31,subordination_and_embedding,4,nested_embedding,4,tr,Turkish,travel_transport;arts_culture;social_interaction,15,25,10
2053,102601,102650,50,28,negation_and_polarity_structure,1,sentential_negation,14,ru,Russian,family_relationships;science_technology;nature_environment,15,25,10
2054,102651,102700,50,4,case_marking,3,genitive_possession,1,tr,Turkish,food_household;sports_recreation;workplace,15,25,10
2055,102701,102750,50,1,subject_expression_pro_drop,2,discourse_recoverable_subject_omission,4,pt,Portuguese,sports_recreation;workplace;travel_transport,15,25,10
2056,102751,102800,50,5,morphosyntactic_alignment,2,intransitive_subject_alignment,12,hi,Hindi,social_interaction;health;news_public_affairs,15,25,10
2057,102801,102850,50,10,morphological_segmentation_type,1,agglutinative_multi_affix_word,14,es,Spanish,science_technology;nature_environment;daily_life,15,25,10
2058,102851,102900,50,19,inclusive_exclusive_distinction,5,inclusive_exclusive_planning_or_command_context,3,te,Telugu,sports_recreation;workplace;travel_transport,15,25,10
2059,102901,102950,50,32,quotation_and_reported_speech_structure,4,reported_question,2,ja,Japanese,education;food_household;sports_recreation,15,25,10
2060,102951,103000,50,10,morphological_segmentation_type,2,fusional_inflection,5,de,German,social_interaction;health;news_public_affairs,15,25,10
2061,103001,103050,50,18,person_marking_and_person_hierarchy,3,local_vs_nonlocal_participants,4,eu,Basque,education;food_household;sports_recreation,15,25,10
2062,103051,103100,50,5,morphosyntactic_alignment,2,intransitive_subject_alignment,14,tr,Turkish,sports_recreation;workplace;travel_transport,15,25,10
2063,103101,103150,50,17,animacy_and_humanness,1,animate_inanimate_object_contrast,2,ru,Russian,travel_transport;arts_culture;social_interaction,15,25,10
2064,103151,103200,50,17,animacy_and_humanness,1,animate_inanimate_object_contrast,13,hi,Hindi,news_public_affairs;family_relationships;science_technology,15,25,10
2065,103201,103250,50,20,pronoun_richness_and_reduction,4,weak_vs_strong_pronoun,8,fr,French,social_interaction;health;news_public_affairs,15,25,10
2066,103251,103300,50,38,speech_act_force_and_request_directness,4,performative_request,1,en,English,social_interaction;health;news_public_affairs,15,25,10
2067,103301,103350,50,18,person_marking_and_person_hierarchy,4,person_sensitive_argument_marking,15,fr,French,news_public_affairs;family_relationships;science_technology,15,25,10
2068,103351,103400,50,24,modality_and_mood,1,imperative_mood,3,en,English,nature_environment;daily_life;education,15,25,10
2069,103401,103450,50,23,aspect_and_event_structure,1,progressive_or_imperfective,4,tr,Turkish,travel_transport;arts_culture;social_interaction,15,25,10
2070,103451,103500,50,4,case_marking,1,accusative_object_marking,3,ru,Russian,sports_recreation;workplace;travel_transport,15,25,10
2071,103501,103550,50,40,orthographic_and_tokenization_interface,5,alphanumeric_hashtag_or_filename_like_token,7,de,German,news_public_affairs;family_relationships;science_technology,15,25,10
2072,103551,103600,50,25,epistemic_modality,5,epistemic_auxiliary_or_particle,12,de,German,food_household;sports_recreation;workplace,15,25,10
2073,103601,103650,50,3,nominal_modifier_order,1,adjective_head_order,4,ar,Arabic,news_public_affairs;family_relationships;science_technology,15,25,10
2074,103651,103700,50,12,optionality_vs_obligatoriness_of_marking,2,article_obligatoriness_context,7,es,Spanish,daily_life;education;food_household,15,25,10
2075,103701,103750,50,32,quotation_and_reported_speech_structure,2,indirect_report,14,de,German,health;news_public_affairs;family_relationships,15,25,10
2076,103751,103800,50,7,voice_and_agent_prominence,5,resultative_or_stative_passive,1,en,English,nature_environment;daily_life;education,15,25,10
2077,103801,103850,50,35,focus_and_given_new_marking,3,fronted_or_marked_focus,7,fr,French,food_household;sports_recreation;workplace,15,25,10
2078,103851,103900,50,22,tense_prominence,1,simple_past_present_future,1,en,English,arts_culture;social_interaction;health,15,25,10
2079,103901,103950,50,4,case_marking,4,locative_ablative_or_instrumental,3,ru,Russian,food_household;sports_recreation;workplace,15,25,10
2080,103951,104000,50,6,transitivity_valency,3,ditransitive_clause,7,es,Spanish,daily_life;education;food_household,15,25,10
2081,104001,104050,50,19,inclusive_exclusive_distinction,3,inclusive_agreement_or_indexing,9,te,Telugu,news_public_affairs;family_relationships;science_technology,15,25,10
2082,104051,104100,50,20,pronoun_richness_and_reduction,5,pronoun_reduction_across_connected_clauses,9,tr,Turkish,news_public_affairs;family_relationships;science_technology,15,25,10
2083,104101,104150,50,28,negation_and_polarity_structure,5,negation_scope_contrast,12,es,Spanish,workplace;travel_transport;arts_culture,15,25,10
2084,104151,104200,50,30,conditional_and_counterfactual_marking,5,conditional_mood_form,12,es,Spanish,education;food_household;sports_recreation,15,25,10
2085,104201,104250,50,10,morphological_segmentation_type,5,derivation_plus_inflection,7,fi,Finnish,food_household;sports_recreation;workplace,15,25,10
2086,104251,104300,50,24,modality_and_mood,4,ability_or_possibility,12,fr,French,arts_culture;social_interaction;health,15,25,10
2087,104301,104350,50,7,voice_and_agent_prominence,1,active_passive_alternation,2,de,German,social_interaction;health;news_public_affairs,15,25,10
2088,104351,104400,50,8,causativity_and_valency_change,2,periphrastic_causative,7,ja,Japanese,arts_culture;social_interaction;health,15,25,10
2089,104401,104450,50,12,optionality_vs_obligatoriness_of_marking,4,obligatory_agreement_context,2,es,Spanish,travel_transport;arts_culture;social_interaction,15,25,10
2090,104451,104500,50,8,causativity_and_valency_change,3,lexical_causative,4,hi,Hindi,sports_recreation;workplace;travel_transport,15,25,10
2091,104501,104550,50,8,causativity_and_valency_change,2,periphrastic_causative,14,hi,Hindi,travel_transport;arts_culture;social_interaction,15,25,10
2092,104551,104600,50,30,conditional_and_counterfactual_marking,4,inverted_or_markerless_conditional,15,tr,Turkish,workplace;travel_transport;arts_culture,15,25,10
2093,104601,104650,50,8,causativity_and_valency_change,1,morphological_causative,9,hi,Hindi,science_technology;nature_environment;daily_life,15,25,10
2094,104651,104700,50,32,quotation_and_reported_speech_structure,4,reported_question,13,tr,Turkish,travel_transport;arts_culture;social_interaction,15,25,10
2095,104701,104750,50,2,basic_constituent_order,1,canonical_clause_order,10,ja,Japanese,travel_transport;arts_culture;social_interaction,15,25,10
2096,104751,104800,50,5,morphosyntactic_alignment,4,experiencer_or_dative_subject,8,ur,Urdu,family_relationships;science_technology;nature_environment,15,25,10
2097,104801,104850,50,24,modality_and_mood,5,conditional_mood,7,fr,French,social_interaction;health;news_public_affairs,15,25,10
2098,104851,104900,50,18,person_marking_and_person_hierarchy,1,first_second_third_person_agreement,14,eu,Basque,nature_environment;daily_life;education,15,25,10
2099,104901,104950,50,22,tense_prominence,4,future_marking,9,de,German,food_household;sports_recreation;workplace,15,25,10
2100,104951,105000,50,23,aspect_and_event_structure,1,progressive_or_imperfective,1,ru,Russian,science_technology;nature_environment;daily_life,15,25,10
2101,105001,105050,50,25,epistemic_modality,4,certainty_or_high_commitment,7,de,German,health;news_public_affairs;family_relationships,15,25,10
2102,105051,105100,50,4,case_marking,1,accusative_object_marking,11,tr,Turkish,daily_life;education;food_household,15,25,10
2103,105101,105150,50,21,possession_and_alienability,3,owned_object_possession,10,hi,Hindi,workplace;travel_transport;arts_culture,15,25,10
2104,105151,105200,50,20,pronoun_richness_and_reduction,2,null_or_reduced_pronoun,11,es,Spanish,arts_culture;social_interaction;health,15,25,10
2105,105201,105250,50,26,evidentiality,1,grammatical_reportative,12,bg,Bulgarian,workplace;travel_transport;arts_culture,15,25,10
2106,105251,105300,50,10,morphological_segmentation_type,1,agglutinative_multi_affix_word,11,tr,Turkish,workplace;travel_transport;arts_culture,15,25,10
2107,105301,105350,50,7,voice_and_agent_prominence,1,active_passive_alternation,10,ru,Russian,workplace;travel_transport;arts_culture,15,25,10
2108,105351,105400,50,9,analytic_vs_synthetic_encoding,5,agglutinative_multi_feature_word,10,fi,Finnish,workplace;travel_transport;arts_culture,15,25,10
2109,105401,105450,50,39,deixis_and_perspective_anchoring,4,temporal_deixis,1,en,English,nature_environment;daily_life;education,15,25,10
2110,105451,105500,50,18,person_marking_and_person_hierarchy,5,multi_person_indexing,5,fr,French,social_interaction;health;news_public_affairs,15,25,10
2111,105501,105550,50,28,negation_and_polarity_structure,5,negation_scope_contrast,7,es,Spanish,education;food_household;sports_recreation,15,25,10
2112,105551,105600,50,18,person_marking_and_person_hierarchy,4,person_sensitive_argument_marking,14,eu,Basque,science_technology;nature_environment;daily_life,15,25,10
2113,105601,105650,50,14,definiteness_and_specificity,1,definite_indefinite_article,13,fr,French,social_interaction;health;news_public_affairs,15,25,10
2114,105651,105700,50,40,orthographic_and_tokenization_interface,3,script_specific_word_segmentation,3,fr,French,news_public_affairs;family_relationships;science_technology,15,25,10
2115,105701,105750,50,20,pronoun_richness_and_reduction,3,clitic_pronoun,4,tr,Turkish,science_technology;nature_environment;daily_life,15,25,10
2116,105751,105800,50,35,focus_and_given_new_marking,5,wh_or_answer_focus_context,3,es,Spanish,travel_transport;arts_culture;social_interaction,15,25,10
2117,105801,105850,50,40,orthographic_and_tokenization_interface,2,apostrophe_or_clitic_orthography,10,zh,Chinese,workplace;travel_transport;arts_culture,15,25,10
2118,105851,105900,50,21,possession_and_alienability,5,existential_or_predicative_possession,1,tr,Turkish,workplace;travel_transport;arts_culture,15,25,10
2119,105901,105950,50,5,morphosyntactic_alignment,4,experiencer_or_dative_subject,13,ur,Urdu,daily_life;education;food_household,15,25,10
2120,105951,106000,50,22,tense_prominence,4,future_marking,13,fr,French,social_interaction;health;news_public_affairs,15,25,10
2121,106001,106050,50,37,social_deixis_honorifics_status_encoding,3,honorific_verb_or_morphology,13,fr,French,daily_life;education;food_household,15,25,10
2122,106051,106100,50,30,conditional_and_counterfactual_marking,4,inverted_or_markerless_conditional,1,en,English,arts_culture;social_interaction;health,15,25,10
2123,106101,106150,50,14,definiteness_and_specificity,3,demonstrative_definiteness,8,fr,French,nature_environment;daily_life;education,15,25,10
2124,106151,106200,50,38,speech_act_force_and_request_directness,2,interrogative_request,8,es,Spanish,science_technology;nature_environment;daily_life,15,25,10
2125,106201,106250,50,26,evidentiality,1,grammatical_reportative,15,es,Spanish,science_technology;nature_environment;daily_life,15,25,10
2126,106251,106300,50,8,causativity_and_valency_change,3,lexical_causative,10,en,English,workplace;travel_transport;arts_culture,15,25,10
2127,106301,106350,50,3,nominal_modifier_order,4,relative_clause_head_order,14,ar,Arabic,education;food_household;sports_recreation,15,25,10
2128,106351,106400,50,13,redundancy_cumulative_exponence,1,agreement_redundancy,13,fr,French,food_household;sports_recreation;workplace,15,25,10
2129,106401,106450,50,7,voice_and_agent_prominence,2,agentless_passive,5,ru,Russian,travel_transport;arts_culture;social_interaction,15,25,10
2130,106451,106500,50,36,genericity_and_kind_level_reference,2,singular_generic,11,en,English,health;news_public_affairs;family_relationships,15,25,10
2131,106501,106550,50,2,basic_constituent_order,1,canonical_clause_order,6,en,English,daily_life;education;food_household,15,25,10
2132,106551,106600,50,21,possession_and_alienability,1,body_part_possession,15,hi,Hindi,nature_environment;daily_life;education,15,25,10
2133,106601,106650,50,40,orthographic_and_tokenization_interface,2,apostrophe_or_clitic_orthography,1,en,English,news_public_affairs;family_relationships;science_technology,15,25,10
2134,106651,106700,50,14,definiteness_and_specificity,3,demonstrative_definiteness,9,tr,Turkish,family_relationships;science_technology;nature_environment,15,25,10
2135,106701,106750,50,33,discourse_relation_marking,2,contrastive_relation,4,es,Spanish,social_interaction;health;news_public_affairs,15,25,10
2136,106751,106800,50,25,epistemic_modality,1,possibility_statement,8,fr,French,social_interaction;health;news_public_affairs,15,25,10
2137,106801,106850,50,22,tense_prominence,3,sequence_of_tense,5,tr,Turkish,arts_culture;social_interaction;health,15,25,10
2138,106851,106900,50,19,inclusive_exclusive_distinction,1,inclusive_we_reference,1,id,Indonesian,workplace;travel_transport;arts_culture,15,25,10
2139,106901,106950,50,33,discourse_relation_marking,2,contrastive_relation,1,en,English,daily_life;education;food_household,15,25,10
2140,106951,107000,50,29,quantifier_scope_and_distributivity,3,collective_all,9,fr,French,social_interaction;health;news_public_affairs,15,25,10
2141,107001,107050,50,13,redundancy_cumulative_exponence,4,negative_concord,14,tr,Turkish,nature_environment;daily_life;education,15,25,10
2142,107051,107100,50,13,redundancy_cumulative_exponence,2,case_plus_adposition,11,es,Spanish,family_relationships;science_technology;nature_environment,15,25,10
2143,107101,107150,50,34,topic_comment_structure,1,topic_particle,15,fr,French,nature_environment;daily_life;education,15,25,10
2144,107151,107200,50,30,conditional_and_counterfactual_marking,4,inverted_or_markerless_conditional,11,en,English,nature_environment;daily_life;education,15,25,10
2145,107201,107250,50,15,number_marking,1,singular_plural_nominal,11,en,English,sports_recreation;workplace;travel_transport,15,25,10
2146,107251,107300,50,26,evidentiality,5,hearsay_or_attributed_evidence,12,bg,Bulgarian,social_interaction;health;news_public_affairs,15,25,10
2147,107301,107350,50,12,optionality_vs_obligatoriness_of_marking,5,optional_particle_or_case_context,7,es,Spanish,nature_environment;daily_life;education,15,25,10
2148,107351,107400,50,14,definiteness_and_specificity,5,specificity_sensitive_object_marking,2,es,Spanish,arts_culture;social_interaction;health,15,25,10
2149,107401,107450,50,27,mirativity_stance_and_affect_marking,1,mirative_particle_or_form,6,tr,Turkish,health;news_public_affairs;family_relationships,15,25,10
2150,107451,107500,50,38,speech_act_force_and_request_directness,3,declarative_hint_request,15,ja,Japanese,education;food_household;sports_recreation,15,25,10
2151,107501,107550,50,24,modality_and_mood,1,imperative_mood,2,fr,French,education;food_household;sports_recreation,15,25,10
2152,107551,107600,50,20,pronoun_richness_and_reduction,4,weak_vs_strong_pronoun,12,it,Italian,nature_environment;daily_life;education,15,25,10
2153,107601,107650,50,8,causativity_and_valency_change,4,double_or_indirect_causation,6,tr,Turkish,sports_recreation;workplace;travel_transport,15,25,10
2154,107651,107700,50,26,evidentiality,1,grammatical_reportative,8,en,English,nature_environment;daily_life;education,15,25,10
2155,107701,107750,50,17,animacy_and_humanness,1,animate_inanimate_object_contrast,6,es,Spanish,family_relationships;science_technology;nature_environment,15,25,10
2156,107751,107800,50,38,speech_act_force_and_request_directness,3,declarative_hint_request,10,ja,Japanese,science_technology;nature_environment;daily_life,15,25,10
2157,107801,107850,50,15,number_marking,2,dual_number,13,ru,Russian,sports_recreation;workplace;travel_transport,15,25,10
2158,107851,107900,50,29,quantifier_scope_and_distributivity,2,distributive_each,12,de,German,family_relationships;science_technology;nature_environment,15,25,10
2159,107901,107950,50,22,tense_prominence,1,simple_past_present_future,11,en,English,nature_environment;daily_life;education,15,25,10
2160,107951,108000,50,16,gender_noun_class,4,participle_or_predicate_agreement,4,ar,Arabic,health;news_public_affairs;family_relationships,15,25,10
2161,108001,108050,50,22,tense_prominence,3,sequence_of_tense,14,de,German,education;food_household;sports_recreation,15,25,10
2162,108051,108100,50,18,person_marking_and_person_hierarchy,3,local_vs_nonlocal_participants,15,fr,French,travel_transport;arts_culture;social_interaction,15,25,10
2163,108101,108150,50,39,deixis_and_perspective_anchoring,1,proximal_distal_demonstrative,9,tr,Turkish,family_relationships;science_technology;nature_environment,15,25,10
2164,108151,108200,50,36,genericity_and_kind_level_reference,1,bare_plural_generic,7,de,German,nature_environment;daily_life;education,15,25,10
2165,108201,108250,50,3,nominal_modifier_order,3,numeral_head_order,14,ar,Arabic,family_relationships;science_technology;nature_environment,15,25,10
2166,108251,108300,50,3,nominal_modifier_order,4,relative_clause_head_order,15,tr,Turkish,nature_environment;daily_life;education,15,25,10
2167,108301,108350,50,7,voice_and_agent_prominence,5,resultative_or_stative_passive,4,tr,Turkish,arts_culture;social_interaction;health,15,25,10
2168,108351,108400,50,9,analytic_vs_synthetic_encoding,2,synthetic_inflection,10,fi,Finnish,travel_transport;arts_culture;social_interaction,15,25,10
2169,108401,108450,50,33,discourse_relation_marking,4,temporal_sequence_relation,2,de,German,arts_culture;social_interaction;health,15,25,10
2170,108451,108500,50,37,social_deixis_honorifics_status_encoding,1,tu_vous_or_t_v_distinction,2,ko,Korean,education;food_household;sports_recreation,15,25,10
2171,108501,108550,50,18,person_marking_and_person_hierarchy,5,multi_person_indexing,9,eu,Basque,nature_environment;daily_life;education,15,25,10
2172,108551,108600,50,24,modality_and_mood,2,subjunctive_or_irrealis,6,es,Spanish,family_relationships;science_technology;nature_environment,15,25,10
2173,108601,108650,50,6,transitivity_valency,5,valency_reduction_or_argument_omission,6,en,English,family_relationships;science_technology;nature_environment,15,25,10
2174,108651,108700,50,18,person_marking_and_person_hierarchy,3,local_vs_nonlocal_participants,1,es,Spanish,social_interaction;health;news_public_affairs,15,25,10
2175,108701,108750,50,4,case_marking,4,locative_ablative_or_instrumental,14,de,German,arts_culture;social_interaction;health,15,25,10
2176,108751,108800,50,20,pronoun_richness_and_reduction,1,overt_full_pronoun,6,es,Spanish,nature_environment;daily_life;education,15,25,10
2177,108801,108850,50,22,tense_prominence,1,simple_past_present_future,14,de,German,arts_culture;social_interaction;health,15,25,10
2178,108851,108900,50,33,discourse_relation_marking,4,temporal_sequence_relation,7,de,German,news_public_affairs;family_relationships;science_technology,15,25,10
2179,108901,108950,50,18,person_marking_and_person_hierarchy,4,person_sensitive_argument_marking,5,fr,French,sports_recreation;workplace;travel_transport,15,25,10
2180,108951,109000,50,30,conditional_and_counterfactual_marking,1,real_conditional,8,fr,French,arts_culture;social_interaction;health,15,25,10
2181,109001,109050,50,6,transitivity_valency,3,ditransitive_clause,12,es,Spanish,sports_recreation;workplace;travel_transport,15,25,10
2182,109051,109100,50,9,analytic_vs_synthetic_encoding,4,morphologically_bundled_case_possession,6,en,English,health;news_public_affairs;family_relationships,15,25,10
2183,109101,109150,50,40,orthographic_and_tokenization_interface,5,alphanumeric_hashtag_or_filename_like_token,6,en,English,science_technology;nature_environment;daily_life,15,25,10
2184,109151,109200,50,40,orthographic_and_tokenization_interface,4,natural_punctuation_attachment,12,de,German,health;news_public_affairs;family_relationships,15,25,10
2185,109201,109250,50,19,inclusive_exclusive_distinction,2,exclusive_we_reference,2,ta,Tamil,arts_culture;social_interaction;health,15,25,10
2186,109251,109300,50,3,nominal_modifier_order,2,possessor_head_order,4,ar,Arabic,daily_life;education;food_household,15,25,10
2187,109301,109350,50,1,subject_expression_pro_drop,5,agreement_supported_null_subject,12,es,Spanish,nature_environment;daily_life;education,15,25,10
2188,109351,109400,50,29,quantifier_scope_and_distributivity,5,numeral_or_indefinite_distributivity,1,en,English,travel_transport;arts_culture;social_interaction,15,25,10
2189,109401,109450,50,10,morphological_segmentation_type,4,productive_compounding,1,tr,Turkish,family_relationships;science_technology;nature_environment,15,25,10
2190,109451,109500,50,12,optionality_vs_obligatoriness_of_marking,4,obligatory_agreement_context,14,ja,Japanese,social_interaction;health;news_public_affairs,15,25,10
2191,109501,109550,50,35,focus_and_given_new_marking,2,focus_particle,6,en,English,daily_life;education;food_household,15,25,10
2192,109551,109600,50,27,mirativity_stance_and_affect_marking,1,mirative_particle_or_form,3,ko,Korean,education;food_household;sports_recreation,15,25,10
2193,109601,109650,50,19,inclusive_exclusive_distinction,2,exclusive_we_reference,3,te,Telugu,workplace;travel_transport;arts_culture,15,25,10
2194,109651,109700,50,14,definiteness_and_specificity,1,definite_indefinite_article,11,en,English,science_technology;nature_environment;daily_life,15,25,10
2195,109701,109750,50,6,transitivity_valency,5,valency_reduction_or_argument_omission,11,en,English,daily_life;education;food_household,15,25,10
2196,109751,109800,50,24,modality_and_mood,5,conditional_mood,12,fr,French,family_relationships;science_technology;nature_environment,15,25,10
2197,109801,109850,50,13,redundancy_cumulative_exponence,1,agreement_redundancy,12,ru,Russian,workplace;travel_transport;arts_culture,15,25,10
2198,109851,109900,50,40,orthographic_and_tokenization_interface,2,apostrophe_or_clitic_orthography,13,fr,French,science_technology;nature_environment;daily_life,15,25,10
2199,109901,109950,50,4,case_marking,3,genitive_possession,15,hi,Hindi,daily_life;education;food_household,15,25,10
2200,109951,110000,50,2,basic_constituent_order,5,topicalized_argument_order,6,en,English,sports_recreation;workplace;travel_transport,15,25,10
2201,110001,110050,50,8,causativity_and_valency_change,2,periphrastic_causative,1,tr,Turkish,travel_transport;arts_culture;social_interaction,15,25,10
2202,110051,110100,50,31,subordination_and_embedding,1,finite_complement_clause,3,es,Spanish,health;news_public_affairs;family_relationships,15,25,10
2203,110101,110150,50,4,case_marking,3,genitive_possession,6,tr,Turkish,travel_transport;arts_culture;social_interaction,15,25,10
2204,110151,110200,50,2,basic_constituent_order,5,topicalized_argument_order,5,ja,Japanese,travel_transport;arts_culture;social_interaction,15,25,10
2205,110201,110250,50,36,genericity_and_kind_level_reference,2,singular_generic,5,ru,Russian,social_interaction;health;news_public_affairs,15,25,10
2206,110251,110300,50,9,analytic_vs_synthetic_encoding,2,synthetic_inflection,11,en,English,sports_recreation;workplace;travel_transport,15,25,10
2207,110301,110350,50,3,nominal_modifier_order,4,relative_clause_head_order,2,es,Spanish,nature_environment;daily_life;education,15,25,10
2208,110351,110400,50,21,possession_and_alienability,1,body_part_possession,5,hi,Hindi,arts_culture;social_interaction;health,15,25,10
2209,110401,110450,50,36,genericity_and_kind_level_reference,2,singular_generic,4,es,Spanish,news_public_affairs;family_relationships;science_technology,15,25,10
2210,110451,110500,50,5,morphosyntactic_alignment,2,intransitive_subject_alignment,2,hi,Hindi,education;food_household;sports_recreation,15,25,10
2211,110501,110550,50,11,agreement_indexing_density,3,nominal_gender_number_agreement,9,ar,Arabic,health;news_public_affairs;family_relationships,15,25,10
2212,110551,110600,50,16,gender_noun_class,3,pronoun_gender_agreement,2,es,Spanish,health;news_public_affairs;family_relationships,15,25,10
2213,110601,110650,50,30,conditional_and_counterfactual_marking,5,conditional_mood_form,15,tr,Turkish,health;news_public_affairs;family_relationships,15,25,10
2214,110651,110700,50,9,analytic_vs_synthetic_encoding,5,agglutinative_multi_feature_word,6,en,English,nature_environment;daily_life;education,15,25,10
2215,110701,110750,50,29,quantifier_scope_and_distributivity,1,universal_existential_scope,6,en,English,travel_transport;arts_culture;social_interaction,15,25,10
2216,110751,110800,50,23,aspect_and_event_structure,5,inchoative_or_resultative_event,15,bg,Bulgarian,nature_environment;daily_life;education,15,25,10
2217,110801,110850,50,13,redundancy_cumulative_exponence,1,agreement_redundancy,15,en,English,science_technology;nature_environment;daily_life,15,25,10
2218,110851,110900,50,25,epistemic_modality,2,probability_statement,11,en,English,travel_transport;arts_culture;social_interaction,15,25,10
2219,110901,110950,50,29,quantifier_scope_and_distributivity,5,numeral_or_indefinite_distributivity,3,es,Spanish,education;food_household;sports_recreation,15,25,10
2220,110951,111000,50,8,causativity_and_valency_change,3,lexical_causative,12,ja,Japanese,daily_life;education;food_household,15,25,10
2221,111001,111050,50,22,tense_prominence,1,simple_past_present_future,12,es,Spanish,family_relationships;science_technology;nature_environment,15,25,10
2222,111051,111100,50,23,aspect_and_event_structure,3,habitual_aspect,1,ru,Russian,arts_culture;social_interaction;health,15,25,10
2223,111101,111150,50,1,subject_expression_pro_drop,1,overt_vs_null_subject,8,it,Italian,workplace;travel_transport;arts_culture,15,25,10
2224,111151,111200,50,28,negation_and_polarity_structure,4,negative_polarity_item_context,11,en,English,food_household;sports_recreation;workplace,15,25,10
2225,111201,111250,50,12,optionality_vs_obligatoriness_of_marking,1,optional_subject_expression,4,ja,Japanese,food_household;sports_recreation;workplace,15,25,10
2226,111251,111300,50,25,epistemic_modality,4,certainty_or_high_commitment,15,tr,Turkish,travel_transport;arts_culture;social_interaction,15,25,10
2227,111301,111350,50,37,social_deixis_honorifics_status_encoding,3,honorific_verb_or_morphology,6,ja,Japanese,education;food_household;sports_recreation,15,25,10
2228,111351,111400,50,5,morphosyntactic_alignment,4,experiencer_or_dative_subject,11,eu,Basque,workplace;travel_transport;arts_culture,15,25,10
2229,111401,111450,50,16,gender_noun_class,4,participle_or_predicate_agreement,2,es,Spanish,nature_environment;daily_life;education,15,25,10
2230,111451,111500,50,8,causativity_and_valency_change,2,periphrastic_causative,4,hi,Hindi,nature_environment;daily_life;education,15,25,10
2231,111501,111550,50,17,animacy_and_humanness,5,reflexive_or_reciprocal_humanness_context,13,hi,Hindi,nature_environment;daily_life;education,15,25,10
2232,111551,111600,50,3,nominal_modifier_order,1,adjective_head_order,1,en,English,food_household;sports_recreation;workplace,15,25,10
2233,111601,111650,50,38,speech_act_force_and_request_directness,5,mitigated_or_polite_request,11,en,English,workplace;travel_transport;arts_culture,15,25,10
2234,111651,111700,50,13,redundancy_cumulative_exponence,3,gender_number_across_phrase,15,en,English,arts_culture;social_interaction;health,15,25,10
2235,111701,111750,50,4,case_marking,2,dative_recipient_or_goal,9,de,German,health;news_public_affairs;family_relationships,15,25,10
2236,111751,111800,50,1,subject_expression_pro_drop,5,agreement_supported_null_subject,2,es,Spanish,arts_culture;social_interaction;health,15,25,10
2237,111801,111850,50,38,speech_act_force_and_request_directness,3,declarative_hint_request,13,es,Spanish,travel_transport;arts_culture;social_interaction,15,25,10
2238,111851,111900,50,36,genericity_and_kind_level_reference,4,kind_denoting_reference,4,es,Spanish,workplace;travel_transport;arts_culture,15,25,10
2239,111901,111950,50,12,optionality_vs_obligatoriness_of_marking,3,optional_complementizer_context,12,es,Spanish,social_interaction;health;news_public_affairs,15,25,10
2240,111951,112000,50,17,animacy_and_humanness,2,human_nonhuman_reference,2,ru,Russian,news_public_affairs;family_relationships;science_technology,15,25,10
2241,112001,112050,50,27,mirativity_stance_and_affect_marking,5,unexpected_discovery_context,11,tr,Turkish,education;food_household;sports_recreation,15,25,10
2242,112051,112100,50,15,number_marking,3,numeral_plus_number_morphology,12,ar,Arabic,news_public_affairs;family_relationships;science_technology,15,25,10
2243,112101,112150,50,9,analytic_vs_synthetic_encoding,5,agglutinative_multi_feature_word,4,es,Spanish,sports_recreation;workplace;travel_transport,15,25,10
2244,112151,112200,50,25,epistemic_modality,4,certainty_or_high_commitment,2,de,German,travel_transport;arts_culture;social_interaction,15,25,10
2245,112201,112250,50,20,pronoun_richness_and_reduction,2,null_or_reduced_pronoun,5,en,English,travel_transport;arts_culture;social_interaction,15,25,10
2246,112251,112300,50,13,redundancy_cumulative_exponence,3,gender_number_across_phrase,11,es,Spanish,education;food_household;sports_recreation,15,25,10
2247,112301,112350,50,15,number_marking,5,number_agreement,3,ru,Russian,news_public_affairs;family_relationships;science_technology,15,25,10
2248,112351,112400,50,31,subordination_and_embedding,3,adverbial_subordinate_clause,11,en,English,daily_life;education;food_household,15,25,10
2249,112401,112450,50,30,conditional_and_counterfactual_marking,3,past_counterfactual,9,de,German,nature_environment;daily_life;education,15,25,10
2250,112451,112500,50,35,focus_and_given_new_marking,5,wh_or_answer_focus_context,8,es,Spanish,health;news_public_affairs;family_relationships,15,25,10
2251,112501,112550,50,10,morphological_segmentation_type,3,clitic_sequence,11,tr,Turkish,nature_environment;daily_life;education,15,25,10
2252,112551,112600,50,11,agreement_indexing_density,3,nominal_gender_number_agreement,14,ar,Arabic,science_technology;nature_environment;daily_life,15,25,10
2253,112601,112650,50,32,quotation_and_reported_speech_structure,5,mixed_or_shifted_report_structure,7,ja,Japanese,health;news_public_affairs;family_relationships,15,25,10
2254,112651,112700,50,22,tense_prominence,3,sequence_of_tense,1,en,English,education;food_household;sports_recreation,15,25,10
2255,112701,112750,50,23,aspect_and_event_structure,5,inchoative_or_resultative_event,11,ru,Russian,social_interaction;health;news_public_affairs,15,25,10
2256,112751,112800,50,18,person_marking_and_person_hierarchy,4,person_sensitive_argument_marking,6,es,Spanish,education;food_household;sports_recreation,15,25,10
2257,112801,112850,50,37,social_deixis_honorifics_status_encoding,2,honorific_title_or_address,9,de,German,workplace;travel_transport;arts_culture,15,25,10
2258,112851,112900,50,2,basic_constituent_order,2,object_fronting,11,en,English,social_interaction;health;news_public_affairs,15,25,10
2259,112901,112950,50,14,definiteness_and_specificity,3,demonstrative_definiteness,1,en,English,daily_life;education;food_household,15,25,10
2260,112951,113000,50,12,optionality_vs_obligatoriness_of_marking,3,optional_complementizer_context,11,en,English,news_public_affairs;family_relationships;science_technology,15,25,10
2261,113001,113050,50,31,subordination_and_embedding,2,relative_clause,1,en,English,sports_recreation;workplace;travel_transport,15,25,10
2262,113051,113100,50,32,quotation_and_reported_speech_structure,5,mixed_or_shifted_report_structure,3,tr,Turkish,sports_recreation;workplace;travel_transport,15,25,10
2263,113101,113150,50,6,transitivity_valency,4,ambitransitive_alternation,10,ru,Russian,science_technology;nature_environment;daily_life,15,25,10
2264,113151,113200,50,35,focus_and_given_new_marking,1,cleft_focus,4,de,German,daily_life;education;food_household,15,25,10
2265,113201,113250,50,27,mirativity_stance_and_affect_marking,2,exclamative_surprise,5,en,English,education;food_household;sports_recreation,15,25,10
2266,113251,113300,50,30,conditional_and_counterfactual_marking,4,inverted_or_markerless_conditional,10,tr,Turkish,education;food_household;sports_recreation,15,25,10
2267,113301,113350,50,11,agreement_indexing_density,3,nominal_gender_number_agreement,4,ar,Arabic,travel_transport;arts_culture;social_interaction,15,25,10
2268,113351,113400,50,12,optionality_vs_obligatoriness_of_marking,5,optional_particle_or_case_context,8,tr,Turkish,family_relationships;science_technology;nature_environment,15,25,10
2269,113401,113450,50,38,speech_act_force_and_request_directness,3,declarative_hint_request,11,en,English,news_public_affairs;family_relationships;science_technology,15,25,10
2270,113451,113500,50,1,subject_expression_pro_drop,1,overt_vs_null_subject,12,es,Spanish,news_public_affairs;family_relationships;science_technology,15,25,10
2271,113501,113550,50,14,definiteness_and_specificity,3,demonstrative_definiteness,14,tr,Turkish,daily_life;education;food_household,15,25,10
2272,113551,113600,50,19,inclusive_exclusive_distinction,3,inclusive_agreement_or_indexing,4,id,Indonesian,arts_culture;social_interaction;health,15,25,10
2273,113601,113650,50,7,voice_and_agent_prominence,4,impersonal_passive,11,en,English,education;food_household;sports_recreation,15,25,10
2274,113651,113700,50,18,person_marking_and_person_hierarchy,5,multi_person_indexing,4,eu,Basque,news_public_affairs;family_relationships;science_technology,15,25,10
2275,113701,113750,50,23,aspect_and_event_structure,1,progressive_or_imperfective,12,es,Spanish,food_household;sports_recreation;workplace,15,25,10
2276,113751,113800,50,17,animacy_and_humanness,2,human_nonhuman_reference,1,es,Spanish,science_technology;nature_environment;daily_life,15,25,10
2277,113801,113850,50,25,epistemic_modality,4,certainty_or_high_commitment,13,fr,French,news_public_affairs;family_relationships;science_technology,15,25,10
2278,113851,113900,50,10,morphological_segmentation_type,2,fusional_inflection,13,ru,Russian,workplace;travel_transport;arts_culture,15,25,10
2279,113901,113950,50,37,social_deixis_honorifics_status_encoding,5,status_conditioned_request_or_reference,14,de,German,arts_culture;social_interaction;health,15,25,10
2280,113951,114000,50,23,aspect_and_event_structure,2,perfective_completed_event,12,es,Spanish,arts_culture;social_interaction;health,15,25,10
2281,114001,114050,50,5,morphosyntactic_alignment,3,ergative_perfective_alignment,6,eu,Basque,family_relationships;science_technology;nature_environment,15,25,10
2282,114051,114100,50,25,epistemic_modality,2,probability_statement,4,es,Spanish,arts_culture;social_interaction;health,15,25,10
2283,114101,114150,50,12,optionality_vs_obligatoriness_of_marking,4,obligatory_agreement_context,9,ja,Japanese,workplace;travel_transport;arts_culture,15,25,10
2284,114151,114200,50,29,quantifier_scope_and_distributivity,3,collective_all,1,en,English,family_relationships;science_technology;nature_environment,15,25,10
2285,114201,114250,50,8,causativity_and_valency_change,3,lexical_causative,3,ko,Korean,travel_transport;arts_culture;social_interaction,15,25,10
2286,114251,114300,50,18,person_marking_and_person_hierarchy,1,first_second_third_person_agreement,5,fr,French,workplace;travel_transport;arts_culture,15,25,10
2287,114301,114350,50,3,nominal_modifier_order,4,relative_clause_head_order,10,tr,Turkish,news_public_affairs;family_relationships;science_technology,15,25,10
2288,114351,114400,50,25,epistemic_modality,3,inferential_epistemic,13,fr,French,travel_transport;arts_culture;social_interaction,15,25,10
2289,114401,114450,50,31,subordination_and_embedding,4,nested_embedding,9,tr,Turkish,health;news_public_affairs;family_relationships,15,25,10
2290,114451,114500,50,23,aspect_and_event_structure,3,habitual_aspect,9,tr,Turkish,sports_recreation;workplace;travel_transport,15,25,10
2291,114501,114550,50,30,conditional_and_counterfactual_marking,4,inverted_or_markerless_conditional,7,es,Spanish,social_interaction;health;news_public_affairs,15,25,10
2292,114551,114600,50,1,subject_expression_pro_drop,5,agreement_supported_null_subject,5,ja,Japanese,daily_life;education;food_household,15,25,10
2293,114601,114650,50,21,possession_and_alienability,1,body_part_possession,9,ru,Russian,science_technology;nature_environment;daily_life,15,25,10
2294,114651,114700,50,19,inclusive_exclusive_distinction,1,inclusive_we_reference,13,id,Indonesian,arts_culture;social_interaction;health,15,25,10
2295,114701,114750,50,13,redundancy_cumulative_exponence,5,tense_plus_temporal_adverb,9,tr,Turkish,daily_life;education;food_household,15,25,10
2296,114751,114800,50,9,analytic_vs_synthetic_encoding,4,morphologically_bundled_case_possession,8,de,German,workplace;travel_transport;arts_culture,15,25,10
2297,114801,114850,50,32,quotation_and_reported_speech_structure,5,mixed_or_shifted_report_structure,14,de,German,social_interaction;health;news_public_affairs,15,25,10
2298,114851,114900,50,3,nominal_modifier_order,2,possessor_head_order,11,en,English,nature_environment;daily_life;education,15,25,10
2299,114901,114950,50,3,nominal_modifier_order,3,numeral_head_order,15,tr,Turkish,health;news_public_affairs;family_relationships,15,25,10
2300,114951,115000,50,14,definiteness_and_specificity,4,specific_indefinite_reference,7,es,Spanish,travel_transport;arts_culture;social_interaction,15,25,10
2301,115001,115050,50,14,definiteness_and_specificity,5,specificity_sensitive_object_marking,10,ar,Arabic,sports_recreation;workplace;travel_transport,15,25,10
2302,115051,115100,50,5,morphosyntactic_alignment,5,alignment_under_voice_change,13,ur,Urdu,workplace;travel_transport;arts_culture,15,25,10
2303,115101,115150,50,34,topic_comment_structure,5,contrastive_topic,11,ja,Japanese,family_relationships;science_technology;nature_environment,15,25,10
2304,115151,115200,50,34,topic_comment_structure,4,hanging_topic,9,en,English,family_relationships;science_technology;nature_environment,15,25,10
2305,115201,115250,50,1,subject_expression_pro_drop,4,contrastive_overt_pronoun,11,tr,Turkish,family_relationships;science_technology;nature_environment,15,25,10
2306,115251,115300,50,28,negation_and_polarity_structure,1,sentential_negation,5,tr,Turkish,food_household;sports_recreation;workplace,15,25,10
2307,115301,115350,50,39,deixis_and_perspective_anchoring,4,temporal_deixis,12,ja,Japanese,sports_recreation;workplace;travel_transport,15,25,10
2308,115351,115400,50,19,inclusive_exclusive_distinction,5,inclusive_exclusive_planning_or_command_context,13,id,Indonesian,news_public_affairs;family_relationships;science_technology,15,25,10
2309,115401,115450,50,6,transitivity_valency,4,ambitransitive_alternation,7,es,Spanish,workplace;travel_transport;arts_culture,15,25,10
2310,115451,115500,50,15,number_marking,4,collective_or_group_reference,15,hi,Hindi,social_interaction;health;news_public_affairs,15,25,10
2311,115501,115550,50,26,evidentiality,3,lexical_reportative,6,tr,Turkish,science_technology;nature_environment;daily_life,15,25,10
2312,115551,115600,50,12,optionality_vs_obligatoriness_of_marking,1,optional_subject_expression,9,ja,Japanese,travel_transport;arts_culture;social_interaction,15,25,10
2313,115601,115650,50,12,optionality_vs_obligatoriness_of_marking,2,article_obligatoriness_context,13,tr,Turkish,education;food_household;sports_recreation,15,25,10
2314,115651,115700,50,17,animacy_and_humanness,1,animate_inanimate_object_contrast,3,hi,Hindi,sports_recreation;workplace;travel_transport,15,25,10
2315,115701,115750,50,24,modality_and_mood,1,imperative_mood,12,fr,French,social_interaction;health;news_public_affairs,15,25,10
2316,115751,115800,50,19,inclusive_exclusive_distinction,1,inclusive_we_reference,3,te,Telugu,daily_life;education;food_household,15,25,10
2317,115801,115850,50,24,modality_and_mood,3,deontic_obligation,7,fr,French,nature_environment;daily_life;education,15,25,10
2318,115851,115900,50,38,speech_act_force_and_request_directness,2,interrogative_request,11,en,English,travel_transport;arts_culture;social_interaction,15,25,10
2319,115901,115950,50,30,conditional_and_counterfactual_marking,5,conditional_mood_form,2,es,Spanish,health;news_public_affairs;family_relationships,15,25,10
2320,115951,116000,50,14,definiteness_and_specificity,5,specificity_sensitive_object_marking,7,es,Spanish,news_public_affairs;family_relationships;science_technology,15,25,10
2321,116001,116050,50,18,person_marking_and_person_hierarchy,4,person_sensitive_argument_marking,8,hi,Hindi,family_relationships;science_technology;nature_environment,15,25,10
2322,116051,116100,50,21,possession_and_alienability,2,kinship_possession,5,hi,Hindi,family_relationships;science_technology;nature_environment,15,25,10
2323,116101,116150,50,25,epistemic_modality,1,possibility_statement,3,fr,French,workplace;travel_transport;arts_culture,15,25,10
2324,116151,116200,50,36,genericity_and_kind_level_reference,4,kind_denoting_reference,6,en,English,daily_life;education;food_household,15,25,10
2325,116201,116250,50,17,animacy_and_humanness,4,animacy_sensitive_case_or_order,9,ja,Japanese,sports_recreation;workplace;travel_transport,15,25,10
2326,116251,116300,50,30,conditional_and_counterfactual_marking,3,past_counterfactual,11,en,English,health;news_public_affairs;family_relationships,15,25,10
2327,116301,116350,50,14,definiteness_and_specificity,2,bare_vs_determined_noun,11,en,English,food_household;sports_recreation;workplace,15,25,10
2328,116351,116400,50,12,optionality_vs_obligatoriness_of_marking,2,article_obligatoriness_context,11,en,English,travel_transport;arts_culture;social_interaction,15,25,10
2329,116401,116450,50,1,subject_expression_pro_drop,1,overt_vs_null_subject,5,ja,Japanese,family_relationships;science_technology;nature_environment,15,25,10
2330,116451,116500,50,30,conditional_and_counterfactual_marking,5,conditional_mood_form,3,fr,French,arts_culture;social_interaction;health,15,25,10
2331,116501,116550,50,39,deixis_and_perspective_anchoring,5,perspective_shift_in_report_or_narration,8,es,Spanish,food_household;sports_recreation;workplace,15,25,10
2332,116551,116600,50,29,quantifier_scope_and_distributivity,1,universal_existential_scope,3,es,Spanish,science_technology;nature_environment;daily_life,15,25,10
2333,116601,116650,50,31,subordination_and_embedding,2,relative_clause,2,de,German,education;food_household;sports_recreation,15,25,10
2334,116651,116700,50,8,causativity_and_valency_change,1,morphological_causative,11,tr,Turkish,social_interaction;health;news_public_affairs,15,25,10
2335,116701,116750,50,25,epistemic_modality,2,probability_statement,10,tr,Turkish,social_interaction;health;news_public_affairs,15,25,10
2336,116751,116800,50,28,negation_and_polarity_structure,1,sentential_negation,15,tr,Turkish,health;news_public_affairs;family_relationships,15,25,10
2337,116801,116850,50,5,morphosyntactic_alignment,1,transitive_agent_patient_alignment,3,ur,Urdu,health;news_public_affairs;family_relationships,15,25,10
2338,116851,116900,50,5,morphosyntactic_alignment,4,experiencer_or_dative_subject,14,tr,Turkish,science_technology;nature_environment;daily_life,15,25,10
2339,116901,116950,50,18,person_marking_and_person_hierarchy,2,clitic_person_marking,4,eu,Basque,family_relationships;science_technology;nature_environment,15,25,10
2340,116951,117000,50,29,quantifier_scope_and_distributivity,1,universal_existential_scope,15,ru,Russian,daily_life;education;food_household,15,25,10
2341,117001,117050,50,23,aspect_and_event_structure,5,inchoative_or_resultative_event,3,en,English,family_relationships;science_technology;nature_environment,15,25,10
2342,117051,117100,50,26,evidentiality,1,grammatical_reportative,2,bg,Bulgarian,science_technology;nature_environment;daily_life,15,25,10
2343,117101,117150,50,24,modality_and_mood,1,imperative_mood,6,es,Spanish,arts_culture;social_interaction;health,15,25,10
2344,117151,117200,50,30,conditional_and_counterfactual_marking,4,inverted_or_markerless_conditional,9,de,German,sports_recreation;workplace;travel_transport,15,25,10
2345,117201,117250,50,22,tense_prominence,4,future_marking,7,es,Spanish,arts_culture;social_interaction;health,15,25,10
2346,117251,117300,50,30,conditional_and_counterfactual_marking,2,hypothetical_conditional,14,de,German,science_technology;nature_environment;daily_life,15,25,10
2347,117301,117350,50,29,quantifier_scope_and_distributivity,4,negation_quantifier_scope,6,en,English,workplace;travel_transport;arts_culture,15,25,10
2348,117351,117400,50,1,subject_expression_pro_drop,2,discourse_recoverable_subject_omission,8,it,Italian,health;news_public_affairs;family_relationships,15,25,10
2349,117401,117450,50,12,optionality_vs_obligatoriness_of_marking,4,obligatory_agreement_context,15,fr,French,travel_transport;arts_culture;social_interaction,15,25,10
2350,117451,117500,50,22,tense_prominence,1,simple_past_present_future,6,en,English,news_public_affairs;family_relationships;science_technology,15,25,10
2351,117501,117550,50,32,quotation_and_reported_speech_structure,5,mixed_or_shifted_report_structure,1,en,English,social_interaction;health;news_public_affairs,15,25,10
2352,117551,117600,50,27,mirativity_stance_and_affect_marking,3,evaluative_stance_adverbial,3,ko,Korean,news_public_affairs;family_relationships;science_technology,15,25,10
2353,117601,117650,50,27,mirativity_stance_and_affect_marking,4,stance_particle,10,en,English,nature_environment;daily_life;education,15,25,10
2354,117651,117700,50,2,basic_constituent_order,1,canonical_clause_order,13,tr,Turkish,nature_environment;daily_life;education,15,25,10
2355,117701,117750,50,26,evidentiality,5,hearsay_or_attributed_evidence,2,bg,Bulgarian,education;food_household;sports_recreation,15,25,10
2356,117751,117800,50,20,pronoun_richness_and_reduction,3,clitic_pronoun,13,fr,French,arts_culture;social_interaction;health,15,25,10
2357,117801,117850,50,10,morphological_segmentation_type,5,derivation_plus_inflection,2,fi,Finnish,nature_environment;daily_life;education,15,25,10
2358,117851,117900,50,1,subject_expression_pro_drop,4,contrastive_overt_pronoun,13,it,Italian,arts_culture;social_interaction;health,15,25,10
2359,117901,117950,50,30,conditional_and_counterfactual_marking,3,past_counterfactual,5,tr,Turkish,social_interaction;health;news_public_affairs,15,25,10
2360,117951,118000,50,7,voice_and_agent_prominence,5,resultative_or_stative_passive,2,de,German,family_relationships;science_technology;nature_environment,15,25,10
2361,118001,118050,50,33,discourse_relation_marking,3,concessive_relation,3,fr,French,daily_life;education;food_household,15,25,10
2362,118051,118100,50,10,morphological_segmentation_type,3,clitic_sequence,15,de,German,workplace;travel_transport;arts_culture,15,25,10
2363,118101,118150,50,11,agreement_indexing_density,3,nominal_gender_number_agreement,10,tr,Turkish,arts_culture;social_interaction;health,15,25,10
2364,118151,118200,50,17,animacy_and_humanness,3,animacy_sensitive_object_marking,6,es,Spanish,travel_transport;arts_culture;social_interaction,15,25,10
2365,118201,118250,50,2,basic_constituent_order,2,object_fronting,13,tr,Turkish,sports_recreation;workplace;travel_transport,15,25,10
2366,118251,118300,50,32,quotation_and_reported_speech_structure,2,indirect_report,8,tr,Turkish,social_interaction;health;news_public_affairs,15,25,10
2367,118301,118350,50,40,orthographic_and_tokenization_interface,5,alphanumeric_hashtag_or_filename_like_token,8,fr,French,social_interaction;health;news_public_affairs,15,25,10
2368,118351,118400,50,1,subject_expression_pro_drop,4,contrastive_overt_pronoun,4,pt,Portuguese,science_technology;nature_environment;daily_life,15,25,10
2369,118401,118450,50,10,morphological_segmentation_type,5,derivation_plus_inflection,13,ru,Russian,sports_recreation;workplace;travel_transport,15,25,10
2370,118451,118500,50,9,analytic_vs_synthetic_encoding,4,morphologically_bundled_case_possession,13,de,German,social_interaction;health;news_public_affairs,15,25,10
2371,118501,118550,50,21,possession_and_alienability,5,existential_or_predicative_possession,12,fr,French,health;news_public_affairs;family_relationships,15,25,10
2372,118551,118600,50,26,evidentiality,4,direct_evidence_statement,6,tr,Turkish,food_household;sports_recreation;workplace,15,25,10
2373,118601,118650,50,17,animacy_and_humanness,3,animacy_sensitive_object_marking,7,ru,Russian,sports_recreation;workplace;travel_transport,15,25,10
2374,118651,118700,50,32,quotation_and_reported_speech_structure,5,mixed_or_shifted_report_structure,9,de,German,workplace;travel_transport;arts_culture,15,25,10
2375,118701,118750,50,36,genericity_and_kind_level_reference,4,kind_denoting_reference,3,fr,French,arts_culture;social_interaction;health,15,25,10
2376,118751,118800,50,37,social_deixis_honorifics_status_encoding,4,humble_or_deferential_form,3,fr,French,science_technology;nature_environment;daily_life,15,25,10
2377,118801,118850,50,22,tense_prominence,5,tense_with_independent_time_adverb,11,en,English,food_household;sports_recreation;workplace,15,25,10
2378,118851,118900,50,29,quantifier_scope_and_distributivity,2,distributive_each,6,en,English,news_public_affairs;family_relationships;science_technology,15,25,10
2379,118901,118950,50,23,aspect_and_event_structure,4,telic_atelic_contrast,2,es,Spanish,health;news_public_affairs;family_relationships,15,25,10
2380,118951,119000,50,37,social_deixis_honorifics_status_encoding,2,honorific_title_or_address,15,hi,Hindi,travel_transport;arts_culture;social_interaction,15,25,10
2381,119001,119050,50,22,tense_prominence,4,future_marking,10,tr,Turkish,daily_life;education;food_household,15,25,10
2382,119051,119100,50,33,discourse_relation_marking,3,concessive_relation,7,de,German,travel_transport;arts_culture;social_interaction,15,25,10
2383,119101,119150,50,19,inclusive_exclusive_distinction,4,exclusive_agreement_or_indexing,1,id,Indonesian,sports_recreation;workplace;travel_transport,15,25,10
2384,119151,119200,50,29,quantifier_scope_and_distributivity,1,universal_existential_scope,13,es,Spanish,workplace;travel_transport;arts_culture,15,25,10
2385,119201,119250,50,11,agreement_indexing_density,1,subject_verb_agreement,2,es,Spanish,education;food_household;sports_recreation,15,25,10
2386,119251,119300,50,9,analytic_vs_synthetic_encoding,1,analytic_tense_aspect,10,fi,Finnish,education;food_household;sports_recreation,15,25,10
2387,119301,119350,50,1,subject_expression_pro_drop,3,coordinated_subject_omission,4,pt,Portuguese,social_interaction;health;news_public_affairs,15,25,10
2388,119351,119400,50,6,transitivity_valency,1,intransitive_clause,14,de,German,workplace;travel_transport;arts_culture,15,25,10
2389,119401,119450,50,37,social_deixis_honorifics_status_encoding,3,honorific_verb_or_morphology,9,de,German,health;news_public_affairs;family_relationships,15,25,10
2390,119451,119500,50,26,evidentiality,1,grammatical_reportative,9,de,German,family_relationships;science_technology;nature_environment,15,25,10
2391,119501,119550,50,7,voice_and_agent_prominence,2,agentless_passive,15,ru,Russian,science_technology;nature_environment;daily_life,15,25,10
2392,119551,119600,50,2,basic_constituent_order,4,verb_initial_or_predicate_initial_order,3,tr,Turkish,travel_transport;arts_culture;social_interaction,15,25,10
2393,119601,119650,50,8,causativity_and_valency_change,2,periphrastic_causative,10,en,English,daily_life;education;food_household,15,25,10
2394,119651,119700,50,33,discourse_relation_marking,3,concessive_relation,2,de,German,food_household;sports_recreation;workplace,15,25,10
2395,119701,119750,50,16,gender_noun_class,5,gender_assignment_across_nouns,8,ru,Russian,workplace;travel_transport;arts_culture,15,25,10
2396,119751,119800,50,21,possession_and_alienability,1,body_part_possession,8,es,Spanish,daily_life;education;food_household,15,25,10
2397,119801,119850,50,6,transitivity_valency,3,ditransitive_clause,5,ru,Russian,workplace;travel_transport;arts_culture,15,25,10
2398,119851,119900,50,24,modality_and_mood,4,ability_or_possibility,1,es,Spanish,food_household;sports_recreation;workplace,15,25,10
2399,119901,119950,50,14,definiteness_and_specificity,4,specific_indefinite_reference,10,ar,Arabic,nature_environment;daily_life;education,15,25,10
2400,119951,120000,50,19,inclusive_exclusive_distinction,1,inclusive_we_reference,12,te,Telugu,health;news_public_affairs;family_relationships,15,25,10
2401,120001,120050,50,24,modality_and_mood,5,conditional_mood,10,tr,Turkish,education;food_household;sports_recreation,15,25,10
2402,120051,120100,50,20,pronoun_richness_and_reduction,5,pronoun_reduction_across_connected_clauses,13,fr,French,education;food_household;sports_recreation,15,25,10
2403,120101,120150,50,10,morphological_segmentation_type,1,agglutinative_multi_affix_word,13,ru,Russian,daily_life;education;food_household,15,25,10
2404,120151,120200,50,25,epistemic_modality,4,certainty_or_high_commitment,9,es,Spanish,workplace;travel_transport;arts_culture,15,25,10
2405,120201,120250,50,15,number_marking,2,dual_number,3,ru,Russian,family_relationships;science_technology;nature_environment,15,25,10
2406,120251,120300,50,40,orthographic_and_tokenization_interface,4,natural_punctuation_attachment,13,fr,French,arts_culture;social_interaction;health,15,25,10
2407,120301,120350,50,1,subject_expression_pro_drop,2,discourse_recoverable_subject_omission,12,es,Spanish,daily_life;education;food_household,15,25,10
2408,120351,120400,50,8,causativity_and_valency_change,4,double_or_indirect_causation,11,tr,Turkish,arts_culture;social_interaction;health,15,25,10
2409,120401,120450,50,23,aspect_and_event_structure,3,habitual_aspect,12,es,Spanish,family_relationships;science_technology;nature_environment,15,25,10
2410,120451,120500,50,11,agreement_indexing_density,1,subject_verb_agreement,3,ru,Russian,nature_environment;daily_life;education,15,25,10
2411,120501,120550,50,3,nominal_modifier_order,1,adjective_head_order,3,fr,French,science_technology;nature_environment;daily_life,15,25,10
2412,120551,120600,50,30,conditional_and_counterfactual_marking,2,hypothetical_conditional,9,de,German,health;news_public_affairs;family_relationships,15,25,10
2413,120601,120650,50,26,evidentiality,3,lexical_reportative,11,tr,Turkish,education;food_household;sports_recreation,15,25,10
2414,120651,120700,50,17,animacy_and_humanness,2,human_nonhuman_reference,7,ru,Russian,nature_environment;daily_life;education,15,25,10
2415,120701,120750,50,36,genericity_and_kind_level_reference,2,singular_generic,1,en,English,food_household;sports_recreation;workplace,15,25,10
2416,120751,120800,50,9,analytic_vs_synthetic_encoding,3,periphrastic_modality,10,fi,Finnish,news_public_affairs;family_relationships;science_technology,15,25,10
2417,120801,120850,50,3,nominal_modifier_order,5,multiple_modifier_order,8,fr,French,workplace;travel_transport;arts_culture,15,25,10
2418,120851,120900,50,40,orthographic_and_tokenization_interface,5,alphanumeric_hashtag_or_filename_like_token,2,de,German,arts_culture;social_interaction;health,15,25,10
2419,120901,120950,50,36,genericity_and_kind_level_reference,2,singular_generic,14,es,Spanish,food_household;sports_recreation;workplace,15,25,10
2420,120951,121000,50,32,quotation_and_reported_speech_structure,1,direct_quotation,11,en,English,family_relationships;science_technology;nature_environment,15,25,10
2421,121001,121050,50,34,topic_comment_structure,1,topic_particle,13,zh,Chinese,sports_recreation;workplace;travel_transport,15,25,10
2422,121051,121100,50,40,orthographic_and_tokenization_interface,2,apostrophe_or_clitic_orthography,6,en,English,nature_environment;daily_life;education,15,25,10
2423,121101,121150,50,26,evidentiality,5,hearsay_or_attributed_evidence,5,es,Spanish,health;news_public_affairs;family_relationships,15,25,10
2424,121151,121200,50,29,quantifier_scope_and_distributivity,4,negation_quantifier_scope,15,ru,Russian,nature_environment;daily_life;education,15,25,10
2425,121201,121250,50,29,quantifier_scope_and_distributivity,1,universal_existential_scope,10,ru,Russian,family_relationships;science_technology;nature_environment,15,25,10
2426,121251,121300,50,20,pronoun_richness_and_reduction,4,weak_vs_strong_pronoun,11,es,Spanish,education;food_household;sports_recreation,15,25,10
2427,121301,121350,50,10,morphological_segmentation_type,5,derivation_plus_inflection,15,de,German,nature_environment;daily_life;education,15,25,10
2428,121351,121400,50,13,redundancy_cumulative_exponence,3,gender_number_across_phrase,6,es,Spanish,science_technology;nature_environment;daily_life,15,25,10
2429,121401,121450,50,32,quotation_and_reported_speech_structure,3,quotative_particle_or_marker,10,es,Spanish,social_interaction;health;news_public_affairs,15,25,10
2430,121451,121500,50,36,genericity_and_kind_level_reference,4,kind_denoting_reference,12,de,German,education;food_household;sports_recreation,15,25,10
2431,121501,121550,50,17,animacy_and_humanness,4,animacy_sensitive_case_or_order,13,hi,Hindi,health;news_public_affairs;family_relationships,15,25,10
2432,121551,121600,50,34,topic_comment_structure,5,contrastive_topic,12,ko,Korean,health;news_public_affairs;family_relationships,15,25,10
2433,121601,121650,50,17,animacy_and_humanness,5,reflexive_or_reciprocal_humanness_context,9,ja,Japanese,social_interaction;health;news_public_affairs,15,25,10
2434,121651,121700,50,28,negation_and_polarity_structure,2,negative_concord,10,tr,Turkish,news_public_affairs;family_relationships;science_technology,15,25,10
2435,121701,121750,50,3,nominal_modifier_order,3,numeral_head_order,6,en,English,daily_life;education;food_household,15,25,10
2436,121751,121800,50,17,animacy_and_humanness,4,animacy_sensitive_case_or_order,15,tr,Turkish,workplace;travel_transport;arts_culture,15,25,10
2437,121801,121850,50,7,voice_and_agent_prominence,1,active_passive_alternation,4,tr,Turkish,sports_recreation;workplace;travel_transport,15,25,10
2438,121851,121900,50,7,voice_and_agent_prominence,5,resultative_or_stative_passive,7,de,German,daily_life;education;food_household,15,25,10
2439,121901,121950,50,26,evidentiality,2,grammatical_inferential,7,bg,Bulgarian,travel_transport;arts_culture;social_interaction,15,25,10
2440,121951,122000,50,2,basic_constituent_order,1,canonical_clause_order,15,ja,Japanese,health;news_public_affairs;family_relationships,15,25,10
2441,122001,122050,50,1,subject_expression_pro_drop,3,coordinated_subject_omission,2,es,Spanish,science_technology;nature_environment;daily_life,15,25,10
2442,122051,122100,50,7,voice_and_agent_prominence,5,resultative_or_stative_passive,5,ru,Russian,workplace;travel_transport;arts_culture,15,25,10
2443,122101,122150,50,37,social_deixis_honorifics_status_encoding,2,honorific_title_or_address,1,ja,Japanese,social_interaction;health;news_public_affairs,15,25,10
2444,122151,122200,50,38,speech_act_force_and_request_directness,1,direct_imperative_request,15,ja,Japanese,arts_culture;social_interaction;health,15,25,10
2445,122201,122250,50,21,possession_and_alienability,3,owned_object_possession,8,es,Spanish,health;news_public_affairs;family_relationships,15,25,10
2446,122251,122300,50,6,transitivity_valency,3,ditransitive_clause,15,ru,Russian,family_relationships;science_technology;nature_environment,15,25,10
2447,122301,122350,50,11,agreement_indexing_density,5,multi_argument_indexing,10,tr,Turkish,education;food_household;sports_recreation,15,25,10
2448,122351,122400,50,22,tense_prominence,3,sequence_of_tense,4,de,German,health;news_public_affairs;family_relationships,15,25,10
2449,122401,122450,50,26,evidentiality,1,grammatical_reportative,3,en,English,news_public_affairs;family_relationships;science_technology,15,25,10
2450,122451,122500,50,9,analytic_vs_synthetic_encoding,1,analytic_tense_aspect,3,de,German,food_household;sports_recreation;workplace,15,25,10
2451,122501,122550,50,19,inclusive_exclusive_distinction,2,exclusive_we_reference,8,ta,Tamil,social_interaction;health;news_public_affairs,15,25,10
2452,122551,122600,50,38,speech_act_force_and_request_directness,5,mitigated_or_polite_request,9,fr,French,health;news_public_affairs;family_relationships,15,25,10
2453,122601,122650,50,21,possession_and_alienability,2,kinship_possession,12,fr,French,news_public_affairs;family_relationships;science_technology,15,25,10
2454,122651,122700,50,36,genericity_and_kind_level_reference,5,generic_conditional_or_generalization,11,en,English,social_interaction;health;news_public_affairs,15,25,10
2455,122701,122750,50,30,conditional_and_counterfactual_marking,2,hypothetical_conditional,7,es,Spanish,nature_environment;daily_life;education,15,25,10
2456,122751,122800,50,27,mirativity_stance_and_affect_marking,3,evaluative_stance_adverbial,13,ko,Korean,food_household;sports_recreation;workplace,15,25,10
2457,122801,122850,50,2,basic_constituent_order,3,verb_final_order,14,ar,Arabic,travel_transport;arts_culture;social_interaction,15,25,10
2458,122851,122900,50,36,genericity_and_kind_level_reference,5,generic_conditional_or_generalization,2,de,German,nature_environment;daily_life;education,15,25,10
2459,122901,122950,50,4,case_marking,5,differential_object_marking,15,hi,Hindi,health;news_public_affairs;family_relationships,15,25,10
2460,122951,123000,50,1,subject_expression_pro_drop,5,agreement_supported_null_subject,15,ja,Japanese,arts_culture;social_interaction;health,15,25,10
2461,123001,123050,50,38,speech_act_force_and_request_directness,3,declarative_hint_request,14,fr,French,sports_recreation;workplace;travel_transport,15,25,10
2462,123051,123100,50,33,discourse_relation_marking,5,consequence_or_result_relation,3,fr,French,health;news_public_affairs;family_relationships,15,25,10
2463,123101,123150,50,30,conditional_and_counterfactual_marking,4,inverted_or_markerless_conditional,13,fr,French,health;news_public_affairs;family_relationships,15,25,10
2464,123151,123200,50,32,quotation_and_reported_speech_structure,4,reported_question,11,en,English,news_public_affairs;family_relationships;science_technology,15,25,10
2465,123201,123250,50,28,negation_and_polarity_structure,4,negative_polarity_item_context,13,fr,French,science_technology;nature_environment;daily_life,15,25,10
2466,123251,123300,50,1,subject_expression_pro_drop,5,agreement_supported_null_subject,11,tr,Turkish,education;food_household;sports_recreation,15,25,10
2467,123301,123350,50,30,conditional_and_counterfactual_marking,2,hypothetical_conditional,4,de,German,travel_transport;arts_culture;social_interaction,15,25,10
2468,123351,123400,50,7,voice_and_agent_prominence,3,middle_or_reflexive_voice,15,ru,Russian,food_household;sports_recreation;workplace,15,25,10
2469,123401,123450,50,25,epistemic_modality,3,inferential_epistemic,9,es,Spanish,daily_life;education;food_household,15,25,10
2470,123451,123500,50,3,nominal_modifier_order,3,numeral_head_order,3,fr,French,arts_culture;social_interaction;health,15,25,10
2471,123501,123550,50,36,genericity_and_kind_level_reference,2,singular_generic,6,en,English,travel_transport;arts_culture;social_interaction,15,25,10
2472,123551,123600,50,40,orthographic_and_tokenization_interface,1,hyphenation_or_compound_orthography,7,de,German,arts_culture;social_interaction;health,15,25,10
2473,123601,123650,50,31,subordination_and_embedding,5,nonfinite_or_infinitival_complement,5,ja,Japanese,social_interaction;health;news_public_affairs,15,25,10
2474,123651,123700,50,13,redundancy_cumulative_exponence,3,gender_number_across_phrase,3,fr,French,workplace;travel_transport;arts_culture,15,25,10
2475,123701,123750,50,13,redundancy_cumulative_exponence,5,tense_plus_temporal_adverb,10,en,English,science_technology;nature_environment;daily_life,15,25,10
2476,123751,123800,50,21,possession_and_alienability,5,existential_or_predicative_possession,13,es,Spanish,arts_culture;social_interaction;health,15,25,10
2477,123801,123850,50,13,redundancy_cumulative_exponence,3,gender_number_across_phrase,10,en,English,sports_recreation;workplace;travel_transport,15,25,10
2478,123851,123900,50,15,number_marking,2,dual_number,5,hi,Hindi,arts_culture;social_interaction;health,15,25,10
2479,123901,123950,50,39,deixis_and_perspective_anchoring,3,come_go_motion_perspective,6,en,English,science_technology;nature_environment;daily_life,15,25,10
2480,123951,124000,50,10,morphological_segmentation_type,1,agglutinative_multi_affix_word,12,fi,Finnish,food_household;sports_recreation;workplace,15,25,10
2481,124001,124050,50,1,subject_expression_pro_drop,1,overt_vs_null_subject,3,it,Italian,education;food_household;sports_recreation,15,25,10
2482,124051,124100,50,39,deixis_and_perspective_anchoring,5,perspective_shift_in_report_or_narration,3,es,Spanish,nature_environment;daily_life;education,15,25,10
2483,124101,124150,50,33,discourse_relation_marking,2,contrastive_relation,2,de,German,science_technology;nature_environment;daily_life,15,25,10
2484,124151,124200,50,3,nominal_modifier_order,5,multiple_modifier_order,2,es,Spanish,sports_recreation;workplace;travel_transport,15,25,10
2485,124201,124250,50,37,social_deixis_honorifics_status_encoding,5,status_conditioned_request_or_reference,12,ko,Korean,family_relationships;science_technology;nature_environment,15,25,10
2486,124251,124300,50,19,inclusive_exclusive_distinction,5,inclusive_exclusive_planning_or_command_context,15,te,Telugu,travel_transport;arts_culture;social_interaction,15,25,10
2487,124301,124350,50,7,voice_and_agent_prominence,3,middle_or_reflexive_voice,1,en,English,workplace;travel_transport;arts_culture,15,25,10
2488,124351,124400,50,38,speech_act_force_and_request_directness,2,interrogative_request,7,de,German,daily_life;education;food_household,15,25,10
2489,124401,124450,50,16,gender_noun_class,3,pronoun_gender_agreement,10,hi,Hindi,travel_transport;arts_culture;social_interaction,15,25,10
2490,124451,124500,50,37,social_deixis_honorifics_status_encoding,1,tu_vous_or_t_v_distinction,14,de,German,sports_recreation;workplace;travel_transport,15,25,10
2491,124501,124550,50,16,gender_noun_class,4,participle_or_predicate_agreement,14,ar,Arabic,education;food_household;sports_recreation,15,25,10
2492,124551,124600,50,36,genericity_and_kind_level_reference,4,kind_denoting_reference,7,de,German,science_technology;nature_environment;daily_life,15,25,10
2493,124601,124650,50,14,definiteness_and_specificity,2,bare_vs_determined_noun,15,ar,Arabic,social_interaction;health;news_public_affairs,15,25,10
2494,124651,124700,50,33,discourse_relation_marking,3,concessive_relation,12,de,German,health;news_public_affairs;family_relationships,15,25,10
2495,124701,124750,50,27,mirativity_stance_and_affect_marking,3,evaluative_stance_adverbial,14,es,Spanish,daily_life;education;food_household,15,25,10
2496,124751,124800,50,26,evidentiality,3,lexical_reportative,13,en,English,family_relationships;science_technology;nature_environment,15,25,10
2497,124801,124850,50,33,discourse_relation_marking,3,concessive_relation,9,es,Spanish,education;food_household;sports_recreation,15,25,10
2498,124851,124900,50,32,quotation_and_reported_speech_structure,1,direct_quotation,13,tr,Turkish,arts_culture;social_interaction;health,15,25,10
2499,124901,124950,50,22,tense_prominence,5,tense_with_independent_time_adverb,4,de,German,sports_recreation;workplace;travel_transport,15,25,10
2500,124951,125000,50,17,animacy_and_humanness,5,reflexive_or_reciprocal_humanness_context,2,ru,Russian,health;news_public_affairs;family_relationships,15,25,10
2501,125001,125050,50,14,definiteness_and_specificity,5,specificity_sensitive_object_marking,12,es,Spanish,nature_environment;daily_life;education,15,25,10
2502,125051,125100,50,37,social_deixis_honorifics_status_encoding,5,status_conditioned_request_or_reference,9,de,German,sports_recreation;workplace;travel_transport,15,25,10
2503,125101,125150,50,35,focus_and_given_new_marking,2,focus_particle,12,fr,French,education;food_household;sports_recreation,15,25,10
2504,125151,125200,50,3,nominal_modifier_order,5,multiple_modifier_order,9,ar,Arabic,food_household;sports_recreation;workplace,15,25,10
2505,125201,125250,50,25,epistemic_modality,4,certainty_or_high_commitment,10,tr,Turkish,food_household;sports_recreation;workplace,15,25,10
2506,125251,125300,50,33,discourse_relation_marking,4,temporal_sequence_relation,4,es,Spanish,food_household;sports_recreation;workplace,15,25,10
2507,125301,125350,50,28,negation_and_polarity_structure,3,constituent_negation,14,ru,Russian,travel_transport;arts_culture;social_interaction,15,25,10
2508,125351,125400,50,8,causativity_and_valency_change,5,permissive_causation,2,ja,Japanese,food_household;sports_recreation;workplace,15,25,10
2509,125401,125450,50,24,modality_and_mood,3,deontic_obligation,9,de,German,health;news_public_affairs;family_relationships,15,25,10
2510,125451,125500,50,37,social_deixis_honorifics_status_encoding,5,status_conditioned_request_or_reference,13,fr,French,health;news_public_affairs;family_relationships,15,25,10
2511,125501,125550,50,22,tense_prominence,1,simple_past_present_future,4,de,German,daily_life;education;food_household,15,25,10
2512,125551,125600,50,39,deixis_and_perspective_anchoring,4,temporal_deixis,7,ja,Japanese,daily_life;education;food_household,15,25,10
2513,125601,125650,50,30,conditional_and_counterfactual_marking,5,conditional_mood_form,5,tr,Turkish,food_household;sports_recreation;workplace,15,25,10
2514,125651,125700,50,17,animacy_and_humanness,3,animacy_sensitive_object_marking,15,tr,Turkish,daily_life;education;food_household,15,25,10
2515,125701,125750,50,15,number_marking,2,dual_number,7,ar,Arabic,food_household;sports_recreation;workplace,15,25,10
2516,125751,125800,50,38,speech_act_force_and_request_directness,5,mitigated_or_polite_request,1,en,English,science_technology;nature_environment;daily_life,15,25,10
2517,125801,125850,50,19,inclusive_exclusive_distinction,1,inclusive_we_reference,6,te,Telugu,social_interaction;health;news_public_affairs,15,25,10
2518,125851,125900,50,12,optionality_vs_obligatoriness_of_marking,4,obligatory_agreement_context,5,fr,French,nature_environment;daily_life;education,15,25,10
2519,125901,125950,50,4,case_marking,2,dative_recipient_or_goal,8,ru,Russian,family_relationships;science_technology;nature_environment,15,25,10
2520,125951,126000,50,10,morphological_segmentation_type,3,clitic_sequence,7,fi,Finnish,social_interaction;health;news_public_affairs,15,25,10
2521,126001,126050,50,29,quantifier_scope_and_distributivity,2,distributive_each,10,ru,Russian,education;food_household;sports_recreation,15,25,10
2522,126051,126100,50,25,epistemic_modality,1,possibility_statement,9,es,Spanish,travel_transport;arts_culture;social_interaction,15,25,10
2523,126101,126150,50,7,voice_and_agent_prominence,5,resultative_or_stative_passive,14,tr,Turkish,nature_environment;daily_life;education,15,25,10
2524,126151,126200,50,34,topic_comment_structure,3,marked_topicalization,1,ja,Japanese,news_public_affairs;family_relationships;science_technology,15,25,10
2525,126201,126250,50,7,voice_and_agent_prominence,1,active_passive_alternation,6,en,English,nature_environment;daily_life;education,15,25,10
2526,126251,126300,50,25,epistemic_modality,2,probability_statement,9,es,Spanish,news_public_affairs;family_relationships;science_technology,15,25,10
2527,126301,126350,50,20,pronoun_richness_and_reduction,4,weak_vs_strong_pronoun,4,tr,Turkish,food_household;sports_recreation;workplace,15,25,10
2528,126351,126400,50,9,analytic_vs_synthetic_encoding,4,morphologically_bundled_case_possession,12,tr,Turkish,news_public_affairs;family_relationships;science_technology,15,25,10
2529,126401,126450,50,23,aspect_and_event_structure,3,habitual_aspect,11,ru,Russian,nature_environment;daily_life;education,15,25,10
2530,126451,126500,50,29,quantifier_scope_and_distributivity,4,negation_quantifier_scope,7,de,German,food_household;sports_recreation;workplace,15,25,10
2531,126501,126550,50,14,definiteness_and_specificity,5,specificity_sensitive_object_marking,5,ar,Arabic,daily_life;education;food_household,15,25,10
2532,126551,126600,50,2,basic_constituent_order,4,verb_initial_or_predicate_initial_order,9,ar,Arabic,arts_culture;social_interaction;health,15,25,10
2533,126601,126650,50,2,basic_constituent_order,1,canonical_clause_order,1,en,English,family_relationships;science_technology;nature_environment,15,25,10
2534,126651,126700,50,19,inclusive_exclusive_distinction,4,exclusive_agreement_or_indexing,7,id,Indonesian,workplace;travel_transport;arts_culture,15,25,10
2535,126701,126750,50,19,inclusive_exclusive_distinction,2,exclusive_we_reference,11,ta,Tamil,education;food_household;sports_recreation,15,25,10
2536,126751,126800,50,31,subordination_and_embedding,5,nonfinite_or_infinitival_complement,2,de,German,daily_life;education;food_household,15,25,10
2537,126801,126850,50,4,case_marking,5,differential_object_marking,8,ru,Russian,news_public_affairs;family_relationships;science_technology,15,25,10
2538,126851,126900,50,6,transitivity_valency,3,ditransitive_clause,1,en,English,nature_environment;daily_life;education,15,25,10
2539,126901,126950,50,33,discourse_relation_marking,3,concessive_relation,15,tr,Turkish,food_household;sports_recreation;workplace,15,25,10
2540,126951,127000,50,24,modality_and_mood,2,subjunctive_or_irrealis,4,de,German,education;food_household;sports_recreation,15,25,10
2541,127001,127050,50,8,causativity_and_valency_change,1,morphological_causative,2,ja,Japanese,nature_environment;daily_life;education,15,25,10
2542,127051,127100,50,26,evidentiality,2,grammatical_inferential,9,de,German,education;food_household;sports_recreation,15,25,10
2543,127101,127150,50,16,gender_noun_class,3,pronoun_gender_agreement,15,hi,Hindi,health;news_public_affairs;family_relationships,15,25,10
2544,127151,127200,50,6,transitivity_valency,3,ditransitive_clause,9,de,German,news_public_affairs;family_relationships;science_technology,15,25,10
2545,127201,127250,50,35,focus_and_given_new_marking,3,fronted_or_marked_focus,6,en,English,workplace;travel_transport;arts_culture,15,25,10
2546,127251,127300,50,10,morphological_segmentation_type,3,clitic_sequence,5,de,German,science_technology;nature_environment;daily_life,15,25,10
2547,127301,127350,50,5,morphosyntactic_alignment,1,transitive_agent_patient_alignment,15,ru,Russian,family_relationships;science_technology;nature_environment,15,25,10
2548,127351,127400,50,11,agreement_indexing_density,2,rich_person_number_agreement,7,es,Spanish,health;news_public_affairs;family_relationships,15,25,10
2549,127401,127450,50,5,morphosyntactic_alignment,2,intransitive_subject_alignment,1,eu,Basque,sports_recreation;workplace;travel_transport,15,25,10
2550,127451,127500,50,13,redundancy_cumulative_exponence,4,negative_concord,7,ru,Russian,daily_life;education;food_household,15,25,10
2551,127501,127550,50,2,basic_constituent_order,5,topicalized_argument_order,10,ja,Japanese,health;news_public_affairs;family_relationships,15,25,10
2552,127551,127600,50,29,quantifier_scope_and_distributivity,5,numeral_or_indefinite_distributivity,14,fr,French,travel_transport;arts_culture;social_interaction,15,25,10
2553,127601,127650,50,5,morphosyntactic_alignment,2,intransitive_subject_alignment,4,tr,Turkish,family_relationships;science_technology;nature_environment,15,25,10
2554,127651,127700,50,4,case_marking,5,differential_object_marking,4,de,German,workplace;travel_transport;arts_culture,15,25,10
2555,127701,127750,50,39,deixis_and_perspective_anchoring,2,here_there_spatial_deixis,14,tr,Turkish,workplace;travel_transport;arts_culture,15,25,10
2556,127751,127800,50,24,modality_and_mood,3,deontic_obligation,10,tr,Turkish,arts_culture;social_interaction;health,15,25,10
2557,127801,127850,50,10,morphological_segmentation_type,3,clitic_sequence,8,ru,Russian,travel_transport;arts_culture;social_interaction,15,25,10
2558,127851,127900,50,7,voice_and_agent_prominence,1,active_passive_alternation,12,de,German,daily_life;education;food_household,15,25,10
2559,127901,127950,50,18,person_marking_and_person_hierarchy,4,person_sensitive_argument_marking,4,eu,Basque,travel_transport;arts_culture;social_interaction,15,25,10
2560,127951,128000,50,38,speech_act_force_and_request_directness,3,declarative_hint_request,8,es,Spanish,food_household;sports_recreation;workplace,15,25,10
2561,128001,128050,50,34,topic_comment_structure,4,hanging_topic,13,zh,Chinese,food_household;sports_recreation;workplace,15,25,10
2562,128051,128100,50,17,animacy_and_humanness,2,human_nonhuman_reference,4,ja,Japanese,travel_transport;arts_culture;social_interaction,15,25,10
2563,128101,128150,50,7,voice_and_agent_prominence,5,resultative_or_stative_passive,3,es,Spanish,health;news_public_affairs;family_relationships,15,25,10
2564,128151,128200,50,12,optionality_vs_obligatoriness_of_marking,3,optional_complementizer_context,15,fr,French,education;food_household;sports_recreation,15,25,10
2565,128201,128250,50,29,quantifier_scope_and_distributivity,2,distributive_each,5,ru,Russian,science_technology;nature_environment;daily_life,15,25,10
2566,128251,128300,50,37,social_deixis_honorifics_status_encoding,2,honorific_title_or_address,2,ko,Korean,travel_transport;arts_culture;social_interaction,15,25,10
2567,128301,128350,50,34,topic_comment_structure,3,marked_topicalization,14,en,English,news_public_affairs;family_relationships;science_technology,15,25,10
2568,128351,128400,50,10,morphological_segmentation_type,4,productive_compounding,2,fi,Finnish,health;news_public_affairs;family_relationships,15,25,10
2569,128401,128450,50,25,epistemic_modality,1,possibility_statement,4,es,Spanish,food_household;sports_recreation;workplace,15,25,10
2570,128451,128500,50,5,morphosyntactic_alignment,4,experiencer_or_dative_subject,12,hi,Hindi,food_household;sports_recreation;workplace,15,25,10
2571,128501,128550,50,16,gender_noun_class,2,article_gender_agreement,14,ar,Arabic,arts_culture;social_interaction;health,15,25,10
2572,128551,128600,50,31,subordination_and_embedding,2,relative_clause,14,tr,Turkish,sports_recreation;workplace;travel_transport,15,25,10
2573,128601,128650,50,1,subject_expression_pro_drop,1,overt_vs_null_subject,11,tr,Turkish,science_technology;nature_environment;daily_life,15,25,10
2574,128651,128700,50,35,focus_and_given_new_marking,1,cleft_focus,10,ja,Japanese,education;food_household;sports_recreation,15,25,10
2575,128701,128750,50,28,negation_and_polarity_structure,3,constituent_negation,12,es,Spanish,news_public_affairs;family_relationships;science_technology,15,25,10
2576,128751,128800,50,26,evidentiality,1,grammatical_reportative,1,tr,Turkish,daily_life;education;food_household,15,25,10
2577,128801,128850,50,14,definiteness_and_specificity,2,bare_vs_determined_noun,8,fr,French,health;news_public_affairs;family_relationships,15,25,10
2578,128851,128900,50,1,subject_expression_pro_drop,3,coordinated_subject_omission,12,es,Spanish,workplace;travel_transport;arts_culture,15,25,10
2579,128901,128950,50,12,optionality_vs_obligatoriness_of_marking,5,optional_particle_or_case_context,11,en,English,workplace;travel_transport;arts_culture,15,25,10
2580,128951,129000,50,2,basic_constituent_order,3,verb_final_order,7,de,German,arts_culture;social_interaction;health,15,25,10
2581,129001,129050,50,2,basic_constituent_order,1,canonical_clause_order,3,tr,Turkish,arts_culture;social_interaction;health,15,25,10
2582,129051,129100,50,23,aspect_and_event_structure,4,telic_atelic_contrast,5,bg,Bulgarian,food_household;sports_recreation;workplace,15,25,10
2583,129101,129150,50,31,subordination_and_embedding,5,nonfinite_or_infinitival_complement,15,ja,Japanese,daily_life;education;food_household,15,25,10
2584,129151,129200,50,7,voice_and_agent_prominence,4,impersonal_passive,15,ru,Russian,arts_culture;social_interaction;health,15,25,10
2585,129201,129250,50,23,aspect_and_event_structure,5,inchoative_or_resultative_event,9,tr,Turkish,science_technology;nature_environment;daily_life,15,25,10
2586,129251,129300,50,15,number_marking,4,collective_or_group_reference,11,en,English,food_household;sports_recreation;workplace,15,25,10
2587,129301,129350,50,37,social_deixis_honorifics_status_encoding,1,tu_vous_or_t_v_distinction,9,de,German,daily_life;education;food_household,15,25,10
2588,129351,129400,50,6,transitivity_valency,2,monotransitive_clause,4,de,German,food_household;sports_recreation;workplace,15,25,10
2589,129401,129450,50,35,focus_and_given_new_marking,5,wh_or_answer_focus_context,15,ja,Japanese,social_interaction;health;news_public_affairs,15,25,10
2590,129451,129500,50,5,morphosyntactic_alignment,3,ergative_perfective_alignment,5,ru,Russian,nature_environment;daily_life;education,15,25,10
2591,129501,129550,50,32,quotation_and_reported_speech_structure,5,mixed_or_shifted_report_structure,12,ja,Japanese,science_technology;nature_environment;daily_life,15,25,10
2592,129551,129600,50,25,epistemic_modality,5,epistemic_auxiliary_or_particle,10,tr,Turkish,arts_culture;social_interaction;health,15,25,10
2593,129601,129650,50,35,focus_and_given_new_marking,4,exclusive_only_focus,5,ja,Japanese,family_relationships;science_technology;nature_environment,15,25,10
2594,129651,129700,50,23,aspect_and_event_structure,1,progressive_or_imperfective,10,bg,Bulgarian,arts_culture;social_interaction;health,15,25,10
2595,129701,129750,50,29,quantifier_scope_and_distributivity,5,numeral_or_indefinite_distributivity,5,ru,Russian,family_relationships;science_technology;nature_environment,15,25,10
2596,129751,129800,50,30,conditional_and_counterfactual_marking,3,past_counterfactual,4,de,German,news_public_affairs;family_relationships;science_technology,15,25,10
2597,129801,129850,50,38,speech_act_force_and_request_directness,1,direct_imperative_request,5,ja,Japanese,daily_life;education;food_household,15,25,10
2598,129851,129900,50,14,definiteness_and_specificity,3,demonstrative_definiteness,6,en,English,sports_recreation;workplace;travel_transport,15,25,10
2599,129901,129950,50,37,social_deixis_honorifics_status_encoding,1,tu_vous_or_t_v_distinction,4,de,German,family_relationships;science_technology;nature_environment,15,25,10
2600,129951,130000,50,33,discourse_relation_marking,5,consequence_or_result_relation,1,en,English,nature_environment;daily_life;education,15,25,10
2601,130001,130050,50,38,speech_act_force_and_request_directness,2,interrogative_request,2,de,German,family_relationships;science_technology;nature_environment,15,25,10
2602,130051,130100,50,21,possession_and_alienability,1,body_part_possession,7,fr,French,food_household;sports_recreation;workplace,15,25,10
2603,130101,130150,50,17,animacy_and_humanness,4,animacy_sensitive_case_or_order,10,tr,Turkish,education;food_household;sports_recreation,15,25,10
2604,130151,130200,50,12,optionality_vs_obligatoriness_of_marking,3,optional_complementizer_context,10,fr,French,science_technology;nature_environment;daily_life,15,25,10
2605,130201,130250,50,24,modality_and_mood,5,conditional_mood,8,en,English,travel_transport;arts_culture;social_interaction,15,25,10
2606,130251,130300,50,9,analytic_vs_synthetic_encoding,1,analytic_tense_aspect,11,en,English,nature_environment;daily_life;education,15,25,10
2607,130301,130350,50,32,quotation_and_reported_speech_structure,4,reported_question,12,ja,Japanese,social_interaction;health;news_public_affairs,15,25,10
2608,130351,130400,50,2,basic_constituent_order,4,verb_initial_or_predicate_initial_order,12,de,German,daily_life;education;food_household,15,25,10
2609,130401,130450,50,30,conditional_and_counterfactual_marking,5,conditional_mood_form,1,en,English,family_relationships;science_technology;nature_environment,15,25,10
2610,130451,130500,50,7,voice_and_agent_prominence,3,middle_or_reflexive_voice,7,de,German,travel_transport;arts_culture;social_interaction,15,25,10
2611,130501,130550,50,26,evidentiality,2,grammatical_inferential,10,es,Spanish,nature_environment;daily_life;education,15,25,10
2612,130551,130600,50,14,definiteness_and_specificity,1,definite_indefinite_article,5,ar,Arabic,family_relationships;science_technology;nature_environment,15,25,10
2613,130601,130650,50,23,aspect_and_event_structure,1,progressive_or_imperfective,15,bg,Bulgarian,news_public_affairs;family_relationships;science_technology,15,25,10
2614,130651,130700,50,14,definiteness_and_specificity,3,demonstrative_definiteness,12,es,Spanish,workplace;travel_transport;arts_culture,15,25,10
2615,130701,130750,50,23,aspect_and_event_structure,4,telic_atelic_contrast,3,en,English,arts_culture;social_interaction;health,15,25,10
2616,130751,130800,50,3,nominal_modifier_order,1,adjective_head_order,9,ar,Arabic,nature_environment;daily_life;education,15,25,10
2617,130801,130850,50,26,evidentiality,1,grammatical_reportative,11,tr,Turkish,arts_culture;social_interaction;health,15,25,10
2618,130851,130900,50,16,gender_noun_class,5,gender_assignment_across_nouns,9,ar,Arabic,food_household;sports_recreation;workplace,15,25,10
2619,130901,130950,50,27,mirativity_stance_and_affect_marking,1,mirative_particle_or_form,10,en,English,daily_life;education;food_household,15,25,10
2620,130951,131000,50,5,morphosyntactic_alignment,5,alignment_under_voice_change,4,tr,Turkish,news_public_affairs;family_relationships;science_technology,15,25,10
2621,131001,131050,50,1,subject_expression_pro_drop,2,discourse_recoverable_subject_omission,1,tr,Turkish,news_public_affairs;family_relationships;science_technology,15,25,10
2622,131051,131100,50,38,speech_act_force_and_request_directness,5,mitigated_or_polite_request,10,ja,Japanese,arts_culture;social_interaction;health,15,25,10
2623,131101,131150,50,24,modality_and_mood,3,deontic_obligation,8,en,English,family_relationships;science_technology;nature_environment,15,25,10
2624,131151,131200,50,19,inclusive_exclusive_distinction,2,exclusive_we_reference,1,id,Indonesian,health;news_public_affairs;family_relationships,15,25,10
2625,131201,131250,50,15,number_marking,1,singular_plural_nominal,2,ar,Arabic,health;news_public_affairs;family_relationships,15,25,10
2626,131251,131300,50,31,subordination_and_embedding,5,nonfinite_or_infinitival_complement,1,en,English,food_household;sports_recreation;workplace,15,25,10
2627,131301,131350,50,28,negation_and_polarity_structure,5,negation_scope_contrast,1,en,English,daily_life;education;food_household,15,25,10
2628,131351,131400,50,13,redundancy_cumulative_exponence,4,negative_concord,10,en,English,social_interaction;health;news_public_affairs,15,25,10
2629,131401,131450,50,28,negation_and_polarity_structure,2,negative_concord,2,es,Spanish,nature_environment;daily_life;education,15,25,10
2630,131451,131500,50,24,modality_and_mood,2,subjunctive_or_irrealis,14,de,German,social_interaction;health;news_public_affairs,15,25,10
2631,131501,131550,50,7,voice_and_agent_prominence,1,active_passive_alternation,8,es,Spanish,health;news_public_affairs;family_relationships,15,25,10
2632,131551,131600,50,40,orthographic_and_tokenization_interface,1,hyphenation_or_compound_orthography,15,zh,Chinese,sports_recreation;workplace;travel_transport,15,25,10
2633,131601,131650,50,26,evidentiality,3,lexical_reportative,10,es,Spanish,sports_recreation;workplace;travel_transport,15,25,10
2634,131651,131700,50,11,agreement_indexing_density,2,rich_person_number_agreement,4,ar,Arabic,education;food_household;sports_recreation,15,25,10
2635,131701,131750,50,40,orthographic_and_tokenization_interface,2,apostrophe_or_clitic_orthography,8,fr,French,health;news_public_affairs;family_relationships,15,25,10
2636,131751,131800,50,39,deixis_and_perspective_anchoring,4,temporal_deixis,6,en,English,food_household;sports_recreation;workplace,15,25,10
2637,131801,131850,50,39,deixis_and_perspective_anchoring,2,here_there_spatial_deixis,12,ja,Japanese,health;news_public_affairs;family_relationships,15,25,10
2638,131851,131900,50,3,nominal_modifier_order,2,possessor_head_order,15,tr,Turkish,workplace;travel_transport;arts_culture,15,25,10
2639,131901,131950,50,21,possession_and_alienability,2,kinship_possession,1,tr,Turkish,travel_transport;arts_culture;social_interaction,15,25,10
2640,131951,132000,50,6,transitivity_valency,1,intransitive_clause,2,es,Spanish,food_household;sports_recreation;workplace,15,25,10
2641,132001,132050,50,19,inclusive_exclusive_distinction,4,exclusive_agreement_or_indexing,5,ta,Tamil,health;news_public_affairs;family_relationships,15,25,10
2642,132051,132100,50,13,redundancy_cumulative_exponence,5,tense_plus_temporal_adverb,2,ru,Russian,education;food_household;sports_recreation,15,25,10
2643,132101,132150,50,9,analytic_vs_synthetic_encoding,2,synthetic_inflection,13,de,German,nature_environment;daily_life;education,15,25,10
2644,132151,132200,50,11,agreement_indexing_density,5,multi_argument_indexing,15,tr,Turkish,workplace;travel_transport;arts_culture,15,25,10
2645,132201,132250,50,8,causativity_and_valency_change,3,lexical_causative,14,hi,Hindi,news_public_affairs;family_relationships;science_technology,15,25,10
2646,132251,132300,50,5,morphosyntactic_alignment,5,alignment_under_voice_change,12,hi,Hindi,arts_culture;social_interaction;health,15,25,10
2647,132301,132350,50,15,number_marking,5,number_agreement,8,ru,Russian,nature_environment;daily_life;education,15,25,10
2648,132351,132400,50,17,animacy_and_humanness,5,reflexive_or_reciprocal_humanness_context,10,tr,Turkish,travel_transport;arts_culture;social_interaction,15,25,10
2649,132401,132450,50,6,transitivity_valency,1,intransitive_clause,8,tr,Turkish,sports_recreation;workplace;travel_transport,15,25,10
2650,132451,132500,50,17,animacy_and_humanness,2,human_nonhuman_reference,10,tr,Turkish,arts_culture;social_interaction;health,15,25,10
2651,132501,132550,50,29,quantifier_scope_and_distributivity,2,distributive_each,9,fr,French,sports_recreation;workplace;travel_transport,15,25,10
2652,132551,132600,50,27,mirativity_stance_and_affect_marking,2,exclamative_surprise,13,ko,Korean,science_technology;nature_environment;daily_life,15,25,10
2653,132601,132650,50,19,inclusive_exclusive_distinction,3,inclusive_agreement_or_indexing,1,id,Indonesian,nature_environment;daily_life;education,15,25,10
2654,132651,132700,50,22,tense_prominence,5,tense_with_independent_time_adverb,15,tr,Turkish,social_interaction;health;news_public_affairs,15,25,10
2655,132701,132750,50,6,transitivity_valency,4,ambitransitive_alternation,9,de,German,daily_life;education;food_household,15,25,10
2656,132751,132800,50,14,definiteness_and_specificity,1,definite_indefinite_article,14,tr,Turkish,travel_transport;arts_culture;social_interaction,15,25,10
2657,132801,132850,50,21,possession_and_alienability,3,owned_object_possession,3,es,Spanish,travel_transport;arts_culture;social_interaction,15,25,10
2658,132851,132900,50,34,topic_comment_structure,2,left_dislocation,4,en,English,nature_environment;daily_life;education,15,25,10
2659,132901,132950,50,7,voice_and_agent_prominence,3,middle_or_reflexive_voice,11,en,English,family_relationships;science_technology;nature_environment,15,25,10
2660,132951,133000,50,5,morphosyntactic_alignment,1,transitive_agent_patient_alignment,2,hi,Hindi,family_relationships;science_technology;nature_environment,15,25,10
2661,133001,133050,50,31,subordination_and_embedding,5,nonfinite_or_infinitival_complement,6,en,English,travel_transport;arts_culture;social_interaction,15,25,10
2662,133051,133100,50,16,gender_noun_class,1,adjective_gender_agreement,12,es,Spanish,arts_culture;social_interaction;health,15,25,10
2663,133101,133150,50,20,pronoun_richness_and_reduction,3,clitic_pronoun,14,tr,Turkish,workplace;travel_transport;arts_culture,15,25,10
2664,133151,133200,50,31,subordination_and_embedding,4,nested_embedding,11,en,English,workplace;travel_transport;arts_culture,15,25,10
2665,133201,133250,50,1,subject_expression_pro_drop,3,coordinated_subject_omission,10,ja,Japanese,health;news_public_affairs;family_relationships,15,25,10
2666,133251,133300,50,12,optionality_vs_obligatoriness_of_marking,5,optional_particle_or_case_context,13,tr,Turkish,daily_life;education;food_household,15,25,10
2667,133301,133350,50,34,topic_comment_structure,4,hanging_topic,6,ja,Japanese,sports_recreation;workplace;travel_transport,15,25,10
2668,133351,133400,50,8,causativity_and_valency_change,5,permissive_causation,12,ja,Japanese,health;news_public_affairs;family_relationships,15,25,10
2669,133401,133450,50,37,social_deixis_honorifics_status_encoding,2,honorific_title_or_address,12,ko,Korean,science_technology;nature_environment;daily_life,15,25,10
2670,133451,133500,50,33,discourse_relation_marking,5,consequence_or_result_relation,8,fr,French,science_technology;nature_environment;daily_life,15,25,10
2671,133501,133550,50,3,nominal_modifier_order,5,multiple_modifier_order,10,tr,Turkish,daily_life;education;food_household,15,25,10
2672,133551,133600,50,27,mirativity_stance_and_affect_marking,3,evaluative_stance_adverbial,1,tr,Turkish,daily_life;education;food_household,15,25,10
2673,133601,133650,50,8,causativity_and_valency_change,5,permissive_causation,3,ko,Korean,daily_life;education;food_household,15,25,10
2674,133651,133700,50,31,subordination_and_embedding,4,nested_embedding,1,en,English,science_technology;nature_environment;daily_life,15,25,10
2675,133701,133750,50,14,definiteness_and_specificity,2,bare_vs_determined_noun,13,fr,French,science_technology;nature_environment;daily_life,15,25,10
2676,133751,133800,50,4,case_marking,1,accusative_object_marking,5,hi,Hindi,nature_environment;daily_life;education,15,25,10
2677,133801,133850,50,27,mirativity_stance_and_affect_marking,3,evaluative_stance_adverbial,4,es,Spanish,social_interaction;health;news_public_affairs,15,25,10
2678,133851,133900,50,34,topic_comment_structure,2,left_dislocation,11,ja,Japanese,science_technology;nature_environment;daily_life,15,25,10
2679,133901,133950,50,18,person_marking_and_person_hierarchy,1,first_second_third_person_agreement,11,es,Spanish,travel_transport;arts_culture;social_interaction,15,25,10
2680,133951,134000,50,16,gender_noun_class,4,participle_or_predicate_agreement,8,ru,Russian,daily_life;education;food_household,15,25,10
2681,134001,134050,50,23,aspect_and_event_structure,2,perfective_completed_event,6,ru,Russian,travel_transport;arts_culture;social_interaction,15,25,10
2682,134051,134100,50,18,person_marking_and_person_hierarchy,2,clitic_person_marking,9,eu,Basque,daily_life;education;food_household,15,25,10
2683,134101,134150,50,17,animacy_and_humanness,3,animacy_sensitive_object_marking,12,ru,Russian,arts_culture;social_interaction;health,15,25,10
2684,134151,134200,50,32,quotation_and_reported_speech_structure,5,mixed_or_shifted_report_structure,8,tr,Turkish,arts_culture;social_interaction;health,15,25,10
2685,134201,134250,50,4,case_marking,2,dative_recipient_or_goal,15,hi,Hindi,news_public_affairs;family_relationships;science_technology,15,25,10
2686,134251,134300,50,27,mirativity_stance_and_affect_marking,4,stance_particle,7,ja,Japanese,travel_transport;arts_culture;social_interaction,15,25,10
2687,134301,134350,50,12,optionality_vs_obligatoriness_of_marking,2,article_obligatoriness_context,9,ja,Japanese,news_public_affairs;family_relationships;science_technology,15,25,10
2688,134351,134400,50,35,focus_and_given_new_marking,5,wh_or_answer_focus_context,11,en,English,food_household;sports_recreation;workplace,15,25,10
2689,134401,134450,50,18,person_marking_and_person_hierarchy,3,local_vs_nonlocal_participants,9,eu,Basque,workplace;travel_transport;arts_culture,15,25,10
2690,134451,134500,50,7,voice_and_agent_prominence,1,active_passive_alternation,9,tr,Turkish,arts_culture;social_interaction;health,15,25,10
2691,134501,134550,50,27,mirativity_stance_and_affect_marking,2,exclamative_surprise,2,ja,Japanese,social_interaction;health;news_public_affairs,15,25,10
2692,134551,134600,50,2,basic_constituent_order,3,verb_final_order,3,tr,Turkish,education;food_household;sports_recreation,15,25,10
2693,134601,134650,50,30,conditional_and_counterfactual_marking,3,past_counterfactual,8,fr,French,education;food_household;sports_recreation,15,25,10
2694,134651,134700,50,17,animacy_and_humanness,3,animacy_sensitive_object_marking,13,hi,Hindi,workplace;travel_transport;arts_culture,15,25,10
2695,134701,134750,50,16,gender_noun_class,1,adjective_gender_agreement,2,es,Spanish,daily_life;education;food_household,15,25,10
2696,134751,134800,50,40,orthographic_and_tokenization_interface,1,hyphenation_or_compound_orthography,2,de,German,sports_recreation;workplace;travel_transport,15,25,10
2697,134801,134850,50,18,person_marking_and_person_hierarchy,1,first_second_third_person_agreement,6,es,Spanish,food_household;sports_recreation;workplace,15,25,10
2698,134851,134900,50,35,focus_and_given_new_marking,4,exclusive_only_focus,9,de,German,food_household;sports_recreation;workplace,15,25,10
2699,134901,134950,50,23,aspect_and_event_structure,1,progressive_or_imperfective,5,bg,Bulgarian,sports_recreation;workplace;travel_transport,15,25,10
2700,134951,135000,50,13,redundancy_cumulative_exponence,3,gender_number_across_phrase,14,tr,Turkish,health;news_public_affairs;family_relationships,15,25,10
2701,135001,135050,50,36,genericity_and_kind_level_reference,4,kind_denoting_reference,8,fr,French,news_public_affairs;family_relationships;science_technology,15,25,10
2702,135051,135100,50,4,case_marking,5,differential_object_marking,3,ru,Russian,arts_culture;social_interaction;health,15,25,10
2703,135101,135150,50,2,basic_constituent_order,5,topicalized_argument_order,4,ar,Arabic,social_interaction;health;news_public_affairs,15,25,10
2704,135151,135200,50,16,gender_noun_class,1,adjective_gender_agreement,10,hi,Hindi,family_relationships;science_technology;nature_environment,15,25,10
2705,135201,135250,50,27,mirativity_stance_and_affect_marking,4,stance_particle,1,tr,Turkish,workplace;travel_transport;arts_culture,15,25,10
2706,135251,135300,50,39,deixis_and_perspective_anchoring,4,temporal_deixis,9,tr,Turkish,news_public_affairs;family_relationships;science_technology,15,25,10
2707,135301,135350,50,36,genericity_and_kind_level_reference,3,habitual_generic,9,es,Spanish,sports_recreation;workplace;travel_transport,15,25,10
2708,135351,135400,50,19,inclusive_exclusive_distinction,3,inclusive_agreement_or_indexing,5,ta,Tamil,workplace;travel_transport;arts_culture,15,25,10
2709,135401,135450,50,10,morphological_segmentation_type,2,fusional_inflection,14,es,Spanish,food_household;sports_recreation;workplace,15,25,10
2710,135451,135500,50,34,topic_comment_structure,2,left_dislocation,13,zh,Chinese,social_interaction;health;news_public_affairs,15,25,10
2711,135501,135550,50,28,negation_and_polarity_structure,3,constituent_negation,5,tr,Turkish,family_relationships;science_technology;nature_environment,15,25,10
2712,135551,135600,50,20,pronoun_richness_and_reduction,2,null_or_reduced_pronoun,12,it,Italian,workplace;travel_transport;arts_culture,15,25,10
2713,135601,135650,50,21,possession_and_alienability,2,kinship_possession,13,es,Spanish,social_interaction;health;news_public_affairs,15,25,10
2714,135651,135700,50,2,basic_constituent_order,2,object_fronting,12,de,German,travel_transport;arts_culture;social_interaction,15,25,10
2715,135701,135750,50,33,discourse_relation_marking,5,consequence_or_result_relation,10,tr,Turkish,social_interaction;health;news_public_affairs,15,25,10
2716,135751,135800,50,13,redundancy_cumulative_exponence,4,negative_concord,8,fr,French,science_technology;nature_environment;daily_life,15,25,10
2717,135801,135850,50,29,quantifier_scope_and_distributivity,4,negation_quantifier_scope,4,fr,French,health;news_public_affairs;family_relationships,15,25,10
2718,135851,135900,50,6,transitivity_valency,2,monotransitive_clause,10,ru,Russian,sports_recreation;workplace;travel_transport,15,25,10
2719,135901,135950,50,33,discourse_relation_marking,3,concessive_relation,8,fr,French,sports_recreation;workplace;travel_transport,15,25,10
2720,135951,136000,50,25,epistemic_modality,1,possibility_statement,11,en,English,education;food_household;sports_recreation,15,25,10
2721,136001,136050,50,1,subject_expression_pro_drop,3,coordinated_subject_omission,9,pt,Portuguese,family_relationships;science_technology;nature_environment,15,25,10
2722,136051,136100,50,13,redundancy_cumulative_exponence,5,tense_plus_temporal_adverb,12,ru,Russian,social_interaction;health;news_public_affairs,15,25,10
2723,136101,136150,50,7,voice_and_agent_prominence,5,resultative_or_stative_passive,8,es,Spanish,science_technology;nature_environment;daily_life,15,25,10
2724,136151,136200,50,5,morphosyntactic_alignment,3,ergative_perfective_alignment,15,ru,Russian,travel_transport;arts_culture;social_interaction,15,25,10
2725,136201,136250,50,36,genericity_and_kind_level_reference,2,singular_generic,9,es,Spanish,nature_environment;daily_life;education,15,25,10
2726,136251,136300,50,7,voice_and_agent_prominence,3,middle_or_reflexive_voice,14,tr,Turkish,workplace;travel_transport;arts_culture,15,25,10
2727,136301,136350,50,33,discourse_relation_marking,5,consequence_or_result_relation,13,fr,French,education;food_household;sports_recreation,15,25,10
2728,136351,136400,50,17,animacy_and_humanness,5,reflexive_or_reciprocal_humanness_context,4,ja,Japanese,workplace;travel_transport;arts_culture,15,25,10
2729,136401,136450,50,4,case_marking,4,locative_ablative_or_instrumental,15,hi,Hindi,workplace;travel_transport;arts_culture,15,25,10
2730,136451,136500,50,38,speech_act_force_and_request_directness,4,performative_request,2,de,German,travel_transport;arts_culture;social_interaction,15,25,10
2731,136501,136550,50,2,basic_constituent_order,4,verb_initial_or_predicate_initial_order,10,ja,Japanese,workplace;travel_transport;arts_culture,15,25,10
2732,136551,136600,50,40,orthographic_and_tokenization_interface,5,alphanumeric_hashtag_or_filename_like_token,1,en,English,health;news_public_affairs;family_relationships,15,25,10
2733,136601,136650,50,12,optionality_vs_obligatoriness_of_marking,1,optional_subject_expression,2,es,Spanish,arts_culture;social_interaction;health,15,25,10
2734,136651,136700,50,36,genericity_and_kind_level_reference,2,singular_generic,10,ru,Russian,family_relationships;science_technology;nature_environment,15,25,10
2735,136701,136750,50,34,topic_comment_structure,1,topic_particle,7,ko,Korean,food_household;sports_recreation;workplace,15,25,10
2736,136751,136800,50,9,analytic_vs_synthetic_encoding,4,morphologically_bundled_case_possession,2,tr,Turkish,sports_recreation;workplace;travel_transport,15,25,10
2737,136801,136850,50,20,pronoun_richness_and_reduction,1,overt_full_pronoun,4,tr,Turkish,sports_recreation;workplace;travel_transport,15,25,10
2738,136851,136900,50,38,speech_act_force_and_request_directness,3,declarative_hint_request,7,de,German,workplace;travel_transport;arts_culture,15,25,10
2739,136901,136950,50,32,quotation_and_reported_speech_structure,3,quotative_particle_or_marker,3,tr,Turkish,health;news_public_affairs;family_relationships,15,25,10
2740,136951,137000,50,33,discourse_relation_marking,3,concessive_relation,5,tr,Turkish,news_public_affairs;family_relationships;science_technology,15,25,10
2741,137001,137050,50,9,analytic_vs_synthetic_encoding,3,periphrastic_modality,7,tr,Turkish,food_household;sports_recreation;workplace,15,25,10
2742,137051,137100,50,38,speech_act_force_and_request_directness,5,mitigated_or_polite_request,5,ja,Japanese,sports_recreation;workplace;travel_transport,15,25,10
2743,137101,137150,50,22,tense_prominence,5,tense_with_independent_time_adverb,13,fr,French,science_technology;nature_environment;daily_life,15,25,10
2744,137151,137200,50,4,case_marking,1,accusative_object_marking,12,fi,Finnish,science_technology;nature_environment;daily_life,15,25,10
2745,137201,137250,50,23,aspect_and_event_structure,1,progressive_or_imperfective,6,ru,Russian,education;food_household;sports_recreation,15,25,10
2746,137251,137300,50,38,speech_act_force_and_request_directness,5,mitigated_or_polite_request,8,es,Spanish,family_relationships;science_technology;nature_environment,15,25,10
2747,137301,137350,50,22,tense_prominence,5,tense_with_independent_time_adverb,3,fr,French,travel_transport;arts_culture;social_interaction,15,25,10
2748,137351,137400,50,25,epistemic_modality,1,possibility_statement,6,en,English,science_technology;nature_environment;daily_life,15,25,10
2749,137401,137450,50,28,negation_and_polarity_structure,4,negative_polarity_item_context,15,tr,Turkish,social_interaction;health;news_public_affairs,15,25,10
2750,137451,137500,50,13,redundancy_cumulative_exponence,5,tense_plus_temporal_adverb,11,es,Spanish,news_public_affairs;family_relationships;science_technology,15,25,10
2751,137501,137550,50,36,genericity_and_kind_level_reference,3,habitual_generic,7,de,German,social_interaction;health;news_public_affairs,15,25,10
2752,137551,137600,50,26,evidentiality,5,hearsay_or_attributed_evidence,1,tr,Turkish,sports_recreation;workplace;travel_transport,15,25,10
2753,137601,137650,50,28,negation_and_polarity_structure,3,constituent_negation,10,tr,Turkish,daily_life;education;food_household,15,25,10
2754,137651,137700,50,34,topic_comment_structure,5,contrastive_topic,3,zh,Chinese,daily_life;education;food_household,15,25,10
2755,137701,137750,50,2,basic_constituent_order,5,topicalized_argument_order,1,en,English,daily_life;education;food_household,15,25,10
2756,137751,137800,50,8,causativity_and_valency_change,1,morphological_causative,1,tr,Turkish,education;food_household;sports_recreation,15,25,10
2757,137801,137850,50,1,subject_expression_pro_drop,1,overt_vs_null_subject,13,it,Italian,social_interaction;health;news_public_affairs,15,25,10
2758,137851,137900,50,19,inclusive_exclusive_distinction,4,exclusive_agreement_or_indexing,13,id,Indonesian,travel_transport;arts_culture;social_interaction,15,25,10
2759,137901,137950,50,13,redundancy_cumulative_exponence,2,case_plus_adposition,10,en,English,nature_environment;daily_life;education,15,25,10
2760,137951,138000,50,34,topic_comment_structure,4,hanging_topic,12,ko,Korean,workplace;travel_transport;arts_culture,15,25,10
2761,138001,138050,50,11,agreement_indexing_density,3,nominal_gender_number_agreement,15,tr,Turkish,news_public_affairs;family_relationships;science_technology,15,25,10
2762,138051,138100,50,13,redundancy_cumulative_exponence,3,gender_number_across_phrase,12,ru,Russian,nature_environment;daily_life;education,15,25,10
2763,138101,138150,50,9,analytic_vs_synthetic_encoding,5,agglutinative_multi_feature_word,2,tr,Turkish,social_interaction;health;news_public_affairs,15,25,10
2764,138151,138200,50,31,subordination_and_embedding,1,finite_complement_clause,8,es,Spanish,science_technology;nature_environment;daily_life,15,25,10
2765,138201,138250,50,17,animacy_and_humanness,2,human_nonhuman_reference,15,tr,Turkish,news_public_affairs;family_relationships;science_technology,15,25,10
2766,138251,138300,50,3,nominal_modifier_order,5,multiple_modifier_order,15,tr,Turkish,sports_recreation;workplace;travel_transport,15,25,10
2767,138301,138350,50,20,pronoun_richness_and_reduction,3,clitic_pronoun,11,es,Spanish,family_relationships;science_technology;nature_environment,15,25,10
2768,138351,138400,50,28,negation_and_polarity_structure,2,negative_concord,15,tr,Turkish,nature_environment;daily_life;education,15,25,10
2769,138401,138450,50,35,focus_and_given_new_marking,4,exclusive_only_focus,4,de,German,nature_environment;daily_life;education,15,25,10
2770,138451,138500,50,34,topic_comment_structure,3,marked_topicalization,7,ko,Korean,family_relationships;science_technology;nature_environment,15,25,10
2771,138501,138550,50,29,quantifier_scope_and_distributivity,4,negation_quantifier_scope,8,es,Spanish,daily_life;education;food_household,15,25,10
2772,138551,138600,50,14,definiteness_and_specificity,1,definite_indefinite_article,10,ar,Arabic,daily_life;education;food_household,15,25,10
2773,138601,138650,50,33,discourse_relation_marking,2,contrastive_relation,14,es,Spanish,daily_life;education;food_household,15,25,10
2774,138651,138700,50,25,epistemic_modality,1,possibility_statement,14,es,Spanish,health;news_public_affairs;family_relationships,15,25,10
2775,138701,138750,50,8,causativity_and_valency_change,2,periphrastic_causative,3,ko,Korean,education;food_household;sports_recreation,15,25,10
2776,138751,138800,50,18,person_marking_and_person_hierarchy,4,person_sensitive_argument_marking,13,hi,Hindi,daily_life;education;food_household,15,25,10
2777,138801,138850,50,36,genericity_and_kind_level_reference,3,habitual_generic,2,de,German,workplace;travel_transport;arts_culture,15,25,10
2778,138851,138900,50,16,gender_noun_class,5,gender_assignment_across_nouns,13,ru,Russian,social_interaction;health;news_public_affairs,15,25,10
2779,138901,138950,50,24,modality_and_mood,1,imperative_mood,10,tr,Turkish,science_technology;nature_environment;daily_life,15,25,10
2780,138951,139000,50,35,focus_and_given_new_marking,3,fronted_or_marked_focus,9,de,German,science_technology;nature_environment;daily_life,15,25,10
2781,139001,139050,50,27,mirativity_stance_and_affect_marking,3,evaluative_stance_adverbial,2,ja,Japanese,science_technology;nature_environment;daily_life,15,25,10
2782,139051,139100,50,20,pronoun_richness_and_reduction,4,weak_vs_strong_pronoun,1,es,Spanish,health;news_public_affairs;family_relationships,15,25,10
2783,139101,139150,50,31,subordination_and_embedding,5,nonfinite_or_infinitival_complement,8,es,Spanish,education;food_household;sports_recreation,15,25,10
2784,139151,139200,50,30,conditional_and_counterfactual_marking,4,inverted_or_markerless_conditional,2,es,Spanish,workplace;travel_transport;arts_culture,15,25,10
2785,139201,139250,50,32,quotation_and_reported_speech_structure,5,mixed_or_shifted_report_structure,10,es,Spanish,food_household;sports_recreation;workplace,15,25,10
2786,139251,139300,50,40,orthographic_and_tokenization_interface,4,natural_punctuation_attachment,4,tr,Turkish,science_technology;nature_environment;daily_life,15,25,10
2787,139301,139350,50,22,tense_prominence,5,tense_with_independent_time_adverb,12,es,Spanish,daily_life;education;food_household,15,25,10
2788,139351,139400,50,34,topic_comment_structure,1,topic_particle,9,en,English,science_technology;nature_environment;daily_life,15,25,10
2789,139401,139450,50,37,social_deixis_honorifics_status_encoding,5,status_conditioned_request_or_reference,4,de,German,daily_life;education;food_household,15,25,10
2790,139451,139500,50,19,inclusive_exclusive_distinction,4,exclusive_agreement_or_indexing,4,id,Indonesian,family_relationships;science_technology;nature_environment,15,25,10
2791,139501,139550,50,15,number_marking,5,number_agreement,13,ru,Russian,food_household;sports_recreation;workplace,15,25,10
2792,139551,139600,50,11,agreement_indexing_density,5,multi_argument_indexing,14,ar,Arabic,arts_culture;social_interaction;health,15,25,10
2793,139601,139650,50,5,morphosyntactic_alignment,3,ergative_perfective_alignment,4,tr,Turkish,education;food_household;sports_recreation,15,25,10
2794,139651,139700,50,7,voice_and_agent_prominence,1,active_passive_alternation,7,de,German,family_relationships;science_technology;nature_environment,15,25,10
2795,139701,139750,50,25,epistemic_modality,4,certainty_or_high_commitment,5,tr,Turkish,nature_environment;daily_life;education,15,25,10
2796,139751,139800,50,8,causativity_and_valency_change,4,double_or_indirect_causation,14,hi,Hindi,daily_life;education;food_household,15,25,10
2797,139801,139850,50,33,discourse_relation_marking,2,contrastive_relation,12,de,German,workplace;travel_transport;arts_culture,15,25,10
2798,139851,139900,50,37,social_deixis_honorifics_status_encoding,4,humble_or_deferential_form,1,ja,Japanese,food_household;sports_recreation;workplace,15,25,10
2799,139901,139950,50,22,tense_prominence,2,perfect_or_anterior_tense,2,es,Spanish,health;news_public_affairs;family_relationships,15,25,10
2800,139951,140000,50,15,number_marking,4,collective_or_group_reference,10,hi,Hindi,workplace;travel_transport;arts_culture,15,25,10
2801,140001,140050,50,32,quotation_and_reported_speech_structure,1,direct_quotation,9,de,German,education;food_household;sports_recreation,15,25,10
2802,140051,140100,50,10,morphological_segmentation_type,4,productive_compounding,7,fi,Finnish,science_technology;nature_environment;daily_life,15,25,10
2803,140101,140150,50,34,topic_comment_structure,2,left_dislocation,3,zh,Chinese,education;food_household;sports_recreation,15,25,10
2804,140151,140200,50,11,agreement_indexing_density,2,rich_person_number_agreement,1,eu,Basque,social_interaction;health;news_public_affairs,15,25,10
2805,140201,140250,50,8,causativity_and_valency_change,1,morphological_causative,6,tr,Turkish,workplace;travel_transport;arts_culture,15,25,10
2806,140251,140300,50,11,agreement_indexing_density,4,multiple_agreement_targets,4,ar,Arabic,news_public_affairs;family_relationships;science_technology,15,25,10
2807,140301,140350,50,1,subject_expression_pro_drop,5,agreement_supported_null_subject,8,it,Italian,social_interaction;health;news_public_affairs,15,25,10
2808,140351,140400,50,1,subject_expression_pro_drop,4,contrastive_overt_pronoun,2,es,Spanish,food_household;sports_recreation;workplace,15,25,10
2809,140401,140450,50,32,quotation_and_reported_speech_structure,3,quotative_particle_or_marker,8,tr,Turkish,science_technology;nature_environment;daily_life,15,25,10
2810,140451,140500,50,37,social_deixis_honorifics_status_encoding,5,status_conditioned_request_or_reference,7,ko,Korean,social_interaction;health;news_public_affairs,15,25,10
2811,140501,140550,50,30,conditional_and_counterfactual_marking,1,real_conditional,10,tr,Turkish,food_household;sports_recreation;workplace,15,25,10
2812,140551,140600,50,6,transitivity_valency,2,monotransitive_clause,8,tr,Turkish,social_interaction;health;news_public_affairs,15,25,10
2813,140601,140650,50,26,evidentiality,3,lexical_reportative,12,bg,Bulgarian,nature_environment;daily_life;education,15,25,10
2814,140651,140700,50,26,evidentiality,5,hearsay_or_attributed_evidence,4,de,German,family_relationships;science_technology;nature_environment,15,25,10
2815,140701,140750,50,14,definiteness_and_specificity,1,definite_indefinite_article,4,tr,Turkish,nature_environment;daily_life;education,15,25,10
2816,140751,140800,50,14,definiteness_and_specificity,5,specificity_sensitive_object_marking,15,ar,Arabic,arts_culture;social_interaction;health,15,25,10
2817,140801,140850,50,35,focus_and_given_new_marking,2,focus_particle,5,ja,Japanese,food_household;sports_recreation;workplace,15,25,10
2818,140851,140900,50,5,morphosyntactic_alignment,2,intransitive_subject_alignment,10,ru,Russian,science_technology;nature_environment;daily_life,15,25,10
2819,140901,140950,50,28,negation_and_polarity_structure,5,negation_scope_contrast,14,ru,Russian,daily_life;education;food_household,15,25,10
2820,140951,141000,50,38,speech_act_force_and_request_directness,4,performative_request,4,fr,French,education;food_household;sports_recreation,15,25,10
2821,141001,141050,50,5,morphosyntactic_alignment,3,ergative_perfective_alignment,13,ur,Urdu,news_public_affairs;family_relationships;science_technology,15,25,10
2822,141051,141100,50,8,causativity_and_valency_change,1,morphological_causative,7,ja,Japanese,food_household;sports_recreation;workplace,15,25,10
2823,141101,141150,50,23,aspect_and_event_structure,1,progressive_or_imperfective,7,es,Spanish,nature_environment;daily_life;education,15,25,10
2824,141151,141200,50,40,orthographic_and_tokenization_interface,4,natural_punctuation_attachment,14,tr,Turkish,workplace;travel_transport;arts_culture,15,25,10
2825,141201,141250,50,35,focus_and_given_new_marking,4,exclusive_only_focus,1,en,English,travel_transport;arts_culture;social_interaction,15,25,10
2826,141251,141300,50,18,person_marking_and_person_hierarchy,3,local_vs_nonlocal_participants,7,tr,Turkish,health;news_public_affairs;family_relationships,15,25,10
2827,141301,141350,50,18,person_marking_and_person_hierarchy,5,multi_person_indexing,2,tr,Turkish,daily_life;education;food_household,15,25,10
2828,141351,141400,50,3,nominal_modifier_order,5,multiple_modifier_order,3,fr,French,education;food_household;sports_recreation,15,25,10
2829,141401,141450,50,26,evidentiality,1,grammatical_reportative,4,de,German,social_interaction;health;news_public_affairs,15,25,10
2830,141451,141500,50,27,mirativity_stance_and_affect_marking,1,mirative_particle_or_form,4,es,Spanish,nature_environment;daily_life;education,15,25,10
2831,141501,141550,50,31,subordination_and_embedding,1,finite_complement_clause,1,en,English,nature_environment;daily_life;education,15,25,10
2832,141551,141600,50,11,agreement_indexing_density,5,multi_argument_indexing,11,eu,Basque,nature_environment;daily_life;education,15,25,10
2833,141601,141650,50,22,tense_prominence,2,perfect_or_anterior_tense,4,de,German,workplace;travel_transport;arts_culture,15,25,10
2834,141651,141700,50,6,transitivity_valency,4,ambitransitive_alternation,8,tr,Turkish,food_household;sports_recreation;workplace,15,25,10
2835,141701,141750,50,36,genericity_and_kind_level_reference,5,generic_conditional_or_generalization,9,es,Spanish,science_technology;nature_environment;daily_life,15,25,10
2836,141751,141800,50,37,social_deixis_honorifics_status_encoding,4,humble_or_deferential_form,2,ko,Korean,daily_life;education;food_household,15,25,10
2837,141801,141850,50,25,epistemic_modality,3,inferential_epistemic,3,fr,French,nature_environment;daily_life;education,15,25,10
2838,141851,141900,50,5,morphosyntactic_alignment,5,alignment_under_voice_change,2,hi,Hindi,daily_life;education;food_household,15,25,10
2839,141901,141950,50,28,negation_and_polarity_structure,5,negation_scope_contrast,11,en,English,arts_culture;social_interaction;health,15,25,10
2840,141951,142000,50,11,agreement_indexing_density,3,nominal_gender_number_agreement,13,ru,Russian,daily_life;education;food_household,15,25,10
2841,142001,142050,50,5,morphosyntactic_alignment,3,ergative_perfective_alignment,2,hi,Hindi,travel_transport;arts_culture;social_interaction,15,25,10
2842,142051,142100,50,15,number_marking,2,dual_number,9,tr,Turkish,science_technology;nature_environment;daily_life,15,25,10
2843,142101,142150,50,25,epistemic_modality,5,epistemic_auxiliary_or_particle,8,fr,French,family_relationships;science_technology;nature_environment,15,25,10
2844,142151,142200,50,5,morphosyntactic_alignment,2,intransitive_subject_alignment,13,ur,Urdu,travel_transport;arts_culture;social_interaction,15,25,10
2845,142201,142250,50,2,basic_constituent_order,5,topicalized_argument_order,8,tr,Turkish,nature_environment;daily_life;education,15,25,10
2846,142251,142300,50,20,pronoun_richness_and_reduction,2,null_or_reduced_pronoun,2,it,Italian,science_technology;nature_environment;daily_life,15,25,10
2847,142301,142350,50,19,inclusive_exclusive_distinction,1,inclusive_we_reference,11,ta,Tamil,family_relationships;science_technology;nature_environment,15,25,10
2848,142351,142400,50,3,nominal_modifier_order,4,relative_clause_head_order,9,ar,Arabic,science_technology;nature_environment;daily_life,15,25,10
2849,142401,142450,50,34,topic_comment_structure,1,topic_particle,2,ko,Korean,nature_environment;daily_life;education,15,25,10
2850,142451,142500,50,33,discourse_relation_marking,5,consequence_or_result_relation,4,es,Spanish,arts_culture;social_interaction;health,15,25,10
2851,142501,142550,50,22,tense_prominence,4,future_marking,8,fr,French,workplace;travel_transport;arts_culture,15,25,10
2852,142551,142600,50,20,pronoun_richness_and_reduction,5,pronoun_reduction_across_connected_clauses,7,it,Italian,daily_life;education;food_household,15,25,10
2853,142601,142650,50,19,inclusive_exclusive_distinction,5,inclusive_exclusive_planning_or_command_context,2,ta,Tamil,travel_transport;arts_culture;social_interaction,15,25,10
2854,142651,142700,50,23,aspect_and_event_structure,2,perfective_completed_event,14,tr,Turkish,food_household;sports_recreation;workplace,15,25,10
2855,142701,142750,50,27,mirativity_stance_and_affect_marking,4,stance_particle,3,ko,Korean,daily_life;education;food_household,15,25,10
2856,142751,142800,50,5,morphosyntactic_alignment,4,experiencer_or_dative_subject,6,eu,Basque,education;food_household;sports_recreation,15,25,10
2857,142801,142850,50,36,genericity_and_kind_level_reference,4,kind_denoting_reference,2,de,German,health;news_public_affairs;family_relationships,15,25,10
2858,142851,142900,50,30,conditional_and_counterfactual_marking,1,real_conditional,12,es,Spanish,science_technology;nature_environment;daily_life,15,25,10
2859,142901,142950,50,2,basic_constituent_order,3,verb_final_order,15,ja,Japanese,sports_recreation;workplace;travel_transport,15,25,10
2860,142951,143000,50,16,gender_noun_class,5,gender_assignment_across_nouns,3,ru,Russian,education;food_household;sports_recreation,15,25,10
2861,143001,143050,50,17,animacy_and_humanness,1,animate_inanimate_object_contrast,11,es,Spanish,daily_life;education;food_household,15,25,10
2862,143051,143100,50,4,case_marking,1,accusative_object_marking,4,de,German,education;food_household;sports_recreation,15,25,10
2863,143101,143150,50,5,morphosyntactic_alignment,2,intransitive_subject_alignment,6,eu,Basque,arts_culture;social_interaction;health,15,25,10
2864,143151,143200,50,4,case_marking,3,genitive_possession,13,ru,Russian,workplace;travel_transport;arts_culture,15,25,10
2865,143201,143250,50,4,case_marking,5,differential_object_marking,2,fi,Finnish,health;news_public_affairs;family_relationships,15,25,10
2866,143251,143300,50,35,focus_and_given_new_marking,4,exclusive_only_focus,12,fr,French,news_public_affairs;family_relationships;science_technology,15,25,10
2867,143301,143350,50,8,causativity_and_valency_change,2,periphrastic_causative,11,tr,Turkish,science_technology;nature_environment;daily_life,15,25,10
2868,143351,143400,50,18,person_marking_and_person_hierarchy,5,multi_person_indexing,6,es,Spanish,travel_transport;arts_culture;social_interaction,15,25,10
2869,143401,143450,50,38,speech_act_force_and_request_directness,1,direct_imperative_request,10,ja,Japanese,sports_recreation;workplace;travel_transport,15,25,10
2870,143451,143500,50,31,subordination_and_embedding,2,relative_clause,12,de,German,social_interaction;health;news_public_affairs,15,25,10
2871,143501,143550,50,9,analytic_vs_synthetic_encoding,4,morphologically_bundled_case_possession,1,en,English,travel_transport;arts_culture;social_interaction,15,25,10
2872,143551,143600,50,8,causativity_and_valency_change,5,permissive_causation,6,tr,Turkish,social_interaction;health;news_public_affairs,15,25,10
2873,143601,143650,50,2,basic_constituent_order,3,verb_final_order,13,tr,Turkish,social_interaction;health;news_public_affairs,15,25,10
2874,143651,143700,50,19,inclusive_exclusive_distinction,4,exclusive_agreement_or_indexing,14,ta,Tamil,sports_recreation;workplace;travel_transport,15,25,10
2875,143701,143750,50,5,morphosyntactic_alignment,2,intransitive_subject_alignment,9,tr,Turkish,daily_life;education;food_household,15,25,10
2876,143751,143800,50,28,negation_and_polarity_structure,3,constituent_negation,6,en,English,health;news_public_affairs;family_relationships,15,25,10
2877,143801,143850,50,29,quantifier_scope_and_distributivity,5,numeral_or_indefinite_distributivity,4,fr,French,nature_environment;daily_life;education,15,25,10
2878,143851,143900,50,34,topic_comment_structure,2,left_dislocation,5,fr,French,family_relationships;science_technology;nature_environment,15,25,10
2879,143901,143950,50,31,subordination_and_embedding,3,adverbial_subordinate_clause,3,es,Spanish,sports_recreation;workplace;travel_transport,15,25,10
2880,143951,144000,50,2,basic_constituent_order,2,object_fronting,15,ja,Japanese,nature_environment;daily_life;education,15,25,10
2881,144001,144050,50,39,deixis_and_perspective_anchoring,2,here_there_spatial_deixis,13,es,Spanish,arts_culture;social_interaction;health,15,25,10
2882,144051,144100,50,26,evidentiality,4,direct_evidence_statement,10,es,Spanish,social_interaction;health;news_public_affairs,15,25,10
2883,144101,144150,50,36,genericity_and_kind_level_reference,5,generic_conditional_or_generalization,8,fr,French,daily_life;education;food_household,15,25,10
2884,144151,144200,50,35,focus_and_given_new_marking,3,fronted_or_marked_focus,14,de,German,education;food_household;sports_recreation,15,25,10
2885,144201,144250,50,13,redundancy_cumulative_exponence,5,tense_plus_temporal_adverb,13,fr,French,travel_transport;arts_culture;social_interaction,15,25,10
2886,144251,144300,50,31,subordination_and_embedding,3,adverbial_subordinate_clause,13,es,Spanish,news_public_affairs;family_relationships;science_technology,15,25,10
2887,144301,144350,50,28,negation_and_polarity_structure,1,sentential_negation,2,es,Spanish,health;news_public_affairs;family_relationships,15,25,10
2888,144351,144400,50,39,deixis_and_perspective_anchoring,2,here_there_spatial_deixis,15,zh,Chinese,food_household;sports_recreation;workplace,15,25,10
2889,144401,144450,50,29,quantifier_scope_and_distributivity,4,negation_quantifier_scope,3,es,Spanish,family_relationships;science_technology;nature_environment,15,25,10
2890,144451,144500,50,3,nominal_modifier_order,5,multiple_modifier_order,12,es,Spanish,news_public_affairs;family_relationships;science_technology,15,25,10
2891,144501,144550,50,18,person_marking_and_person_hierarchy,4,person_sensitive_argument_marking,1,es,Spanish,science_technology;nature_environment;daily_life,15,25,10
2892,144551,144600,50,30,conditional_and_counterfactual_marking,5,conditional_mood_form,10,tr,Turkish,travel_transport;arts_culture;social_interaction,15,25,10
2893,144601,144650,50,35,focus_and_given_new_marking,5,wh_or_answer_focus_context,13,es,Spanish,science_technology;nature_environment;daily_life,15,25,10
2894,144651,144700,50,20,pronoun_richness_and_reduction,5,pronoun_reduction_across_connected_clauses,1,es,Spanish,nature_environment;daily_life;education,15,25,10
2895,144701,144750,50,12,optionality_vs_obligatoriness_of_marking,2,article_obligatoriness_context,6,en,English,food_household;sports_recreation;workplace,15,25,10
2896,144751,144800,50,35,focus_and_given_new_marking,3,fronted_or_marked_focus,15,ja,Japanese,nature_environment;daily_life;education,15,25,10
2897,144801,144850,50,31,subordination_and_embedding,5,nonfinite_or_infinitival_complement,3,es,Spanish,science_technology;nature_environment;daily_life,15,25,10
2898,144851,144900,50,35,focus_and_given_new_marking,2,focus_particle,15,ja,Japanese,health;news_public_affairs;family_relationships,15,25,10
2899,144901,144950,50,3,nominal_modifier_order,3,numeral_head_order,2,es,Spanish,health;news_public_affairs;family_relationships,15,25,10
2900,144951,145000,50,32,quotation_and_reported_speech_structure,1,direct_quotation,3,tr,Turkish,daily_life;education;food_household,15,25,10
2901,145001,145050,50,24,modality_and_mood,5,conditional_mood,2,fr,French,workplace;travel_transport;arts_culture,15,25,10
2902,145051,145100,50,30,conditional_and_counterfactual_marking,2,hypothetical_conditional,1,en,English,science_technology;nature_environment;daily_life,15,25,10
2903,145101,145150,50,30,conditional_and_counterfactual_marking,2,hypothetical_conditional,10,tr,Turkish,arts_culture;social_interaction;health,15,25,10
2904,145151,145200,50,23,aspect_and_event_structure,1,progressive_or_imperfective,14,tr,Turkish,science_technology;nature_environment;daily_life,15,25,10
2905,145201,145250,50,14,definiteness_and_specificity,4,specific_indefinite_reference,13,fr,French,arts_culture;social_interaction;health,15,25,10
2906,145251,145300,50,31,subordination_and_embedding,4,nested_embedding,12,de,German,food_household;sports_recreation;workplace,15,25,10
2907,145301,145350,50,18,person_marking_and_person_hierarchy,1,first_second_third_person_agreement,4,eu,Basque,arts_culture;social_interaction;health,15,25,10
2908,145351,145400,50,10,morphological_segmentation_type,3,clitic_sequence,1,tr,Turkish,arts_culture;social_interaction;health,15,25,10
2909,145401,145450,50,6,transitivity_valency,3,ditransitive_clause,11,en,English,travel_transport;arts_culture;social_interaction,15,25,10
2910,145451,145500,50,16,gender_noun_class,1,adjective_gender_agreement,7,es,Spanish,sports_recreation;workplace;travel_transport,15,25,10
2911,145501,145550,50,22,tense_prominence,2,perfect_or_anterior_tense,12,es,Spanish,education;food_household;sports_recreation,15,25,10
2912,145551,145600,50,24,modality_and_mood,3,deontic_obligation,2,fr,French,news_public_affairs;family_relationships;science_technology,15,25,10
2913,145601,145650,50,34,topic_comment_structure,2,left_dislocation,9,en,English,food_household;sports_recreation;workplace,15,25,10
2914,145651,145700,50,4,case_marking,3,genitive_possession,12,fi,Finnish,arts_culture;social_interaction;health,15,25,10
2915,145701,145750,50,29,quantifier_scope_and_distributivity,5,numeral_or_indefinite_distributivity,10,ru,Russian,daily_life;education;food_household,15,25,10
2916,145751,145800,50,11,agreement_indexing_density,4,multiple_agreement_targets,2,es,Spanish,daily_life;education;food_household,15,25,10
2917,145801,145850,50,38,speech_act_force_and_request_directness,4,performative_request,9,fr,French,workplace;travel_transport;arts_culture,15,25,10
2918,145851,145900,50,36,genericity_and_kind_level_reference,1,bare_plural_generic,11,en,English,workplace;travel_transport;arts_culture,15,25,10
2919,145901,145950,50,32,quotation_and_reported_speech_structure,2,indirect_report,2,ja,Japanese,arts_culture;social_interaction;health,15,25,10
2920,145951,146000,50,22,tense_prominence,3,sequence_of_tense,15,tr,Turkish,nature_environment;daily_life;education,15,25,10
2921,146001,146050,50,26,evidentiality,3,lexical_reportative,14,de,German,health;news_public_affairs;family_relationships,15,25,10
2922,146051,146100,50,19,inclusive_exclusive_distinction,3,inclusive_agreement_or_indexing,12,te,Telugu,sports_recreation;workplace;travel_transport,15,25,10
2923,146101,146150,50,7,voice_and_agent_prominence,4,impersonal_passive,3,es,Spanish,workplace;travel_transport;arts_culture,15,25,10
2924,146151,146200,50,17,animacy_and_humanness,5,reflexive_or_reciprocal_humanness_context,15,tr,Turkish,health;news_public_affairs;family_relationships,15,25,10
2925,146201,146250,50,38,speech_act_force_and_request_directness,3,declarative_hint_request,9,fr,French,daily_life;education;food_household,15,25,10
2926,146251,146300,50,40,orthographic_and_tokenization_interface,4,natural_punctuation_attachment,9,tr,Turkish,education;food_household;sports_recreation,15,25,10
2927,146301,146350,50,6,transitivity_valency,4,ambitransitive_alternation,12,es,Spanish,social_interaction;health;news_public_affairs,15,25,10
2928,146351,146400,50,40,orthographic_and_tokenization_interface,4,natural_punctuation_attachment,5,zh,Chinese,news_public_affairs;family_relationships;science_technology,15,25,10
2929,146401,146450,50,7,voice_and_agent_prominence,5,resultative_or_stative_passive,15,ru,Russian,family_relationships;science_technology;nature_environment,15,25,10
2930,146451,146500,50,21,possession_and_alienability,1,body_part_possession,1,tr,Turkish,education;food_household;sports_recreation,15,25,10
2931,146501,146550,50,14,definiteness_and_specificity,3,demonstrative_definiteness,10,ar,Arabic,health;news_public_affairs;family_relationships,15,25,10
2932,146551,146600,50,27,mirativity_stance_and_affect_marking,5,unexpected_discovery_context,13,ko,Korean,family_relationships;science_technology;nature_environment,15,25,10
2933,146601,146650,50,31,subordination_and_embedding,4,nested_embedding,6,en,English,education;food_household;sports_recreation,15,25,10
2934,146651,146700,50,36,genericity_and_kind_level_reference,4,kind_denoting_reference,11,en,English,sports_recreation;workplace;travel_transport,15,25,10
2935,146701,146750,50,22,tense_prominence,5,tense_with_independent_time_adverb,7,es,Spanish,family_relationships;science_technology;nature_environment,15,25,10
2936,146751,146800,50,35,focus_and_given_new_marking,5,wh_or_answer_focus_context,12,fr,French,daily_life;education;food_household,15,25,10
2937,146801,146850,50,13,redundancy_cumulative_exponence,5,tense_plus_temporal_adverb,3,fr,French,nature_environment;daily_life;education,15,25,10
2938,146851,146900,50,12,optionality_vs_obligatoriness_of_marking,2,article_obligatoriness_context,14,ja,Japanese,nature_environment;daily_life;education,15,25,10
2939,146901,146950,50,15,number_marking,3,numeral_plus_number_morphology,4,tr,Turkish,nature_environment;daily_life;education,15,25,10
2940,146951,147000,50,19,inclusive_exclusive_distinction,3,inclusive_agreement_or_indexing,15,te,Telugu,family_relationships;science_technology;nature_environment,15,25,10
2941,147001,147050,50,40,orthographic_and_tokenization_interface,5,alphanumeric_hashtag_or_filename_like_token,13,fr,French,family_relationships;science_technology;nature_environment,15,25,10
2942,147051,147100,50,7,voice_and_agent_prominence,1,active_passive_alternation,11,en,English,food_household;sports_recreation;workplace,15,25,10
2943,147101,147150,50,27,mirativity_stance_and_affect_marking,2,exclamative_surprise,10,en,English,workplace;travel_transport;arts_culture,15,25,10
2944,147151,147200,50,18,person_marking_and_person_hierarchy,1,first_second_third_person_agreement,3,hi,Hindi,health;news_public_affairs;family_relationships,15,25,10
2945,147201,147250,50,37,social_deixis_honorifics_status_encoding,4,humble_or_deferential_form,14,de,German,food_household;sports_recreation;workplace,15,25,10
2946,147251,147300,50,20,pronoun_richness_and_reduction,5,pronoun_reduction_across_connected_clauses,11,es,Spanish,travel_transport;arts_culture;social_interaction,15,25,10
2947,147301,147350,50,17,animacy_and_humanness,5,reflexive_or_reciprocal_humanness_context,8,hi,Hindi,news_public_affairs;family_relationships;science_technology,15,25,10
2948,147351,147400,50,9,analytic_vs_synthetic_encoding,5,agglutinative_multi_feature_word,5,fi,Finnish,education;food_household;sports_recreation,15,25,10
2949,147401,147450,50,10,morphological_segmentation_type,5,derivation_plus_inflection,10,de,German,news_public_affairs;family_relationships;science_technology,15,25,10
2950,147451,147500,50,25,epistemic_modality,2,probability_statement,2,de,German,family_relationships;science_technology;nature_environment,15,25,10
2951,147501,147550,50,14,definiteness_and_specificity,5,specificity_sensitive_object_marking,13,fr,French,family_relationships;science_technology;nature_environment,15,25,10
2952,147551,147600,50,19,inclusive_exclusive_distinction,5,inclusive_exclusive_planning_or_command_context,7,id,Indonesian,health;news_public_affairs;family_relationships,15,25,10
2953,147601,147650,50,31,subordination_and_embedding,1,finite_complement_clause,15,ja,Japanese,family_relationships;science_technology;nature_environment,15,25,10
2954,147651,147700,50,7,voice_and_agent_prominence,2,agentless_passive,7,de,German,education;food_household;sports_recreation,15,25,10
2955,147701,147750,50,37,social_deixis_honorifics_status_encoding,2,honorific_title_or_address,11,ja,Japanese,daily_life;education;food_household,15,25,10
2956,147751,147800,50,31,subordination_and_embedding,4,nested_embedding,7,de,German,nature_environment;daily_life;education,15,25,10
2957,147801,147850,50,33,discourse_relation_marking,1,causal_relation,13,fr,French,science_technology;nature_environment;daily_life,15,25,10
2958,147851,147900,50,35,focus_and_given_new_marking,4,exclusive_only_focus,2,fr,French,sports_recreation;workplace;travel_transport,15,25,10
2959,147901,147950,50,26,evidentiality,3,lexical_reportative,1,tr,Turkish,health;news_public_affairs;family_relationships,15,25,10
2960,147951,148000,50,17,animacy_and_humanness,1,animate_inanimate_object_contrast,14,ja,Japanese,social_interaction;health;news_public_affairs,15,25,10
2961,148001,148050,50,3,nominal_modifier_order,1,adjective_head_order,6,en,English,travel_transport;arts_culture;social_interaction,15,25,10
2962,148051,148100,50,39,deixis_and_perspective_anchoring,5,perspective_shift_in_report_or_narration,11,en,English,news_public_affairs;family_relationships;science_technology,15,25,10
2963,148101,148150,50,36,genericity_and_kind_level_reference,5,generic_conditional_or_generalization,3,fr,French,family_relationships;science_technology;nature_environment,15,25,10
2964,148151,148200,50,39,deixis_and_perspective_anchoring,3,come_go_motion_perspective,12,ja,Japanese,nature_environment;daily_life;education,15,25,10
2965,148201,148250,50,39,deixis_and_perspective_anchoring,4,temporal_deixis,15,zh,Chinese,family_relationships;science_technology;nature_environment,15,25,10
2966,148251,148300,50,29,quantifier_scope_and_distributivity,5,numeral_or_indefinite_distributivity,7,de,German,arts_culture;social_interaction;health,15,25,10
2967,148301,148350,50,29,quantifier_scope_and_distributivity,1,universal_existential_scope,14,fr,French,food_household;sports_recreation;workplace,15,25,10
2968,148351,148400,50,3,nominal_modifier_order,4,relative_clause_head_order,7,es,Spanish,food_household;sports_recreation;workplace,15,25,10
2969,148401,148450,50,36,genericity_and_kind_level_reference,3,habitual_generic,4,es,Spanish,daily_life;education;food_household,15,25,10
2970,148451,148500,50,17,animacy_and_humanness,4,animacy_sensitive_case_or_order,8,hi,Hindi,travel_transport;arts_culture;social_interaction,15,25,10
2971,148501,148550,50,24,modality_and_mood,5,conditional_mood,3,en,English,food_household;sports_recreation;workplace,15,25,10
2972,148551,148600,50,12,optionality_vs_obligatoriness_of_marking,1,optional_subject_expression,10,fr,French,sports_recreation;workplace;travel_transport,15,25,10
2973,148601,148650,50,17,animacy_and_humanness,3,animacy_sensitive_object_marking,9,ja,Japanese,nature_environment;daily_life;education,15,25,10
2974,148651,148700,50,32,quotation_and_reported_speech_structure,3,quotative_particle_or_marker,1,en,English,nature_environment;daily_life;education,15,25,10
2975,148701,148750,50,11,agreement_indexing_density,3,nominal_gender_number_agreement,12,es,Spanish,food_household;sports_recreation;workplace,15,25,10
2976,148751,148800,50,23,aspect_and_event_structure,2,perfective_completed_event,15,bg,Bulgarian,daily_life;education;food_household,15,25,10
2977,148801,148850,50,13,redundancy_cumulative_exponence,2,case_plus_adposition,2,ru,Russian,food_household;sports_recreation;workplace,15,25,10
2978,148851,148900,50,9,analytic_vs_synthetic_encoding,2,synthetic_inflection,15,fi,Finnish,health;news_public_affairs;family_relationships,15,25,10
2979,148901,148950,50,26,evidentiality,4,direct_evidence_statement,11,tr,Turkish,travel_transport;arts_culture;social_interaction,15,25,10
2980,148951,149000,50,12,optionality_vs_obligatoriness_of_marking,2,article_obligatoriness_context,2,es,Spanish,family_relationships;science_technology;nature_environment,15,25,10
2981,149001,149050,50,22,tense_prominence,2,perfect_or_anterior_tense,14,de,German,family_relationships;science_technology;nature_environment,15,25,10
2982,149051,149100,50,26,evidentiality,2,grammatical_inferential,6,tr,Turkish,social_interaction;health;news_public_affairs,15,25,10
2983,149101,149150,50,19,inclusive_exclusive_distinction,5,inclusive_exclusive_planning_or_command_context,5,ta,Tamil,nature_environment;daily_life;education,15,25,10
2984,149151,149200,50,7,voice_and_agent_prominence,4,impersonal_passive,9,tr,Turkish,travel_transport;arts_culture;social_interaction,15,25,10
2985,149201,149250,50,7,voice_and_agent_prominence,4,impersonal_passive,7,de,German,news_public_affairs;family_relationships;science_technology,15,25,10
2986,149251,149300,50,5,morphosyntactic_alignment,5,alignment_under_voice_change,5,ru,Russian,social_interaction;health;news_public_affairs,15,25,10
2987,149301,149350,50,23,aspect_and_event_structure,3,habitual_aspect,5,bg,Bulgarian,science_technology;nature_environment;daily_life,15,25,10
2988,149351,149400,50,28,negation_and_polarity_structure,1,sentential_negation,12,es,Spanish,education;food_household;sports_recreation,15,25,10
2989,149401,149450,50,13,redundancy_cumulative_exponence,2,case_plus_adposition,5,en,English,news_public_affairs;family_relationships;science_technology,15,25,10
2990,149451,149500,50,13,redundancy_cumulative_exponence,3,gender_number_across_phrase,5,en,English,daily_life;education;food_household,15,25,10
2991,149501,149550,50,26,evidentiality,1,grammatical_reportative,14,de,German,daily_life;education;food_household,15,25,10
2992,149551,149600,50,10,morphological_segmentation_type,2,fusional_inflection,1,tr,Turkish,food_household;sports_recreation;workplace,15,25,10
2993,149601,149650,50,8,causativity_and_valency_change,3,lexical_causative,5,en,English,education;food_household;sports_recreation,15,25,10
2994,149651,149700,50,26,evidentiality,1,grammatical_reportative,7,bg,Bulgarian,education;food_household;sports_recreation,15,25,10
2995,149701,149750,50,10,morphological_segmentation_type,5,derivation_plus_inflection,1,tr,Turkish,education;food_household;sports_recreation,15,25,10
2996,149751,149800,50,34,topic_comment_structure,1,topic_particle,6,ja,Japanese,workplace;travel_transport;arts_culture,15,25,10
2997,149801,149850,50,6,transitivity_valency,5,valency_reduction_or_argument_omission,5,ru,Russian,nature_environment;daily_life;education,15,25,10
2998,149851,149900,50,6,transitivity_valency,2,monotransitive_clause,13,tr,Turkish,family_relationships;science_technology;nature_environment,15,25,10
2999,149901,149950,50,1,subject_expression_pro_drop,5,agreement_supported_null_subject,10,ja,Japanese,sports_recreation;workplace;travel_transport,15,25,10
3000,149951,150000,50,4,case_marking,5,differential_object_marking,1,tr,Turkish,family_relationships;science_technology;nature_environment,15,25,10
